{"auc": 0.6858276037380849, "over_prob": 0.1838278068644561, "under_prob": 0.22774869109947649, "over_counts": {"0": 2806, "1": 262, "2": 126, "3": 64, "4": 31, "5": 22, "7": 17, "6": 13, "13": 9, "8": 9, "11": 8, "10": 7, "9": 5, "17": 5, "29": 4, "20": 4, "31": 4, "14": 4, "27": 3, "12": 3, "15": 3, "21": 3, "24": 2, "33": 2, "23": 2, "19": 2, "125": 1, "51": 1, "44": 1, "94": 1, "41": 1, "54": 1, "83": 1, "16": 1, "18": 1, "71": 1, "25": 1, "70": 1, "22": 1, "32": 1, "35": 1, "39": 1, "96": 1, "40": 1}, "under_counts": {"0": 2655, "1": 346, "2": 154, "4": 63, "3": 63, "5": 36, "6": 29, "7": 27, "8": 15, "9": 10, "12": 6, "11": 4, "10": 3, "17": 3, "38": 3, "26": 2, "23": 2, "19": 2, "20": 2, "15": 2, "81": 2, "40": 1, "35": 1, "93": 1, "42": 1, "53": 1, "14": 1, "16": 1, "60": 1, "18": 1}, "avg_over_mag": 5.330696202531645, "avg_under_mag": 3.7011494252873565, "avg_over": 5.330696202531645, "avg_under": 3.7011494252873565, "acc": 0.8543360304616849, "nll": 0.3909200949666914, "mse": 0.11831985936581273, "metrics_by_prob": [[[0.0, 0.05], {"acc": 0.9947643979057592, "nll": 0.044099196785356384, "mse": 0.005233474993881503, "N": 382, "over_prob": 0.0, "under_prob": 0.0, "over_counts": {"0": 70}, "under_counts": {"0": 70}, "avg_over_mag": 0.0, "avg_under_mag": 0.0, "avg_over": 0.0, "avg_under": 0.0}], [[0.05, 0.1], {"acc": 1.0, "nll": 0.05858906246079761, "mse": 0.0032392504168521313, "N": 6, "over_prob": 0.0, "under_prob": 0.0, "over_counts": {"0": 6}, "under_counts": {"0": 6}, "avg_over_mag": 0.0, "avg_under_mag": 0.0, "avg_over": 0.0, "avg_under": 0.0}], [[0.1, 0.15000000000000002], {"acc": 0.96875, "nll": 0.16503016936547105, "mse": 0.03367806531712303, "N": 32, "over_prob": 0.0, "under_prob": 0.0, "over_counts": {"0": 26}, "under_counts": {"0": 26}, "avg_over_mag": 0.0, "avg_under_mag": 0.0, "avg_over": 0.0, "avg_under": 0.0}], [[0.15000000000000002, 0.2], {"acc": 0.8148148148148148, "nll": 0.5130035273285762, "mse": 0.16229645088913255, "N": 27, "over_prob": 0.0, "under_prob": 0.0, "over_counts": {"0": 18}, "under_counts": {"0": 18}, "avg_over_mag": 0.0, "avg_under_mag": 0.0, "avg_over": 0.0, "avg_under": 0.0}], [[0.2, 0.25], {"acc": 0.7222222222222222, "nll": 0.5753464229274862, "mse": 0.1963513699513968, "N": 36, "over_prob": 0.0, "under_prob": 0.0, "over_counts": {"0": 25}, "under_counts": {"0": 25}, "avg_over_mag": 0.0, "avg_under_mag": 0.0, "avg_over": 0.0, "avg_under": 0.0}], [[0.25, 0.30000000000000004], {"acc": 0.6818181818181818, "nll": 0.5903567325695789, "mse": 0.20264108707136386, "N": 22, "over_prob": 0.0, "under_prob": 0.0, "over_counts": {"0": 21}, "under_counts": {"0": 21}, "avg_over_mag": 0.0, "avg_under_mag": 0.0, "avg_over": 0.0, "avg_under": 0.0}], [[0.30000000000000004, 0.35000000000000003], {"acc": 0.6052631578947368, "nll": 0.7004811574085371, "mse": 0.25254009181036907, "N": 38, "over_prob": 0.0, "under_prob": 0.0, "over_counts": {"0": 36}, "under_counts": {"0": 36}, "avg_over_mag": 0.0, "avg_under_mag": 0.0, "avg_over": 0.0, "avg_under": 0.0}], [[0.35000000000000003, 0.4], {"acc": 0.6129032258064516, "nll": 0.7015098580378581, "mse": 0.25218511106267816, "N": 62, "over_prob": 0.0, "under_prob": 0.0, "over_counts": {"0": 62}, "under_counts": {"0": 62}, "avg_over_mag": 0.0, "avg_under_mag": 0.0, "avg_over": 0.0, "avg_under": 0.0}], [[0.4, 0.45], {"acc": 0.5416666666666666, "nll": 0.7335102383144698, "mse": 0.26815328107403924, "N": 48, "over_prob": 0.0, "under_prob": 0.0, "over_counts": {"0": 47}, "under_counts": {"0": 47}, "avg_over_mag": 0.0, "avg_under_mag": 0.0, "avg_over": 0.0, "avg_under": 0.0}], [[0.45, 0.5], {"acc": 0.46296296296296297, "nll": 0.7180013708356511, "mse": 0.2613742034655596, "N": 108, "over_prob": 0.0, "under_prob": 0.0, "over_counts": {"0": 91}, "under_counts": {"0": 91}, "avg_over_mag": 0.0, "avg_under_mag": 0.0, "avg_over": 0.0, "avg_under": 0.0}], [[0.5, 0.55], {"acc": 0.48484848484848486, "nll": 0.720172327041008, "mse": 0.26305505540800156, "N": 198, "over_prob": 0.0, "under_prob": 0.0, "over_counts": {"0": 182}, "under_counts": {"0": 182}, "avg_over_mag": 0.0, "avg_under_mag": 0.0, "avg_over": 0.0, "avg_under": 0.0}], [[0.55, 0.6000000000000001], {"acc": 0.5635179153094463, "nll": 0.6864346586639141, "mse": 0.2462890623432112, "N": 307, "over_prob": 0.0, "under_prob": 0.0, "over_counts": {"0": 252}, "under_counts": {"0": 252}, "avg_over_mag": 0.0, "avg_under_mag": 0.0, "avg_over": 0.0, "avg_under": 0.0}], [[0.6000000000000001, 0.65], {"acc": 0.6103646833013435, "nll": 0.6785869394722914, "mse": 0.24216157688159473, "N": 1042, "over_prob": 0.0, "under_prob": 0.0026525198938992522, "over_counts": {"0": 377}, "under_counts": {"0": 376, "1": 1}, "avg_over_mag": 0.0, "avg_under_mag": 1.0, "avg_over": 0.0, "avg_under": 1.0}], [[0.65, 0.7000000000000001], {"acc": 0.6818727490996399, "nll": 0.6331328044457414, "mse": 0.22006707666186498, "N": 1666, "over_prob": 0.0, "under_prob": 0.015009380863039379, "over_counts": {"0": 533}, "under_counts": {"0": 525, "1": 7, "2": 1}, "avg_over_mag": 0.0, "avg_under_mag": 1.125, "avg_over": 0.0, "avg_under": 1.125}], [[0.7000000000000001, 0.75], {"acc": 0.7191780821917808, "nll": 0.6018709060774626, "mse": 0.20486225287882792, "N": 3066, "over_prob": 0.0, "under_prob": 0.07333333333333336, "over_counts": {"0": 750}, "under_counts": {"0": 695, "1": 43, "2": 10, "3": 1, "6": 1}, "avg_over_mag": 0.0, "avg_under_mag": 1.309090909090909, "avg_over": 0.0, "avg_under": 1.309090909090909}], [[0.75, 0.8], {"acc": 0.7680845299376863, "nll": 0.5528848617100559, "mse": 0.18180717468549748, "N": 3691, "over_prob": 0.0, "under_prob": 0.24940047961630696, "over_counts": {"0": 834}, "under_counts": {"0": 626, "1": 120, "2": 55, "3": 14, "4": 9, "5": 6, "6": 2, "7": 1, "8": 1}, "avg_over_mag": 0.0, "avg_under_mag": 1.7548076923076923, "avg_over": 0.0, "avg_under": 1.7548076923076923}], [[0.8, 0.8500000000000001], {"acc": 0.8315293518400612, "nll": 0.45919418663156497, "mse": 0.14172133293494352, "N": 7853, "over_prob": 0.0, "under_prob": 0.6072164948453609, "over_counts": {"0": 970}, "under_counts": {"0": 381, "1": 245, "2": 116, "4": 53, "3": 44, "5": 27, "7": 23, "6": 21, "8": 13, "9": 11, "12": 6, "11": 3, "38": 3, "17": 3, "15": 2, "26": 2, "23": 2, "19": 2, "20": 2, "81": 2, "60": 1, "16": 1, "53": 1, "35": 1, "42": 1, "10": 1, "40": 1, "93": 1, "18": 1}, "avg_over_mag": 0.0, "avg_under_mag": 4.161290322580645, "avg_over": 0.0, "avg_under": 4.161290322580645}], [[0.8500000000000001, 0.9], {"acc": 0.8773888658080599, "nll": 0.37986532957731656, "mse": 0.1092411534756709, "N": 19256, "over_prob": 0.5465779467680608, "under_prob": 0.0, "over_counts": {"0": 477, "1": 241, "2": 104, "3": 58, "4": 30, "5": 19, "6": 16, "7": 13, "8": 9, "13": 8, "11": 8, "10": 7, "9": 5, "17": 5, "29": 4, "20": 4, "15": 4, "31": 4, "14": 4, "21": 3, "27": 3, "24": 2, "23": 2, "19": 2, "33": 2, "44": 1, "12": 1, "83": 1, "41": 1, "94": 1, "54": 1, "51": 1, "125": 1, "18": 1, "71": 1, "25": 1, "70": 1, "22": 1, "32": 1, "35": 1, "39": 1, "96": 1, "40": 1}, "under_counts": {"0": 1052}, "avg_over_mag": 5.598260869565217, "avg_under_mag": 0.0, "avg_over": 5.598260869565217, "avg_under": 0.0}], [[0.9, 0.9500000000000001], {"acc": 0.9192282228317412, "nll": 0.28262100224322706, "mse": 0.07462079527705356, "N": 10573, "over_prob": 0.15839999999999999, "under_prob": 0.0, "over_counts": {"0": 526, "1": 68, "2": 23, "3": 3, "4": 2, "5": 2, "8": 1}, "under_counts": {"0": 625}, "avg_over_mag": 1.505050505050505, "avg_under_mag": 0.0, "avg_over": 1.505050505050505, "avg_under": 0.0}], [[0.9500000000000001, 1.0], {"acc": 0.980544747081712, "nll": 0.08999086296883993, "mse": 0.0190041611236981, "N": 4112, "over_prob": 0.004098360655737654, "under_prob": 0.0, "over_counts": {"0": 243, "1": 1}, "under_counts": {"0": 244}, "avg_over_mag": 1.0, "avg_under_mag": 0.0, "avg_over": 1.0, "avg_under": 0.0}]]}