{"auc": 0.7017149486406014, "over_prob": 0.07533449680046533, "under_prob": 0.04217568353694012, "over_counts": {"0": 3179, "1": 154, "2": 39, "6": 19, "7": 14, "5": 12, "4": 12, "3": 8, "12": 1}, "under_counts": {"0": 3293, "1": 73, "2": 29, "4": 12, "5": 8, "6": 7, "3": 6, "7": 3, "9": 2, "12": 2, "11": 1, "15": 1, "23": 1}, "avg_over_mag": 2.27027027027027, "avg_under_mag": 2.696551724137931, "avg_over": 2.27027027027027, "avg_under": 2.696551724137931, "acc": 0.8551927653498335, "nll": 0.3839509157970779, "mse": 0.11646211792217881, "metrics_by_prob": [[[0.0, 0.05], {"acc": 0.9947643979057592, "nll": 0.02532825479418454, "mse": 0.005108611064562964, "N": 382, "over_prob": 0.0, "under_prob": 0.0, "over_counts": {"0": 70}, "under_counts": {"0": 70}, "avg_over_mag": 0.0, "avg_under_mag": 0.0, "avg_over": 0.0, "avg_under": 0.0}], [[0.05, 0.1], {"acc": 1.0, "nll": 0.10071184054522576, "mse": 0.009180863460841246, "N": 6, "over_prob": 0.0, "under_prob": 0.0, "over_counts": {"0": 6}, "under_counts": {"0": 6}, "avg_over_mag": 0.0, "avg_under_mag": 0.0, "avg_over": 0.0, "avg_under": 0.0}], [[0.1, 0.15000000000000002], {"acc": 0.96875, "nll": 0.19562901965067062, "mse": 0.039574060080900975, "N": 32, "over_prob": 0.0, "under_prob": 0.0, "over_counts": {"0": 26}, "under_counts": {"0": 26}, "avg_over_mag": 0.0, "avg_under_mag": 0.0, "avg_over": 0.0, "avg_under": 0.0}], [[0.15000000000000002, 0.2], {"acc": 0.8148148148148148, "nll": 0.4885465982237593, "mse": 0.15510243934436774, "N": 27, "over_prob": 0.0, "under_prob": 0.0, "over_counts": {"0": 18}, "under_counts": {"0": 18}, "avg_over_mag": 0.0, "avg_under_mag": 0.0, "avg_over": 0.0, "avg_under": 0.0}], [[0.2, 0.25], {"acc": 0.7222222222222222, "nll": 0.5936610795191544, "mse": 0.20169795490427989, "N": 36, "over_prob": 0.0, "under_prob": 0.0, "over_counts": {"0": 25}, "under_counts": {"0": 25}, "avg_over_mag": 0.0, "avg_under_mag": 0.0, "avg_over": 0.0, "avg_under": 0.0}], [[0.25, 0.30000000000000004], {"acc": 0.6818181818181818, "nll": 0.6364108354473682, "mse": 0.22122717338741457, "N": 22, "over_prob": 0.0, "under_prob": 0.0, "over_counts": {"0": 21}, "under_counts": {"0": 21}, "avg_over_mag": 0.0, "avg_under_mag": 0.0, "avg_over": 0.0, "avg_under": 0.0}], [[0.30000000000000004, 0.35000000000000003], {"acc": 0.5789473684210527, "nll": 0.7009313732998956, "mse": 0.2530809747225316, "N": 38, "over_prob": 0.0, "under_prob": 0.0, "over_counts": {"0": 36}, "under_counts": {"0": 36}, "avg_over_mag": 0.0, "avg_under_mag": 0.0, "avg_over": 0.0, "avg_under": 0.0}], [[0.35000000000000003, 0.4], {"acc": 0.5967741935483871, "nll": 0.6625235552331953, "mse": 0.23485319218941317, "N": 62, "over_prob": 0.0, "under_prob": 0.0, "over_counts": {"0": 62}, "under_counts": {"0": 62}, "avg_over_mag": 0.0, "avg_under_mag": 0.0, "avg_over": 0.0, "avg_under": 0.0}], [[0.4, 0.45], {"acc": 0.5833333333333334, "nll": 0.6853606069457303, "mse": 0.24604228317924462, "N": 48, "over_prob": 0.0, "under_prob": 0.0, "over_counts": {"0": 47}, "under_counts": {"0": 47}, "avg_over_mag": 0.0, "avg_under_mag": 0.0, "avg_over": 0.0, "avg_under": 0.0}], [[0.45, 0.5], {"acc": 0.5555555555555556, "nll": 0.6907479836750537, "mse": 0.24880323389210635, "N": 108, "over_prob": 0.0, "under_prob": 0.0, "over_counts": {"0": 91}, "under_counts": {"0": 91}, "avg_over_mag": 0.0, "avg_under_mag": 0.0, "avg_over": 0.0, "avg_under": 0.0}], [[0.5, 0.55], {"acc": 0.5656565656565656, "nll": 0.6924844551221735, "mse": 0.24953462836308762, "N": 198, "over_prob": 0.0, "under_prob": 0.0, "over_counts": {"0": 182}, "under_counts": {"0": 182}, "avg_over_mag": 0.0, "avg_under_mag": 0.0, "avg_over": 0.0, "avg_under": 0.0}], [[0.55, 0.6000000000000001], {"acc": 0.5472312703583062, "nll": 0.6933252592078746, "mse": 0.24990565046073965, "N": 307, "over_prob": 0.0, "under_prob": 0.0, "over_counts": {"0": 252}, "under_counts": {"0": 252}, "avg_over_mag": 0.0, "avg_under_mag": 0.0, "avg_over": 0.0, "avg_under": 0.0}], [[0.6000000000000001, 0.65], {"acc": 0.6142034548944337, "nll": 0.6676303277581025, "mse": 0.2373399574754248, "N": 1042, "over_prob": 0.0, "under_prob": 0.0, "over_counts": {"0": 377}, "under_counts": {"0": 377}, "avg_over_mag": 0.0, "avg_under_mag": 0.0, "avg_over": 0.0, "avg_under": 0.0}], [[0.65, 0.7000000000000001], {"acc": 0.687875150060024, "nll": 0.6220504592015828, "mse": 0.21524180858798272, "N": 1666, "over_prob": 0.0, "under_prob": 0.0, "over_counts": {"0": 533}, "under_counts": {"0": 533}, "avg_over_mag": 0.0, "avg_under_mag": 0.0, "avg_over": 0.0, "avg_under": 0.0}], [[0.7000000000000001, 0.75], {"acc": 0.7211350293542075, "nll": 0.5924512434630915, "mse": 0.20135007799273147, "N": 3066, "over_prob": 0.0, "under_prob": 0.002666666666666706, "over_counts": {"0": 750}, "under_counts": {"0": 748, "1": 2}, "avg_over_mag": 0.0, "avg_under_mag": 1.0, "avg_over": 0.0, "avg_under": 1.0}], [[0.75, 0.8], {"acc": 0.7688973178000542, "nll": 0.5409555905375314, "mse": 0.17782358649180371, "N": 3691, "over_prob": 0.0, "under_prob": 0.003597122302158251, "over_counts": {"0": 834}, "under_counts": {"0": 831, "1": 3}, "avg_over_mag": 0.0, "avg_under_mag": 1.0, "avg_over": 0.0, "avg_under": 1.0}], [[0.8, 0.8500000000000001], {"acc": 0.8316566917101744, "nll": 0.45267520595123645, "mse": 0.13984461291359765, "N": 7853, "over_prob": 0.0, "under_prob": 0.14536082474226808, "over_counts": {"0": 970}, "under_counts": {"0": 829, "1": 69, "2": 29, "4": 13, "6": 7, "5": 7, "3": 6, "7": 3, "9": 2, "12": 2, "11": 1, "15": 1, "23": 1}, "avg_over_mag": 0.0, "avg_under_mag": 2.7375886524822697, "avg_over": 0.0, "avg_under": 2.7375886524822697}], [[0.8500000000000001, 0.9], {"acc": 0.8773888658080599, "nll": 0.37167526817617846, "mse": 0.10747806340973234, "N": 19256, "over_prob": 0.24619771863117867, "under_prob": 0.0, "over_counts": {"0": 793, "1": 154, "2": 39, "6": 19, "7": 14, "5": 12, "4": 12, "3": 8, "12": 1}, "under_counts": {"0": 1052}, "avg_over_mag": 2.27027027027027, "avg_under_mag": 0.0, "avg_over": 2.27027027027027, "avg_under": 0.0}], [[0.9, 0.9500000000000001], {"acc": 0.9192282228317412, "nll": 0.2796385622368427, "mse": 0.0741021594648299, "N": 10573, "over_prob": 0.0, "under_prob": 0.0, "over_counts": {"0": 625}, "under_counts": {"0": 625}, "avg_over_mag": 0.0, "avg_under_mag": 0.0, "avg_over": 0.0, "avg_under": 0.0}], [[0.9500000000000001, 1.0], {"acc": 0.980544747081712, "nll": 0.08831721902261082, "mse": 0.018903091549049372, "N": 4112, "over_prob": 0.0, "under_prob": 0.0, "over_counts": {"0": 244}, "under_counts": {"0": 244}, "avg_over_mag": 0.0, "avg_under_mag": 0.0, "avg_over": 0.0, "avg_under": 0.0}]]}