{"auc": 0.7908050024347515, "over_prob": 0.25247236765561376, "under_prob": 0.27981384525887143, "over_counts": {"0": 2570, "1": 495, "2": 192, "3": 83, "4": 33, "5": 21, "6": 16, "9": 5, "8": 4, "14": 3, "24": 3, "7": 3, "22": 2, "21": 2, "10": 2, "23": 1, "15": 1, "11": 1, "13": 1}, "under_counts": {"0": 2476, "1": 518, "2": 198, "3": 91, "4": 59, "5": 31, "6": 19, "7": 12, "8": 8, "9": 6, "10": 4, "20": 3, "12": 3, "17": 3, "13": 1, "19": 1, "16": 1, "15": 1, "18": 1, "26": 1, "11": 1}, "avg_over_mag": 2.120967741935484, "avg_under_mag": 2.285862785862786, "avg_over": 2.120967741935484, "avg_under": 2.285862785862786, "acc": 0.8694336030461685, "nll": 0.3380071678394321, "mse": 0.10104042477233731, "metrics_by_prob": [[[0.0, 0.05], {"acc": 1.0, "nll": 0.0009579642348032331, "mse": 5.807395197076369e-05, "N": 389, "over_prob": 0.0, "under_prob": 0.0, "over_counts": {"0": 77}, "under_counts": {"0": 77}, "avg_over_mag": 0.0, "avg_under_mag": 0.0, "avg_over": 0.0, "avg_under": 0.0}], [[0.05, 0.1], {"acc": 0.9090909090909091, "nll": 0.296945130169793, "mse": 0.08071346082545583, "N": 121, "over_prob": 0.0, "under_prob": 0.0, "over_counts": {"0": 86}, "under_counts": {"0": 86}, "avg_over_mag": 0.0, "avg_under_mag": 0.0, "avg_over": 0.0, "avg_under": 0.0}], [[0.1, 0.15000000000000002], {"acc": 0.8909090909090909, "nll": 0.3514474678132117, "mse": 0.09947348217629429, "N": 110, "over_prob": 0.0, "under_prob": 0.0, "over_counts": {"0": 86}, "under_counts": {"0": 86}, "avg_over_mag": 0.0, "avg_under_mag": 0.0, "avg_over": 0.0, "avg_under": 0.0}], [[0.15000000000000002, 0.2], {"acc": 0.7956204379562044, "nll": 0.5124339048565696, "mse": 0.16350889001804345, "N": 137, "over_prob": 0.0, "under_prob": 0.0, "over_counts": {"0": 118}, "under_counts": {"0": 118}, "avg_over_mag": 0.0, "avg_under_mag": 0.0, "avg_over": 0.0, "avg_under": 0.0}], [[0.2, 0.25], {"acc": 0.736318407960199, "nll": 0.5811516752914258, "mse": 0.194942352432183, "N": 201, "over_prob": 0.0, "under_prob": 0.0, "over_counts": {"0": 171}, "under_counts": {"0": 171}, "avg_over_mag": 0.0, "avg_under_mag": 0.0, "avg_over": 0.0, "avg_under": 0.0}], [[0.25, 0.30000000000000004], {"acc": 0.7024221453287197, "nll": 0.6280189168771885, "mse": 0.21726912204327398, "N": 289, "over_prob": 0.0, "under_prob": 0.0, "over_counts": {"0": 222}, "under_counts": {"0": 222}, "avg_over_mag": 0.0, "avg_under_mag": 0.0, "avg_over": 0.0, "avg_under": 0.0}], [[0.30000000000000004, 0.35000000000000003], {"acc": 0.661498708010336, "nll": 0.649587830093298, "mse": 0.22809567051473, "N": 387, "over_prob": 0.0, "under_prob": 0.0, "over_counts": {"0": 267}, "under_counts": {"0": 267}, "avg_over_mag": 0.0, "avg_under_mag": 0.0, "avg_over": 0.0, "avg_under": 0.0}], [[0.35000000000000003, 0.4], {"acc": 0.5743073047858942, "nll": 0.6951613579596686, "mse": 0.24992959779333257, "N": 397, "over_prob": 0.0, "under_prob": 0.003215434083601254, "over_counts": {"0": 311}, "under_counts": {"0": 310, "1": 1}, "avg_over_mag": 0.0, "avg_under_mag": 1.0, "avg_over": 0.0, "avg_under": 1.0}], [[0.4, 0.45], {"acc": 0.5379609544468547, "nll": 0.707096555362442, "mse": 0.25621768019914415, "N": 461, "over_prob": 0.0, "under_prob": 0.0, "over_counts": {"0": 340}, "under_counts": {"0": 340}, "avg_over_mag": 0.0, "avg_under_mag": 0.0, "avg_over": 0.0, "avg_under": 0.0}], [[0.45, 0.5], {"acc": 0.5385996409335727, "nll": 0.6980377930582216, "mse": 0.2518726273110484, "N": 557, "over_prob": 0.0, "under_prob": 0.0025445292620864812, "over_counts": {"0": 393}, "under_counts": {"0": 392, "1": 1}, "avg_over_mag": 0.0, "avg_under_mag": 1.0, "avg_over": 0.0, "avg_under": 1.0}], [[0.5, 0.55], {"acc": 0.523117569352708, "nll": 0.7044418153379313, "mse": 0.2550782507784845, "N": 757, "over_prob": 0.0, "under_prob": 0.005802707930367523, "over_counts": {"0": 517}, "under_counts": {"0": 514, "1": 3}, "avg_over_mag": 0.0, "avg_under_mag": 1.0, "avg_over": 0.0, "avg_under": 1.0}], [[0.55, 0.6000000000000001], {"acc": 0.5612366230677764, "nll": 0.7043477948332122, "mse": 0.2540457957481285, "N": 841, "over_prob": 0.0, "under_prob": 0.006956521739130417, "over_counts": {"0": 575}, "under_counts": {"0": 571, "1": 4}, "avg_over_mag": 0.0, "avg_under_mag": 1.0, "avg_over": 0.0, "avg_under": 1.0}], [[0.6000000000000001, 0.65], {"acc": 0.6054872280037843, "nll": 0.6791252894875318, "mse": 0.24194320158207067, "N": 1057, "over_prob": 0.0, "under_prob": 0.014285714285714235, "over_counts": {"0": 700}, "under_counts": {"0": 690, "1": 10}, "avg_over_mag": 0.0, "avg_under_mag": 1.0, "avg_over": 0.0, "avg_under": 1.0}], [[0.65, 0.7000000000000001], {"acc": 0.6541764246682279, "nll": 0.6556640652093003, "mse": 0.2295027334075666, "N": 1281, "over_prob": 0.0, "under_prob": 0.04469987228607919, "over_counts": {"0": 783}, "under_counts": {"0": 748, "1": 33, "2": 2}, "avg_over_mag": 0.0, "avg_under_mag": 1.0571428571428572, "avg_over": 0.0, "avg_under": 1.0571428571428572}], [[0.7000000000000001, 0.75], {"acc": 0.7494824016563147, "nll": 0.5678477029845995, "mse": 0.18949146230858452, "N": 1932, "over_prob": 0.0, "under_prob": 0.08223350253807105, "over_counts": {"0": 985}, "under_counts": {"0": 904, "1": 70, "2": 7, "3": 3, "4": 1}, "avg_over_mag": 0.0, "avg_under_mag": 1.1975308641975309, "avg_over": 0.0, "avg_under": 1.1975308641975309}], [[0.75, 0.8], {"acc": 0.7773467804499612, "nll": 0.5442364865814079, "mse": 0.17738211570579773, "N": 2578, "over_prob": 0.0, "under_prob": 0.22653429602888087, "over_counts": {"0": 1108}, "under_counts": {"0": 857, "1": 203, "2": 33, "3": 11, "4": 3, "6": 1}, "avg_over_mag": 0.0, "avg_under_mag": 1.2749003984063745, "avg_over": 0.0, "avg_under": 1.2749003984063745}], [[0.8, 0.8500000000000001], {"acc": 0.8272238514173998, "nll": 0.46940819973168785, "mse": 0.1452700851491817, "N": 4092, "over_prob": 0.0, "under_prob": 0.5836849507735584, "over_counts": {"0": 1422}, "under_counts": {"0": 592, "1": 474, "2": 184, "3": 60, "4": 39, "5": 28, "6": 14, "7": 9, "14": 5, "8": 5, "10": 4, "13": 3, "9": 2, "18": 1, "12": 1, "24": 1}, "avg_over_mag": 0.0, "avg_under_mag": 2.0795180722891566, "avg_over": 0.0, "avg_under": 2.0795180722891566}], [[0.8500000000000001, 0.9], {"acc": 0.8773458445040214, "nll": 0.37714719776367256, "mse": 0.10865708790957083, "N": 7460, "over_prob": 0.4614906832298137, "under_prob": 0.0, "over_counts": {"0": 867, "1": 452, "2": 164, "3": 58, "4": 28, "5": 13, "6": 5, "7": 4, "9": 4, "10": 3, "21": 2, "8": 2, "23": 2, "12": 2, "24": 2, "14": 1, "20": 1}, "under_counts": {"0": 1610}, "avg_over_mag": 1.9717362045760431, "avg_under_mag": 0.0, "avg_over": 1.9717362045760431, "avg_under": 0.0}], [[0.9, 0.9500000000000001], {"acc": 0.9255201993856141, "nll": 0.26717399306471634, "mse": 0.06931542546630255, "N": 17253, "over_prob": 0.16277678037103527, "under_prob": 0.0, "over_counts": {"0": 1399, "1": 226, "2": 29, "3": 11, "4": 4, "5": 1, "10": 1}, "under_counts": {"0": 1671}, "avg_over_mag": 1.2794117647058822, "avg_under_mag": 0.0, "avg_over": 1.2794117647058822, "avg_under": 0.0}], [[0.9500000000000001, 1.0], {"acc": 0.9719427402862986, "nll": 0.12603933954650928, "mse": 0.02743145258526277, "N": 12225, "over_prob": 0.024042742653606397, "under_prob": 0.0, "over_counts": {"0": 1096, "1": 26, "2": 1}, "under_counts": {"0": 1123}, "avg_over_mag": 1.037037037037037, "avg_under_mag": 0.0, "avg_over": 1.037037037037037, "avg_under": 0.0}]]}