{"over_prob": 0.09772757125968734, "under_prob": 0.09772757125968734, "over_counts": {"0": 6869, "1": 260, "2": 138, "3": 96, "4": 59, "5": 52, "6": 37, "7": 23, "8": 16, "10": 10, "9": 10, "12": 6, "11": 6, "16": 4, "14": 4, "15": 4, "34": 2, "24": 2, "31": 2, "21": 2, "39": 2, "19": 2, "13": 2, "17": 1, "58": 1, "64": 1, "18": 1, "20": 1}, "under_counts": {"0": 3469, "1": 1083, "2": 557, "3": 385, "4": 228, "5": 180, "6": 150, "7": 148, "8": 129, "10": 103, "9": 93, "12": 67, "11": 66, "16": 58, "14": 56, "15": 47, "34": 46, "24": 45, "31": 38, "21": 37, "39": 30, "19": 29, "13": 27, "17": 24, "58": 22, "64": 21, "18": 21, "20": 20}, "avg_over_mag": 3.868279569892473, "avg_under_mag": 3.868279569892473, "avg_over": 3.868279569892473, "avg_under": 3.868279569892473, "acc": 0.6006861644025293, "auc": 0.599738708149974, "nll": 1.350007927003105, "mse": 0.3113171842908939, "metrics_by_prob": [[[0.0, 0.05], {"acc": 0.5074719800747198, "nll": 2.2044748582638203, "mse": 0.42407321416694016, "N": 3212, "over_prob": 0.0, "under_prob": 0.0, "over_counts": {"0": 262}, "under_counts": {"0": 200}, "avg_over_mag": 0.0, "avg_under_mag": 0.0, "avg_over": 0.0, "avg_under": 0.0}], [[0.05, 0.1], {"acc": 0.44521739130434784, "nll": 2.2632362818943164, "mse": 0.45521405314475766, "N": 2300, "over_prob": 0.0, "under_prob": 0.0, "over_counts": {"0": 317}, "under_counts": {"0": 198}, "avg_over_mag": 0.0, "avg_under_mag": 0.0, "avg_over": 0.0, "avg_under": 0.0}], [[0.1, 0.15000000000000002], {"acc": 0.5278622087132725, "nll": 1.7650365661895713, "mse": 0.37874238980968294, "N": 2961, "over_prob": 0.0, "under_prob": 0.0, "over_counts": {"0": 528}, "under_counts": {"0": 349}, "avg_over_mag": 0.0, "avg_under_mag": 0.0, "avg_over": 0.0, "avg_under": 0.0}], [[0.15000000000000002, 0.2], {"acc": 0.5019509476031215, "nll": 1.7044769542854934, "mse": 0.3866092457423686, "N": 3588, "over_prob": 0.0, "under_prob": 0.0, "over_counts": {"0": 719}, "under_counts": {"0": 461}, "avg_over_mag": 0.0, "avg_under_mag": 0.0, "avg_over": 0.0, "avg_under": 0.0}], [[0.2, 0.25], {"acc": 0.4891194331983806, "nll": 1.6463592374503322, "mse": 0.3830346935401724, "N": 3952, "over_prob": 0.0, "under_prob": 0.0, "over_counts": {"0": 868}, "under_counts": {"0": 511}, "avg_over_mag": 0.0, "avg_under_mag": 0.0, "avg_over": 0.0, "avg_under": 0.0}], [[0.25, 0.30000000000000004], {"acc": 0.46975717439293596, "nll": 1.677999202765573, "mse": 0.39901695011842997, "N": 4530, "over_prob": 0.0, "under_prob": 0.0, "over_counts": {"0": 1060}, "under_counts": {"0": 627}, "avg_over_mag": 0.0, "avg_under_mag": 0.0, "avg_over": 0.0, "avg_under": 0.0}], [[0.30000000000000004, 0.35000000000000003], {"acc": 0.4804911863735393, "nll": 1.5434783530396758, "mse": 0.38123443436500076, "N": 5049, "over_prob": 0.0, "under_prob": 0.0, "over_counts": {"0": 1201}, "under_counts": {"0": 648}, "avg_over_mag": 0.0, "avg_under_mag": 0.0, "avg_over": 0.0, "avg_under": 0.0}], [[0.35000000000000003, 0.4], {"acc": 0.4663613948573441, "nll": 1.5981832876021727, "mse": 0.39211492977793455, "N": 5678, "over_prob": 0.0, "under_prob": 0.0, "over_counts": {"0": 1407}, "under_counts": {"0": 726}, "avg_over_mag": 0.0, "avg_under_mag": 0.0, "avg_over": 0.0, "avg_under": 0.0}], [[0.4, 0.45], {"acc": 0.47445482866043615, "nll": 1.5634606038966923, "mse": 0.38534795679293365, "N": 6420, "over_prob": 0.0, "under_prob": 0.0, "over_counts": {"0": 1596}, "under_counts": {"0": 764}, "avg_over_mag": 0.0, "avg_under_mag": 0.0, "avg_over": 0.0, "avg_under": 0.0}], [[0.45, 0.5], {"acc": 0.49971925884334645, "nll": 1.5685934300752706, "mse": 0.3809547162304676, "N": 7124, "over_prob": 0.0, "under_prob": 0.0, "over_counts": {"0": 1706}, "under_counts": {"0": 746}, "avg_over_mag": 0.0, "avg_under_mag": 0.0, "avg_over": 0.0, "avg_under": 0.0}], [[0.5, 0.55], {"acc": 0.5049968374446553, "nll": 1.586100600518932, "mse": 0.3801565076361961, "N": 7905, "over_prob": 0.0, "under_prob": 0.0, "over_counts": {"0": 1885}, "under_counts": {"0": 760}, "avg_over_mag": 0.0, "avg_under_mag": 0.0, "avg_over": 0.0, "avg_under": 0.0}], [[0.55, 0.6000000000000001], {"acc": 0.5375128468653648, "nll": 1.4909987544705987, "mse": 0.357014204027506, "N": 8757, "over_prob": 0.0, "under_prob": 0.0, "over_counts": {"0": 1911}, "under_counts": {"0": 686}, "avg_over_mag": 0.0, "avg_under_mag": 0.0, "avg_over": 0.0, "avg_under": 0.0}], [[0.6000000000000001, 0.65], {"acc": 0.571487011658826, "nll": 1.413737460335216, "mse": 0.33436014632935873, "N": 9778, "over_prob": 0.0, "under_prob": 0.0, "over_counts": {"0": 1907}, "under_counts": {"0": 582}, "avg_over_mag": 0.0, "avg_under_mag": 0.0, "avg_over": 0.0, "avg_under": 0.0}], [[0.65, 0.7000000000000001], {"acc": 0.5957446808510638, "nll": 1.3256673692963608, "mse": 0.3155706161635478, "N": 10763, "over_prob": 0.0, "under_prob": 0.0, "over_counts": {"0": 1917}, "under_counts": {"0": 530}, "avg_over_mag": 0.0, "avg_under_mag": 0.0, "avg_over": 0.0, "avg_under": 0.0}], [[0.7000000000000001, 0.75], {"acc": 0.6452657135149716, "nll": 1.2252864179185838, "mse": 0.28147883140242236, "N": 11121, "over_prob": 0.0, "under_prob": 0.0, "over_counts": {"0": 1658}, "under_counts": {"0": 410}, "avg_over_mag": 0.0, "avg_under_mag": 0.0, "avg_over": 0.0, "avg_under": 0.0}], [[0.75, 0.8], {"acc": 0.7004041764904008, "nll": 1.0339677541244647, "mse": 0.24234548779127116, "N": 11876, "over_prob": 0.0, "under_prob": 0.0, "over_counts": {"0": 1512}, "under_counts": {"0": 329}, "avg_over_mag": 0.0, "avg_under_mag": 0.0, "avg_over": 0.0, "avg_under": 0.0}], [[0.8, 0.8500000000000001], {"acc": 0.7444543828264758, "nll": 0.9527018823466199, "mse": 0.21128095904693386, "N": 11180, "over_prob": 0.0, "under_prob": 0.0, "over_counts": {"0": 1256}, "under_counts": {"0": 247}, "avg_over_mag": 0.0, "avg_under_mag": 0.0, "avg_over": 0.0, "avg_under": 0.0}], [[0.8500000000000001, 0.9], {"acc": 0.8054507337526206, "nll": 0.8674746754380426, "mse": 0.16694542032810405, "N": 7155, "over_prob": 0.6860879904875148, "under_prob": 0.6860879904875148, "over_counts": {"0": 264, "1": 221, "2": 115, "3": 73, "4": 46, "5": 37, "6": 19, "8": 15, "7": 10, "10": 10, "9": 9, "34": 2, "31": 2, "39": 2, "14": 2, "16": 2, "15": 2, "24": 2, "21": 2, "64": 1, "12": 1, "11": 1, "19": 1, "51": 1, "20": 1}, "under_counts": {"0": 841}, "avg_over_mag": 3.6204506065857887, "avg_under_mag": 3.6204506065857887, "avg_over": 3.6204506065857887, "avg_under": 3.6204506065857887}], [[0.9, 0.9500000000000001], {"acc": 0.8644235526966848, "nll": 0.6749007085944988, "mse": 0.11893142885815584, "N": 4042, "over_prob": 0.5811623246492986, "under_prob": 0.5811623246492986, "over_counts": {"0": 209, "1": 121, "2": 70, "3": 40, "4": 23, "5": 12, "6": 10, "7": 8, "19": 1, "8": 1, "16": 1, "9": 1, "18": 1, "11": 1}, "under_counts": {"0": 499}, "avg_over_mag": 2.5172413793103448, "avg_under_mag": 2.5172413793103448, "avg_over": 2.5172413793103448, "avg_under": 2.5172413793103448}], [[0.9500000000000001, 1.0], {"acc": 0.9804372842347526, "nll": 0.19356083682188865, "mse": 0.018918709569031193, "N": 2607, "over_prob": 0.22421524663677128, "under_prob": 0.22421524663677128, "over_counts": {"0": 173, "1": 43, "2": 5, "3": 2}, "under_counts": {"0": 223}, "avg_over_mag": 1.18, "avg_under_mag": 1.18, "avg_over": 1.18, "avg_under": 1.18}]]}