{"over_prob": 0.336004749183734, "under_prob": 0.4476105669338083, "over_counts": {"0": 2237, "1": 360, "2": 183, "3": 108, "4": 90, "6": 68, "5": 66, "7": 35, "8": 24, "9": 22, "12": 21, "11": 20, "10": 16, "13": 16, "14": 10, "20": 9, "22": 8, "17": 8, "16": 7, "19": 7, "15": 6, "21": 4, "26": 4, "28": 4, "23": 4, "18": 3, "33": 3, "27": 3, "25": 3, "30": 3, "37": 2, "39": 2, "31": 2, "32": 1, "24": 1, "52": 1, "35": 1, "54": 1, "47": 1, "29": 1, "43": 1, "38": 1, "44": 1, "48": 1}, "under_counts": {"0": 1861, "1": 559, "2": 281, "3": 160, "4": 109, "5": 74, "6": 51, "8": 38, "9": 33, "7": 32, "12": 18, "13": 16, "10": 16, "11": 16, "16": 11, "15": 9, "18": 9, "19": 8, "14": 7, "22": 6, "23": 5, "21": 5, "20": 5, "32": 4, "17": 3, "30": 3, "25": 3, "26": 3, "34": 2, "39": 2, "71": 2, "36": 2, "33": 2, "52": 2, "24": 1, "54": 1, "97": 1, "74": 1, "95": 1, "63": 1, "58": 1, "64": 1, "80": 1, "53": 1, "27": 1, "114": 1}, "avg_over_mag": 5.336572438162544, "avg_under_mag": 4.793103448275862, "avg_over": 5.336572438162544, "avg_under": 4.793103448275862, "acc": 0.7672775115120759, "auc": 0.7157779768591565, "nll": 0.7310364427634777, "mse": 0.1797077997331261, "metrics_by_prob": [[[0.0, 0.05], {"acc": 0.9358974358974359, "nll": 0.3080385257287006, "mse": 0.06421619113810531, "N": 702, "over_prob": 0.0, "under_prob": 0.025906735751295318, "over_counts": {"0": 193}, "under_counts": {"0": 188, "1": 1, "7": 1, "12": 1, "2": 1, "3": 1}, "avg_over_mag": 0.0, "avg_under_mag": 5.0, "avg_over": 0.0, "avg_under": 5.0}], [[0.05, 0.1], {"acc": 0.8648648648648649, "nll": 0.65690564776498, "mse": 0.14371745557112564, "N": 407, "over_prob": 0.0, "under_prob": 0.040322580645161255, "over_counts": {"0": 248}, "under_counts": {"0": 238, "1": 6, "2": 2, "3": 1, "4": 1}, "avg_over_mag": 0.0, "avg_under_mag": 1.7, "avg_over": 0.0, "avg_under": 1.7}], [[0.1, 0.15000000000000002], {"acc": 0.7793522267206477, "nll": 0.6563368411167643, "mse": 0.18099152349791692, "N": 494, "over_prob": 0.0, "under_prob": 0.026755852842809347, "over_counts": {"0": 299}, "under_counts": {"0": 291, "1": 5, "3": 1, "4": 1, "2": 1}, "avg_over_mag": 0.0, "avg_under_mag": 1.75, "avg_over": 0.0, "avg_under": 1.75}], [[0.15000000000000002, 0.2], {"acc": 0.7504332755632582, "nll": 0.7557400826882149, "mse": 0.2119493017765983, "N": 577, "over_prob": 0.0, "under_prob": 0.058309037900874605, "over_counts": {"0": 343}, "under_counts": {"0": 323, "1": 15, "2": 3, "3": 2}, "avg_over_mag": 0.0, "avg_under_mag": 1.35, "avg_over": 0.0, "avg_under": 1.35}], [[0.2, 0.25], {"acc": 0.6777408637873754, "nll": 0.7642503029271764, "mse": 0.23425860015995387, "N": 602, "over_prob": 0.0, "under_prob": 0.06718346253229979, "over_counts": {"0": 387}, "under_counts": {"0": 361, "1": 21, "2": 3, "6": 1, "3": 1}, "avg_over_mag": 0.0, "avg_under_mag": 1.3846153846153846, "avg_over": 0.0, "avg_under": 1.3846153846153846}], [[0.25, 0.30000000000000004], {"acc": 0.63, "nll": 0.844108242136553, "mse": 0.2523804557361853, "N": 700, "over_prob": 0.0, "under_prob": 0.08675799086757996, "over_counts": {"0": 438}, "under_counts": {"0": 400, "1": 30, "2": 4, "3": 2, "4": 1, "5": 1}, "avg_over_mag": 0.0, "avg_under_mag": 1.394736842105263, "avg_over": 0.0, "avg_under": 1.394736842105263}], [[0.30000000000000004, 0.35000000000000003], {"acc": 0.5512820512820513, "nll": 0.9642312750084476, "mse": 0.29132158306851547, "N": 780, "over_prob": 0.0, "under_prob": 0.09375, "over_counts": {"0": 480}, "under_counts": {"0": 435, "1": 37, "2": 7, "3": 1}, "avg_over_mag": 0.0, "avg_under_mag": 1.2, "avg_over": 0.0, "avg_under": 1.2}], [[0.35000000000000003, 0.4], {"acc": 0.5357590966122961, "nll": 0.9667584817270246, "mse": 0.29540459048328915, "N": 797, "over_prob": 0.0, "under_prob": 0.11570247933884292, "over_counts": {"0": 484}, "under_counts": {"0": 428, "1": 45, "2": 7, "4": 2, "6": 1, "3": 1}, "avg_over_mag": 0.0, "avg_under_mag": 1.3571428571428572, "avg_over": 0.0, "avg_under": 1.3571428571428572}], [[0.4, 0.45], {"acc": 0.5080645161290323, "nll": 1.0304041625477895, "mse": 0.3097864206312948, "N": 992, "over_prob": 0.0, "under_prob": 0.13793103448275867, "over_counts": {"0": 580}, "under_counts": {"0": 500, "1": 63, "2": 9, "3": 4, "8": 1, "6": 1, "4": 1, "5": 1}, "avg_over_mag": 0.0, "avg_under_mag": 1.45, "avg_over": 0.0, "avg_under": 1.45}], [[0.45, 0.5], {"acc": 0.4908759124087591, "nll": 1.1055425834244095, "mse": 0.3226878222363597, "N": 1096, "over_prob": 0.0, "under_prob": 0.17445482866043616, "over_counts": {"0": 642}, "under_counts": {"0": 530, "1": 91, "2": 14, "3": 4, "5": 1, "6": 1, "35": 1}, "avg_over_mag": 0.0, "avg_under_mag": 1.5803571428571428, "avg_over": 0.0, "avg_under": 1.5803571428571428}], [[0.5, 0.55], {"acc": 0.49608763693270735, "nll": 1.1390902321150969, "mse": 0.3201245279792269, "N": 1278, "over_prob": 0.0, "under_prob": 0.21832884097035044, "over_counts": {"0": 742}, "under_counts": {"0": 580, "1": 135, "2": 17, "4": 2, "3": 2, "10": 2, "5": 1, "13": 1, "9": 1, "7": 1}, "avg_over_mag": 0.0, "avg_under_mag": 1.462962962962963, "avg_over": 0.0, "avg_under": 1.462962962962963}], [[0.55, 0.6000000000000001], {"acc": 0.5296469020652899, "nll": 1.1591397525877774, "mse": 0.31586196750398227, "N": 1501, "over_prob": 0.0, "under_prob": 0.2515262515262515, "over_counts": {"0": 819}, "under_counts": {"0": 613, "1": 159, "2": 26, "3": 9, "6": 4, "4": 2, "5": 2, "12": 2, "11": 1, "16": 1}, "avg_over_mag": 0.0, "avg_under_mag": 1.6067961165048543, "avg_over": 0.0, "avg_under": 1.6067961165048543}], [[0.6000000000000001, 0.65], {"acc": 0.5701990317374933, "nll": 1.1111677456542743, "mse": 0.3006235531765733, "N": 1859, "over_prob": 0.0, "under_prob": 0.29175704989154017, "over_counts": {"0": 922}, "under_counts": {"0": 653, "1": 214, "2": 31, "4": 6, "3": 5, "5": 5, "10": 3, "7": 2, "9": 1, "23": 1, "15": 1}, "avg_over_mag": 0.0, "avg_under_mag": 1.6022304832713754, "avg_over": 0.0, "avg_under": 1.6022304832713754}], [[0.65, 0.7000000000000001], {"acc": 0.6079425433037601, "nll": 1.0775753046343797, "mse": 0.2861809076534315, "N": 2367, "over_prob": 0.0, "under_prob": 0.3613963039014374, "over_counts": {"0": 974}, "under_counts": {"0": 622, "1": 252, "2": 49, "3": 21, "5": 7, "4": 5, "6": 4, "14": 2, "8": 2, "10": 2, "7": 2, "23": 1, "20": 1, "19": 1, "15": 1, "9": 1, "29": 1}, "avg_over_mag": 0.0, "avg_under_mag": 1.9460227272727273, "avg_over": 0.0, "avg_under": 1.9460227272727273}], [[0.7000000000000001, 0.75], {"acc": 0.6458181818181818, "nll": 1.026234428016768, "mse": 0.26679091335251093, "N": 2750, "over_prob": 0.0, "under_prob": 0.4275555555555556, "over_counts": {"0": 1125}, "under_counts": {"0": 644, "1": 326, "2": 80, "3": 33, "4": 12, "5": 9, "7": 7, "6": 3, "9": 2, "10": 2, "12": 1, "13": 1, "11": 1, "23": 1, "8": 1, "15": 1, "14": 1}, "avg_over_mag": 0.0, "avg_under_mag": 1.8274428274428274, "avg_over": 0.0, "avg_under": 1.8274428274428274}], [[0.75, 0.8], {"acc": 0.7109144542772862, "nll": 0.9703509401443514, "mse": 0.2331068697046979, "N": 3729, "over_prob": 0.0, "under_prob": 0.5331674958540631, "over_counts": {"0": 1206}, "under_counts": {"0": 563, "1": 394, "2": 102, "3": 51, "4": 36, "5": 19, "6": 15, "8": 4, "9": 3, "18": 3, "7": 2, "12": 2, "11": 2, "23": 1, "10": 1, "30": 1, "15": 1, "13": 1, "29": 1, "14": 1, "26": 1, "17": 1, "62": 1}, "avg_over_mag": 0.0, "avg_under_mag": 2.3203732503888026, "avg_over": 0.0, "avg_under": 2.3203732503888026}], [[0.8, 0.8500000000000001], {"acc": 0.7565627950897073, "nll": 0.89666287784932, "mse": 0.20963037700922893, "N": 5295, "over_prob": 0.0, "under_prob": 0.6457364341085272, "over_counts": {"0": 1290}, "under_counts": {"0": 457, "1": 413, "2": 146, "3": 94, "4": 39, "5": 27, "6": 22, "7": 18, "10": 14, "8": 13, "9": 8, "12": 6, "11": 6, "15": 4, "20": 3, "16": 2, "13": 2, "19": 2, "21": 2, "31": 2, "17": 2, "25": 1, "18": 1, "26": 1, "41": 1, "14": 1, "35": 1, "28": 1, "47": 1}, "avg_over_mag": 0.0, "avg_under_mag": 3.09483793517407, "avg_over": 0.0,