{"auc": 0.7906093895246662, "over_prob": 0.26536064113980407, "under_prob": 0.28287325615909764, "over_counts": {"0": 2475, "1": 478, "2": 192, "3": 100, "4": 39, "5": 29, "7": 13, "6": 11, "8": 6, "10": 5, "20": 3, "13": 3, "9": 2, "21": 2, "11": 2, "17": 1, "18": 1, "22": 1, "15": 1, "25": 1, "40": 1, "12": 1, "32": 1, "23": 1}, "under_counts": {"0": 2416, "1": 578, "2": 161, "3": 77, "4": 45, "5": 22, "6": 22, "7": 12, "9": 7, "10": 6, "8": 6, "18": 3, "17": 3, "16": 3, "11": 2, "13": 2, "14": 2, "12": 1, "33": 1}, "avg_over_mag": 2.3523489932885906, "avg_under_mag": 2.1846799580272824, "avg_over": 2.3523489932885906, "avg_under": 2.1846799580272824, "acc": 0.8712151113617141, "nll": 0.3364895942851941, "mse": 0.10012150763764939, "metrics_by_prob": [[[0.0, 0.05], {"acc": 1.0, "nll": 0.0030901941524122496, "mse": 0.00034985503012407727, "N": 460, "over_prob": 0.0, "under_prob": 0.0, "over_counts": {"0": 83}, "under_counts": {"0": 83}, "avg_over_mag": 0.0, "avg_under_mag": 0.0, "avg_over": 0.0, "avg_under": 0.0}], [[0.05, 0.1], {"acc": 0.96, "nll": 0.25787125514547155, "mse": 0.06195324431962587, "N": 125, "over_prob": 0.0, "under_prob": 0.0, "over_counts": {"0": 98}, "under_counts": {"0": 98}, "avg_over_mag": 0.0, "avg_under_mag": 0.0, "avg_over": 0.0, "avg_under": 0.0}], [[0.1, 0.15000000000000002], {"acc": 0.8305084745762712, "nll": 0.5000749281730071, "mse": 0.1533298275387581, "N": 118, "over_prob": 0.0, "under_prob": 0.0, "over_counts": {"0": 94}, "under_counts": {"0": 94}, "avg_over_mag": 0.0, "avg_under_mag": 0.0, "avg_over": 0.0, "avg_under": 0.0}], [[0.15000000000000002, 0.2], {"acc": 0.8173913043478261, "nll": 0.5041607935419917, "mse": 0.15767332224923675, "N": 115, "over_prob": 0.0, "under_prob": 0.0, "over_counts": {"0": 108}, "under_counts": {"0": 108}, "avg_over_mag": 0.0, "avg_under_mag": 0.0, "avg_over": 0.0, "avg_under": 0.0}], [[0.2, 0.25], {"acc": 0.7884615384615384, "nll": 0.5455224867984027, "mse": 0.17954308772594998, "N": 208, "over_prob": 0.0, "under_prob": 0.0, "over_counts": {"0": 183}, "under_counts": {"0": 183}, "avg_over_mag": 0.0, "avg_under_mag": 0.0, "avg_over": 0.0, "avg_under": 0.0}], [[0.25, 0.30000000000000004], {"acc": 0.6793650793650794, "nll": 0.629939404995497, "mse": 0.21850275754970772, "N": 315, "over_prob": 0.0, "under_prob": 0.0, "over_counts": {"0": 230}, "under_counts": {"0": 230}, "avg_over_mag": 0.0, "avg_under_mag": 0.0, "avg_over": 0.0, "avg_under": 0.0}], [[0.30000000000000004, 0.35000000000000003], {"acc": 0.6709183673469388, "nll": 0.6307910313451419, "mse": 0.21967608715277517, "N": 392, "over_prob": 0.0, "under_prob": 0.0, "over_counts": {"0": 257}, "under_counts": {"0": 257}, "avg_over_mag": 0.0, "avg_under_mag": 0.0, "avg_over": 0.0, "avg_under": 0.0}], [[0.35000000000000003, 0.4], {"acc": 0.5372340425531915, "nll": 0.7188079165151298, "mse": 0.26099198313267874, "N": 376, "over_prob": 0.0, "under_prob": 0.003401360544217691, "over_counts": {"0": 294}, "under_counts": {"0": 293, "1": 1}, "avg_over_mag": 0.0, "avg_under_mag": 1.0, "avg_over": 0.0, "avg_under": 1.0}], [[0.4, 0.45], {"acc": 0.5563380281690141, "nll": 0.6897948077467437, "mse": 0.247974092797802, "N": 426, "over_prob": 0.0, "under_prob": 0.0, "over_counts": {"0": 318}, "under_counts": {"0": 318}, "avg_over_mag": 0.0, "avg_under_mag": 0.0, "avg_over": 0.0, "avg_under": 0.0}], [[0.45, 0.5], {"acc": 0.5259515570934256, "nll": 0.7019835811674512, "mse": 0.254019041209496, "N": 578, "over_prob": 0.0, "under_prob": 0.0, "over_counts": {"0": 386}, "under_counts": {"0": 386}, "avg_over_mag": 0.0, "avg_under_mag": 0.0, "avg_over": 0.0, "avg_under": 0.0}], [[0.5, 0.55], {"acc": 0.5358539765319427, "nll": 0.7020616203878418, "mse": 0.2539154262193524, "N": 767, "over_prob": 0.0, "under_prob": 0.0, "over_counts": {"0": 533}, "under_counts": {"0": 533}, "avg_over_mag": 0.0, "avg_under_mag": 0.0, "avg_over": 0.0, "avg_under": 0.0}], [[0.55, 0.6000000000000001], {"acc": 0.5566893424036281, "nll": 0.6970533178312334, "mse": 0.2509038914527643, "N": 882, "over_prob": 0.0, "under_prob": 0.008291873963515717, "over_counts": {"0": 603}, "under_counts": {"0": 598, "1": 5}, "avg_over_mag": 0.0, "avg_under_mag": 1.0, "avg_over": 0.0, "avg_under": 1.0}], [[0.6000000000000001, 0.65], {"acc": 0.6050505050505051, "nll": 0.6849706911965412, "mse": 0.24515251510104788, "N": 990, "over_prob": 0.0, "under_prob": 0.005934718100890191, "over_counts": {"0": 674}, "under_counts": {"0": 670, "1": 4}, "avg_over_mag": 0.0, "avg_under_mag": 1.0, "avg_over": 0.0, "avg_under": 1.0}], [[0.65, 0.7000000000000001], {"acc": 0.6959016393442623, "nll": 0.619241223451688, "mse": 0.21348304356360143, "N": 1220, "over_prob": 0.0, "under_prob": 0.02281879194630876, "over_counts": {"0": 745}, "under_counts": {"0": 728, "1": 17}, "avg_over_mag": 0.0, "avg_under_mag": 1.0, "avg_over": 0.0, "avg_under": 1.0}], [[0.7000000000000001, 0.75], {"acc": 0.7124248496993988, "nll": 0.6115304732038227, "mse": 0.20881580560523894, "N": 1996, "over_prob": 0.0, "under_prob": 0.06506506506506504, "over_counts": {"0": 999}, "under_counts": {"0": 934, "1": 57, "2": 8}, "avg_over_mag": 0.0, "avg_under_mag": 1.123076923076923, "avg_over": 0.0, "avg_under": 1.123076923076923}], [[0.75, 0.8], {"acc": 0.7995310668229777, "nll": 0.5039135002925219, "mse": 0.1612629598962764, "N": 2559, "over_prob": 0.0, "under_prob": 0.20259740259740255, "over_counts": {"0": 1155}, "under_counts": {"0": 921, "1": 188, "2": 38, "3": 7, "4": 1}, "avg_over_mag": 0.0, "avg_under_mag": 1.235042735042735, "avg_over": 0.0, "avg_under": 1.235042735042735}], [[0.8, 0.8500000000000001], {"acc": 0.8361445783132531, "nll": 0.4539919256627872, "mse": 0.1389463505193045, "N": 4150, "over_prob": 0.0, "under_prob": 0.5844428871758935, "over_counts": {"0": 1427}, "under_counts": {"0": 593, "1": 531, "2": 135, "3": 70, "4": 30, "5": 20, "6": 13, "8": 12, "7": 6, "9": 3, "13": 2, "16": 2, "15": 2, "17": 2, "10": 2, "14": 1, "18": 1, "12": 1, "33": 1}, "avg_over_mag": 0.0, "avg_under_mag": 2.029976019184652, "avg_over": 0.0, "avg_under": 2.029976019184652}], [[0.8500000000000001, 0.9], {"acc": 0.8803534175972512, "nll": 0.3701509433639069, "mse": 0.10628659222383234, "N": 8149, "over_prob": 0.48464373464373467, "under_prob": 0.0, "over_counts": {"0": 839, "1": 446, "2": 179, "3": 81, "4": 34, "5": 10, "6": 9, "10": 6, "7": 5, "20": 4, "8": 2, "21": 2, "18": 1, "17": 1, "11": 1, "22": 1, "13": 1, "15": 1, "9": 1, "25": 1, "40": 1, "12": 1, "32": 1}, "under_counts": {"0": 1628}, "avg_over_mag": 2.197718631178707, "avg_under_mag": 0.0, "avg_over": 2.197718631178707, "avg_under": 0.0}], [[0.9, 0.9500000000000001], {"acc": 0.9266563768364489, "nll": 0.26449068369594675, "mse": 0.06841320145999458, "N": 17493, "over_prob": 0.16373559733171617, "under_prob": 0.0, "over_counts": {"0": 1379, "1": 212, "2": 42, "3": 7, "4": 7, "5": 2}, "under_counts": {"0": 1649}, "avg_over_mag": 1.3148148148148149, "avg_under_mag": 0.0, "avg_over": 1.3148148148148149, "avg_under": 0.0}], [[0.9500000000000001, 1.0], {"acc": 0.969628133939088, "nll": 0.13453445141589163, "mse": 0.029595928301578082, "N": 11886, "over_prob": 0.013035381750465591, "under_prob": 0.0, "over_counts": {"0": 1060, "1": 14}, "under_counts": {"0": 1074}, "avg_over_mag": 1.0, "avg_under_mag": 0.0, "avg_over": 1.0, "avg_under": 0.0}]]}