{"acc": 0.7806043169894922, "auc": 0.7645818578508237, "nll": 0.7033829849386821, "mse": 0.17055280852724974}