{"auc": 0.7042579192575128, "over_prob": 0.06441080439299496, "under_prob": 0.03918076580587715, "over_counts": {"0": 3152, "1": 134, "2": 32, "4": 19, "3": 19, "5": 8, "6": 3, "12": 1, "7": 1}, "under_counts": {"0": 3237, "1": 63, "2": 29, "3": 15, "4": 8, "5": 7, "6": 4, "9": 2, "13": 1, "10": 1, "19": 1, "32": 1}, "avg_over_mag": 1.880184331797235, "avg_under_mag": 2.643939393939394, "avg_over": 1.880184331797235, "avg_under": 2.643939393939394, "acc": 0.8571374870782821, "nll": 0.380825717928457, "mse": 0.11522302347259361, "metrics_by_prob": [[[0.0, 0.05], {"acc": 0.9955654101995566, "nll": 0.02439317156895883, "mse": 0.0044065291133593195, "N": 451, "over_prob": 0.0, "under_prob": 0.0, "over_counts": {"0": 75}, "under_counts": {"0": 75}, "avg_over_mag": 0.0, "avg_under_mag": 0.0, "avg_over": 0.0, "avg_under": 0.0}], [[0.05, 0.1], {"acc": 0.9090909090909091, "nll": 0.30717184810258147, "mse": 0.08313367115025899, "N": 11, "over_prob": 0.0, "under_prob": 0.0, "over_counts": {"0": 11}, "under_counts": {"0": 11}, "avg_over_mag": 0.0, "avg_under_mag": 0.0, "avg_over": 0.0, "avg_under": 0.0}], [[0.1, 0.15000000000000002], {"acc": 0.92, "nll": 0.2762529941659723, "mse": 0.07235734515676057, "N": 25, "over_prob": 0.0, "under_prob": 0.0, "over_counts": {"0": 22}, "under_counts": {"0": 22}, "avg_over_mag": 0.0, "avg_under_mag": 0.0, "avg_over": 0.0, "avg_under": 0.0}], [[0.15000000000000002, 0.2], {"acc": 0.8378378378378378, "nll": 0.4127208925532164, "mse": 0.12335116288643182, "N": 37, "over_prob": 0.0, "under_prob": 0.0, "over_counts": {"0": 30}, "under_counts": {"0": 30}, "avg_over_mag": 0.0, "avg_under_mag": 0.0, "avg_over": 0.0, "avg_under": 0.0}], [[0.2, 0.25], {"acc": 0.7586206896551724, "nll": 0.5630765642405874, "mse": 0.18663215503299416, "N": 29, "over_prob": 0.0, "under_prob": 0.0, "over_counts": {"0": 21}, "under_counts": {"0": 21}, "avg_over_mag": 0.0, "avg_under_mag": 0.0, "avg_over": 0.0, "avg_under": 0.0}], [[0.25, 0.30000000000000004], {"acc": 0.8461538461538461, "nll": 0.48080593383634995, "mse": 0.14897747030762643, "N": 13, "over_prob": 0.0, "under_prob": 0.0, "over_counts": {"0": 13}, "under_counts": {"0": 13}, "avg_over_mag": 0.0, "avg_under_mag": 0.0, "avg_over": 0.0, "avg_under": 0.0}], [[0.30000000000000004, 0.35000000000000003], {"acc": 0.6896551724137931, "nll": 0.6240540170074346, "mse": 0.21596345168363798, "N": 29, "over_prob": 0.0, "under_prob": 0.0, "over_counts": {"0": 28}, "under_counts": {"0": 28}, "avg_over_mag": 0.0, "avg_under_mag": 0.0, "avg_over": 0.0, "avg_under": 0.0}], [[0.35000000000000003, 0.4], {"acc": 0.6274509803921569, "nll": 0.6555998438822772, "mse": 0.2315226465595245, "N": 51, "over_prob": 0.0, "under_prob": 0.0, "over_counts": {"0": 51}, "under_counts": {"0": 51}, "avg_over_mag": 0.0, "avg_under_mag": 0.0, "avg_over": 0.0, "avg_under": 0.0}], [[0.4, 0.45], {"acc": 0.5, "nll": 0.7050113179265839, "mse": 0.25576538814019156, "N": 42, "over_prob": 0.0, "under_prob": 0.0, "over_counts": {"0": 42}, "under_counts": {"0": 42}, "avg_over_mag": 0.0, "avg_under_mag": 0.0, "avg_over": 0.0, "avg_under": 0.0}], [[0.45, 0.5], {"acc": 0.5106382978723404, "nll": 0.7042599391562518, "mse": 0.2555031279168411, "N": 94, "over_prob": 0.0, "under_prob": 0.0, "over_counts": {"0": 86}, "under_counts": {"0": 86}, "avg_over_mag": 0.0, "avg_under_mag": 0.0, "avg_over": 0.0, "avg_under": 0.0}], [[0.5, 0.55], {"acc": 0.5739644970414202, "nll": 0.6829393360861656, "mse": 0.24486141397690875, "N": 169, "over_prob": 0.0, "under_prob": 0.0, "over_counts": {"0": 160}, "under_counts": {"0": 160}, "avg_over_mag": 0.0, "avg_under_mag": 0.0, "avg_over": 0.0, "avg_under": 0.0}], [[0.55, 0.6000000000000001], {"acc": 0.596551724137931, "nll": 0.6787864194256651, "mse": 0.24275204550303853, "N": 290, "over_prob": 0.0, "under_prob": 0.0, "over_counts": {"0": 233}, "under_counts": {"0": 233}, "avg_over_mag": 0.0, "avg_under_mag": 0.0, "avg_over": 0.0, "avg_under": 0.0}], [[0.6000000000000001, 0.65], {"acc": 0.615948670944088, "nll": 0.6672680901427379, "mse": 0.23715070726611756, "N": 1091, "over_prob": 0.0, "under_prob": 0.0, "over_counts": {"0": 333}, "under_counts": {"0": 333}, "avg_over_mag": 0.0, "avg_under_mag": 0.0, "avg_over": 0.0, "avg_under": 0.0}], [[0.65, 0.7000000000000001], {"acc": 0.6771604938271605, "nll": 0.6289035340585277, "mse": 0.21858924279003633, "N": 1620, "over_prob": 0.0, "under_prob": 0.0, "over_counts": {"0": 490}, "under_counts": {"0": 490}, "avg_over_mag": 0.0, "avg_under_mag": 0.0, "avg_over": 0.0, "avg_under": 0.0}], [[0.7000000000000001, 0.75], {"acc": 0.7210906701708278, "nll": 0.5929175709827568, "mse": 0.20152029650585165, "N": 3044, "over_prob": 0.0, "under_prob": 0.0, "over_counts": {"0": 732}, "under_counts": {"0": 732}, "avg_over_mag": 0.0, "avg_under_mag": 0.0, "avg_over": 0.0, "avg_under": 0.0}], [[0.75, 0.8], {"acc": 0.776656314699793, "nll": 0.5310562373895045, "mse": 0.17344470935059791, "N": 3864, "over_prob": 0.0, "under_prob": 0.0012195121951219523, "over_counts": {"0": 820}, "under_counts": {"0": 819, "1": 1}, "avg_over_mag": 0.0, "avg_under_mag": 1.0, "avg_over": 0.0, "avg_under": 1.0}], [[0.8, 0.8500000000000001], {"acc": 0.8296926095487247, "nll": 0.45576511744528, "mse": 0.14112574554458152, "N": 7645, "over_prob": 0.0, "under_prob": 0.1386554621848739, "over_counts": {"0": 952}, "under_counts": {"0": 820, "1": 63, "2": 29, "3": 15, "4": 9, "5": 6, "6": 4, "9": 2, "13": 1, "10": 1, "19": 1, "32": 1}, "avg_over_mag": 0.0, "avg_under_mag": 2.6363636363636362, "avg_over": 0.0, "avg_under": 2.6363636363636362}], [[0.8500000000000001, 0.9], {"acc": 0.8780600225340571, "nll": 0.3698964989500879, "mse": 0.10687963957693362, "N": 19526, "over_prob": 0.21963562753036436, "under_prob": 0.0, "over_counts": {"0": 771, "1": 134, "2": 32, "4": 19, "3": 19, "5": 8, "6": 3, "12": 1, "7": 1}, "under_counts": {"0": 988}, "avg_over_mag": 1.880184331797235, "avg_under_mag": 0.0, "avg_over": 1.880184331797235, "avg_under": 0.0}], [[0.9, 0.9500000000000001], {"acc": 0.9215333393323135, "nll": 0.2741014663455473, "mse": 0.07216987329858052, "N": 11113, "over_prob": 0.0, "under_prob": 0.0, "over_counts": {"0": 653}, "under_counts": {"0": 653}, "avg_over_mag": 0.0, "avg_under_mag": 0.0, "avg_over": 0.0, "avg_under": 0.0}], [[0.9500000000000001, 1.0], {"acc": 0.9783304604777149, "nll": 0.09515340629568786, "mse": 0.020901593584611675, "N": 4061, "over_prob": 0.0, "under_prob": 0.0, "over_counts": {"0": 243}, "under_counts": {"0": 243}, "avg_over_mag": 0.0, "avg_under_mag": 0.0, "avg_over": 0.0, "avg_under": 0.0}]]}