{"over_prob": 0.42844677137870857, "under_prob": 0.4226294357184409, "over_counts": {"0": 1965, "1": 462, "2": 285, "3": 176, "4": 115, "5": 93, "6": 79, "7": 41, "8": 35, "10": 29, "9": 25, "11": 19, "12": 15, "14": 14, "17": 11, "13": 10, "15": 9, "21": 7, "18": 5, "30": 5, "20": 5, "16": 4, "26": 4, "22": 4, "19": 3, "25": 3, "28": 3, "24": 3, "23": 2, "37": 2, "32": 1, "36": 1, "47": 1, "27": 1, "31": 1}, "under_counts": {"0": 1985, "1": 690, "2": 316, "3": 157, "4": 82, "5": 66, "6": 43, "8": 24, "7": 19, "9": 12, "10": 9, "14": 5, "15": 5, "18": 4, "11": 4, "21": 2, "13": 2, "16": 2, "12": 2, "23": 2, "20": 2, "32": 1, "22": 1, "17": 1, "43": 1, "19": 1}, "avg_over_mag": 4.346232179226069, "avg_under_mag": 2.640055058499656, "avg_over": 4.346232179226069, "avg_under": 2.640055058499656, "acc": 0.8317563065207044, "auc": 0.7218264139485127, "nll": 0.5473426331858225, "mse": 0.1318315013986111, "metrics_by_prob": [[[0.0, 0.05], {"acc": 0.9897172236503856, "nll": 0.022845756817643812, "mse": 0.007217158050504415, "N": 389, "over_prob": 0.0, "under_prob": 0.025974025974025983, "over_counts": {"0": 77}, "under_counts": {"0": 75, "1": 2}, "avg_over_mag": 0.0, "avg_under_mag": 1.0, "avg_over": 0.0, "avg_under": 1.0}], [[0.05, 0.1], {"acc": 0.9090909090909091, "nll": 0.333997144904078, "mse": 0.08789179267604345, "N": 121, "over_prob": 0.0, "under_prob": 0.0, "over_counts": {"0": 86}, "under_counts": {"0": 86}, "avg_over_mag": 0.0, "avg_under_mag": 0.0, "avg_over": 0.0, "avg_under": 0.0}], [[0.1, 0.15000000000000002], {"acc": 0.8727272727272727, "nll": 0.44514730186389456, "mse": 0.12047524341789403, "N": 110, "over_prob": 0.0, "under_prob": 0.0, "over_counts": {"0": 86}, "under_counts": {"0": 86}, "avg_over_mag": 0.0, "avg_under_mag": 0.0, "avg_over": 0.0, "avg_under": 0.0}], [[0.15000000000000002, 0.2], {"acc": 0.7664233576642335, "nll": 0.6156357701638157, "mse": 0.18852538055090168, "N": 137, "over_prob": 0.0, "under_prob": 0.0, "over_counts": {"0": 118}, "under_counts": {"0": 118}, "avg_over_mag": 0.0, "avg_under_mag": 0.0, "avg_over": 0.0, "avg_under": 0.0}], [[0.2, 0.25], {"acc": 0.7164179104477612, "nll": 0.6233421289736515, "mse": 0.20583538050109793, "N": 201, "over_prob": 0.0, "under_prob": 0.011695906432748537, "over_counts": {"0": 171}, "under_counts": {"0": 169, "1": 2}, "avg_over_mag": 0.0, "avg_under_mag": 1.0, "avg_over": 0.0, "avg_under": 1.0}], [[0.25, 0.30000000000000004], {"acc": 0.6920415224913494, "nll": 0.6448351948146733, "mse": 0.2194736409879082, "N": 289, "over_prob": 0.0, "under_prob": 0.0045045045045044585, "over_counts": {"0": 222}, "under_counts": {"0": 221, "1": 1}, "avg_over_mag": 0.0, "avg_under_mag": 1.0, "avg_over": 0.0, "avg_under": 1.0}], [[0.30000000000000004, 0.35000000000000003], {"acc": 0.6563307493540051, "nll": 0.6682941967475186, "mse": 0.2277401647920523, "N": 387, "over_prob": 0.0, "under_prob": 0.029962546816479363, "over_counts": {"0": 267}, "under_counts": {"0": 259, "1": 8}, "avg_over_mag": 0.0, "avg_under_mag": 1.0, "avg_over": 0.0, "avg_under": 1.0}], [[0.35000000000000003, 0.4], {"acc": 0.6045340050377834, "nll": 0.748254749879788, "mse": 0.26012065645181365, "N": 397, "over_prob": 0.0, "under_prob": 0.02893890675241162, "over_counts": {"0": 311}, "under_counts": {"0": 302, "1": 7, "2": 2}, "avg_over_mag": 0.0, "avg_under_mag": 1.2222222222222223, "avg_over": 0.0, "avg_under": 1.2222222222222223}], [[0.4, 0.45], {"acc": 0.5010845986984815, "nll": 0.8179481103523354, "mse": 0.2847023863970985, "N": 461, "over_prob": 0.0, "under_prob": 0.0676470588235294, "over_counts": {"0": 340}, "under_counts": {"0": 317, "1": 22, "2": 1}, "avg_over_mag": 0.0, "avg_under_mag": 1.0434782608695652, "avg_over": 0.0, "avg_under": 1.0434782608695652}], [[0.45, 0.5], {"acc": 0.5008976660682226, "nll": 0.8662669198037289, "mse": 0.2921371321225391, "N": 557, "over_prob": 0.0, "under_prob": 0.08651399491094147, "over_counts": {"0": 393}, "under_counts": {"0": 359, "1": 32, "2": 2}, "avg_over_mag": 0.0, "avg_under_mag": 1.0588235294117647, "avg_over": 0.0, "avg_under": 1.0588235294117647}], [[0.5, 0.55], {"acc": 0.5033025099075297, "nll": 0.8273682848849285, "mse": 0.28452789207069884, "N": 757, "over_prob": 0.0, "under_prob": 0.11218568665377171, "over_counts": {"0": 517}, "under_counts": {"0": 459, "1": 55, "2": 3}, "avg_over_mag": 0.0, "avg_under_mag": 1.0517241379310345, "avg_over": 0.0, "avg_under": 1.0517241379310345}], [[0.55, 0.6000000000000001], {"acc": 0.5410225921521997, "nll": 0.8719377790847398, "mse": 0.283151590847228, "N": 841, "over_prob": 0.0, "under_prob": 0.14260869565217393, "over_counts": {"0": 575}, "under_counts": {"0": 493, "1": 73, "2": 8, "3": 1}, "avg_over_mag": 0.0, "avg_under_mag": 1.1219512195121952, "avg_over": 0.0, "avg_under": 1.1219512195121952}], [[0.6000000000000001, 0.65], {"acc": 0.5629139072847682, "nll": 0.8829507517205826, "mse": 0.2777555509174722, "N": 1057, "over_prob": 0.0, "under_prob": 0.18714285714285717, "over_counts": {"0": 700}, "under_counts": {"0": 569, "1": 111, "2": 17, "3": 1, "5": 1, "6": 1}, "avg_over_mag": 0.0, "avg_under_mag": 1.213740458015267, "avg_over": 0.0, "avg_under": 1.213740458015267}], [[0.65, 0.7000000000000001], {"acc": 0.6143637782982045, "nll": 0.955042944549011, "mse": 0.27698881764751215, "N": 1281, "over_prob": 0.0, "under_prob": 0.26436781609195403, "over_counts": {"0": 783}, "under_counts": {"0": 576, "1": 164, "2": 36, "3": 4, "17": 1, "6": 1, "5": 1}, "avg_over_mag": 0.0, "avg_under_mag": 1.3333333333333333, "avg_over": 0.0, "avg_under": 1.3333333333333333}], [[0.7000000000000001, 0.75], {"acc": 0.6992753623188406, "nll": 0.7965701616851182, "mse": 0.22755854885191162, "N": 1932, "over_prob": 0.0, "under_prob": 0.3441624365482233, "over_counts": {"0": 985}, "under_counts": {"0": 646, "1": 276, "2": 46, "3": 10, "6": 2, "4": 2, "10": 1, "14": 1, "8": 1}, "avg_over_mag": 0.0, "avg_under_mag": 1.3274336283185841, "avg_over": 0.0, "avg_under": 1.3274336283185841}], [[0.75, 0.8], {"acc": 0.7253685027152832, "nll": 0.8473633832846372, "mse": 0.22262740900410807, "N": 2578, "over_prob": 0.0, "under_prob": 0.47833935018050544, "over_counts": {"0": 1108}, "under_counts": {"0": 578, "1": 373, "2": 100, "3": 23, "4": 14, "5": 7, "8": 3, "10": 2, "9": 2, "7": 2, "6": 1, "15": 1, "11": 1, "17": 1}, "avg_over_mag": 0.0, "avg_under_mag": 1.618867924528302, "avg_over": 0.0, "avg_under": 1.618867924528302}], [[0.8, 0.8500000000000001], {"acc": 0.7854349951124144, "nll": 0.7058697963507741, "mse": 0.17898287896319923, "N": 4092, "over_prob": 0.0, "under_prob": 0.6919831223628692, "over_counts": {"0": 1422}, "under_counts": {"1": 598, "0": 438, "2": 206, "3": 78, "4": 47, "5": 17, "6": 14, "7": 8, "12": 2, "9": 2, "11": 2, "13": 2, "10": 2, "8": 2, "14": 1, "15": 1, "19": 1, "25": 1}, "avg_over_mag": 0.0, "avg_under_mag": 1.886178861788618, "avg_over": 0.0, "avg_under": 1.886178861788618}], [[0.8500000000000001, 0.9], {"acc": 0.8254691689008042, "nll": 0.6883088644716292, "mse": 0.1508567201139038, "N": 7460, "over_prob": 0.6304347826086957, "under_prob": 0.0, "over_counts": {"0": 595, "1": 486, "2": 230, "3": 113, "4": 51, "5": 44, "7": 21, "6": 20, "8": 10, "11": 9, "9": 8, "13": 6, "12": 5, "10": 4, "18": 2, "15": 2, "14": 2, "17": 1, "21": 1}, "under_counts": {"0": 1610}, "avg_over_mag": 2.4995073891625617, "avg_under_mag": 0.0, "avg_over": 2.4995073891625617, "avg_under": 0.0}], [[0.9, 0.9500000000000001], {"acc": 0.8750362255839564, "nll": 0.5289403573067033, "mse": 0.1076179996935759, "N": 17253, "over_prob": 0.5757031717534411, "under_prob": 0.0, "over_counts": {"0": 709, "1": 389, "2": 187, "3": 108, "4": 56, "5": 48, "6": 45, "8": 25, "7": 25, "9": 14, "10": 13, "13": 12, "11": 7, "12": 7, "15": 6, "18": 4, "17": 3, "14": 3, "25": 2, "20": 2, "24": 1, "27": 1, "26": 1, "22": 1, "23": 1, "19": 1}, "under_counts": {"0": 1671}, "avg_over_mag": 3.3835758835758836, "avg_under_mag": 0.0, "avg_over": 3.3835758835758836,