{"acc": 0.757160748849238, "auc": 0.7296001527779933, "nll": 0.6950886623548665, "mse": 0.18494843845788084}