{"auc": 0.7059994839306253, "over_prob": 0.05658263305322131, "under_prob": 0.04453781512605037, "over_counts": {"0": 3368, "1": 121, "5": 26, "2": 20, "6": 16, "4": 15, "3": 2, "13": 1, "8": 1}, "under_counts": {"0": 3411, "1": 77, "2": 39, "3": 12, "4": 11, "6": 5, "5": 4, "11": 2, "10": 1, "8": 1, "21": 1, "18": 1, "9": 1, "34": 1, "12": 1, "7": 1, "13": 1}, "avg_over_mag": 2.3465346534653464, "avg_under_mag": 2.761006289308176, "avg_over": 2.3465346534653464, "avg_under": 2.761006289308176, "acc": 0.8575790109373952, "nll": 0.37919119890740155, "mse": 0.11464464265904577, "metrics_by_prob": [[[0.0, 0.05], {"acc": 0.9941060903732809, "nll": 0.03268187755533206, "mse": 0.005847111157029988, "N": 509, "over_prob": 0.0, "under_prob": 0.0, "over_counts": {"0": 65}, "under_counts": {"0": 65}, "avg_over_mag": 0.0, "avg_under_mag": 0.0, "avg_over": 0.0, "avg_under": 0.0}], [[0.05, 0.1], {"acc": 1.0, "nll": 0.11053177319536729, "mse": 0.01097243087054304, "N": 12, "over_prob": 0.0, "under_prob": 0.0, "over_counts": {"0": 12}, "under_counts": {"0": 12}, "avg_over_mag": 0.0, "avg_under_mag": 0.0, "avg_over": 0.0, "avg_under": 0.0}], [[0.1, 0.15000000000000002], {"acc": 0.8611111111111112, "nll": 0.3850057482189125, "mse": 0.11520439849633925, "N": 36, "over_prob": 0.0, "under_prob": 0.0, "over_counts": {"0": 31}, "under_counts": {"0": 31}, "avg_over_mag": 0.0, "avg_under_mag": 0.0, "avg_over": 0.0, "avg_under": 0.0}], [[0.15000000000000002, 0.2], {"acc": 0.8958333333333334, "nll": 0.33817965938854105, "mse": 0.09171757007990711, "N": 48, "over_prob": 0.0, "under_prob": 0.0, "over_counts": {"0": 30}, "under_counts": {"0": 30}, "avg_over_mag": 0.0, "avg_under_mag": 0.0, "avg_over": 0.0, "avg_under": 0.0}], [[0.2, 0.25], {"acc": 0.75, "nll": 0.5717883103480018, "mse": 0.19073119621742796, "N": 32, "over_prob": 0.0, "under_prob": 0.0, "over_counts": {"0": 20}, "under_counts": {"0": 20}, "avg_over_mag": 0.0, "avg_under_mag": 0.0, "avg_over": 0.0, "avg_under": 0.0}], [[0.25, 0.30000000000000004], {"acc": 0.7407407407407407, "nll": 0.573247622292585, "mse": 0.19217922050286781, "N": 27, "over_prob": 0.0, "under_prob": 0.0, "over_counts": {"0": 20}, "under_counts": {"0": 20}, "avg_over_mag": 0.0, "avg_under_mag": 0.0, "avg_over": 0.0, "avg_under": 0.0}], [[0.30000000000000004, 0.35000000000000003], {"acc": 0.5714285714285714, "nll": 0.7019326368555285, "mse": 0.25360165397429923, "N": 42, "over_prob": 0.0, "under_prob": 0.0, "over_counts": {"0": 40}, "under_counts": {"0": 40}, "avg_over_mag": 0.0, "avg_under_mag": 0.0, "avg_over": 0.0, "avg_under": 0.0}], [[0.35000000000000003, 0.4], {"acc": 0.6666666666666666, "nll": 0.6272392872371645, "mse": 0.2177919217839201, "N": 66, "over_prob": 0.0, "under_prob": 0.0, "over_counts": {"0": 66}, "under_counts": {"0": 66}, "avg_over_mag": 0.0, "avg_under_mag": 0.0, "avg_over": 0.0, "avg_under": 0.0}], [[0.4, 0.45], {"acc": 0.5909090909090909, "nll": 0.6639282272883493, "mse": 0.23556652821235916, "N": 44, "over_prob": 0.0, "under_prob": 0.0, "over_counts": {"0": 43}, "under_counts": {"0": 43}, "avg_over_mag": 0.0, "avg_under_mag": 0.0, "avg_over": 0.0, "avg_under": 0.0}], [[0.45, 0.5], {"acc": 0.4444444444444444, "nll": 0.7077004389170628, "mse": 0.25722287461267573, "N": 108, "over_prob": 0.0, "under_prob": 0.0, "over_counts": {"0": 104}, "under_counts": {"0": 104}, "avg_over_mag": 0.0, "avg_under_mag": 0.0, "avg_over": 0.0, "avg_under": 0.0}], [[0.5, 0.55], {"acc": 0.4673913043478261, "nll": 0.7140411006204641, "mse": 0.26024232084379384, "N": 184, "over_prob": 0.0, "under_prob": 0.0, "over_counts": {"0": 180}, "under_counts": {"0": 180}, "avg_over_mag": 0.0, "avg_under_mag": 0.0, "avg_over": 0.0, "avg_under": 0.0}], [[0.55, 0.6000000000000001], {"acc": 0.5427728613569321, "nll": 0.6949704290753149, "mse": 0.25078776054771673, "N": 339, "over_prob": 0.0, "under_prob": 0.0, "over_counts": {"0": 279}, "under_counts": {"0": 279}, "avg_over_mag": 0.0, "avg_under_mag": 0.0, "avg_over": 0.0, "avg_under": 0.0}], [[0.6000000000000001, 0.65], {"acc": 0.6258823529411764, "nll": 0.6624857130048795, "mse": 0.23478104679406095, "N": 1275, "over_prob": 0.0, "under_prob": 0.0, "over_counts": {"0": 417}, "under_counts": {"0": 417}, "avg_over_mag": 0.0, "avg_under_mag": 0.0, "avg_over": 0.0, "avg_under": 0.0}], [[0.65, 0.7000000000000001], {"acc": 0.6974789915966386, "nll": 0.6152900957396308, "mse": 0.21201742339471244, "N": 1904, "over_prob": 0.0, "under_prob": 0.0, "over_counts": {"0": 585}, "under_counts": {"0": 585}, "avg_over_mag": 0.0, "avg_under_mag": 0.0, "avg_over": 0.0, "avg_under": 0.0}], [[0.7000000000000001, 0.75], {"acc": 0.7254788160185722, "nll": 0.5857480527714479, "mse": 0.19838814821608314, "N": 3446, "over_prob": 0.0, "under_prob": 0.0, "over_counts": {"0": 836}, "under_counts": {"0": 836}, "avg_over_mag": 0.0, "avg_under_mag": 0.0, "avg_over": 0.0, "avg_under": 0.0}], [[0.75, 0.8], {"acc": 0.7731760173368649, "nll": 0.5348471004138351, "mse": 0.17513795035681573, "N": 4153, "over_prob": 0.0, "under_prob": 0.005701254275940704, "over_counts": {"0": 877}, "under_counts": {"0": 872, "1": 5}, "avg_over_mag": 0.0, "avg_under_mag": 1.0, "avg_over": 0.0, "avg_under": 1.0}], [[0.8, 0.8500000000000001], {"acc": 0.8333141608190499, "nll": 0.45017028609593757, "mse": 0.1387835161099741, "N": 8693, "over_prob": 0.0, "under_prob": 0.15127701375245584, "over_counts": {"0": 1018}, "under_counts": {"0": 864, "1": 72, "2": 39, "3": 12, "4": 11, "6": 5, "5": 4, "11": 2, "10": 1, "8": 1, "21": 1, "18": 1, "9": 1, "34": 1, "12": 1, "7": 1, "13": 1}, "avg_over_mag": 0.0, "avg_under_mag": 2.8181818181818183, "avg_over": 0.0, "avg_under": 2.8181818181818183}], [[0.8500000000000001, 0.9], {"acc": 0.8781292984869326, "nll": 0.370106721573348, "mse": 0.10690163549051991, "N": 21810, "over_prob": 0.1976516634050881, "under_prob": 0.0, "over_counts": {"0": 820, "1": 121, "5": 26, "2": 20, "6": 16, "4": 15, "3": 2, "13": 1, "8": 1}, "under_counts": {"0": 1022}, "avg_over_mag": 2.3465346534653464, "avg_under_mag": 0.0, "avg_over": 2.3465346534653464, "avg_under": 0.0}], [[0.9, 0.9500000000000001], {"acc": 0.9223388551746761, "nll": 0.2709159680897956, "mse": 0.07132606505640604, "N": 12194, "over_prob": 0.0, "under_prob": 0.0, "over_counts": {"0": 688}, "under_counts": {"0": 688}, "avg_over_mag": 0.0, "avg_under_mag": 0.0, "avg_over": 0.0, "avg_under": 0.0}], [[0.9500000000000001, 1.0], {"acc": 0.9795309168443497, "nll": 0.09258377936934284, "mse": 0.01992198088567552, "N": 4690, "over_prob": 0.0, "under_prob": 0.0, "over_counts": {"0": 244}, "under_counts": {"0": 244}, "avg_over_mag": 0.0, "avg_under_mag": 0.0, "avg_over": 0.0, "avg_under": 0.0}]]}