{"auc": 0.8065187618876547, "over_prob": 0.27574948055802906, "under_prob": 0.20540219649747704, "over_counts": {"0": 2440, "1": 371, "2": 180, "3": 107, "4": 65, "5": 43, "6": 31, "7": 18, "9": 17, "8": 16, "10": 13, "12": 12, "16": 8, "11": 5, "13": 5, "18": 5, "24": 5, "17": 4, "15": 4, "14": 3, "20": 3, "28": 2, "26": 2, "49": 1, "36": 1, "34": 1, "47": 1, "35": 1, "42": 1, "19": 1, "58": 1, "66": 1, "38": 1}, "under_counts": {"0": 2677, "1": 350, "2": 111, "3": 54, "4": 47, "5": 35, "6": 20, "9": 15, "7": 15, "8": 7, "10": 6, "11": 4, "15": 4, "13": 3, "18": 2, "22": 2, "16": 2, "44": 1, "20": 1, "43": 1, "66": 1, "33": 1, "27": 1, "28": 1, "12": 1, "56": 1, "17": 1, "14": 1, "21": 1, "25": 1, "26": 1, "24": 1}, "avg_over_mag": 3.890204520990312, "avg_under_mag": 3.300578034682081, "avg_over": 3.890204520990312, "avg_under": 3.300578034682081, "acc": 0.8177990790339253, "nll": 0.418355515182427, "mse": 0.1327018620760416, "metrics_by_prob": [[[0.0, 0.05], {"acc": 0.9814814814814815, "nll": 0.09134563630284731, "mse": 0.022742873860502073, "N": 702, "over_prob": 0.0, "under_prob": 0.0, "over_counts": {"0": 193}, "under_counts": {"0": 193}, "avg_over_mag": 0.0, "avg_under_mag": 0.0, "avg_over": 0.0, "avg_under": 0.0}], [[0.05, 0.1], {"acc": 0.9090909090909091, "nll": 0.3416728634986939, "mse": 0.09185409282192104, "N": 407, "over_prob": 0.0, "under_prob": 0.0, "over_counts": {"0": 248}, "under_counts": {"0": 248}, "avg_over_mag": 0.0, "avg_under_mag": 0.0, "avg_over": 0.0, "avg_under": 0.0}], [[0.1, 0.15000000000000002], {"acc": 0.8481781376518218, "nll": 0.43313536312674195, "mse": 0.13266397471529512, "N": 494, "over_prob": 0.0, "under_prob": 0.0, "over_counts": {"0": 299}, "under_counts": {"0": 299}, "avg_over_mag": 0.0, "avg_under_mag": 0.0, "avg_over": 0.0, "avg_under": 0.0}], [[0.15000000000000002, 0.2], {"acc": 0.8232235701906413, "nll": 0.4783703927042346, "mse": 0.15029531074557037, "N": 577, "over_prob": 0.0, "under_prob": 0.0, "over_counts": {"0": 343}, "under_counts": {"0": 343}, "avg_over_mag": 0.0, "avg_under_mag": 0.0, "avg_over": 0.0, "avg_under": 0.0}], [[0.2, 0.25], {"acc": 0.7275747508305648, "nll": 0.5814908567230124, "mse": 0.1955590095904792, "N": 602, "over_prob": 0.0, "under_prob": 0.0051679586563307955, "over_counts": {"0": 387}, "under_counts": {"0": 385, "1": 2}, "avg_over_mag": 0.0, "avg_under_mag": 1.0, "avg_over": 0.0, "avg_under": 1.0}], [[0.25, 0.30000000000000004], {"acc": 0.7, "nll": 0.6213477629290564, "mse": 0.21365303810358768, "N": 700, "over_prob": 0.0, "under_prob": 0.0, "over_counts": {"0": 438}, "under_counts": {"0": 438}, "avg_over_mag": 0.0, "avg_under_mag": 0.0, "avg_over": 0.0, "avg_under": 0.0}], [[0.30000000000000004, 0.35000000000000003], {"acc": 0.6089743589743589, "nll": 0.6871959166969911, "mse": 0.2447233134845773, "N": 780, "over_prob": 0.0, "under_prob": 0.004166666666666652, "over_counts": {"0": 480}, "under_counts": {"0": 478, "1": 2}, "avg_over_mag": 0.0, "avg_under_mag": 1.0, "avg_over": 0.0, "avg_under": 1.0}], [[0.35000000000000003, 0.4], {"acc": 0.5746549560853199, "nll": 0.7098615012766534, "mse": 0.25561821895070935, "N": 797, "over_prob": 0.0, "under_prob": 0.004132231404958664, "over_counts": {"0": 484}, "under_counts": {"0": 482, "1": 2}, "avg_over_mag": 0.0, "avg_under_mag": 1.0, "avg_over": 0.0, "avg_under": 1.0}], [[0.4, 0.45], {"acc": 0.5030241935483871, "nll": 0.7213818703857505, "mse": 0.262662512429785, "N": 992, "over_prob": 0.0, "under_prob": 0.0, "over_counts": {"0": 580}, "under_counts": {"0": 580}, "avg_over_mag": 0.0, "avg_under_mag": 0.0, "avg_over": 0.0, "avg_under": 0.0}], [[0.45, 0.5], {"acc": 0.5164233576642335, "nll": 0.7319379990556725, "mse": 0.2658548711631861, "N": 1096, "over_prob": 0.0, "under_prob": 0.009345794392523366, "over_counts": {"0": 642}, "under_counts": {"0": 636, "1": 5, "2": 1}, "avg_over_mag": 0.0, "avg_under_mag": 1.1666666666666667, "avg_over": 0.0, "avg_under": 1.1666666666666667}], [[0.5, 0.55], {"acc": 0.5289514866979655, "nll": 0.7233865805607371, "mse": 0.2629530540220149, "N": 1278, "over_prob": 0.0, "under_prob": 0.016172506738544423, "over_counts": {"0": 742}, "under_counts": {"0": 730, "1": 12}, "avg_over_mag": 0.0, "avg_under_mag": 1.0, "avg_over": 0.0, "avg_under": 1.0}], [[0.55, 0.6000000000000001], {"acc": 0.5569620253164557, "nll": 0.7116204661609131, "mse": 0.2571289153856698, "N": 1501, "over_prob": 0.0, "under_prob": 0.01831501831501836, "over_counts": {"0": 819}, "under_counts": {"0": 804, "1": 14, "3": 1}, "avg_over_mag": 0.0, "avg_under_mag": 1.1333333333333333, "avg_over": 0.0, "avg_under": 1.1333333333333333}], [[0.6000000000000001, 0.65], {"acc": 0.591715976331361, "nll": 0.7004903117541295, "mse": 0.25049002578455054, "N": 1859, "over_prob": 0.0, "under_prob": 0.03470715835141003, "over_counts": {"0": 922}, "under_counts": {"0": 890, "1": 26, "2": 5, "3": 1}, "avg_over_mag": 0.0, "avg_under_mag": 1.21875, "avg_over": 0.0, "avg_under": 1.21875}], [[0.65, 0.7000000000000001], {"acc": 0.6552598225602028, "nll": 0.6637209829831449, "mse": 0.2322438212571731, "N": 2367, "over_prob": 0.0, "under_prob": 0.05749486652977409, "over_counts": {"0": 974}, "under_counts": {"0": 918, "1": 46, "2": 5, "3": 3, "4": 1, "9": 1}, "avg_over_mag": 0.0, "avg_under_mag": 1.3928571428571428, "avg_over": 0.0, "avg_under": 1.3928571428571428}], [[0.7000000000000001, 0.75], {"acc": 0.712, "nll": 0.6145549784900672, "mse": 0.2095617702311657, "N": 2750, "over_prob": 0.0, "under_prob": 0.11111111111111116, "over_counts": {"0": 1125}, "under_counts": {"0": 1000, "1": 95, "2": 21, "3": 4, "5": 2, "4": 2, "10": 1}, "avg_over_mag": 0.0, "avg_under_mag": 1.416, "avg_over": 0.0, "avg_under": 1.416}], [[0.75, 0.8], {"acc": 0.7768838830785734, "nll": 0.5419801760026896, "mse": 0.1770757049614637, "N": 3729, "over_prob": 0.0, "under_prob": 0.18656716417910446, "over_counts": {"0": 1206}, "under_counts": {"0": 981, "1": 152, "2": 40, "4": 10, "3": 8, "5": 5, "6": 2, "7": 2, "17": 2, "8": 1, "10": 1, "14": 1, "19": 1}, "avg_over_mag": 0.0, "avg_under_mag": 1.92, "avg_over": 0.0, "avg_under": 1.92}], [[0.8, 0.8500000000000001], {"acc": 0.8296506137865911, "nll": 0.470038897362874, "mse": 0.1455653397303311, "N": 5295, "over_prob": 0.0, "under_prob": 0.42170542635658914, "over_counts": {"0": 1290}, "under_counts": {"0": 746, "1": 295, "2": 97, "3": 37, "4": 36, "5": 18, "6": 13, "8": 11, "7": 7, "9": 5, "10": 4, "12": 3, "14": 3, "11": 2, "13": 2, "22": 2, "19": 2, "21": 1, "16": 1, "15": 1, "20": 1, "40": 1, "29": 1, "33": 1}, "avg_over_mag": 0.0, "avg_under_mag": 2.786764705882353, "avg_over": 0.0, "avg_under": 2.786764705882353}], [[0.8500000000000001, 0.9], {"acc": 0.8772519817439347, "nll": 0.37916732036558864, "mse": 0.10967375916383379, "N": 8326, "over_prob": 0.673354735152488, "under_prob": 0.0, "over_counts": {"0": 407, "1": 368, "2": 163, "3": 99, "4": 50, "5": 35, "7": 24, "6": 20, "8": 13, "9": 9, "11": 9, "12": 8, "10": 5, "17": 5, "24": 5, "15": 4, "14": 4, "13": 3, "18": 3, "26": 2, "33": 1, "47": 1, "32": 1, "41": 1, "42": 1, "20": 1, "55": 1, "66": 1, "38": 1, "27": 1}, "under_counts": {"0": 1246}, "avg_over_mag": 3.5172824791418353, "avg_under_mag": 0.0, "avg_over": 3.5172824791418353, "avg_under": 0.0}], [[0.9, 0.9500000000000001], {"acc": 0.9274715660542432, "nll": 0.2648982127628245, "mse": 0.06833967090507348, "N": 11430, "over_prob": 0.3038086802480071, "under_prob": 0.0, "over_counts": {"0": 786, "1": 214, "2": 59, "3": 27, "4": 19, "5": 12, "6": 6, "7": 3, "8": 2, "17": 1}, "under_counts": {"0": 1129}, "avg_over_mag": 1.8629737609329446, "avg_under_mag": 0.0, "avg_over": 1.8629737609329446, "avg_under": 0.0}], [[0.9500000000000001, 1.0], {"acc": 0.972484381230892, "nll": 0.12100406055746331, "mse": 0.02684181353042326, "N": 7523, "over_prob": 0.032983508245877036, "under_prob": 0.0, "over_counts": {"0": 645, "1": 20, "2": 2}, "under_counts": {"0": 667}, "avg_over_mag": 1.0909090909090908, "avg_under_mag": 0.0,