{"auc": 0.7968579120475956, "over_prob": 0.24677871148459385, "under_prob": 0.2924369747899159, "over_counts": {"0": 2689, "1": 512, "2": 204, "3": 70, "4": 27, "5": 15, "6": 12, "9": 10, "8": 9, "11": 3, "7": 3, "21": 3, "18": 2, "14": 2, "25": 1, "24": 1, "26": 1, "13": 1, "35": 1, "22": 1, "27": 1, "10": 1, "23": 1}, "under_counts": {"0": 2526, "1": 598, "2": 211, "3": 88, "4": 45, "5": 26, "6": 16, "7": 10, "10": 9, "8": 8, "12": 8, "11": 6, "15": 6, "9": 5, "16": 3, "14": 2, "24": 1, "13": 1, "27": 1}, "avg_over_mag": 2.1940976163450623, "avg_under_mag": 2.2519157088122603, "avg_over": 2.1940976163450623, "avg_under": 2.2519157088122603, "acc": 0.872307589076025, "nll": 0.33311049443016877, "mse": 0.09922724414623345, "metrics_by_prob": [[[0.0, 0.05], {"acc": 1.0, "nll": 0.0018745327287620556, "mse": 8.763805465875008e-05, "N": 526, "over_prob": 0.0, "under_prob": 0.0, "over_counts": {"0": 79}, "under_counts": {"0": 79}, "avg_over_mag": 0.0, "avg_under_mag": 0.0, "avg_over": 0.0, "avg_under": 0.0}], [[0.05, 0.1], {"acc": 0.9266666666666666, "nll": 0.283828895688101, "mse": 0.07165062073686386, "N": 150, "over_prob": 0.0, "under_prob": 0.0, "over_counts": {"0": 110}, "under_counts": {"0": 110}, "avg_over_mag": 0.0, "avg_under_mag": 0.0, "avg_over": 0.0, "avg_under": 0.0}], [[0.1, 0.15000000000000002], {"acc": 0.8796296296296297, "nll": 0.43737926908583974, "mse": 0.12008830744550147, "N": 108, "over_prob": 0.0, "under_prob": 0.0, "over_counts": {"0": 85}, "under_counts": {"0": 85}, "avg_over_mag": 0.0, "avg_under_mag": 0.0, "avg_over": 0.0, "avg_under": 0.0}], [[0.15000000000000002, 0.2], {"acc": 0.875, "nll": 0.39726643718525684, "mse": 0.11472731419365824, "N": 128, "over_prob": 0.0, "under_prob": 0.0, "over_counts": {"0": 121}, "under_counts": {"0": 121}, "avg_over_mag": 0.0, "avg_under_mag": 0.0, "avg_over": 0.0, "avg_under": 0.0}], [[0.2, 0.25], {"acc": 0.7722772277227723, "nll": 0.5456241442195695, "mse": 0.17856885388321056, "N": 202, "over_prob": 0.0, "under_prob": 0.0, "over_counts": {"0": 173}, "under_counts": {"0": 173}, "avg_over_mag": 0.0, "avg_under_mag": 0.0, "avg_over": 0.0, "avg_under": 0.0}], [[0.25, 0.30000000000000004], {"acc": 0.7430167597765364, "nll": 0.5936677362256179, "mse": 0.19981627949398995, "N": 358, "over_prob": 0.0, "under_prob": 0.0, "over_counts": {"0": 259}, "under_counts": {"0": 259}, "avg_over_mag": 0.0, "avg_under_mag": 0.0, "avg_over": 0.0, "avg_under": 0.0}], [[0.30000000000000004, 0.35000000000000003], {"acc": 0.668918918918919, "nll": 0.6359563004459482, "mse": 0.22145521456262998, "N": 444, "over_prob": 0.0, "under_prob": 0.0, "over_counts": {"0": 284}, "under_counts": {"0": 284}, "avg_over_mag": 0.0, "avg_under_mag": 0.0, "avg_over": 0.0, "avg_under": 0.0}], [[0.35000000000000003, 0.4], {"acc": 0.6382428940568475, "nll": 0.6630681117193936, "mse": 0.23481824016542324, "N": 387, "over_prob": 0.0, "under_prob": 0.0, "over_counts": {"0": 300}, "under_counts": {"0": 300}, "avg_over_mag": 0.0, "avg_under_mag": 0.0, "avg_over": 0.0, "avg_under": 0.0}], [[0.4, 0.45], {"acc": 0.5263157894736842, "nll": 0.7094321082796743, "mse": 0.2572008700621086, "N": 532, "over_prob": 0.0, "under_prob": 0.0, "over_counts": {"0": 364}, "under_counts": {"0": 364}, "avg_over_mag": 0.0, "avg_under_mag": 0.0, "avg_over": 0.0, "avg_under": 0.0}], [[0.45, 0.5], {"acc": 0.5351014040561622, "nll": 0.6977973094063094, "mse": 0.2521511409304606, "N": 641, "over_prob": 0.0, "under_prob": 0.002336448598130869, "over_counts": {"0": 428}, "under_counts": {"0": 427, "1": 1}, "avg_over_mag": 0.0, "avg_under_mag": 1.0, "avg_over": 0.0, "avg_under": 1.0}], [[0.5, 0.55], {"acc": 0.5206896551724138, "nll": 0.6980442181801975, "mse": 0.25227691351719317, "N": 870, "over_prob": 0.0, "under_prob": 0.0033670033670033517, "over_counts": {"0": 594}, "under_counts": {"0": 592, "1": 2}, "avg_over_mag": 0.0, "avg_under_mag": 1.0, "avg_over": 0.0, "avg_under": 1.0}], [[0.55, 0.6000000000000001], {"acc": 0.5576131687242798, "nll": 0.6908577766330878, "mse": 0.24856008761607315, "N": 972, "over_prob": 0.0, "under_prob": 0.007874015748031482, "over_counts": {"0": 635}, "under_counts": {"0": 630, "1": 5}, "avg_over_mag": 0.0, "avg_under_mag": 1.0, "avg_over": 0.0, "avg_under": 1.0}], [[0.6000000000000001, 0.65], {"acc": 0.6142735768903993, "nll": 0.6731292948470785, "mse": 0.23863257834838747, "N": 1177, "over_prob": 0.0, "under_prob": 0.015894039735099286, "over_counts": {"0": 755}, "under_counts": {"0": 743, "1": 11, "2": 1}, "avg_over_mag": 0.0, "avg_under_mag": 1.0833333333333333, "avg_over": 0.0, "avg_under": 1.0833333333333333}], [[0.65, 0.7000000000000001], {"acc": 0.6890756302521008, "nll": 0.6345266922344616, "mse": 0.21953213258695126, "N": 1428, "over_prob": 0.0, "under_prob": 0.04245283018867929, "over_counts": {"0": 848}, "under_counts": {"0": 812, "1": 35, "2": 1}, "avg_over_mag": 0.0, "avg_under_mag": 1.0277777777777777, "avg_over": 0.0, "avg_under": 1.0277777777777777}], [[0.7000000000000001, 0.75], {"acc": 0.7384688540180694, "nll": 0.582377237227113, "mse": 0.19580985336386872, "N": 2103, "over_prob": 0.0, "under_prob": 0.0717703349282297, "over_counts": {"0": 1045}, "under_counts": {"0": 970, "1": 69, "2": 5, "3": 1}, "avg_over_mag": 0.0, "avg_under_mag": 1.0933333333333333, "avg_over": 0.0, "avg_under": 1.0933333333333333}], [[0.75, 0.8], {"acc": 0.7811624649859944, "nll": 0.531910886538811, "mse": 0.17267390371176056, "N": 2856, "over_prob": 0.0, "under_prob": 0.23305785123966938, "over_counts": {"0": 1210}, "under_counts": {"0": 928, "1": 221, "2": 42, "3": 14, "4": 3, "5": 2}, "avg_over_mag": 0.0, "avg_under_mag": 1.3085106382978724, "avg_over": 0.0, "avg_under": 1.3085106382978724}], [[0.8, 0.8500000000000001], {"acc": 0.8328214129003949, "nll": 0.4620613151158628, "mse": 0.1420171729698896, "N": 4558, "over_prob": 0.0, "under_prob": 0.5951903807615231, "over_counts": {"0": 1497}, "under_counts": {"0": 606, "1": 535, "2": 185, "3": 66, "4": 31, "5": 19, "7": 11, "6": 10, "10": 7, "8": 6, "11": 6, "9": 5, "12": 3, "15": 2, "13": 2, "21": 1, "27": 1, "14": 1}, "avg_over_mag": 0.0, "avg_under_mag": 2.0673400673400675, "avg_over": 0.0, "avg_under": 2.0673400673400675}], [[0.8500000000000001, 0.9], {"acc": 0.8752570253598355, "nll": 0.37968842421194515, "mse": 0.10982190584326942, "N": 8754, "over_prob": 0.45867768595041325, "under_prob": 0.0, "over_counts": {"0": 917, "1": 486, "2": 176, "3": 45, "4": 21, "5": 8, "6": 8, "7": 7, "8": 6, "21": 3, "26": 2, "10": 2, "18": 2, "9": 2, "11": 2, "17": 1, "35": 1, "13": 1, "14": 1, "24": 1, "25": 1, "23": 1}, "under_counts": {"0": 1694}, "avg_over_mag": 2.0643500643500645, "avg_under_mag": 0.0, "avg_over": 2.0643500643500645, "avg_under": 0.0}], [[0.9, 0.9500000000000001], {"acc": 0.9261253725100643, "nll": 0.26488772687345563, "mse": 0.06871307760773186, "N": 19127, "over_prob": 0.1432681242807825, "under_prob": 0.0, "over_counts": {"0": 1489, "1": 201, "2": 34, "3": 9, "4": 5}, "under_counts": {"0": 1738}, "avg_over_mag": 1.2690763052208835, "avg_under_mag": 0.0, "avg_over": 1.2690763052208835, "avg_under": 0.0}], [[0.9500000000000001, 1.0], {"acc": 0.9713106150724232, "nll": 0.1267837458023552, "mse": 0.027854011950507823, "N": 14291, "over_prob": 0.010860484544695126, "under_prob": 0.0, "over_counts": {"0": 1184, "1": 13}, "under_counts": {"0": 1197}, "avg_over_mag": 1.0, "avg_under_mag": 0.0, "avg_over": 1.0, "avg_under": 0.0}]]}