{"over_prob": 0.29185580774365816, "under_prob": 0.48117489986648865, "over_counts": {"0": 2652, "1": 383, "2": 159, "3": 114, "4": 93, "5": 48, "7": 42, "6": 40, "8": 37, "9": 25, "12": 21, "10": 15, "15": 15, "11": 15, "13": 13, "16": 10, "19": 9, "14": 7, "22": 6, "21": 6, "17": 6, "18": 5, "27": 2, "23": 2, "34": 2, "24": 2, "45": 2, "30": 2, "20": 1, "39": 1, "29": 1, "33": 1, "32": 1, "26": 1, "31": 1, "35": 1, "59": 1, "43": 1, "49": 1, "25": 1}, "under_counts": {"0": 1943, "1": 640, "2": 295, "3": 184, "4": 142, "5": 81, "6": 80, "7": 53, "8": 39, "9": 37, "10": 26, "13": 23, "11": 17, "15": 12, "17": 11, "16": 11, "12": 11, "14": 9, "18": 9, "21": 8, "20": 8, "29": 8, "27": 8, "24": 7, "19": 7, "22": 7, "34": 6, "23": 6, "25": 5, "26": 5, "35": 4, "28": 3, "30": 3, "36": 3, "33": 2, "71": 2, "32": 2, "31": 2, "40": 2, "54": 2, "44": 2, "100": 2, "91": 1, "85": 1, "52": 1, "48": 1, "77": 1, "57": 1, "37": 1, "39": 1, "46": 1, "61": 1, "42": 1, "97": 1, "56": 1, "133": 1, "55": 1, "38": 1, "53": 1, "60": 1}, "avg_over_mag": 4.882891125343092, "avg_under_mag": 5.630965593784683, "avg_over": 4.882891125343092, "avg_under": 5.630965593784683, "acc": 0.760625233812072, "auc": 0.7205483423993337, "nll": 0.8081347995801192, "mse": 0.18640078252025502, "metrics_by_prob": [[[0.0, 0.05], {"acc": 0.968054211035818, "nll": 0.1477963870659153, "mse": 0.03430416899633834, "N": 1033, "over_prob": 0.0, "under_prob": 0.020979020979020935, "over_counts": {"0": 286}, "under_counts": {"0": 280, "1": 5, "2": 1}, "avg_over_mag": 0.0, "avg_under_mag": 1.1666666666666667, "avg_over": 0.0, "avg_under": 1.1666666666666667}], [[0.05, 0.1], {"acc": 0.8746268656716418, "nll": 0.4576428342203866, "mse": 0.11176292506866886, "N": 670, "over_prob": 0.0, "under_prob": 0.029649595687331498, "over_counts": {"0": 371}, "under_counts": {"0": 360, "1": 6, "2": 5}, "avg_over_mag": 0.0, "avg_under_mag": 1.4545454545454546, "avg_over": 0.0, "avg_under": 1.4545454545454546}], [[0.1, 0.15000000000000002], {"acc": 0.8030513176144244, "nll": 0.5722186060283353, "mse": 0.16220379672790053, "N": 721, "over_prob": 0.0, "under_prob": 0.03373493975903619, "over_counts": {"0": 415}, "under_counts": {"0": 401, "1": 10, "2": 3, "3": 1}, "avg_over_mag": 0.0, "avg_under_mag": 1.3571428571428572, "avg_over": 0.0, "avg_under": 1.3571428571428572}], [[0.15000000000000002, 0.2], {"acc": 0.7234848484848485, "nll": 0.7721852702560922, "mse": 0.21497291547438194, "N": 792, "over_prob": 0.0, "under_prob": 0.05530973451327437, "over_counts": {"0": 452}, "under_counts": {"0": 427, "1": 18, "2": 2, "4": 2, "5": 2, "3": 1}, "avg_over_mag": 0.0, "avg_under_mag": 1.72, "avg_over": 0.0, "avg_under": 1.72}], [[0.2, 0.25], {"acc": 0.639386189258312, "nll": 0.9213146639121129, "mse": 0.2657219040025742, "N": 782, "over_prob": 0.0, "under_prob": 0.08830022075055188, "over_counts": {"0": 453}, "under_counts": {"0": 413, "1": 30, "2": 6, "3": 2, "8": 1, "4": 1}, "avg_over_mag": 0.0, "avg_under_mag": 1.5, "avg_over": 0.0, "avg_under": 1.5}], [[0.25, 0.30000000000000004], {"acc": 0.5924225028702641, "nll": 0.9011374274371672, "mse": 0.27466550189558087, "N": 871, "over_prob": 0.0, "under_prob": 0.09072978303747536, "over_counts": {"0": 507}, "under_counts": {"0": 461, "1": 37, "2": 8, "14": 1}, "avg_over_mag": 0.0, "avg_under_mag": 1.4565217391304348, "avg_over": 0.0, "avg_under": 1.4565217391304348}], [[0.30000000000000004, 0.35000000000000003], {"acc": 0.5357142857142857, "nll": 1.0355598644656188, "mse": 0.30675598001953136, "N": 980, "over_prob": 0.0, "under_prob": 0.11652173913043473, "over_counts": {"0": 575}, "under_counts": {"0": 508, "1": 58, "2": 4, "3": 2, "11": 1, "5": 1, "4": 1}, "avg_over_mag": 0.0, "avg_under_mag": 1.373134328358209, "avg_over": 0.0, "avg_under": 1.373134328358209}], [[0.35000000000000003, 0.4], {"acc": 0.5059907834101383, "nll": 1.1126347077937668, "mse": 0.3188384801306019, "N": 1085, "over_prob": 0.0, "under_prob": 0.1151419558359621, "over_counts": {"0": 634}, "under_counts": {"0": 561, "1": 54, "2": 11, "3": 5, "4": 2, "5": 1}, "avg_over_mag": 0.0, "avg_under_mag": 1.4246575342465753, "avg_over": 0.0, "avg_under": 1.4246575342465753}], [[0.4, 0.45], {"acc": 0.48511665325824616, "nll": 1.231634168309941, "mse": 0.33592913219967546, "N": 1243, "over_prob": 0.0, "under_prob": 0.1803977272727273, "over_counts": {"0": 704}, "under_counts": {"0": 577, "1": 100, "2": 19, "3": 2, "4": 1, "6": 1, "13": 1, "9": 1, "7": 1, "5": 1}, "avg_over_mag": 0.0, "avg_under_mag": 1.4803149606299213, "avg_over": 0.0, "avg_under": 1.4803149606299213}], [[0.45, 0.5], {"acc": 0.504231311706629, "nll": 1.1700425287699767, "mse": 0.32198048596054607, "N": 1418, "over_prob": 0.0, "under_prob": 0.21456953642384102, "over_counts": {"0": 755}, "under_counts": {"0": 593, "1": 133, "2": 20, "9": 3, "3": 2, "4": 1, "17": 1, "12": 1, "6": 1}, "avg_over_mag": 0.0, "avg_under_mag": 1.5123456790123457, "avg_over": 0.0, "avg_under": 1.5123456790123457}], [[0.5, 0.55], {"acc": 0.5203252032520326, "nll": 1.1930297541331238, "mse": 0.3199040034142113, "N": 1599, "over_prob": 0.0, "under_prob": 0.23140495867768596, "over_counts": {"0": 847}, "under_counts": {"0": 651, "1": 159, "2": 15, "7": 5, "6": 5, "5": 4, "3": 4, "4": 3, "9": 1}, "avg_over_mag": 0.0, "avg_under_mag": 1.566326530612245, "avg_over": 0.0, "avg_under": 1.566326530612245}], [[0.55, 0.6000000000000001], {"acc": 0.5227027027027027, "nll": 1.2668748253832665, "mse": 0.3338186576217785, "N": 1850, "over_prob": 0.0, "under_prob": 0.2857142857142857, "over_counts": {"0": 882}, "under_counts": {"0": 630, "1": 184, "2": 38, "3": 16, "7": 3, "6": 3, "4": 3, "17": 1, "10": 1, "27": 1, "5": 1, "9": 1}, "avg_over_mag": 0.0, "avg_under_mag": 1.6944444444444444, "avg_over": 0.0, "avg_under": 1.6944444444444444}], [[0.6000000000000001, 0.65], {"acc": 0.5556059918293237, "nll": 1.3035551056948695, "mse": 0.3218763008298783, "N": 2203, "over_prob": 0.0, "under_prob": 0.37193326790971537, "over_counts": {"0": 1019}, "under_counts": {"0": 640, "1": 267, "2": 59, "3": 20, "4": 16, "6": 6, "5": 2, "12": 1, "7": 1, "10": 1, "17": 1, "8": 1, "21": 1, "9": 1, "11": 1, "20": 1}, "avg_over_mag": 0.0, "avg_under_mag": 1.7678100263852243, "avg_over": 0.0, "avg_under": 1.7678100263852243}], [[0.65, 0.7000000000000001], {"acc": 0.6357491550882464, "nll": 1.1004863457525114, "mse": 0.27772801767245325, "N": 2663, "over_prob": 0.0, "under_prob": 0.4365942028985508, "over_counts": {"0": 1104}, "under_counts": {"0": 622, "1": 343, "2": 77, "3": 25, "5": 13, "4": 11, "6": 4, "11": 2, "8": 2, "16": 1, "13": 1, "7": 1, "22": 1, "18": 1}, "avg_over_mag": 0.0, "avg_under_mag": 1.6991701244813278, "avg_over": 0.0, "avg_under": 1.6991701244813278}], [[0.7000000000000001, 0.75], {"acc": 0.6712538226299695, "nll": 1.1242026260566, "mse": 0.2658310069824048, "N": 3270, "over_prob": 0.0, "under_prob": 0.515993265993266, "over_counts": {"0": 1188}, "under_counts": {"0": 575, "1": 371, "2": 114, "3": 49, "4": 28, "5": 17, "6": 11, "7": 5, "13": 4, "9": 3, "8": 3, "12": 2, "16": 2, "20": 1, "10": 1, "11": 1, "19": 1}, "avg_over_mag": 0.0, "avg_under_mag": 2.060358890701468, "avg_over": 0.0, "avg_under": 2.060358890701468}], [[0.75, 0.8], {"acc": 0.7039224952741021, "nll": 1.016167452218223, "mse": 0.24001824729816232, "N": 4232, "over_prob": 0.0, "under_prob": 0.630016051364366, "over_counts": {"0": 1246}, "under_counts": {"0": 461, "1": 433, "2": 143, "3": 63, "4": 43, "5": 24, "6": 16, "7": 12, "9": 11, "8": 9, "10": 7, "11": 4, "13": 4, "12": 3, "16": 2, "27": 1, "18": 1, "15": 1, "19": 1, "23": 1, "21": 1, "14": 1, "22": 1, "24": 1, "26": 1, "20": 1}, "avg_over_mag": 0.0, "avg_under_mag": 2.565605095541401, "avg_over": 0.0, "avg_under": 2.565605095541401}], [[0.8, 0.8500000000000001], {"acc": 0.7508417508417509, "nll": 0.9971001186822156, "mse": 0.21205121968312476, "N": 6534, "over_prob": 0.0, "under_prob": 0.7300658376005853, "over_counts": {"0": 1367}, "under_counts": {"1": 453, "0": 369,