{"acc": 0.7850600550224787, "auc": 0.7661373678151406, "nll": 0.6662112458268321, "mse": 0.1655097699610658}