{"auc": 0.8051631866592848, "over_prob": 0.2991495747873937, "under_prob": 0.2176088044022011, "over_counts": {"0": 2802, "1": 490, "2": 230, "3": 121, "4": 68, "5": 60, "6": 36, "7": 27, "8": 18, "9": 16, "10": 11, "11": 10, "13": 9, "22": 8, "15": 7, "17": 7, "18": 7, "16": 7, "14": 7, "12": 6, "27": 4, "19": 4, "20": 4, "21": 4, "24": 3, "23": 3, "31": 3, "38": 3, "25": 3, "35": 2, "28": 2, "37": 2, "30": 2, "26": 2, "68": 1, "56": 1, "53": 1, "44": 1, "40": 1, "41": 1, "47": 1, "33": 1, "52": 1, "46": 1}, "under_counts": {"0": 3128, "1": 405, "2": 147, "3": 110, "4": 47, "5": 30, "6": 28, "7": 19, "8": 18, "10": 14, "11": 8, "12": 8, "14": 4, "9": 4, "13": 4, "22": 3, "18": 3, "17": 3, "23": 2, "35": 2, "19": 2, "21": 2, "15": 2, "27": 1, "25": 1, "20": 1, "30": 1, "42": 1}, "avg_over_mag": 4.419732441471572, "avg_under_mag": 3.2425287356321837, "avg_over": 4.419732441471572, "avg_under": 3.2425287356321837, "acc": 0.8188742557645766, "nll": 0.416066161908921, "mse": 0.13168303230426634, "metrics_by_prob": [[[0.0, 0.05], {"acc": 0.9888579387186629, "nll": 0.05705260683155778, "mse": 0.012773194908822253, "N": 718, "over_prob": 0.0, "under_prob": 0.0, "over_counts": {"0": 206}, "under_counts": {"0": 206}, "avg_over_mag": 0.0, "avg_under_mag": 0.0, "avg_over": 0.0, "avg_under": 0.0}], [[0.05, 0.1], {"acc": 0.9150090415913201, "nll": 0.31988215958877814, "mse": 0.08605788192804907, "N": 553, "over_prob": 0.0, "under_prob": 0.0, "over_counts": {"0": 330}, "under_counts": {"0": 330}, "avg_over_mag": 0.0, "avg_under_mag": 0.0, "avg_over": 0.0, "avg_under": 0.0}], [[0.1, 0.15000000000000002], {"acc": 0.8531684698608965, "nll": 0.4239824314648187, "mse": 0.12712645076083168, "N": 647, "over_prob": 0.0, "under_prob": 0.0025062656641604564, "over_counts": {"0": 399}, "under_counts": {"0": 398, "1": 1}, "avg_over_mag": 0.0, "avg_under_mag": 1.0, "avg_over": 0.0, "avg_under": 1.0}], [[0.15000000000000002, 0.2], {"acc": 0.7936507936507936, "nll": 0.512586325649321, "mse": 0.16403456013278206, "N": 693, "over_prob": 0.0, "under_prob": 0.0, "over_counts": {"0": 425}, "under_counts": {"0": 425}, "avg_over_mag": 0.0, "avg_under_mag": 0.0, "avg_over": 0.0, "avg_under": 0.0}], [[0.2, 0.25], {"acc": 0.7575360419397117, "nll": 0.551665342809586, "mse": 0.1821746996332471, "N": 763, "over_prob": 0.0, "under_prob": 0.003984063745019917, "over_counts": {"0": 502}, "under_counts": {"0": 500, "1": 2}, "avg_over_mag": 0.0, "avg_under_mag": 1.0, "avg_over": 0.0, "avg_under": 1.0}], [[0.25, 0.30000000000000004], {"acc": 0.6605293440736478, "nll": 0.6512824544831426, "mse": 0.2269337236167965, "N": 869, "over_prob": 0.0, "under_prob": 0.001814882032667886, "over_counts": {"0": 551}, "under_counts": {"0": 550, "1": 1}, "avg_over_mag": 0.0, "avg_under_mag": 1.0, "avg_over": 0.0, "avg_under": 1.0}], [[0.30000000000000004, 0.35000000000000003], {"acc": 0.6136114160263447, "nll": 0.6740672123189184, "mse": 0.23778693045320046, "N": 911, "over_prob": 0.0, "under_prob": 0.00335008375209378, "over_counts": {"0": 597}, "under_counts": {"0": 595, "1": 2}, "avg_over_mag": 0.0, "avg_under_mag": 1.0, "avg_over": 0.0, "avg_under": 1.0}], [[0.35000000000000003, 0.4], {"acc": 0.572841726618705, "nll": 0.7054902666450306, "mse": 0.25353294359726253, "N": 1112, "over_prob": 0.0, "under_prob": 0.005839416058394109, "over_counts": {"0": 685}, "under_counts": {"0": 681, "1": 4}, "avg_over_mag": 0.0, "avg_under_mag": 1.0, "avg_over": 0.0, "avg_under": 1.0}], [[0.4, 0.45], {"acc": 0.5445705024311183, "nll": 0.7073154213275366, "mse": 0.2555118178758317, "N": 1234, "over_prob": 0.0, "under_prob": 0.008000000000000007, "over_counts": {"0": 750}, "under_counts": {"0": 744, "1": 6}, "avg_over_mag": 0.0, "avg_under_mag": 1.0, "avg_over": 0.0, "avg_under": 1.0}], [[0.45, 0.5], {"acc": 0.5057636887608069, "nll": 0.7251498097455528, "mse": 0.26381268781745876, "N": 1388, "over_prob": 0.0, "under_prob": 0.008547008547008517, "over_counts": {"0": 819}, "under_counts": {"0": 812, "1": 5, "2": 2}, "avg_over_mag": 0.0, "avg_under_mag": 1.2857142857142858, "avg_over": 0.0, "avg_under": 1.2857142857142858}], [[0.5, 0.55], {"acc": 0.5070422535211268, "nll": 0.7180569904795002, "mse": 0.260930701110232, "N": 1633, "over_prob": 0.0, "under_prob": 0.011198208286674172, "over_counts": {"0": 893}, "under_counts": {"0": 883, "1": 10}, "avg_over_mag": 0.0, "avg_under_mag": 1.0, "avg_over": 0.0, "avg_under": 1.0}], [[0.55, 0.6000000000000001], {"acc": 0.5469530469530469, "nll": 0.7122213192668714, "mse": 0.2574897442207097, "N": 2002, "over_prob": 0.0, "under_prob": 0.02133850630455869, "over_counts": {"0": 1031}, "under_counts": {"0": 1009, "1": 19, "2": 3}, "avg_over_mag": 0.0, "avg_under_mag": 1.1363636363636365, "avg_over": 0.0, "avg_under": 1.1363636363636365}], [[0.6000000000000001, 0.65], {"acc": 0.6022371364653244, "nll": 0.6909910840660132, "mse": 0.24653692326303794, "N": 2235, "over_prob": 0.0, "under_prob": 0.03205128205128205, "over_counts": {"0": 1092}, "under_counts": {"0": 1057, "1": 28, "2": 7}, "avg_over_mag": 0.0, "avg_under_mag": 1.2, "avg_over": 0.0, "avg_under": 1.2}], [[0.65, 0.7000000000000001], {"acc": 0.6674157303370787, "nll": 0.6503070060734504, "mse": 0.22672022474352033, "N": 2670, "over_prob": 0.0, "under_prob": 0.06544502617801051, "over_counts": {"0": 1146}, "under_counts": {"0": 1071, "1": 65, "2": 7, "3": 2, "4": 1}, "avg_over_mag": 0.0, "avg_under_mag": 1.1866666666666668, "avg_over": 0.0, "avg_under": 1.1866666666666668}], [[0.7000000000000001, 0.75], {"acc": 0.7159781287970839, "nll": 0.6077112180471251, "mse": 0.20711055761209476, "N": 3292, "over_prob": 0.0, "under_prob": 0.12857142857142856, "over_counts": {"0": 1260}, "under_counts": {"0": 1098, "1": 130, "2": 25, "3": 4, "6": 1, "5": 1, "4": 1}, "avg_over_mag": 0.0, "avg_under_mag": 1.2777777777777777, "avg_over": 0.0, "avg_under": 1.2777777777777777}], [[0.75, 0.8], {"acc": 0.7708788806296458, "nll": 0.5560806098882887, "mse": 0.1824563936945742, "N": 4574, "over_prob": 0.0, "under_prob": 0.2466047176554682, "over_counts": {"0": 1399}, "under_counts": {"0": 1054, "1": 225, "2": 59, "3": 29, "4": 13, "6": 8, "5": 7, "9": 3, "7": 1}, "avg_over_mag": 0.0, "avg_under_mag": 1.736231884057971, "avg_over": 0.0, "avg_under": 1.736231884057971}], [[0.8, 0.8500000000000001], {"acc": 0.8215267175572519, "nll": 0.4774967067971185, "mse": 0.14902550413819, "N": 6550, "over_prob": 0.0, "under_prob": 0.45665122435473193, "over_counts": {"0": 1511}, "under_counts": {"0": 821, "1": 367, "2": 126, "3": 66, "4": 31, "5": 24, "6": 18, "8": 15, "7": 14, "9": 5, "11": 5, "20": 3, "18": 2, "14": 2, "16": 2, "15": 2, "10": 2, "27": 1, "23": 1, "17": 1, "19": 1, "13": 1, "32": 1}, "avg_over_mag": 0.0, "avg_under_mag": 2.643478260869565, "avg_over": 0.0, "avg_under": 2.643478260869565}], [[0.8500000000000001, 0.9], {"acc": 0.8756655768332555, "nll": 0.38695658169171576, "mse": 0.11194886698647673, "N": 10705, "over_prob": 0.6806833114323259, "under_prob": 0.0, "over_counts": {"0": 486, "1": 448, "2": 225, "3": 105, "4": 50, "5": 39, "6": 27, "7": 20, "9": 16, "22": 10, "16": 10, "13": 8, "11": 7, "20": 7, "8": 7, "14": 6, "10": 6, "17": 6, "15": 6, "12": 4, "18": 4, "35": 3, "19": 3, "25": 2, "23": 2, "31": 2, "34": 1, "24": 1, "38": 1, "21": 1, "27": 1, "53": 1, "30": 1, "32": 1, "68": 1, "47": 1, "37": 1, "26": 1, "45": 1}, "under_counts": {"0": 1522}, "avg_over_mag": 3.9276061776061777, "avg_under_mag": 0.0, "avg_over": 3.9276061776061777, "avg_under": 0.0}], [[0.9, 0.9500000000000001], {"acc": 0.9228761760868073, "nll": 0.2777765359929333, "mse": 0.07264916019400464, "N": 14561, "over_prob": 0.35582386363636365, "under_prob": 0.0, "over_counts": {"0": 907, "1": 294, "2": 83, "3": 41, "4": 26, "5": 16, "6": 14, "8": 7, "11": 4, "15": 2, "9": 2, "12": 2, "7": 2, "14": 2, "10": 2, "13": 2, "30": 1, "16": 1}, "under_counts": {"0": 1408}, "avg_over_mag": 2.30938123752495, "avg_under_mag": 0.0, "avg_over": 2.30938123752495,