{"over_prob": 0.4084033613445378, "under_prob": 0.4529411764705882, "over_counts": {"0": 2112, "1": 511, "2": 238, "3": 162, "4": 113, "5": 86, "6": 55, "8": 36, "7": 34, "9": 30, "12": 22, "10": 22, "13": 16, "11": 16, "15": 13, "14": 12, "17": 11, "19": 9, "16": 9, "20": 8, "23": 7, "21": 5, "27": 5, "18": 4, "31": 4, "25": 4, "22": 3, "24": 3, "48": 2, "29": 2, "28": 2, "34": 2, "37": 2, "35": 2, "43": 1, "39": 1, "44": 1, "32": 1, "26": 1, "38": 1, "42": 1, "33": 1}, "under_counts": {"0": 1953, "1": 744, "2": 329, "3": 197, "4": 101, "5": 59, "6": 54, "7": 24, "8": 20, "9": 18, "12": 13, "10": 12, "11": 8, "13": 6, "16": 6, "14": 5, "18": 4, "15": 4, "17": 4, "21": 2, "19": 2, "27": 1, "25": 1, "23": 1, "35": 1, "20": 1}, "avg_over_mag": 4.751714677640604, "avg_under_mag": 2.797773654916512, "avg_over": 4.751714677640604, "avg_under": 2.797773654916512, "acc": 0.8316949607461585, "auc": 0.7229880340278976, "nll": 0.5554641608612697, "mse": 0.13246825194404718, "metrics_by_prob": [[[0.0, 0.05], {"acc": 0.9961977186311787, "nll": 0.011087600943426496, "mse": 0.002766271328824477, "N": 526, "over_prob": 0.0, "under_prob": 0.012658227848101222, "over_counts": {"0": 79}, "under_counts": {"0": 78, "1": 1}, "avg_over_mag": 0.0, "avg_under_mag": 1.0, "avg_over": 0.0, "avg_under": 1.0}], [[0.05, 0.1], {"acc": 0.92, "nll": 0.3028672858360598, "mse": 0.07695126680638388, "N": 150, "over_prob": 0.0, "under_prob": 0.0, "over_counts": {"0": 110}, "under_counts": {"0": 110}, "avg_over_mag": 0.0, "avg_under_mag": 0.0, "avg_over": 0.0, "avg_under": 0.0}], [[0.1, 0.15000000000000002], {"acc": 0.8611111111111112, "nll": 0.46644874045754686, "mse": 0.12530744760446225, "N": 108, "over_prob": 0.0, "under_prob": 0.0, "over_counts": {"0": 85}, "under_counts": {"0": 85}, "avg_over_mag": 0.0, "avg_under_mag": 0.0, "avg_over": 0.0, "avg_under": 0.0}], [[0.15000000000000002, 0.2], {"acc": 0.859375, "nll": 0.42914651193893577, "mse": 0.1295183747659971, "N": 128, "over_prob": 0.0, "under_prob": 0.0, "over_counts": {"0": 121}, "under_counts": {"0": 121}, "avg_over_mag": 0.0, "avg_under_mag": 0.0, "avg_over": 0.0, "avg_under": 0.0}], [[0.2, 0.25], {"acc": 0.7524752475247525, "nll": 0.6557482238078678, "mse": 0.20059621003607025, "N": 202, "over_prob": 0.0, "under_prob": 0.005780346820809301, "over_counts": {"0": 173}, "under_counts": {"0": 172, "1": 1}, "avg_over_mag": 0.0, "avg_under_mag": 1.0, "avg_over": 0.0, "avg_under": 1.0}], [[0.25, 0.30000000000000004], {"acc": 0.7206703910614525, "nll": 0.6516475449098891, "mse": 0.2223859280083669, "N": 358, "over_prob": 0.0, "under_prob": 0.0, "over_counts": {"0": 259}, "under_counts": {"0": 259}, "avg_over_mag": 0.0, "avg_under_mag": 0.0, "avg_over": 0.0, "avg_under": 0.0}], [[0.30000000000000004, 0.35000000000000003], {"acc": 0.6463963963963963, "nll": 0.6902482884240685, "mse": 0.2379217330357326, "N": 444, "over_prob": 0.0, "under_prob": 0.02464788732394363, "over_counts": {"0": 284}, "under_counts": {"0": 277, "1": 7}, "avg_over_mag": 0.0, "avg_under_mag": 1.0, "avg_over": 0.0, "avg_under": 1.0}], [[0.35000000000000003, 0.4], {"acc": 0.599483204134367, "nll": 0.7588319261820403, "mse": 0.26284582553894736, "N": 387, "over_prob": 0.0, "under_prob": 0.033333333333333326, "over_counts": {"0": 300}, "under_counts": {"0": 290, "1": 10}, "avg_over_mag": 0.0, "avg_under_mag": 1.0, "avg_over": 0.0, "avg_under": 1.0}], [[0.4, 0.45], {"acc": 0.5037593984962406, "nll": 0.7589193841289381, "mse": 0.2678904852215396, "N": 532, "over_prob": 0.0, "under_prob": 0.04670329670329665, "over_counts": {"0": 364}, "under_counts": {"0": 347, "1": 17}, "avg_over_mag": 0.0, "avg_under_mag": 1.0, "avg_over": 0.0, "avg_under": 1.0}], [[0.45, 0.5], {"acc": 0.49921996879875197, "nll": 0.8375214926724267, "mse": 0.284173150458665, "N": 641, "over_prob": 0.0, "under_prob": 0.0771028037383178, "over_counts": {"0": 428}, "under_counts": {"0": 395, "1": 30, "2": 3}, "avg_over_mag": 0.0, "avg_under_mag": 1.0909090909090908, "avg_over": 0.0, "avg_under": 1.0909090909090908}], [[0.5, 0.55], {"acc": 0.49885057471264366, "nll": 0.8501900768433739, "mse": 0.2792531147429809, "N": 870, "over_prob": 0.0, "under_prob": 0.11784511784511786, "over_counts": {"0": 594}, "under_counts": {"0": 524, "1": 61, "2": 9}, "avg_over_mag": 0.0, "avg_under_mag": 1.1285714285714286, "avg_over": 0.0, "avg_under": 1.1285714285714286}], [[0.55, 0.6000000000000001], {"acc": 0.5390946502057613, "nll": 0.9006754526725161, "mse": 0.285489869360508, "N": 972, "over_prob": 0.0, "under_prob": 0.19685039370078738, "over_counts": {"0": 635}, "under_counts": {"0": 510, "1": 114, "2": 7, "3": 4}, "avg_over_mag": 0.0, "avg_under_mag": 1.12, "avg_over": 0.0, "avg_under": 1.12}], [[0.6000000000000001, 0.65], {"acc": 0.5607476635514018, "nll": 0.9304624780623937, "mse": 0.28973561288670313, "N": 1177, "over_prob": 0.0, "under_prob": 0.2132450331125828, "over_counts": {"0": 755}, "under_counts": {"0": 594, "1": 138, "2": 17, "3": 2, "4": 2, "13": 1, "9": 1}, "avg_over_mag": 0.0, "avg_under_mag": 1.2919254658385093, "avg_over": 0.0, "avg_under": 1.2919254658385093}], [[0.65, 0.7000000000000001], {"acc": 0.6358543417366946, "nll": 0.9068640907248896, "mse": 0.26291709879332703, "N": 1428, "over_prob": 0.0, "under_prob": 0.2971698113207547, "over_counts": {"0": 848}, "under_counts": {"0": 596, "1": 214, "2": 27, "3": 7, "10": 1, "4": 1, "8": 1, "6": 1}, "avg_over_mag": 0.0, "avg_under_mag": 1.257936507936508, "avg_over": 0.0, "avg_under": 1.257936507936508}], [[0.7000000000000001, 0.75], {"acc": 0.7009034712315739, "nll": 0.7886905559451868, "mse": 0.23066299205018012, "N": 2103, "over_prob": 0.0, "under_prob": 0.385645933014354, "over_counts": {"0": 1045}, "under_counts": {"0": 642, "1": 322, "2": 53, "3": 17, "4": 3, "5": 3, "6": 2, "7": 2, "12": 1}, "avg_over_mag": 0.0, "avg_under_mag": 1.349875930521092, "avg_over": 0.0, "avg_under": 1.349875930521092}], [[0.75, 0.8], {"acc": 0.7384453781512605, "nll": 0.8049686989707019, "mse": 0.2116601640998739, "N": 2856, "over_prob": 0.0, "under_prob": 0.5173553719008264, "over_counts": {"0": 1210}, "under_counts": {"0": 584, "1": 435, "2": 114, "3": 45, "4": 12, "5": 6, "6": 4, "8": 3, "7": 3, "9": 2, "12": 1, "19": 1}, "avg_over_mag": 0.0, "avg_under_mag": 1.5878594249201279, "avg_over": 0.0, "avg_under": 1.5878594249201279}], [[0.8, 0.8500000000000001], {"acc": 0.7893813075910487, "nll": 0.7418698354961797, "mse": 0.17948896409016254, "N": 4558, "over_prob": 0.0, "under_prob": 0.7187708750835003, "over_counts": {"0": 1497}, "under_counts": {"1": 634, "0": 421, "2": 228, "3": 91, "4": 39, "5": 35, "6": 10, "7": 8, "10": 6, "8": 6, "9": 5, "12": 4, "15": 4, "11": 2, "24": 1, "16": 1, "23": 1, "14": 1}, "avg_over_mag": 0.0, "avg_under_mag": 2.016728624535316, "avg_over": 0.0, "avg_under": 2.016728624535316}], [[0.8500000000000001, 0.9], {"acc": 0.819396847155586, "nll": 0.7110449012732188, "mse": 0.15454701322261952, "N": 8754, "over_prob": 0.5985832349468714, "under_prob": 0.0, "over_counts": {"0": 680, "1": 511, "2": 197, "3": 97, "4": 58, "5": 39, "7": 24, "6": 18, "8": 14, "9": 11, "10": 9, "11": 8, "14": 7, "13": 5, "12": 5, "20": 2, "22": 2, "15": 2, "16": 2, "23": 1, "24": 1, "17": 1}, "under_counts": {"0": 1694}, "avg_over_mag": 2.6834319526627217, "avg_under_mag": 0.0, "avg_over": 2.6834319526627217, "avg_under": 0.0}], [[0.9, 0.9500000000000001], {"acc": 0.870235792335442, "nll": 0.5390056213482763, "mse": 0.11172537771593445, "N": 19127, "over_prob": 0.5132336018411967, "under_prob": 0.0, "over_counts": {"0": 846, "1": 367, "2": 148, "3": 85, "4": 58, "5": 36, "6": 29, "7": 27, "9": 24, "8": 24, "11": 20, "10": 17, "12": 10, "13": 8, "14": 7, "15": 6, "16": 6, "17": 4, "19": 4, "20": 4, "18": 1, "22": 1, "39": 1, "21": 1, "36": 1, "26": 1, "38": 1, "31": 1}, "under_counts": {"0": 1738}, "avg_over_mag": 3.8721973094170403, "avg_under_mag": 0.0, "avg_over": 3.8721973094170403, "avg_under": 0.0}], [[0.9500000000000001, 1.0], {"acc": 0.956686026170317,