{"acc": 0.7626316848956586, "auc": 0.7328369260426225, "nll": 0.6425967419723196, "mse": 0.1832204556464383}