{"auc": 0.7962178674677068, "over_prob": 0.2627503337783712, "under_prob": 0.2704939919893191, "over_counts": {"0": 2761, "1": 528, "2": 215, "3": 92, "4": 44, "7": 23, "5": 22, "6": 18, "8": 9, "9": 7, "12": 4, "15": 4, "10": 3, "11": 3, "20": 2, "21": 1, "28": 1, "19": 1, "35": 1, "23": 1, "26": 1, "13": 1, "18": 1, "24": 1, "27": 1}, "under_counts": {"0": 2732, "1": 558, "2": 197, "3": 76, "4": 72, "5": 37, "7": 15, "6": 12, "8": 10, "10": 8, "9": 7, "11": 6, "14": 5, "16": 3, "13": 2, "24": 1, "28": 1, "15": 1, "19": 1, "35": 1}, "avg_over_mag": 2.407520325203252, "avg_under_mag": 2.353405725567621, "avg_over": 2.407520325203252, "avg_under": 2.353405725567621, "acc": 0.8690327092923017, "nll": 0.3385304095870621, "mse": 0.10117944322960735, "metrics_by_prob": [[[0.0, 0.05], {"acc": 0.9983388704318937, "nll": 0.005713535320520304, "mse": 0.001514246866745698, "N": 602, "over_prob": 0.0, "under_prob": 0.0, "over_counts": {"0": 84}, "under_counts": {"0": 84}, "avg_over_mag": 0.0, "avg_under_mag": 0.0, "avg_over": 0.0, "avg_under": 0.0}], [[0.05, 0.1], {"acc": 0.912751677852349, "nll": 0.31527217885217895, "mse": 0.08345720968948814, "N": 149, "over_prob": 0.0, "under_prob": 0.0, "over_counts": {"0": 105}, "under_counts": {"0": 105}, "avg_over_mag": 0.0, "avg_under_mag": 0.0, "avg_over": 0.0, "avg_under": 0.0}], [[0.1, 0.15000000000000002], {"acc": 0.9115646258503401, "nll": 0.333168665176946, "mse": 0.08925353898976227, "N": 147, "over_prob": 0.0, "under_prob": 0.0, "over_counts": {"0": 110}, "under_counts": {"0": 110}, "avg_over_mag": 0.0, "avg_under_mag": 0.0, "avg_over": 0.0, "avg_under": 0.0}], [[0.15000000000000002, 0.2], {"acc": 0.8, "nll": 0.5378032869115447, "mse": 0.17195539156756923, "N": 150, "over_prob": 0.0, "under_prob": 0.0, "over_counts": {"0": 135}, "under_counts": {"0": 135}, "avg_over_mag": 0.0, "avg_under_mag": 0.0, "avg_over": 0.0, "avg_under": 0.0}], [[0.2, 0.25], {"acc": 0.7956521739130434, "nll": 0.5279262101455199, "mse": 0.17106725771070175, "N": 230, "over_prob": 0.0, "under_prob": 0.0, "over_counts": {"0": 200}, "under_counts": {"0": 200}, "avg_over_mag": 0.0, "avg_under_mag": 0.0, "avg_over": 0.0, "avg_under": 0.0}], [[0.25, 0.30000000000000004], {"acc": 0.7362924281984334, "nll": 0.5930050078662862, "mse": 0.20151465505391808, "N": 383, "over_prob": 0.0, "under_prob": 0.0, "over_counts": {"0": 278}, "under_counts": {"0": 278}, "avg_over_mag": 0.0, "avg_under_mag": 0.0, "avg_over": 0.0, "avg_under": 0.0}], [[0.30000000000000004, 0.35000000000000003], {"acc": 0.6477272727272727, "nll": 0.6464847433445199, "mse": 0.2269212896104003, "N": 440, "over_prob": 0.0, "under_prob": 0.0, "over_counts": {"0": 290}, "under_counts": {"0": 290}, "avg_over_mag": 0.0, "avg_under_mag": 0.0, "avg_over": 0.0, "avg_under": 0.0}], [[0.35000000000000003, 0.4], {"acc": 0.6361556064073226, "nll": 0.6465888226398642, "mse": 0.22758238943093187, "N": 437, "over_prob": 0.0, "under_prob": 0.0, "over_counts": {"0": 331}, "under_counts": {"0": 331}, "avg_over_mag": 0.0, "avg_under_mag": 0.0, "avg_over": 0.0, "avg_under": 0.0}], [[0.4, 0.45], {"acc": 0.5864077669902913, "nll": 0.6939774786783847, "mse": 0.24969941158029488, "N": 515, "over_prob": 0.0, "under_prob": 0.0, "over_counts": {"0": 382}, "under_counts": {"0": 382}, "avg_over_mag": 0.0, "avg_under_mag": 0.0, "avg_over": 0.0, "avg_under": 0.0}], [[0.45, 0.5], {"acc": 0.4716981132075472, "nll": 0.7168237126518693, "mse": 0.2611710887154188, "N": 742, "over_prob": 0.0, "under_prob": 0.0019685039370078705, "over_counts": {"0": 508}, "under_counts": {"0": 507, "1": 1}, "avg_over_mag": 0.0, "avg_under_mag": 1.0, "avg_over": 0.0, "avg_under": 1.0}], [[0.5, 0.55], {"acc": 0.5183537263626251, "nll": 0.7044559212798439, "mse": 0.2550735625756955, "N": 899, "over_prob": 0.0, "under_prob": 0.00512820512820511, "over_counts": {"0": 585}, "under_counts": {"0": 582, "1": 3}, "avg_over_mag": 0.0, "avg_under_mag": 1.0, "avg_over": 0.0, "avg_under": 1.0}], [[0.55, 0.6000000000000001], {"acc": 0.5690661478599222, "nll": 0.6912044321554381, "mse": 0.24851135736153637, "N": 1028, "over_prob": 0.0, "under_prob": 0.003072196620583667, "over_counts": {"0": 651}, "under_counts": {"0": 649, "1": 2}, "avg_over_mag": 0.0, "avg_under_mag": 1.0, "avg_over": 0.0, "avg_under": 1.0}], [[0.6000000000000001, 0.65], {"acc": 0.6268057784911717, "nll": 0.6591893975572817, "mse": 0.2327651691665828, "N": 1246, "over_prob": 0.0, "under_prob": 0.014634146341463428, "over_counts": {"0": 820}, "under_counts": {"0": 808, "1": 12}, "avg_over_mag": 0.0, "avg_under_mag": 1.0, "avg_over": 0.0, "avg_under": 1.0}], [[0.65, 0.7000000000000001], {"acc": 0.6638157894736842, "nll": 0.6491378324634829, "mse": 0.22745044071951723, "N": 1520, "over_prob": 0.0, "under_prob": 0.03436426116838487, "over_counts": {"0": 873}, "under_counts": {"0": 843, "1": 28, "2": 2}, "avg_over_mag": 0.0, "avg_under_mag": 1.0666666666666667, "avg_over": 0.0, "avg_under": 1.0666666666666667}], [[0.7000000000000001, 0.75], {"acc": 0.7273154677950164, "nll": 0.5931824843575179, "mse": 0.20080888511747086, "N": 2127, "over_prob": 0.0, "under_prob": 0.0887629839471199, "over_counts": {"0": 1059}, "under_counts": {"0": 965, "1": 87, "2": 6, "3": 1}, "avg_over_mag": 0.0, "avg_under_mag": 1.0851063829787233, "avg_over": 0.0, "avg_under": 1.0851063829787233}], [[0.75, 0.8], {"acc": 0.7682926829268293, "nll": 0.5492268474140901, "mse": 0.18025978565413367, "N": 2870, "over_prob": 0.0, "under_prob": 0.20389105058365764, "over_counts": {"0": 1285}, "under_counts": {"0": 1023, "1": 201, "2": 47, "3": 10, "4": 2, "6": 1, "5": 1}, "avg_over_mag": 0.0, "avg_under_mag": 1.3129770992366412, "avg_over": 0.0, "avg_under": 1.3129770992366412}], [[0.8, 0.8500000000000001], {"acc": 0.832, "nll": 0.4587334928583348, "mse": 0.14131654701744864, "N": 4750, "over_prob": 0.0, "under_prob": 0.565189466923571, "over_counts": {"0": 1557}, "under_counts": {"0": 677, "1": 503, "2": 178, "3": 80, "4": 50, "5": 17, "6": 13, "7": 7, "8": 7, "9": 7, "12": 4, "11": 4, "10": 3, "13": 2, "21": 1, "14": 1, "27": 1, "16": 1, "32": 1}, "avg_over_mag": 0.0, "avg_under_mag": 2.1454545454545455, "avg_over": 0.0, "avg_under": 2.1454545454545455}], [[0.8500000000000001, 0.9], {"acc": 0.8763132243041265, "nll": 0.38127376914545635, "mse": 0.10987150191062882, "N": 9233, "over_prob": 0.49248554913294795, "under_prob": 0.0, "over_counts": {"0": 878, "1": 498, "2": 173, "3": 74, "4": 30, "5": 22, "7": 17, "6": 12, "8": 4, "11": 3, "10": 3, "12": 2, "9": 2, "14": 2, "21": 1, "20": 1, "19": 1, "17": 1, "13": 1, "23": 1, "26": 1, "35": 1, "24": 1, "15": 1}, "under_counts": {"0": 1730}, "avg_over_mag": 2.1889671361502345, "avg_under_mag": 0.0, "avg_over": 2.1889671361502345, "avg_under": 0.0}], [[0.9, 0.9500000000000001], {"acc": 0.9253204809698897, "nll": 0.26830928702399726, "mse": 0.06958446561871177, "N": 20126, "over_prob": 0.17653508771929827, "under_prob": 0.0, "over_counts": {"0": 1502, "1": 242, "2": 49, "4": 12, "3": 11, "5": 3, "7": 1, "10": 1, "11": 1, "6": 1, "8": 1}, "under_counts": {"0": 1824}, "avg_over_mag": 1.484472049689441, "avg_under_mag": 0.0, "avg_over": 1.484472049689441, "avg_under": 0.0}], [[0.9500000000000001, 1.0], {"acc": 0.9720602001872255, "nll": 0.12523420062920698, "mse": 0.027291234826029697, "N": 13887, "over_prob": 0.021207177814029365, "under_prob": 0.0, "over_counts": {"0": 1200, "1": 26}, "under_counts": {"0": 1226}, "avg_over_mag": 1.0, "avg_under_mag": 0.0, "avg_over": 1.0, "avg_under": 0.0}]]}