{"acc": 0.7890987689126961, "auc": 0.7610444855691924, "nll": 0.6710422880218153, "mse": 0.1640042399521491}