{"auc": 0.810273589674235, "over_prob": 0.2499332443257677, "under_prob": 0.21335113484646195, "over_counts": {"0": 2809, "1": 381, "2": 166, "3": 97, "4": 64, "6": 34, "7": 31, "5": 24, "8": 18, "10": 15, "9": 15, "11": 12, "16": 8, "20": 7, "13": 7, "14": 6, "12": 6, "27": 6, "23": 5, "15": 5, "22": 4, "17": 3, "36": 3, "24": 2, "29": 2, "35": 2, "39": 1, "30": 1, "21": 1, "84": 1, "28": 1, "79": 1, "19": 1, "33": 1, "53": 1, "37": 1, "25": 1, "34": 1, "18": 1}, "under_counts": {"0": 2946, "1": 366, "2": 140, "3": 80, "4": 53, "5": 26, "6": 18, "7": 16, "9": 14, "11": 13, "8": 10, "10": 8, "12": 7, "13": 6, "18": 4, "16": 4, "19": 4, "17": 4, "14": 3, "15": 2, "25": 2, "22": 2, "21": 2, "41": 2, "32": 1, "27": 1, "29": 1, "23": 1, "34": 1, "89": 1, "46": 1, "50": 1, "47": 1, "36": 1, "53": 1, "24": 1, "33": 1}, "avg_over_mag": 4.435897435897436, "avg_under_mag": 3.9198998748435545, "avg_over": 4.435897435897436, "avg_under": 3.9198998748435545, "acc": 0.8083472942860396, "nll": 0.4302902277925648, "mse": 0.13742247192772383, "metrics_by_prob": [[[0.0, 0.05], {"acc": 0.9806389157792836, "nll": 0.0925788328944347, "mse": 0.021972680628953672, "N": 1033, "over_prob": 0.0, "under_prob": 0.0, "over_counts": {"0": 286}, "under_counts": {"0": 286}, "avg_over_mag": 0.0, "avg_under_mag": 0.0, "avg_over": 0.0, "avg_under": 0.0}], [[0.05, 0.1], {"acc": 0.9373134328358209, "nll": 0.27462353639104853, "mse": 0.07090633561337865, "N": 670, "over_prob": 0.0, "under_prob": 0.0, "over_counts": {"0": 371}, "under_counts": {"0": 371}, "avg_over_mag": 0.0, "avg_under_mag": 0.0, "avg_over": 0.0, "avg_under": 0.0}], [[0.1, 0.15000000000000002], {"acc": 0.8474341192787794, "nll": 0.42904332431771164, "mse": 0.13041303971467147, "N": 721, "over_prob": 0.0, "under_prob": 0.0, "over_counts": {"0": 415}, "under_counts": {"0": 415}, "avg_over_mag": 0.0, "avg_under_mag": 0.0, "avg_over": 0.0, "avg_under": 0.0}], [[0.15000000000000002, 0.2], {"acc": 0.7853535353535354, "nll": 0.5107540563218067, "mse": 0.16564490491579406, "N": 792, "over_prob": 0.0, "under_prob": 0.0, "over_counts": {"0": 452}, "under_counts": {"0": 452}, "avg_over_mag": 0.0, "avg_under_mag": 0.0, "avg_over": 0.0, "avg_under": 0.0}], [[0.2, 0.25], {"acc": 0.7340153452685422, "nll": 0.5851846905455286, "mse": 0.1959622909239408, "N": 782, "over_prob": 0.0, "under_prob": 0.004415011037527616, "over_counts": {"0": 453}, "under_counts": {"0": 451, "1": 2}, "avg_over_mag": 0.0, "avg_under_mag": 1.0, "avg_over": 0.0, "avg_under": 1.0}], [[0.25, 0.30000000000000004], {"acc": 0.6647531572904707, "nll": 0.6449378434880985, "mse": 0.2244696621586934, "N": 871, "over_prob": 0.0, "under_prob": 0.0039447731755424265, "over_counts": {"0": 507}, "under_counts": {"0": 505, "1": 2}, "avg_over_mag": 0.0, "avg_under_mag": 1.0, "avg_over": 0.0, "avg_under": 1.0}], [[0.30000000000000004, 0.35000000000000003], {"acc": 0.5979591836734693, "nll": 0.6838045711514668, "mse": 0.2438829627638936, "N": 980, "over_prob": 0.0, "under_prob": 0.003478260869565264, "over_counts": {"0": 575}, "under_counts": {"0": 573, "1": 2}, "avg_over_mag": 0.0, "avg_under_mag": 1.0, "avg_over": 0.0, "avg_under": 1.0}], [[0.35000000000000003, 0.4], {"acc": 0.5622119815668203, "nll": 0.7060858391207903, "mse": 0.25397793740660246, "N": 1085, "over_prob": 0.0, "under_prob": 0.003154574132492094, "over_counts": {"0": 634}, "under_counts": {"0": 632, "1": 2}, "avg_over_mag": 0.0, "avg_under_mag": 1.0, "avg_over": 0.0, "avg_under": 1.0}], [[0.4, 0.45], {"acc": 0.5197103781174578, "nll": 0.7232743320714895, "mse": 0.26326728025002316, "N": 1243, "over_prob": 0.0, "under_prob": 0.007102272727272707, "over_counts": {"0": 704}, "under_counts": {"0": 699, "1": 5}, "avg_over_mag": 0.0, "avg_under_mag": 1.0, "avg_over": 0.0, "avg_under": 1.0}], [[0.45, 0.5], {"acc": 0.4992947813822285, "nll": 0.7337686357082703, "mse": 0.26818693455671166, "N": 1418, "over_prob": 0.0, "under_prob": 0.01192052980132452, "over_counts": {"0": 755}, "under_counts": {"0": 746, "1": 9}, "avg_over_mag": 0.0, "avg_under_mag": 1.0, "avg_over": 0.0, "avg_under": 1.0}], [[0.5, 0.55], {"acc": 0.4884302689180738, "nll": 0.7368733947636437, "mse": 0.26927785978209495, "N": 1599, "over_prob": 0.0, "under_prob": 0.012987012987012991, "over_counts": {"0": 847}, "under_counts": {"0": 836, "1": 9, "2": 1, "4": 1}, "avg_over_mag": 0.0, "avg_under_mag": 1.3636363636363635, "avg_over": 0.0, "avg_under": 1.3636363636363635}], [[0.55, 0.6000000000000001], {"acc": 0.5237837837837838, "nll": 0.7451769268704614, "mse": 0.2715136858796055, "N": 1850, "over_prob": 0.0, "under_prob": 0.02154195011337867, "over_counts": {"0": 882}, "under_counts": {"0": 863, "1": 15, "2": 3, "3": 1}, "avg_over_mag": 0.0, "avg_under_mag": 1.263157894736842, "avg_over": 0.0, "avg_under": 1.263157894736842}], [[0.6000000000000001, 0.65], {"acc": 0.5964593735814798, "nll": 0.7055904621937354, "mse": 0.25203135442019653, "N": 2203, "over_prob": 0.0, "under_prob": 0.045142296368989254, "over_counts": {"0": 1019}, "under_counts": {"0": 973, "1": 40, "2": 4, "3": 2}, "avg_over_mag": 0.0, "avg_under_mag": 1.173913043478261, "avg_over": 0.0, "avg_under": 1.173913043478261}], [[0.65, 0.7000000000000001], {"acc": 0.6616597822005257, "nll": 0.653206179793723, "mse": 0.2279834703361588, "N": 2663, "over_prob": 0.0, "under_prob": 0.07246376811594202, "over_counts": {"0": 1104}, "under_counts": {"0": 1024, "1": 64, "2": 7, "4": 3, "3": 3, "6": 2, "5": 1}, "avg_over_mag": 0.0, "avg_under_mag": 1.45, "avg_over": 0.0, "avg_under": 1.45}], [[0.7000000000000001, 0.75], {"acc": 0.7330275229357798, "nll": 0.5901500416566426, "mse": 0.19845521818592055, "N": 3270, "over_prob": 0.0, "under_prob": 0.13131313131313127, "over_counts": {"0": 1188}, "under_counts": {"0": 1032, "1": 111, "2": 31, "3": 9, "8": 1, "6": 1, "7": 1, "16": 1, "10": 1}, "avg_over_mag": 0.0, "avg_under_mag": 1.5833333333333333, "avg_over": 0.0, "avg_under": 1.5833333333333333}], [[0.75, 0.8], {"acc": 0.7814272211720227, "nll": 0.5411716826959075, "mse": 0.17598789280857718, "N": 4232, "over_prob": 0.0, "under_prob": 0.2552166934189406, "over_counts": {"0": 1246}, "under_counts": {"0": 928, "1": 198, "2": 60, "3": 18, "4": 18, "8": 4, "5": 4, "10": 3, "6": 3, "23": 2, "9": 2, "11": 2, "7": 2, "13": 1, "16": 1}, "avg_over_mag": 0.0, "avg_under_mag": 2.1163522012578615, "avg_over": 0.0, "avg_under": 2.1163522012578615}], [[0.8, 0.8500000000000001], {"acc": 0.8221610039791858, "nll": 0.47744182360016546, "mse": 0.14896054040625376, "N": 6534, "over_prob": 0.0, "under_prob": 0.4630577907827359, "over_counts": {"0": 1367}, "under_counts": {"0": 734, "1": 322, "2": 119, "3": 58, "4": 32, "5": 18, "8": 18, "10": 12, "7": 8, "9": 7, "14": 6, "6": 5, "11": 4, "17": 4, "15": 3, "13": 3, "18": 2, "27": 2, "16": 2, "47": 1, "29": 1, "33": 1, "21": 1, "22": 1, "12": 1, "20": 1, "30": 1}, "avg_over_mag": 0.0, "avg_under_mag": 3.1295418641390205, "avg_over": 0.0, "avg_under": 3.1295418641390205}], [[0.8500000000000001, 0.9], {"acc": 0.8689248895434463, "nll": 0.3951303503766268, "mse": 0.11564107566508701, "N": 9506, "over_prob": 0.6345139412207987, "under_prob": 0.0, "over_counts": {"0": 485, "1": 370, "2": 149, "3": 88, "4": 40, "6": 29, "5": 29, "7": 22, "9": 19, "8": 15, "12": 9, "10": 9, "20": 8, "18": 5, "16": 5, "13": 5, "11": 5, "14": 5, "19": 5, "34": 3, "15": 3, "27": 3, "24": 2, "33": 2, "17": 2, "21": 2, "78": 1, "81": 1, "30": 1, "22": 1, "23": 1, "47": 1, "39": 1, "35": 1}, "under_counts": {"0": 1327}, "avg_over_mag": 4.087885985748218, "avg_under_mag": 0.0, "avg_over": 4.087885985748218, "avg_under": 0.0}], [[0.9, 0.9500000000000001], {"acc": 0.9281442031954117, "nll": 0.2662107996202167, "mse": 0.06820609519664286, "N": 12205, "over_prob": 0.29451476793248943, "under_prob": 0.0, "over_counts": {"0": 836, "1": 228, "2": 57, "3": 23, "4": 13, "5": 9, "6": 6, "7": 3, "9": 2, "8": 2, "18": 1, "10": 1, "11": 1, "12": 1, "16": 1, "20": 1}, "under_counts": {"0": 1185},