{"over_prob": 0.3548574752763235, "under_prob": 0.43106457242582896, "over_counts": {"0": 2218, "1": 394, "2": 186, "3": 135, "4": 94, "6": 64, "5": 62, "7": 43, "8": 36, "10": 24, "9": 21, "11": 18, "13": 16, "16": 12, "14": 12, "15": 11, "17": 9, "22": 8, "12": 7, "20": 6, "26": 6, "18": 6, "19": 6, "25": 5, "24": 5, "21": 5, "35": 4, "23": 2, "30": 2, "27": 2, "29": 2, "49": 2, "42": 2, "31": 1, "46": 1, "37": 1, "39": 1, "33": 1, "38": 1, "45": 1, "51": 1, "43": 1, "28": 1, "36": 1, "32": 1, "40": 1}, "under_counts": {"0": 1956, "1": 564, "2": 271, "3": 161, "4": 97, "5": 79, "6": 62, "7": 41, "8": 28, "9": 23, "10": 18, "13": 15, "11": 15, "15": 12, "12": 12, "14": 10, "17": 9, "22": 7, "16": 7, "20": 5, "18": 4, "34": 4, "26": 4, "21": 3, "24": 3, "19": 3, "25": 2, "45": 2, "31": 2, "28": 2, "27": 2, "49": 2, "80": 1, "33": 1, "38": 1, "41": 1, "46": 1, "30": 1, "42": 1, "23": 1, "29": 1, "54": 1, "87": 1, "32": 1, "43": 1}, "avg_over_mag": 5.319672131147541, "avg_under_mag": 4.370445344129554, "avg_over": 5.319672131147541, "avg_under": 4.370445344129554, "acc": 0.7657877201332699, "auc": 0.7232940494693738, "nll": 0.7204744720310045, "mse": 0.17991426731494917, "metrics_by_prob": [[[0.0, 0.05], {"acc": 0.9858267716535433, "nll": 0.08263953288221727, "mse": 0.019438663951849056, "N": 635, "over_prob": 0.0, "under_prob": 0.004739336492891044, "over_counts": {"0": 211}, "under_counts": {"0": 210, "1": 1}, "avg_over_mag": 0.0, "avg_under_mag": 1.0, "avg_over": 0.0, "avg_under": 1.0}], [[0.05, 0.1], {"acc": 0.9020979020979021, "nll": 0.366192775811727, "mse": 0.09914590766570901, "N": 429, "over_prob": 0.0, "under_prob": 0.011811023622047223, "over_counts": {"0": 254}, "under_counts": {"0": 251, "1": 3}, "avg_over_mag": 0.0, "avg_under_mag": 1.0, "avg_over": 0.0, "avg_under": 1.0}], [[0.1, 0.15000000000000002], {"acc": 0.8178053830227743, "nll": 0.5219671309212914, "mse": 0.15423017751091106, "N": 483, "over_prob": 0.0, "under_prob": 0.018575851393188847, "over_counts": {"0": 323}, "under_counts": {"0": 317, "1": 5, "3": 1}, "avg_over_mag": 0.0, "avg_under_mag": 1.3333333333333333, "avg_over": 0.0, "avg_under": 1.3333333333333333}], [[0.15000000000000002, 0.2], {"acc": 0.7885615251299827, "nll": 0.5821735646251273, "mse": 0.17789767710700508, "N": 577, "over_prob": 0.0, "under_prob": 0.03013698630136985, "over_counts": {"0": 365}, "under_counts": {"0": 354, "1": 10, "2": 1}, "avg_over_mag": 0.0, "avg_under_mag": 1.0909090909090908, "avg_over": 0.0, "avg_under": 1.0909090909090908}], [[0.2, 0.25], {"acc": 0.658273381294964, "nll": 0.7198821449674282, "mse": 0.22791248738178138, "N": 556, "over_prob": 0.0, "under_prob": 0.03867403314917128, "over_counts": {"0": 362}, "under_counts": {"0": 348, "1": 12, "2": 2}, "avg_over_mag": 0.0, "avg_under_mag": 1.1428571428571428, "avg_over": 0.0, "avg_under": 1.1428571428571428}], [[0.25, 0.30000000000000004], {"acc": 0.609642301710731, "nll": 0.7750948646333715, "mse": 0.25252160357425757, "N": 643, "over_prob": 0.0, "under_prob": 0.05755395683453235, "over_counts": {"0": 417}, "under_counts": {"0": 393, "1": 21, "2": 3}, "avg_over_mag": 0.0, "avg_under_mag": 1.125, "avg_over": 0.0, "avg_under": 1.125}], [[0.30000000000000004, 0.35000000000000003], {"acc": 0.5850144092219021, "nll": 0.8964708401607816, "mse": 0.2749454267064366, "N": 694, "over_prob": 0.0, "under_prob": 0.07207207207207211, "over_counts": {"0": 444}, "under_counts": {"0": 412, "1": 28, "2": 3, "7": 1}, "avg_over_mag": 0.0, "avg_under_mag": 1.28125, "avg_over": 0.0, "avg_under": 1.28125}], [[0.35000000000000003, 0.4], {"acc": 0.5503778337531486, "nll": 0.9236276675950882, "mse": 0.29298109202727973, "N": 794, "over_prob": 0.0, "under_prob": 0.07899807321772645, "over_counts": {"0": 519}, "under_counts": {"0": 478, "1": 36, "2": 4, "11": 1}, "avg_over_mag": 0.0, "avg_under_mag": 1.3414634146341464, "avg_over": 0.0, "avg_under": 1.3414634146341464}], [[0.4, 0.45], {"acc": 0.5254777070063694, "nll": 0.9424344938190327, "mse": 0.2942302992214809, "N": 942, "over_prob": 0.0, "under_prob": 0.10481099656357384, "over_counts": {"0": 582}, "under_counts": {"0": 521, "1": 52, "2": 8, "7": 1}, "avg_over_mag": 0.0, "avg_under_mag": 1.2295081967213115, "avg_over": 0.0, "avg_under": 1.2295081967213115}], [[0.45, 0.5], {"acc": 0.48739495798319327, "nll": 1.0009928874274332, "mse": 0.3133132457995689, "N": 1071, "over_prob": 0.0, "under_prob": 0.12198795180722888, "over_counts": {"0": 664}, "under_counts": {"0": 583, "1": 66, "2": 8, "3": 6, "9": 1}, "avg_over_mag": 0.0, "avg_under_mag": 1.345679012345679, "avg_over": 0.0, "avg_under": 1.345679012345679}], [[0.5, 0.55], {"acc": 0.4813614262560778, "nll": 1.1219245906141457, "mse": 0.3265330781405044, "N": 1234, "over_prob": 0.0, "under_prob": 0.1742627345844504, "over_counts": {"0": 746}, "under_counts": {"0": 616, "1": 110, "2": 12, "4": 3, "6": 2, "5": 1, "7": 1, "9": 1}, "avg_over_mag": 0.0, "avg_under_mag": 1.376923076923077, "avg_over": 0.0, "avg_under": 1.376923076923077}], [[0.55, 0.6000000000000001], {"acc": 0.5280437756497948, "nll": 1.1663315041242166, "mse": 0.3281771359255644, "N": 1462, "over_prob": 0.0, "under_prob": 0.2211180124223603, "over_counts": {"0": 805}, "under_counts": {"0": 627, "1": 142, "2": 27, "3": 4, "4": 2, "6": 1, "5": 1, "23": 1}, "avg_over_mag": 0.0, "avg_under_mag": 1.404494382022472, "avg_over": 0.0, "avg_under": 1.404494382022472}], [[0.6000000000000001, 0.65], {"acc": 0.5774309723889556, "nll": 1.0199354673057397, "mse": 0.2925466875321923, "N": 1666, "over_prob": 0.0, "under_prob": 0.2670520231213873, "over_counts": {"0": 865}, "under_counts": {"0": 634, "1": 179, "2": 33, "3": 9, "4": 4, "8": 2, "6": 2, "7": 1, "12": 1}, "avg_over_mag": 0.0, "avg_under_mag": 1.4502164502164503, "avg_over": 0.0, "avg_under": 1.4502164502164503}], [[0.65, 0.7000000000000001], {"acc": 0.6089803554724041, "nll": 1.0087637215769927, "mse": 0.2819638170211051, "N": 2138, "over_prob": 0.0, "under_prob": 0.3542739443872297, "over_counts": {"0": 971}, "under_counts": {"0": 627, "1": 251, "2": 57, "3": 16, "4": 7, "5": 4, "6": 4, "7": 2, "8": 2, "10": 1}, "avg_over_mag": 0.0, "avg_under_mag": 1.5261627906976745, "avg_over": 0.0, "avg_under": 1.5261627906976745}], [[0.7000000000000001, 0.75], {"acc": 0.6524024024024024, "nll": 1.0042610348766368, "mse": 0.2656514928156352, "N": 2664, "over_prob": 0.0, "under_prob": 0.4556603773584905, "over_counts": {"0": 1060}, "under_counts": {"0": 577, "1": 320, "2": 92, "3": 33, "4": 18, "6": 8, "5": 4, "9": 2, "12": 2, "13": 1, "18": 1, "11": 1, "10": 1}, "avg_over_mag": 0.0, "avg_under_mag": 1.7329192546583851, "avg_over": 0.0, "avg_under": 1.7329192546583851}], [[0.75, 0.8], {"acc": 0.6997780244173141, "nll": 0.9728133244163484, "mse": 0.24265043764796423, "N": 3604, "over_prob": 0.0, "under_prob": 0.5297029702970297, "over_counts": {"0": 1212}, "under_counts": {"0": 570, "1": 398, "2": 107, "3": 53, "4": 29, "5": 16, "6": 9, "8": 7, "9": 6, "7": 4, "10": 3, "13": 3, "11": 2, "15": 1, "17": 1, "30": 1, "12": 1, "22": 1}, "avg_over_mag": 0.0, "avg_under_mag": 2.0965732087227416, "avg_over": 0.0, "avg_under": 2.0965732087227416}], [[0.8, 0.8500000000000001], {"acc": 0.7347395930558148, "nll": 0.9389601373185424, "mse": 0.21957919852692687, "N": 5357, "over_prob": 0.0, "under_prob": 0.6841686555290374, "over_counts": {"0": 1257}, "under_counts": {"1": 425, "0": 397, "2": 180, "3": 80, "4": 38, "5": 26, "6": 17, "7": 16, "8": 11, "9": 10, "12": 8, "11": 8, "14": 7, "19": 5, "13": 4, "10": 4, "20": 3, "15": 3, "17": 2, "18": 2, "16": 2, "32": 2, "21": 2, "30": 1, "54": 1, "28": 1, "24": 1, "41": 1}, "avg_over_mag": 0.0, "avg_under_mag": 3.0906976744186045, "avg_over": 0.0, "avg_under": 3.0906976744186045}], [[0.8500000000000001, 0.9], {"acc": 0.7928790669122161, "nll": 0.8050212377643092, "mse": 0.17757816936505483, "N": 8145, "over_prob": 0.7205882352941176, "under_prob": 0.0, "over_counts": {"1": 413, "0": 361, "2": 156, "3": 108, "4": 69, "5": 30, "6": 29,