{"auc": 0.6886463001054659, "over_prob": 0.18851540616246498, "under_prob": 0.25630252100840334, "over_counts": {"0": 2897, "1": 254, "2": 146, "3": 61, "4": 47, "5": 19, "6": 18, "7": 16, "9": 15, "11": 9, "10": 8, "8": 8, "13": 8, "19": 6, "14": 6, "12": 6, "15": 4, "17": 3, "26": 3, "27": 3, "30": 2, "21": 2, "32": 2, "23": 2, "18": 2, "69": 2, "20": 2, "83": 2, "42": 2, "86": 1, "41": 1, "38": 1, "66": 1, "16": 1, "78": 1, "62": 1, "24": 1, "48": 1, "37": 1, "92": 1, "51": 1, "55": 1, "100": 1, "22": 1}, "under_counts": {"0": 2655, "1": 448, "2": 143, "3": 109, "4": 59, "5": 37, "6": 28, "7": 27, "8": 10, "10": 9, "9": 7, "11": 4, "13": 4, "55": 2, "21": 2, "52": 2, "23": 2, "50": 1, "39": 1, "26": 1, "33": 1, "70": 1, "58": 1, "28": 1, "42": 1, "27": 1, "53": 1, "25": 1, "18": 1, "78": 1, "40": 1, "34": 1, "12": 1, "29": 1, "16": 1, "101": 1, "32": 1, "64": 1, "14": 1}, "avg_over_mag": 5.566121842496285, "avg_under_mag": 3.67103825136612, "avg_over": 5.566121842496285, "avg_under": 3.67103825136612, "acc": 0.8567067033483191, "nll": 0.38706943152786694, "mse": 0.11673723209301018, "metrics_by_prob": [[[0.0, 0.05], {"acc": 0.9941060903732809, "nll": 0.04100688601379331, "mse": 0.0058282994034017585, "N": 509, "over_prob": 0.0, "under_prob": 0.0, "over_counts": {"0": 65}, "under_counts": {"0": 65}, "avg_over_mag": 0.0, "avg_under_mag": 0.0, "avg_over": 0.0, "avg_under": 0.0}], [[0.05, 0.1], {"acc": 1.0, "nll": 0.11548152797542484, "mse": 0.011931945576502475, "N": 12, "over_prob": 0.0, "under_prob": 0.0, "over_counts": {"0": 12}, "under_counts": {"0": 12}, "avg_over_mag": 0.0, "avg_under_mag": 0.0, "avg_over": 0.0, "avg_under": 0.0}], [[0.1, 0.15000000000000002], {"acc": 0.8611111111111112, "nll": 0.551865305857755, "mse": 0.13585792518324372, "N": 36, "over_prob": 0.0, "under_prob": 0.0, "over_counts": {"0": 31}, "under_counts": {"0": 31}, "avg_over_mag": 0.0, "avg_under_mag": 0.0, "avg_over": 0.0, "avg_under": 0.0}], [[0.15000000000000002, 0.2], {"acc": 0.8958333333333334, "nll": 0.3447379085138678, "mse": 0.09713190336571324, "N": 48, "over_prob": 0.0, "under_prob": 0.0, "over_counts": {"0": 30}, "under_counts": {"0": 30}, "avg_over_mag": 0.0, "avg_under_mag": 0.0, "avg_over": 0.0, "avg_under": 0.0}], [[0.2, 0.25], {"acc": 0.75, "nll": 0.5971819436228588, "mse": 0.19483129565491714, "N": 32, "over_prob": 0.0, "under_prob": 0.0, "over_counts": {"0": 20}, "under_counts": {"0": 20}, "avg_over_mag": 0.0, "avg_under_mag": 0.0, "avg_over": 0.0, "avg_under": 0.0}], [[0.25, 0.30000000000000004], {"acc": 0.6666666666666666, "nll": 0.6616730085051935, "mse": 0.22503441224105067, "N": 27, "over_prob": 0.0, "under_prob": 0.0, "over_counts": {"0": 20}, "under_counts": {"0": 20}, "avg_over_mag": 0.0, "avg_under_mag": 0.0, "avg_over": 0.0, "avg_under": 0.0}], [[0.30000000000000004, 0.35000000000000003], {"acc": 0.5952380952380952, "nll": 0.6916950835277842, "mse": 0.24765085666799083, "N": 42, "over_prob": 0.0, "under_prob": 0.0, "over_counts": {"0": 40}, "under_counts": {"0": 40}, "avg_over_mag": 0.0, "avg_under_mag": 0.0, "avg_over": 0.0, "avg_under": 0.0}], [[0.35000000000000003, 0.4], {"acc": 0.5606060606060606, "nll": 0.6979432933365648, "mse": 0.25162812746989316, "N": 66, "over_prob": 0.0, "under_prob": 0.0, "over_counts": {"0": 66}, "under_counts": {"0": 66}, "avg_over_mag": 0.0, "avg_under_mag": 0.0, "avg_over": 0.0, "avg_under": 0.0}], [[0.4, 0.45], {"acc": 0.5227272727272727, "nll": 0.7184133421210522, "mse": 0.2610745417680039, "N": 44, "over_prob": 0.0, "under_prob": 0.0, "over_counts": {"0": 43}, "under_counts": {"0": 43}, "avg_over_mag": 0.0, "avg_under_mag": 0.0, "avg_over": 0.0, "avg_under": 0.0}], [[0.45, 0.5], {"acc": 0.4537037037037037, "nll": 0.7205930299023316, "mse": 0.26308396268727213, "N": 108, "over_prob": 0.0, "under_prob": 0.0, "over_counts": {"0": 104}, "under_counts": {"0": 104}, "avg_over_mag": 0.0, "avg_under_mag": 0.0, "avg_over": 0.0, "avg_under": 0.0}], [[0.5, 0.55], {"acc": 0.45652173913043476, "nll": 0.7280584740081879, "mse": 0.267028464690918, "N": 184, "over_prob": 0.0, "under_prob": 0.0, "over_counts": {"0": 180}, "under_counts": {"0": 180}, "avg_over_mag": 0.0, "avg_under_mag": 0.0, "avg_over": 0.0, "avg_under": 0.0}], [[0.55, 0.6000000000000001], {"acc": 0.5545722713864307, "nll": 0.6971953197941221, "mse": 0.25121489298584254, "N": 339, "over_prob": 0.0, "under_prob": 0.007168458781361964, "over_counts": {"0": 279}, "under_counts": {"0": 277, "1": 2}, "avg_over_mag": 0.0, "avg_under_mag": 1.0, "avg_over": 0.0, "avg_under": 1.0}], [[0.6000000000000001, 0.65], {"acc": 0.6149019607843137, "nll": 0.6777855958447142, "mse": 0.24134121305320466, "N": 1275, "over_prob": 0.0, "under_prob": 0.014388489208633115, "over_counts": {"0": 417}, "under_counts": {"0": 411, "1": 6}, "avg_over_mag": 0.0, "avg_under_mag": 1.0, "avg_over": 0.0, "avg_under": 1.0}], [[0.65, 0.7000000000000001], {"acc": 0.6864495798319328, "nll": 0.6304944587184133, "mse": 0.2185058442487858, "N": 1904, "over_prob": 0.0, "under_prob": 0.04102564102564099, "over_counts": {"0": 585}, "under_counts": {"0": 561, "1": 21, "2": 2, "4": 1}, "avg_over_mag": 0.0, "avg_under_mag": 1.2083333333333333, "avg_over": 0.0, "avg_under": 1.2083333333333333}], [[0.7000000000000001, 0.75], {"acc": 0.7243180499129426, "nll": 0.5997940661460411, "mse": 0.20330426069636992, "N": 3446, "over_prob": 0.0, "under_prob": 0.10885167464114831, "over_counts": {"0": 836}, "under_counts": {"0": 745, "1": 65, "2": 18, "3": 6, "4": 2}, "avg_over_mag": 0.0, "avg_under_mag": 1.3956043956043955, "avg_over": 0.0, "avg_under": 1.3956043956043955}], [[0.75, 0.8], {"acc": 0.7726944377558391, "nll": 0.5451229409890833, "mse": 0.17808238988054859, "N": 4153, "over_prob": 0.0, "under_prob": 0.3158494868871151, "over_counts": {"0": 877}, "under_counts": {"0": 600, "1": 182, "2": 48, "3": 23, "4": 9, "5": 6, "6": 4, "7": 3, "8": 2}, "avg_over_mag": 0.0, "avg_under_mag": 1.711191335740072, "avg_over": 0.0, "avg_under": 1.711191335740072}], [[0.8, 0.8500000000000001], {"acc": 0.8330840906476475, "nll": 0.4590846784046352, "mse": 0.14119629682156332, "N": 8693, "over_prob": 0.0, "under_prob": 0.6110019646365422, "over_counts": {"0": 1018}, "under_counts": {"0": 396, "1": 291, "2": 99, "3": 61, "4": 44, "5": 28, "7": 21, "6": 19, "8": 10, "10": 8, "13": 4, "9": 4, "11": 3, "21": 2, "23": 2, "52": 2, "55": 2, "26": 1, "33": 1, "70": 1, "39": 1, "50": 1, "58": 1, "28": 1, "42": 1, "27": 1, "53": 1, "25": 1, "18": 1, "78": 1, "40": 1, "34": 1, "12": 1, "29": 1, "16": 1, "101": 1, "32": 1, "64": 1, "14": 1}, "avg_over_mag": 0.0, "avg_under_mag": 4.37459807073955, "avg_over": 0.0, "avg_under": 4.37459807073955}], [[0.8500000000000001, 0.9], {"acc": 0.8780834479596515, "nll": 0.3777464352495634, "mse": 0.10864661992002317, "N": 21810, "over_prob": 0.5733855185909981, "under_prob": 0.0, "over_counts": {"0": 436, "1": 218, "2": 119, "3": 50, "4": 41, "5": 21, "6": 17, "9": 14, "7": 11, "8": 10, "10": 7, "12": 7, "13": 7, "11": 6, "19": 6, "14": 6, "15": 4, "26": 3, "17": 3, "27": 3, "42": 2, "83": 2, "20": 2, "69": 2, "23": 2, "32": 2, "21": 2, "30": 2, "18": 2, "66": 1, "16": 1, "86": 1, "41": 1, "38": 1, "24": 1, "62": 1, "100": 1, "48": 1, "37": 1, "92": 1, "78": 1, "51": 1, "55": 1, "22": 1}, "under_counts": {"0": 1022}, "avg_over_mag": 6.025597269624574, "avg_under_mag": 0.0, "avg_over": 6.025597269624574, "avg_under": 0.0}], [[0.9, 0.9500000000000001], {"acc": 0.9223388551746761, "nll": 0.2747927937976553, "mse": 0.07193572605605887, "N": 12194, "over_prob": 0.1991279069767442, "under_prob": 0.0, "over_counts": {"0": 551, "1": 90, "2": 33, "3": 9, "4": 2, "6": 2, "5": 1}, "under_counts": {"0": 688}, "avg_over_mag": 1.5182481751824817, "avg_under_mag": 0.0, "avg_over": 1.5182481751824817, "avg_under": 0.0}], [[0.9500000000000001, 1.0], {"acc": 0.9795309168443497, "nll": 0.09546977556431054, "mse": 0.02018504567589977, "N": 4690, "over_prob": 0.02868852459016391, "under_prob": 0.0, "over_counts": {"0": 237,