{"over_prob": 0.061115717162146144, "under_prob": 0.6227644202297762, "over_counts": {"0": 7927, "1": 318, "2": 102, "3": 35, "4": 18, "7": 10, "8": 6, "5": 6, "10": 5, "6": 3, "13": 3, "14": 1, "35": 1, "18": 1, "12": 1, "15": 1, "23": 1, "21": 1, "42": 1, "9": 1, "17": 1}, "under_counts": {"0": 3185, "1": 1879, "2": 1044, "3": 638, "4": 504, "5": 307, "6": 213, "7": 167, "8": 106, "9": 82, "10": 74, "11": 55, "12": 39, "15": 24, "13": 21, "14": 18, "16": 13, "17": 10, "19": 9, "23": 6, "20": 5, "25": 5, "27": 5, "18": 5, "22": 4, "34": 3, "30": 3, "24": 3, "21": 2, "31": 2, "40": 1, "37": 1, "58": 1, "39": 1, "32": 1, "46": 1, "41": 1, "54": 1, "35": 1, "45": 1, "47": 1, "38": 1}, "avg_over_mag": 2.248062015503876, "avg_under_mag": 3.4743248383415746, "avg_over": 2.248062015503876, "avg_under": 3.4743248383415746, "acc": 0.5931589606288401, "auc": 0.6035653097023005, "nll": 1.111932822104067, "mse": 0.29443003658463257, "metrics_by_prob": [[[0.0, 0.05], {"acc": 0.7656565656565657, "nll": 0.6520505571466501, "mse": 0.1667206751409041, "N": 495, "over_prob": 0.0, "under_prob": 0.30000000000000004, "over_counts": {"0": 30}, "under_counts": {"0": 21, "2": 3, "1": 3, "5": 1, "17": 1, "4": 1}, "avg_over_mag": 0.0, "avg_under_mag": 3.888888888888889, "avg_over": 0.0, "avg_under": 3.888888888888889}], [[0.05, 0.1], {"acc": 0.7088815789473685, "nll": 0.7879433593389583, "mse": 0.21219291707329715, "N": 608, "over_prob": 0.0, "under_prob": 0.30000000000000004, "over_counts": {"0": 90}, "under_counts": {"0": 63, "1": 15, "2": 8, "3": 2, "6": 1, "4": 1}, "avg_over_mag": 0.0, "avg_under_mag": 1.7407407407407407, "avg_over": 0.0, "avg_under": 1.7407407407407407}], [[0.1, 0.15000000000000002], {"acc": 0.6741176470588235, "nll": 0.8407100466420926, "mse": 0.23371803877806405, "N": 850, "over_prob": 0.0, "under_prob": 0.21084337349397586, "over_counts": {"0": 166}, "under_counts": {"0": 131, "1": 24, "2": 7, "3": 2, "14": 1, "5": 1}, "avg_over_mag": 0.0, "avg_under_mag": 1.8, "avg_over": 0.0, "avg_under": 1.8}], [[0.15000000000000002, 0.2], {"acc": 0.6142735768903993, "nll": 1.0207344224103478, "mse": 0.2780608196217809, "N": 1177, "over_prob": 0.0, "under_prob": 0.28838951310861427, "over_counts": {"0": 267}, "under_counts": {"0": 190, "1": 43, "2": 18, "3": 11, "4": 2, "7": 1, "5": 1, "10": 1}, "avg_over_mag": 0.0, "avg_under_mag": 1.844155844155844, "avg_over": 0.0, "avg_under": 1.844155844155844}], [[0.2, 0.25], {"acc": 0.5810553083280356, "nll": 1.1018888799433042, "mse": 0.30191040107249345, "N": 1573, "over_prob": 0.0, "under_prob": 0.32839506172839505, "over_counts": {"0": 405}, "under_counts": {"0": 272, "1": 100, "2": 23, "3": 4, "6": 2, "4": 2, "5": 2}, "avg_over_mag": 0.0, "avg_under_mag": 1.413533834586466, "avg_over": 0.0, "avg_under": 1.413533834586466}], [[0.25, 0.30000000000000004], {"acc": 0.5496217178460169, "nll": 1.1579917338213706, "mse": 0.3221120802812642, "N": 2247, "over_prob": 0.0, "under_prob": 0.36617405582922824, "over_counts": {"0": 609}, "under_counts": {"0": 386, "1": 148, "2": 44, "3": 25, "4": 3, "9": 1, "6": 1, "7": 1}, "avg_over_mag": 0.0, "avg_under_mag": 1.547085201793722, "avg_over": 0.0, "avg_under": 1.547085201793722}], [[0.30000000000000004, 0.35000000000000003], {"acc": 0.508273381294964, "nll": 1.2173436314907458, "mse": 0.3408108083411186, "N": 2780, "over_prob": 0.0, "under_prob": 0.3816300129366106, "over_counts": {"0": 773}, "under_counts": {"0": 478, "1": 188, "2": 63, "3": 25, "4": 8, "5": 7, "6": 2, "7": 1, "8": 1}, "avg_over_mag": 0.0, "avg_under_mag": 1.6372881355932203, "avg_over": 0.0, "avg_under": 1.6372881355932203}], [[0.35000000000000003, 0.4], {"acc": 0.49604221635883905, "nll": 1.2208597063707245, "mse": 0.34844671025082835, "N": 3411, "over_prob": 0.0, "under_prob": 0.4458077709611452, "over_counts": {"0": 978}, "under_counts": {"0": 542, "1": 283, "2": 91, "3": 37, "4": 19, "6": 3, "5": 2, "8": 1}, "avg_over_mag": 0.0, "avg_under_mag": 1.5779816513761469, "avg_over": 0.0, "avg_under": 1.5779816513761469}], [[0.4, 0.45], {"acc": 0.49887133182844245, "nll": 1.2739075669579323, "mse": 0.35228596094979897, "N": 3987, "over_prob": 0.0, "under_prob": 0.46683459277917716, "over_counts": {"0": 1191}, "under_counts": {"0": 635, "1": 330, "2": 140, "3": 49, "4": 21, "5": 11, "7": 3, "8": 1, "6": 1}, "avg_over_mag": 0.0, "avg_under_mag": 1.6744604316546763, "avg_over": 0.0, "avg_under": 1.6744604316546763}], [[0.45, 0.5], {"acc": 0.5052061640982923, "nll": 1.2556977527436834, "mse": 0.3470816959686844, "N": 4802, "over_prob": 0.0, "under_prob": 0.5337118523775728, "over_counts": {"0": 1409}, "under_counts": {"0": 657, "1": 444, "2": 194, "3": 51, "4": 31, "5": 18, "6": 5, "7": 4, "8": 3, "10": 1, "9": 1}, "avg_over_mag": 0.0, "avg_under_mag": 1.7287234042553192, "avg_over": 0.0, "avg_under": 1.7287234042553192}], [[0.5, 0.55], {"acc": 0.5091282051282051, "nll": 1.2733440714998996, "mse": 0.34841299798924774, "N": 4875, "over_prob": 0.0, "under_prob": 0.5734312416555407, "over_counts": {"0": 1498}, "under_counts": {"0": 639, "1": 492, "2": 211, "3": 81, "4": 40, "5": 18, "6": 10, "7": 3, "10": 2, "8": 1, "9": 1}, "avg_over_mag": 0.0, "avg_under_mag": 1.7753201396973224, "avg_over": 0.0, "avg_under": 1.7753201396973224}], [[0.55, 0.6000000000000001], {"acc": 0.5258119016331894, "nll": 1.246790898458627, "mse": 0.3379546265601026, "N": 5327, "over_prob": 0.0, "under_prob": 0.5834840265220012, "over_counts": {"0": 1659}, "under_counts": {"0": 691, "1": 527, "2": 241, "3": 98, "4": 55, "5": 18, "6": 12, "8": 6, "7": 6, "9": 3, "10": 2}, "avg_over_mag": 0.0, "avg_under_mag": 1.8822314049586777, "avg_over": 0.0, "avg_under": 1.8822314049586777}], [[0.6000000000000001, 0.65], {"acc": 0.5695890929748154, "nll": 1.178486199053519, "mse": 0.31014936986089164, "N": 5281, "over_prob": 0.0, "under_prob": 0.6342165898617511, "over_counts": {"0": 1736}, "under_counts": {"0": 635, "1": 620, "2": 243, "3": 112, "4": 61, "5": 30, "6": 14, "7": 9, "9": 7, "8": 3, "11": 2}, "avg_over_mag": 0.0, "avg_under_mag": 1.9000908265213443, "avg_over": 0.0, "avg_under": 1.9000908265213443}], [[0.65, 0.7000000000000001], {"acc": 0.6009696065634906, "nll": 1.123967189464067, "mse": 0.29204595446758613, "N": 5363, "over_prob": 0.0, "under_prob": 0.6681564245810057, "over_counts": {"0": 1790}, "under_counts": {"1": 642, "0": 594, "2": 276, "3": 137, "4": 66, "5": 31, "6": 21, "7": 13, "9": 5, "8": 4, "11": 1}, "avg_over_mag": 0.0, "avg_under_mag": 1.9473244147157192, "avg_over": 0.0, "avg_under": 1.9473244147157192}], [[0.7000000000000001, 0.75], {"acc": 0.6487981280578601, "nll": 1.051712695831504, "mse": 0.26719441363381835, "N": 4701, "over_prob": 0.0, "under_prob": 0.7069575471698113, "over_counts": {"0": 1696}, "under_counts": {"1": 641, "0": 497, "2": 332, "3": 117, "4": 57, "5": 26, "6": 15, "7": 4, "9": 3, "8": 2, "16": 1, "10": 1}, "avg_over_mag": 0.0, "avg_under_mag": 1.8356964136780651, "avg_over": 0.0, "avg_under": 1.8356964136780651}], [[0.75, 0.8], {"acc": 0.701816347124117, "nll": 0.9879293866769682, "mse": 0.23266479560472286, "N": 3964, "over_prob": 0.0, "under_prob": 0.7362565445026178, "over_counts": {"0": 1528}, "under_counts": {"1": 572, "0": 403, "2": 304, "3": 123, "4": 70, "5": 23, "6": 18, "7": 9, "9": 2, "8": 2, "10": 1, "11": 1}, "avg_over_mag": 0.0, "avg_under_mag": 1.9288888888888889, "avg_over": 0.0, "avg_under": 1.9288888888888889}], [[0.8, 0.8500000000000001], {"acc": 0.7475451377890402, "nll": 0.8782021658222321, "mse": 0.2007421280521671, "N": 3157, "over_prob": 0.0, "under_prob": 0.78149300155521, "over_counts": {"0": 1286}, "under_counts": {"1": 500, "0": 281, "2": 277, "3": 138, "4": 49, "5": 19, "6": 12, "7": 7, "9": 1, "10": 1, "8": 1}, "avg_over_mag": 0.0, "avg_under_mag": 1.8975124378109454, "avg_over": 0.0, "avg_under": 1.8975124378109454}], [[0.8500000000000001, 0.9], {"acc": 0.821330902461258, "nll": 0.7075058510033714, "mse": 0.15235900004027159, "N": 2194, "over_prob": 0.46674311926605505,