{"over_prob": 0.08740176232436292, "under_prob": 0.009883305548940235, "over_counts": {"0": 15328, "1": 667, "2": 336, "3": 162, "4": 114, "5": 55, "7": 35, "6": 33, "8": 18, "9": 10, "10": 7, "14": 7, "13": 5, "11": 5, "12": 3, "20": 3, "16": 2, "15": 2, "25": 1, "19": 1, "29": 1, "28": 1}, "under_counts": {"0": 16630, "1": 112, "2": 27, "3": 10, "5": 7, "4": 5, "6": 3, "11": 1, "7": 1}, "avg_over_mag": 2.5749318801089918, "avg_under_mag": 1.7289156626506024, "avg_over": 2.5749318801089918, "avg_under": 1.7289156626506024, "acc": 0.6128147128245476, "auc": 0.6528208709015261, "nll": 0.6491380793984362, "mse": 0.22984785161004534, "metrics_by_prob": [[[0.0, 0.05], {"acc": 0.9556812824139557, "nll": 0.11854510760802558, "mse": 0.030290551108225303, "N": 2121, "over_prob": 0.0, "under_prob": 0.0, "over_counts": {"0": 345}, "under_counts": {"0": 345}, "avg_over_mag": 0.0, "avg_under_mag": 0.0, "avg_over": 0.0, "avg_under": 0.0}], [[0.05, 0.1], {"acc": 0.8746465598491989, "nll": 0.4378031718269898, "mse": 0.13201136315689863, "N": 1061, "over_prob": 0.0, "under_prob": 0.0, "over_counts": {"0": 373}, "under_counts": {"0": 373}, "avg_over_mag": 0.0, "avg_under_mag": 0.0, "avg_over": 0.0, "avg_under": 0.0}], [[0.1, 0.15000000000000002], {"acc": 0.7624341720304272, "nll": 0.5572553963327241, "mse": 0.18500171179328337, "N": 1709, "over_prob": 0.0, "under_prob": 0.0, "over_counts": {"0": 677}, "under_counts": {"0": 677}, "avg_over_mag": 0.0, "avg_under_mag": 0.0, "avg_over": 0.0, "avg_under": 0.0}], [[0.15000000000000002, 0.2], {"acc": 0.706786171574904, "nll": 0.6147907549213711, "mse": 0.21161483325377956, "N": 2343, "over_prob": 0.0, "under_prob": 0.0, "over_counts": {"0": 1092}, "under_counts": {"0": 1092}, "avg_over_mag": 0.0, "avg_under_mag": 0.0, "avg_over": 0.0, "avg_under": 0.0}], [[0.2, 0.25], {"acc": 0.6544165054803353, "nll": 0.6500594883986821, "mse": 0.22861830527732938, "N": 3102, "over_prob": 0.0, "under_prob": 0.0, "over_counts": {"0": 1575}, "under_counts": {"0": 1575}, "avg_over_mag": 0.0, "avg_under_mag": 0.0, "avg_over": 0.0, "avg_under": 0.0}], [[0.25, 0.30000000000000004], {"acc": 0.5845845845845846, "nll": 0.6785624830692386, "mse": 0.24248952736390933, "N": 3996, "over_prob": 0.0, "under_prob": 0.0, "over_counts": {"0": 2125}, "under_counts": {"0": 2125}, "avg_over_mag": 0.0, "avg_under_mag": 0.0, "avg_over": 0.0, "avg_under": 0.0}], [[0.30000000000000004, 0.35000000000000003], {"acc": 0.5433991186050967, "nll": 0.6955035749464477, "mse": 0.2507735701015234, "N": 5219, "over_prob": 0.0, "under_prob": 0.0, "over_counts": {"0": 2722}, "under_counts": {"0": 2722}, "avg_over_mag": 0.0, "avg_under_mag": 0.0, "avg_over": 0.0, "avg_under": 0.0}], [[0.35000000000000003, 0.4], {"acc": 0.5007961783439491, "nll": 0.7018230693525119, "mse": 0.25401320097262137, "N": 6280, "over_prob": 0.0, "under_prob": 0.0, "over_counts": {"0": 3278}, "under_counts": {"0": 3278}, "avg_over_mag": 0.0, "avg_under_mag": 0.0, "avg_over": 0.0, "avg_under": 0.0}], [[0.4, 0.45], {"acc": 0.4851692146870508, "nll": 0.7080943537754232, "mse": 0.25696177511467155, "N": 7653, "over_prob": 0.0, "under_prob": 0.0, "over_counts": {"0": 3934}, "under_counts": {"0": 3934}, "avg_over_mag": 0.0, "avg_under_mag": 0.0, "avg_over": 0.0, "avg_under": 0.0}], [[0.45, 0.5], {"acc": 0.4915412437288531, "nll": 0.7046717865554847, "mse": 0.2554121854630427, "N": 8571, "over_prob": 0.0, "under_prob": 0.0004536176003628878, "over_counts": {"0": 4409}, "under_counts": {"0": 4407, "1": 2}, "avg_over_mag": 0.0, "avg_under_mag": 1.0, "avg_over": 0.0, "avg_under": 1.0}], [[0.5, 0.55], {"acc": 0.5090328266137916, "nll": 0.7046869070901323, "mse": 0.25539297568677854, "N": 9078, "over_prob": 0.0, "under_prob": 0.0008479966080136014, "over_counts": {"0": 4717}, "under_counts": {"0": 4713, "1": 4}, "avg_over_mag": 0.0, "avg_under_mag": 1.0, "avg_over": 0.0, "avg_under": 1.0}], [[0.55, 0.6000000000000001], {"acc": 0.5438394816595256, "nll": 0.6968459290517093, "mse": 0.2513639190385295, "N": 9569, "over_prob": 0.0, "under_prob": 0.0022088353413655115, "over_counts": {"0": 4980}, "under_counts": {"0": 4969, "1": 11}, "avg_over_mag": 0.0, "avg_under_mag": 1.0, "avg_over": 0.0, "avg_under": 1.0}], [[0.6000000000000001, 0.65], {"acc": 0.5864126452423323, "nll": 0.6813247800046038, "mse": 0.2437392137026778, "N": 9553, "over_prob": 0.0, "under_prob": 0.003941091059946111, "over_counts": {"0": 4821}, "under_counts": {"0": 4802, "1": 17, "3": 1, "2": 1}, "avg_over_mag": 0.0, "avg_under_mag": 1.1578947368421053, "avg_over": 0.0, "avg_under": 1.1578947368421053}], [[0.65, 0.7000000000000001], {"acc": 0.6390819816837692, "nll": 0.6625445274450467, "mse": 0.2345064301656859, "N": 9063, "over_prob": 0.0, "under_prob": 0.007112691709268759, "over_counts": {"0": 4499}, "under_counts": {"0": 4467, "1": 21, "2": 9, "3": 2}, "avg_over_mag": 0.0, "avg_under_mag": 1.40625, "avg_over": 0.0, "avg_under": 1.40625}], [[0.7000000000000001, 0.75], {"acc": 0.6785483662663051, "nll": 0.6398750243082792, "mse": 0.22363697874010494, "N": 7743, "over_prob": 0.0, "under_prob": 0.009264024704065843, "over_counts": {"0": 3886}, "under_counts": {"0": 3850, "1": 31, "3": 3, "2": 2}, "avg_over_mag": 0.0, "avg_under_mag": 1.2222222222222223, "avg_over": 0.0, "avg_under": 1.2222222222222223}], [[0.75, 0.8], {"acc": 0.7378277153558053, "nll": 0.6052045983458596, "mse": 0.207378536583391, "N": 6141, "over_prob": 0.0, "under_prob": 0.016154085119602368, "over_counts": {"0": 3219}, "under_counts": {"0": 3167, "1": 41, "2": 9, "4": 1, "3": 1}, "avg_over_mag": 0.0, "avg_under_mag": 1.2692307692307692, "avg_over": 0.0, "avg_under": 1.2692307692307692}], [[0.8, 0.8500000000000001], {"acc": 0.8015963511972634, "nll": 0.5640936073556513, "mse": 0.18797537159493824, "N": 4385, "over_prob": 0.0, "under_prob": 0.02765185856754304, "over_counts": {"0": 2206}, "under_counts": {"0": 2145, "1": 48, "3": 5, "2": 4, "7": 2, "4": 2}, "avg_over_mag": 0.0, "avg_under_mag": 1.5245901639344261, "avg_over": 0.0, "avg_under": 1.5245901639344261}], [[0.8500000000000001, 0.9], {"acc": 0.8615851346226773, "nll": 0.5036270470520082, "mse": 0.16094967478350483, "N": 2637, "over_prob": 0.9726775956284153, "under_prob": 0.0, "over_counts": {"1": 666, "2": 300, "3": 128, "4": 70, "0": 35, "5": 25, "6": 23, "7": 10, "8": 7, "9": 5, "10": 3, "16": 2, "13": 2, "11": 2, "15": 1, "17": 1, "12": 1}, "under_counts": {"0": 1281}, "avg_over_mag": 2.0208667736757624, "avg_under_mag": 0.0, "avg_over": 2.0208667736757624, "avg_under": 0.0}], [[0.9, 0.9500000000000001], {"acc": 0.9096826688364524, "nll": 0.4316897373101419, "mse": 0.1298209749698766, "N": 1229, "over_prob": 0.9453924914675768, "under_prob": 0.0, "over_counts": {"1": 323, "2": 126, "3": 41, "0": 32, "4": 25, "5": 16, "6": 11, "9": 3, "7": 2, "10": 2, "8": 2, "13": 1, "17": 1, "12": 1}, "under_counts": {"0": 586}, "avg_over_mag": 1.9187725631768953, "avg_under_mag": 0.0, "avg_over": 1.9187725631768953, "avg_under": 0.0}], [[0.9500000000000001, 1.0], {"acc": 0.947136563876652, "nll": 0.3949057251244479, "mse": 0.11413611058898156, "N": 227, "over_prob": 0.9113924050632911, "under_prob": 0.0, "over_counts": {"1": 108, "2": 25, "0": 14, "3": 8, "5": 1, "4": 1, "8": 1}, "under_counts": {"0": 158}, "avg_over_mag": 1.3819444444444444, "avg_under_mag": 0.0, "avg_over": 1.3819444444444444, "avg_under": 0.0}]]}