{"auc": 0.6789291796105462, "over_prob": 0.18861851422685727, "under_prob": 0.1351014977897944, "over_counts": {"0": 18906, "1": 1885, "2": 1401, "3": 766, "4": 154, "5": 91, "6": 62, "7": 14, "8": 11, "9": 6, "11": 2, "10": 1, "14": 1, "13": 1}, "under_counts": {"0": 20153, "1": 2652, "2": 466, "3": 17, "4": 13}, "avg_over_mag": 1.985665529010239, "avg_under_mag": 1.1712198221092758, "avg_over": 1.985665529010239, "avg_under": 1.1712198221092758, "acc": 0.6775091664257786, "nll": 0.6036328336993554, "mse": 0.20785704974595778, "metrics_by_prob": [[[0.0, 0.05], {"acc": 0.9792899408284024, "nll": 0.2387584573297065, "mse": 0.05082907500395567, "N": 338, "over_prob": 0.0, "under_prob": 0.0, "over_counts": {"0": 39}, "under_counts": {"0": 39}, "avg_over_mag": 0.0, "avg_under_mag": 0.0, "avg_over": 0.0, "avg_under": 0.0}], [[0.05, 0.1], {"acc": 0.9211045364891519, "nll": 0.3749448331367199, "mse": 0.10356292249653884, "N": 507, "over_prob": 0.0, "under_prob": 0.0, "over_counts": {"0": 95}, "under_counts": {"0": 95}, "avg_over_mag": 0.0, "avg_under_mag": 0.0, "avg_over": 0.0, "avg_under": 0.0}], [[0.1, 0.15000000000000002], {"acc": 0.8790087463556852, "nll": 0.4639925956912164, "mse": 0.14168991599877684, "N": 686, "over_prob": 0.0, "under_prob": 0.0, "over_counts": {"0": 163}, "under_counts": {"0": 163}, "avg_over_mag": 0.0, "avg_under_mag": 0.0, "avg_over": 0.0, "avg_under": 0.0}], [[0.15000000000000002, 0.2], {"acc": 0.8135416666666667, "nll": 0.5380313174056279, "mse": 0.17537829139162017, "N": 960, "over_prob": 0.0, "under_prob": 0.0, "over_counts": {"0": 280}, "under_counts": {"0": 280}, "avg_over_mag": 0.0, "avg_under_mag": 0.0, "avg_over": 0.0, "avg_under": 0.0}], [[0.2, 0.25], {"acc": 0.7303030303030303, "nll": 0.6028870636842146, "mse": 0.20601032191202975, "N": 1320, "over_prob": 0.0, "under_prob": 0.0, "over_counts": {"0": 429}, "under_counts": {"0": 429}, "avg_over_mag": 0.0, "avg_under_mag": 0.0, "avg_over": 0.0, "avg_under": 0.0}], [[0.25, 0.30000000000000004], {"acc": 0.6694870438921205, "nll": 0.6422833968722843, "mse": 0.22491572314411226, "N": 1891, "over_prob": 0.0, "under_prob": 0.0, "over_counts": {"0": 680}, "under_counts": {"0": 680}, "avg_over_mag": 0.0, "avg_under_mag": 0.0, "avg_over": 0.0, "avg_under": 0.0}], [[0.30000000000000004, 0.35000000000000003], {"acc": 0.5996621621621622, "nll": 0.6715735710752917, "mse": 0.23921733753075697, "N": 2960, "over_prob": 0.0, "under_prob": 0.0, "over_counts": {"0": 1055}, "under_counts": {"0": 1055}, "avg_over_mag": 0.0, "avg_under_mag": 0.0, "avg_over": 0.0, "avg_under": 0.0}], [[0.35000000000000003, 0.4], {"acc": 0.5354204753199269, "nll": 0.6979394160595008, "mse": 0.2519436732863909, "N": 4376, "over_prob": 0.0, "under_prob": 0.0, "over_counts": {"0": 1558}, "under_counts": {"0": 1558}, "avg_over_mag": 0.0, "avg_under_mag": 0.0, "avg_over": 0.0, "avg_under": 0.0}], [[0.4, 0.45], {"acc": 0.5033288948069241, "nll": 0.7114957957919763, "mse": 0.2585920258532544, "N": 6008, "over_prob": 0.0, "under_prob": 0.0, "over_counts": {"0": 2182}, "under_counts": {"0": 2182}, "avg_over_mag": 0.0, "avg_under_mag": 0.0, "avg_over": 0.0, "avg_under": 0.0}], [[0.45, 0.5], {"acc": 0.5055493203641351, "nll": 0.7140282821946354, "mse": 0.2596327296258008, "N": 8019, "over_prob": 0.0, "under_prob": 0.001368925393566034, "over_counts": {"0": 2922}, "under_counts": {"0": 2918, "1": 4}, "avg_over_mag": 0.0, "avg_under_mag": 1.0, "avg_over": 0.0, "avg_under": 1.0}], [[0.5, 0.55], {"acc": 0.5085858585858586, "nll": 0.7101472613650549, "mse": 0.25770425478358044, "N": 9900, "over_prob": 0.0, "under_prob": 0.004071661237785018, "over_counts": {"0": 3684}, "under_counts": {"0": 3669, "1": 15}, "avg_over_mag": 0.0, "avg_under_mag": 1.0, "avg_over": 0.0, "avg_under": 1.0}], [[0.55, 0.6000000000000001], {"acc": 0.5488133310890423, "nll": 0.7026816116725886, "mse": 0.2535083110646213, "N": 11882, "over_prob": 0.0, "under_prob": 0.00721311475409836, "over_counts": {"0": 4575}, "under_counts": {"0": 4542, "1": 33}, "avg_over_mag": 0.0, "avg_under_mag": 1.0, "avg_over": 0.0, "avg_under": 1.0}], [[0.6000000000000001, 0.65], {"acc": 0.6098513865481845, "nll": 0.6791332475755395, "mse": 0.24188639692507158, "N": 13054, "over_prob": 0.0, "under_prob": 0.017961807525051943, "over_counts": {"0": 5289}, "under_counts": {"0": 5194, "1": 95}, "avg_over_mag": 0.0, "avg_under_mag": 1.0, "avg_over": 0.0, "avg_under": 1.0}], [[0.65, 0.7000000000000001], {"acc": 0.6659335825819221, "nll": 0.6496708985615777, "mse": 0.22737152835728167, "N": 13641, "over_prob": 0.0, "under_prob": 0.03102913290811926, "over_counts": {"0": 5801}, "under_counts": {"0": 5621, "1": 177, "2": 3}, "avg_over_mag": 0.0, "avg_under_mag": 1.0166666666666666, "avg_over": 0.0, "avg_under": 1.0166666666666666}], [[0.7000000000000001, 0.75], {"acc": 0.7160163403296239, "nll": 0.6109404564387881, "mse": 0.20890978868696902, "N": 14198, "over_prob": 0.0, "under_prob": 0.07830654146108551, "over_counts": {"0": 6283}, "under_counts": {"0": 5791, "1": 477, "2": 14, "3": 1}, "avg_over_mag": 0.0, "avg_under_mag": 1.032520325203252, "avg_over": 0.0, "avg_under": 1.032520325203252}], [[0.75, 0.8], {"acc": 0.7693992262208921, "nll": 0.5594162477878102, "mse": 0.18492942753043523, "N": 13699, "over_prob": 0.0, "under_prob": 0.14269823613538857, "over_counts": {"0": 6293}, "under_counts": {"0": 5395, "1": 846, "2": 48, "3": 4}, "avg_over_mag": 0.0, "avg_under_mag": 1.0623608017817372, "avg_over": 0.0, "avg_under": 1.0623608017817372}], [[0.8, 0.8500000000000001], {"acc": 0.8235533490681208, "nll": 0.49175579948182924, "mse": 0.1548495743378619, "N": 12287, "over_prob": 0.0, "under_prob": 0.2920232796987333, "over_counts": {"0": 5842}, "under_counts": {"0": 4136, "1": 1531, "2": 165, "3": 6, "4": 4}, "avg_over_mag": 0.0, "avg_under_mag": 1.1107854630715124, "avg_over": 0.0, "avg_under": 1.1107854630715124}], [[0.8500000000000001, 0.9], {"acc": 0.8697179460688088, "nll": 0.40996380664804316, "mse": 0.12097344708162111, "N": 9679, "over_prob": 0.7279040404040404, "under_prob": 0.0, "over_counts": {"1": 1655, "0": 1293, "2": 997, "3": 593, "4": 89, "5": 55, "6": 45, "7": 11, "8": 11, "10": 1, "12": 1, "9": 1}, "under_counts": {"0": 4752}, "avg_over_mag": 1.8863833477883782, "avg_under_mag": 0.0, "avg_over": 1.8863833477883782, "avg_under": 0.0}], [[0.9, 0.9500000000000001], {"acc": 0.9233988355167394, "nll": 0.2973574833881968, "mse": 0.07785045405370306, "N": 5496, "over_prob": 0.5370650529500756, "under_prob": 0.0, "over_counts": {"0": 1224, "1": 899, "2": 372, "3": 115, "4": 22, "5": 7, "6": 4, "7": 1}, "under_counts": {"0": 2644}, "avg_over_mag": 1.508450704225352, "avg_under_mag": 0.0, "avg_over": 1.508450704225352, "avg_under": 0.0}], [[0.9500000000000001, 1.0], {"acc": 0.9640933572710951, "nll": 0.18762481237349785, "mse": 0.04003051698609824, "N": 557, "over_prob": 0.16099071207430338, "under_prob": 0.0, "over_counts": {"0": 271, "1": 45, "2": 6, "3": 1}, "under_counts": {"0": 323}, "avg_over_mag": 1.1538461538461537, "avg_under_mag": 0.0, "avg_over": 1.1538461538461537, "avg_under": 0.0}]]}