{"auc": 0.7142806883635445, "over_prob": 0.33406835722160966, "under_prob": 0.3117971334068357, "over_counts": {"0": 3020, "1": 941, "2": 328, "3": 131, "4": 52, "6": 20, "5": 20, "8": 9, "7": 8, "9": 4, "14": 1, "12": 1}, "under_counts": {"0": 3121, "1": 890, "2": 288, "3": 127, "4": 52, "5": 23, "6": 15, "8": 7, "7": 5, "9": 3, "10": 3, "18": 1}, "avg_over_mag": 1.7214521452145215, "avg_under_mag": 1.7157001414427158, "avg_over": 1.7214521452145215, "avg_under": 1.7157001414427158, "acc": 0.788573341856147, "nll": 0.47662080200924445, "mse": 0.15336841965129208, "metrics_by_prob": [[[0.0, 0.05], {"acc": 1.0, "nll": 0.05775517260948935, "mse": 0.0037302314475723933, "N": 6, "over_prob": 0.0, "under_prob": 0.0, "over_counts": {"0": 4}, "under_counts": {"0": 4}, "avg_over_mag": 0.0, "avg_under_mag": 0.0, "avg_over": 0.0, "avg_under": 0.0}], [[0.05, 0.1], {"acc": 0.9, "nll": 0.349132287518964, "mse": 0.09629456953071149, "N": 20, "over_prob": 0.0, "under_prob": 0.0, "over_counts": {"0": 14}, "under_counts": {"0": 14}, "avg_over_mag": 0.0, "avg_under_mag": 0.0, "avg_over": 0.0, "avg_under": 0.0}], [[0.1, 0.15000000000000002], {"acc": 0.868421052631579, "nll": 0.4366855792840513, "mse": 0.12899899338505316, "N": 38, "over_prob": 0.0, "under_prob": 0.0, "over_counts": {"0": 29}, "under_counts": {"0": 29}, "avg_over_mag": 0.0, "avg_under_mag": 0.0, "avg_over": 0.0, "avg_under": 0.0}], [[0.15000000000000002, 0.2], {"acc": 0.8448275862068966, "nll": 0.46649276145059315, "mse": 0.14466227528502665, "N": 58, "over_prob": 0.0, "under_prob": 0.0, "over_counts": {"0": 53}, "under_counts": {"0": 53}, "avg_over_mag": 0.0, "avg_under_mag": 0.0, "avg_over": 0.0, "avg_under": 0.0}], [[0.2, 0.25], {"acc": 0.7701149425287356, "nll": 0.549559722706234, "mse": 0.18091110145435793, "N": 87, "over_prob": 0.0, "under_prob": 0.0, "over_counts": {"0": 76}, "under_counts": {"0": 76}, "avg_over_mag": 0.0, "avg_under_mag": 0.0, "avg_over": 0.0, "avg_under": 0.0}], [[0.25, 0.30000000000000004], {"acc": 0.6533333333333333, "nll": 0.6476093418969792, "mse": 0.22540308935006426, "N": 150, "over_prob": 0.0, "under_prob": 0.0, "over_counts": {"0": 129}, "under_counts": {"0": 129}, "avg_over_mag": 0.0, "avg_under_mag": 0.0, "avg_over": 0.0, "avg_under": 0.0}], [[0.30000000000000004, 0.35000000000000003], {"acc": 0.630188679245283, "nll": 0.6525787411865629, "mse": 0.23029918748341732, "N": 265, "over_prob": 0.0, "under_prob": 0.0, "over_counts": {"0": 224}, "under_counts": {"0": 224}, "avg_over_mag": 0.0, "avg_under_mag": 0.0, "avg_over": 0.0, "avg_under": 0.0}], [[0.35000000000000003, 0.4], {"acc": 0.5352112676056338, "nll": 0.7322241007677445, "mse": 0.26729672732754933, "N": 355, "over_prob": 0.0, "under_prob": 0.0, "over_counts": {"0": 291}, "under_counts": {"0": 291}, "avg_over_mag": 0.0, "avg_under_mag": 0.0, "avg_over": 0.0, "avg_under": 0.0}], [[0.4, 0.45], {"acc": 0.5506072874493927, "nll": 0.6985745888353722, "mse": 0.25208431687062755, "N": 494, "over_prob": 0.0, "under_prob": 0.0, "over_counts": {"0": 395}, "under_counts": {"0": 395}, "avg_over_mag": 0.0, "avg_under_mag": 0.0, "avg_over": 0.0, "avg_under": 0.0}], [[0.45, 0.5], {"acc": 0.5061538461538462, "nll": 0.7111004838411696, "mse": 0.25811099479139765, "N": 650, "over_prob": 0.0, "under_prob": 0.007843137254901933, "over_counts": {"0": 510}, "under_counts": {"0": 506, "1": 4}, "avg_over_mag": 0.0, "avg_under_mag": 1.0, "avg_over": 0.0, "avg_under": 1.0}], [[0.5, 0.55], {"acc": 0.5367647058823529, "nll": 0.7040818813639321, "mse": 0.254474550690874, "N": 952, "over_prob": 0.0, "under_prob": 0.009790209790209836, "over_counts": {"0": 715}, "under_counts": {"0": 708, "1": 6, "2": 1}, "avg_over_mag": 0.0, "avg_under_mag": 1.1428571428571428, "avg_over": 0.0, "avg_under": 1.1428571428571428}], [[0.55, 0.6000000000000001], {"acc": 0.549034749034749, "nll": 0.6989033913667324, "mse": 0.25195207005557974, "N": 1295, "over_prob": 0.0, "under_prob": 0.011467889908256867, "over_counts": {"0": 872}, "under_counts": {"0": 862, "1": 10}, "avg_over_mag": 0.0, "avg_under_mag": 1.0, "avg_over": 0.0, "avg_under": 1.0}], [[0.6000000000000001, 0.65], {"acc": 0.6034772854739203, "nll": 0.6863172718314962, "mse": 0.24512042250756755, "N": 1783, "over_prob": 0.0, "under_prob": 0.01919720767888311, "over_counts": {"0": 1146}, "under_counts": {"0": 1124, "1": 22}, "avg_over_mag": 0.0, "avg_under_mag": 1.0, "avg_over": 0.0, "avg_under": 1.0}], [[0.65, 0.7000000000000001], {"acc": 0.6768960982025427, "nll": 0.6379346853190505, "mse": 0.2212727997088917, "N": 2281, "over_prob": 0.0, "under_prob": 0.05336426914153136, "over_counts": {"0": 1293}, "under_counts": {"0": 1224, "1": 68, "2": 1}, "avg_over_mag": 0.0, "avg_under_mag": 1.0144927536231885, "avg_over": 0.0, "avg_under": 1.0144927536231885}], [[0.7000000000000001, 0.75], {"acc": 0.7286166842661035, "nll": 0.5952875683176266, "mse": 0.2014649316035764, "N": 2841, "over_prob": 0.0, "under_prob": 0.11218568665377171, "over_counts": {"0": 1551}, "under_counts": {"0": 1377, "1": 158, "2": 15, "3": 1}, "avg_over_mag": 0.0, "avg_under_mag": 1.0977011494252873, "avg_over": 0.0, "avg_under": 1.0977011494252873}], [[0.75, 0.8], {"acc": 0.7653005464480874, "nll": 0.5588058369649659, "mse": 0.1835648037130678, "N": 3660, "over_prob": 0.0, "under_prob": 0.25331858407079644, "over_counts": {"0": 1808}, "under_counts": {"0": 1350, "1": 376, "2": 59, "3": 17, "4": 6}, "avg_over_mag": 0.0, "avg_under_mag": 1.24235807860262, "avg_over": 0.0, "avg_under": 1.24235807860262}], [[0.8, 0.8500000000000001], {"acc": 0.837703141928494, "nll": 0.4629841632725418, "mse": 0.1419326789312874, "N": 4615, "over_prob": 0.0, "under_prob": 0.4926435690555292, "over_counts": {"0": 2107}, "under_counts": {"0": 1069, "1": 718, "2": 215, "3": 61, "4": 25, "5": 10, "7": 6, "6": 2, "17": 1}, "avg_over_mag": 0.0, "avg_under_mag": 1.4951830443159924, "avg_over": 0.0, "avg_under": 1.4951830443159924}], [[0.8500000000000001, 0.9], {"acc": 0.8788159111933395, "nll": 0.37873395426990736, "mse": 0.10935146073698067, "N": 5405, "over_prob": 0.5811059907834102, "under_prob": 0.0, "over_counts": {"0": 909, "1": 852, "2": 262, "3": 84, "4": 27, "5": 17, "6": 11, "8": 4, "10": 2, "7": 1, "9": 1}, "under_counts": {"0": 2170}, "avg_over_mag": 1.5503568596352102, "avg_under_mag": 0.0, "avg_over": 1.5503568596352102, "avg_under": 0.0}], [[0.9, 0.9500000000000001], {"acc": 0.9197777391908317, "nll": 0.28946782498933743, "mse": 0.07623968439692737, "N": 5759, "over_prob": 0.2585139318885449, "under_prob": 0.0, "over_counts": {"0": 1437, "1": 414, "2": 64, "3": 14, "4": 7, "6": 2}, "under_counts": {"0": 1938}, "avg_over_mag": 1.2455089820359282, "avg_under_mag": 0.0, "avg_over": 1.2455089820359282, "avg_under": 0.0}], [[0.9500000000000001, 1.0], {"acc": 0.9593267882187938, "nll": 0.17807020926800404, "mse": 0.040183668691951925, "N": 2139, "over_prob": 0.03329223181257701, "under_prob": 0.0, "over_counts": {"0": 784, "1": 25, "2": 2}, "under_counts": {"0": 811}, "avg_over_mag": 1.0740740740740742, "avg_under_mag": 0.0, "avg_over": 1.0740740740740742, "avg_under": 0.0}]]}