{"over_prob": 0.005038759689922512, "under_prob": 0.041472868217054315, "over_counts": {"0": 15402, "1": 26, "2": 19, "3": 12, "5": 8, "4": 4, "6": 3, "8": 2, "7": 2, "11": 1, "17": 1}, "under_counts": {"0": 14838, "1": 442, "2": 117, "3": 41, "4": 17, "5": 9, "6": 8, "7": 6, "8": 1, "9": 1}, "avg_over_mag": 2.9743589743589745, "avg_under_mag": 1.587227414330218, "avg_over": 2.9743589743589745, "avg_under": 1.587227414330218, "acc": 0.5878824422243245, "auc": 0.6109768416758741, "nll": 0.6732691608448717, "mse": 0.2398703082474792, "metrics_by_prob": [[[0.0, 0.05], {"acc": 0.9230769230769231, "nll": 0.3053876562312886, "mse": 0.07750519334563412, "N": 26, "over_prob": 0.0, "under_prob": 0.0, "over_counts": {"0": 7}, "under_counts": {"0": 7}, "avg_over_mag": 0.0, "avg_under_mag": 0.0, "avg_over": 0.0, "avg_under": 0.0}], [[0.05, 0.1], {"acc": 0.9772727272727273, "nll": 0.16475217074302068, "mse": 0.0327240707639935, "N": 44, "over_prob": 0.0, "under_prob": 0.0, "over_counts": {"0": 10}, "under_counts": {"0": 10}, "avg_over_mag": 0.0, "avg_under_mag": 0.0, "avg_over": 0.0, "avg_under": 0.0}], [[0.1, 0.15000000000000002], {"acc": 0.8496042216358839, "nll": 0.44235056559342395, "mse": 0.13543087789398744, "N": 379, "over_prob": 0.0, "under_prob": 0.0, "over_counts": {"0": 59}, "under_counts": {"0": 59}, "avg_over_mag": 0.0, "avg_under_mag": 0.0, "avg_over": 0.0, "avg_under": 0.0}], [[0.15000000000000002, 0.2], {"acc": 0.8410852713178295, "nll": 0.4938890867749435, "mse": 0.15626920086351132, "N": 258, "over_prob": 0.0, "under_prob": 0.0, "over_counts": {"0": 106}, "under_counts": {"0": 106}, "avg_over_mag": 0.0, "avg_under_mag": 0.0, "avg_over": 0.0, "avg_under": 0.0}], [[0.2, 0.25], {"acc": 0.7626459143968871, "nll": 0.5851016567230546, "mse": 0.19738196611428452, "N": 514, "over_prob": 0.0, "under_prob": 0.0, "over_counts": {"0": 178}, "under_counts": {"0": 178}, "avg_over_mag": 0.0, "avg_under_mag": 0.0, "avg_over": 0.0, "avg_under": 0.0}], [[0.25, 0.30000000000000004], {"acc": 0.7173566878980892, "nll": 0.6109166959883142, "mse": 0.20980200890081757, "N": 2512, "over_prob": 0.0, "under_prob": 0.0, "over_counts": {"0": 514}, "under_counts": {"0": 514}, "avg_over_mag": 0.0, "avg_under_mag": 0.0, "avg_over": 0.0, "avg_under": 0.0}], [[0.30000000000000004, 0.35000000000000003], {"acc": 0.6452963917525774, "nll": 0.6576860411280852, "mse": 0.23216804694066936, "N": 3104, "over_prob": 0.0, "under_prob": 0.0009182736455464191, "over_counts": {"0": 1089}, "under_counts": {"0": 1088, "1": 1}, "avg_over_mag": 0.0, "avg_under_mag": 1.0, "avg_over": 0.0, "avg_under": 1.0}], [[0.35000000000000003, 0.4], {"acc": 0.5846153846153846, "nll": 0.6871506850240194, "mse": 0.24662672674261818, "N": 5460, "over_prob": 0.0, "under_prob": 0.0014844136566056765, "over_counts": {"0": 2021}, "under_counts": {"0": 2018, "1": 3}, "avg_over_mag": 0.0, "avg_under_mag": 1.0, "avg_over": 0.0, "avg_under": 1.0}], [[0.4, 0.45], {"acc": 0.549591887212466, "nll": 0.691433473842494, "mse": 0.24887675057685435, "N": 8086, "over_prob": 0.0, "under_prob": 0.0007958615200954755, "over_counts": {"0": 2513}, "under_counts": {"0": 2511, "1": 2}, "avg_over_mag": 0.0, "avg_under_mag": 1.0, "avg_over": 0.0, "avg_under": 1.0}], [[0.45, 0.5], {"acc": 0.5011615301223479, "nll": 0.6992386146487217, "mse": 0.25279992310895344, "N": 12914, "over_prob": 0.0, "under_prob": 0.0019762845849802257, "over_counts": {"0": 3542}, "under_counts": {"0": 3535, "1": 7}, "avg_over_mag": 0.0, "avg_under_mag": 1.0, "avg_over": 0.0, "avg_under": 1.0}], [[0.5, 0.55], {"acc": 0.5193185809624166, "nll": 0.6981888975540483, "mse": 0.2522205363375968, "N": 17082, "over_prob": 0.0, "under_prob": 0.005521650682940971, "over_counts": {"0": 3441}, "under_counts": {"0": 3422, "1": 19}, "avg_over_mag": 0.0, "avg_under_mag": 1.0, "avg_over": 0.0, "avg_under": 1.0}], [[0.55, 0.6000000000000001], {"acc": 0.5600094040202186, "nll": 0.693140871574194, "mse": 0.249374989213249, "N": 17014, "over_prob": 0.0, "under_prob": 0.013782051282051233, "over_counts": {"0": 3120}, "under_counts": {"0": 3077, "1": 39, "2": 4}, "avg_over_mag": 0.0, "avg_under_mag": 1.0930232558139534, "avg_over": 0.0, "avg_under": 1.0930232558139534}], [[0.6000000000000001, 0.65], {"acc": 0.6106408706166868, "nll": 0.6772291909531317, "mse": 0.24130755508556534, "N": 11578, "over_prob": 0.0, "under_prob": 0.031882070620500524, "over_counts": {"0": 2917}, "under_counts": {"0": 2824, "1": 85, "2": 6, "4": 1, "3": 1}, "avg_over_mag": 0.0, "avg_under_mag": 1.118279569892473, "avg_over": 0.0, "avg_under": 1.118279569892473}], [[0.65, 0.7000000000000001], {"acc": 0.655018492539217, "nll": 0.6589723683199579, "mse": 0.23191678085976442, "N": 7841, "over_prob": 0.0, "under_prob": 0.05309346204475651, "over_counts": {"0": 2279}, "under_counts": {"0": 2158, "1": 105, "3": 8, "2": 8}, "avg_over_mag": 0.0, "avg_under_mag": 1.1983471074380165, "avg_over": 0.0, "avg_under": 1.1983471074380165}], [[0.7000000000000001, 0.75], {"acc": 0.7256038647342995, "nll": 0.6061202068929826, "mse": 0.206847200337151, "N": 5175, "over_prob": 0.0, "under_prob": 0.10973936899862824, "over_counts": {"0": 1458}, "under_counts": {"0": 1298, "1": 117, "2": 34, "3": 6, "6": 1, "4": 1, "5": 1}, "avg_over_mag": 0.0, "avg_under_mag": 1.3625, "avg_over": 0.0, "avg_under": 1.3625}], [[0.75, 0.8], {"acc": 0.7578309195015157, "nll": 0.5830587944542143, "mse": 0.195094929476453, "N": 2969, "over_prob": 0.0, "under_prob": 0.22208281053952317, "over_counts": {"0": 797}, "under_counts": {"0": 620, "1": 104, "2": 39, "3": 17, "4": 8, "6": 4, "5": 3, "7": 2}, "avg_over_mag": 0.0, "avg_under_mag": 1.7966101694915255, "avg_over": 0.0, "avg_under": 1.7966101694915255}], [[0.8, 0.8500000000000001], {"acc": 0.8109965635738832, "nll": 0.5237168147451182, "mse": 0.1688755529956366, "N": 873, "over_prob": 0.0, "under_prob": 0.29581993569131837, "over_counts": {"0": 311}, "under_counts": {"0": 219, "1": 57, "2": 18, "3": 10, "4": 4, "5": 2, "6": 1}, "avg_over_mag": 0.0, "avg_under_mag": 1.684782608695652, "avg_over": 0.0, "avg_under": 1.684782608695652}], [[0.8500000000000001, 0.9], {"acc": 0.8516949152542372, "nll": 0.4855393321600963, "mse": 0.15309230132670107, "N": 236, "over_prob": 0.9506172839506173, "under_prob": 0.0, "over_counts": {"1": 30, "2": 21, "3": 8, "5": 7, "4": 4, "0": 4, "6": 3, "11": 1, "17": 1, "8": 1, "7": 1}, "under_counts": {"0": 81}, "avg_over_mag": 2.7012987012987013, "avg_under_mag": 0.0, "avg_over": 2.7012987012987013, "avg_under": 0.0}], [[0.9, 0.9500000000000001], {"acc": 0.9431818181818182, "nll": 0.31550906554861113, "mse": 0.07661691118312049, "N": 88, "over_prob": 0.4, "under_prob": 0.0, "over_counts": {"0": 12, "1": 3, "2": 2, "4": 1, "8": 1, "5": 1}, "under_counts": {"0": 20}, "avg_over_mag": 3.0, "avg_under_mag": 0.0, "avg_over": 3.0, "avg_under": 0.0}], [[0.9500000000000001, 1.0], {"acc": 0.9473684210526315, "nll": 0.20401957898526815, "mse": 0.049809973067938974, "N": 38, "over_prob": 0.0, "under_prob": 0.0, "over_counts": {"0": 4}, "under_counts": {"0": 4}, "avg_over_mag": 0.0, "avg_under_mag": 0.0, "avg_over": 0.0, "avg_under": 0.0}]]}