{"acc": 0.72402794169245, "auc": 0.7481670487691124, "nll": 0.6474149447461475, "mse": 0.19398289017250683}