{"auc": 0.7340732496443753, "over_prob": 0.30780042164441324, "under_prob": 0.16959475286952452, "over_counts": {"0": 2955, "1": 717, "2": 276, "3": 138, "4": 78, "5": 33, "6": 25, "7": 16, "9": 12, "8": 8, "10": 7, "11": 1, "12": 1, "15": 1, "13": 1}, "under_counts": {"0": 3545, "1": 508, "2": 122, "3": 50, "4": 16, "5": 14, "6": 11, "7": 1, "14": 1, "10": 1}, "avg_over_mag": 2.0662100456621006, "avg_under_mag": 1.5649171270718232, "avg_over": 2.0662100456621006, "avg_under": 1.5649171270718232, "acc": 0.7165238590327322, "nll": 0.5553840808964914, "mse": 0.18735780314312403, "metrics_by_prob": [[[0.0, 0.05], {"acc": 0.9664429530201343, "nll": 0.1963962619976188, "mse": 0.045125266848189224, "N": 298, "over_prob": 0.0, "under_prob": 0.0, "over_counts": {"0": 68}, "under_counts": {"0": 68}, "avg_over_mag": 0.0, "avg_under_mag": 0.0, "avg_over": 0.0, "avg_under": 0.0}], [[0.05, 0.1], {"acc": 0.8345323741007195, "nll": 0.44113485999022706, "mse": 0.1384607079222031, "N": 278, "over_prob": 0.0, "under_prob": 0.0, "over_counts": {"0": 130}, "under_counts": {"0": 130}, "avg_over_mag": 0.0, "avg_under_mag": 0.0, "avg_over": 0.0, "avg_under": 0.0}], [[0.1, 0.15000000000000002], {"acc": 0.7619047619047619, "nll": 0.5211733554876198, "mse": 0.17093386831414809, "N": 315, "over_prob": 0.0, "under_prob": 0.0, "over_counts": {"0": 173}, "under_counts": {"0": 173}, "avg_over_mag": 0.0, "avg_under_mag": 0.0, "avg_over": 0.0, "avg_under": 0.0}], [[0.15000000000000002, 0.2], {"acc": 0.7468030690537084, "nll": 0.5853948398082036, "mse": 0.19660295609274442, "N": 391, "over_prob": 0.0, "under_prob": 0.0, "over_counts": {"0": 240}, "under_counts": {"0": 240}, "avg_over_mag": 0.0, "avg_under_mag": 0.0, "avg_over": 0.0, "avg_under": 0.0}], [[0.2, 0.25], {"acc": 0.6457023060796646, "nll": 0.6510692301260222, "mse": 0.22653140406915653, "N": 477, "over_prob": 0.0, "under_prob": 0.0, "over_counts": {"0": 301}, "under_counts": {"0": 301}, "avg_over_mag": 0.0, "avg_under_mag": 0.0, "avg_over": 0.0, "avg_under": 0.0}], [[0.25, 0.30000000000000004], {"acc": 0.5817555938037866, "nll": 0.6758424837999546, "mse": 0.24101788777761626, "N": 581, "over_prob": 0.0, "under_prob": 0.0, "over_counts": {"0": 361}, "under_counts": {"0": 361}, "avg_over_mag": 0.0, "avg_under_mag": 0.0, "avg_over": 0.0, "avg_under": 0.0}], [[0.30000000000000004, 0.35000000000000003], {"acc": 0.5562043795620438, "nll": 0.7154094679700748, "mse": 0.25747924922155024, "N": 685, "over_prob": 0.0, "under_prob": 0.006896551724137945, "over_counts": {"0": 435}, "under_counts": {"0": 432, "1": 3}, "avg_over_mag": 0.0, "avg_under_mag": 1.0, "avg_over": 0.0, "avg_under": 1.0}], [[0.35000000000000003, 0.4], {"acc": 0.5465994962216625, "nll": 0.7111441224023118, "mse": 0.25704916982718273, "N": 794, "over_prob": 0.0, "under_prob": 0.003968253968253954, "over_counts": {"0": 504}, "under_counts": {"0": 502, "1": 2}, "avg_over_mag": 0.0, "avg_under_mag": 1.0, "avg_over": 0.0, "avg_under": 1.0}], [[0.4, 0.45], {"acc": 0.5184404636459431, "nll": 0.7250464089808581, "mse": 0.2639618075510499, "N": 949, "over_prob": 0.0, "under_prob": 0.0, "over_counts": {"0": 603}, "under_counts": {"0": 603}, "avg_over_mag": 0.0, "avg_under_mag": 0.0, "avg_over": 0.0, "avg_under": 0.0}], [[0.45, 0.5], {"acc": 0.5115658362989324, "nll": 0.7292184148772419, "mse": 0.2650255550651028, "N": 1124, "over_prob": 0.0, "under_prob": 0.007204610951008661, "over_counts": {"0": 694}, "under_counts": {"0": 689, "1": 5}, "avg_over_mag": 0.0, "avg_under_mag": 1.0, "avg_over": 0.0, "avg_under": 1.0}], [[0.5, 0.55], {"acc": 0.5042405551272167, "nll": 0.7325512115568426, "mse": 0.2670692362708833, "N": 1297, "over_prob": 0.0, "under_prob": 0.013597033374536438, "over_counts": {"0": 809}, "under_counts": {"0": 798, "1": 9, "2": 2}, "avg_over_mag": 0.0, "avg_under_mag": 1.1818181818181819, "avg_over": 0.0, "avg_under": 1.1818181818181819}], [[0.55, 0.6000000000000001], {"acc": 0.537888198757764, "nll": 0.7273314645276014, "mse": 0.2643573102387431, "N": 1610, "over_prob": 0.0, "under_prob": 0.01734693877551019, "over_counts": {"0": 980}, "under_counts": {"0": 963, "1": 17}, "avg_over_mag": 0.0, "avg_under_mag": 1.0, "avg_over": 0.0, "avg_under": 1.0}], [[0.6000000000000001, 0.65], {"acc": 0.5699152542372882, "nll": 0.7048226955809113, "mse": 0.2534125128181809, "N": 1888, "over_prob": 0.0, "under_prob": 0.028520499108734443, "over_counts": {"0": 1122}, "under_counts": {"0": 1090, "1": 31, "2": 1}, "avg_over_mag": 0.0, "avg_under_mag": 1.03125, "avg_over": 0.0, "avg_under": 1.03125}], [[0.65, 0.7000000000000001], {"acc": 0.6421356421356421, "nll": 0.6502559621054633, "mse": 0.22801602818819688, "N": 2079, "over_prob": 0.0, "under_prob": 0.04232365145228212, "over_counts": {"0": 1205}, "under_counts": {"0": 1154, "1": 47, "2": 4}, "avg_over_mag": 0.0, "avg_under_mag": 1.0784313725490196, "avg_over": 0.0, "avg_under": 1.0784313725490196}], [[0.7000000000000001, 0.75], {"acc": 0.6820408163265306, "nll": 0.6251592245130426, "mse": 0.21572567540379875, "N": 2450, "over_prob": 0.0, "under_prob": 0.06642599277978334, "over_counts": {"0": 1385}, "under_counts": {"0": 1293, "1": 81, "2": 10, "3": 1}, "avg_over_mag": 0.0, "avg_under_mag": 1.1304347826086956, "avg_over": 0.0, "avg_under": 1.1304347826086956}], [[0.75, 0.8], {"acc": 0.765210899589399, "nll": 0.5578721198700528, "mse": 0.18437032675130816, "N": 2679, "over_prob": 0.0, "under_prob": 0.1472814865794907, "over_counts": {"0": 1453}, "under_counts": {"0": 1239, "1": 179, "2": 29, "3": 5, "6": 1}, "avg_over_mag": 0.0, "avg_under_mag": 1.205607476635514, "avg_over": 0.0, "avg_under": 1.205607476635514}], [[0.8, 0.8500000000000001], {"acc": 0.8116966580976864, "nll": 0.4959932629184772, "mse": 0.15713153357539011, "N": 3112, "over_prob": 0.0, "under_prob": 0.3041561712846348, "over_counts": {"0": 1588}, "under_counts": {"0": 1105, "1": 373, "2": 78, "3": 21, "4": 7, "5": 3, "8": 1}, "avg_over_mag": 0.0, "avg_under_mag": 1.3312629399585922, "avg_over": 0.0, "avg_under": 1.3312629399585922}], [[0.8500000000000001, 0.9], {"acc": 0.8699313786650031, "nll": 0.409091710124843, "mse": 0.12024142471215019, "N": 3206, "over_prob": 0.705456936226167, "under_prob": 0.0, "over_counts": {"1": 671, "0": 448, "2": 219, "3": 99, "4": 42, "5": 18, "6": 15, "8": 3, "9": 3, "7": 2, "11": 1}, "under_counts": {"0": 1521}, "avg_over_mag": 1.7054986020503262, "avg_under_mag": 0.0, "avg_over": 1.7054986020503262, "avg_under": 0.0}], [[0.9, 0.9500000000000001], {"acc": 0.9273705447209146, "nll": 0.2826290782418641, "mse": 0.07318913499197444, "N": 2974, "over_prob": 0.44732576985413286, "under_prob": 0.0, "over_counts": {"0": 682, "1": 391, "2": 88, "3": 50, "4": 13, "6": 4, "7": 2, "8": 2, "5": 2}, "under_counts": {"0": 1234}, "avg_over_mag": 1.5090579710144927, "avg_under_mag": 0.0, "avg_over": 1.5090579710144927, "avg_under": 0.0}], [[0.9500000000000001, 1.0], {"acc": 0.9645892351274787, "nll": 0.17841532351928685, "mse": 0.03862626150240464, "N": 706, "over_prob": 0.1145038167938931, "under_prob": 0.0, "over_counts": {"0": 348, "1": 39, "2": 5, "3": 1}, "under_counts": {"0": 393}, "avg_over_mag": 1.1555555555555554, "avg_under_mag": 0.0, "avg_over": 1.1555555555555554, "avg_under": 0.0}]]}