{"over_prob": 0.2787991622061904, "under_prob": 0.30882010705143126, "over_counts": {"0": 3099, "1": 425, "2": 261, "3": 145, "4": 104, "5": 62, "6": 54, "7": 25, "8": 24, "10": 15, "9": 15, "12": 11, "14": 8, "11": 6, "13": 6, "16": 5, "22": 5, "17": 4, "19": 4, "18": 3, "15": 3, "23": 1, "70": 1, "28": 1, "21": 1, "27": 1, "30": 1, "48": 1, "26": 1, "43": 1, "33": 1, "29": 1, "58": 1, "34": 1}, "under_counts": {"0": 2970, "1": 826, "2": 244, "3": 132, "4": 65, "5": 33, "6": 13, "7": 7, "8": 3, "9": 2, "11": 1, "13": 1}, "avg_over_mag": 3.6519198664440733, "avg_under_mag": 1.7543330821401657, "avg_over": 3.6519198664440733, "avg_under": 1.7543330821401657, "acc": 0.7769048917985089, "auc": 0.5781240023969981, "nll": 0.5501111297108675, "mse": 0.17857358741576307, "metrics_by_prob": [[[0.0, 0.05], {"acc": NaN, "nll": NaN, "mse": NaN, "N": 0}], [[0.05, 0.1], {"acc": NaN, "nll": NaN, "mse": NaN, "N": 0}], [[0.1, 0.15000000000000002], {"acc": 0.75, "nll": 0.433467759710575, "mse": 0.13482712262177593, "N": 8, "over_prob": 0.0, "under_prob": 0.0, "over_counts": {"0": 8}, "under_counts": {"0": 8}, "avg_over_mag": 0.0, "avg_under_mag": 0.0, "avg_over": 0.0, "avg_under": 0.0}], [[0.15000000000000002, 0.2], {"acc": 0.5, "nll": 0.6638731221864209, "mse": 0.23591145606255637, "N": 2, "over_prob": 0.0, "under_prob": 0.0, "over_counts": {"0": 1}, "under_counts": {"0": 1}, "avg_over_mag": 0.0, "avg_under_mag": 0.0, "avg_over": 0.0, "avg_under": 0.0}], [[0.2, 0.25], {"acc": 0.875, "nll": 0.3592542031242899, "mse": 0.09827597749962688, "N": 8, "over_prob": 0.0, "under_prob": 0.0, "over_counts": {"0": 8}, "under_counts": {"0": 8}, "avg_over_mag": 0.0, "avg_under_mag": 0.0, "avg_over": 0.0, "avg_under": 0.0}], [[0.25, 0.30000000000000004], {"acc": 0.625, "nll": 0.7025978053640588, "mse": 0.24948356265170313, "N": 24, "over_prob": 0.0, "under_prob": 0.04166666666666663, "over_counts": {"0": 24}, "under_counts": {"0": 23, "1": 1}, "avg_over_mag": 0.0, "avg_under_mag": 1.0, "avg_over": 0.0, "avg_under": 1.0}], [[0.30000000000000004, 0.35000000000000003], {"acc": 0.47619047619047616, "nll": 0.8043700802033181, "mse": 0.29788149919494183, "N": 21, "over_prob": 0.0, "under_prob": 0.0, "over_counts": {"0": 21}, "under_counts": {"0": 21}, "avg_over_mag": 0.0, "avg_under_mag": 0.0, "avg_over": 0.0, "avg_under": 0.0}], [[0.35000000000000003, 0.4], {"acc": 0.5, "nll": 0.7280172490425413, "mse": 0.26398671148357156, "N": 118, "over_prob": 0.0, "under_prob": 0.025423728813559365, "over_counts": {"0": 118}, "under_counts": {"0": 115, "1": 3}, "avg_over_mag": 0.0, "avg_under_mag": 1.0, "avg_over": 0.0, "avg_under": 1.0}], [[0.4, 0.45], {"acc": 0.47619047619047616, "nll": 0.7938221929599493, "mse": 0.28248613348212304, "N": 63, "over_prob": 0.0, "under_prob": 0.01666666666666672, "over_counts": {"0": 60}, "under_counts": {"0": 59, "1": 1}, "avg_over_mag": 0.0, "avg_under_mag": 1.0, "avg_over": 0.0, "avg_under": 1.0}], [[0.45, 0.5], {"acc": 0.46938775510204084, "nll": 0.7955531116490335, "mse": 0.28861919582823853, "N": 196, "over_prob": 0.0, "under_prob": 0.03608247422680411, "over_counts": {"0": 194}, "under_counts": {"0": 187, "1": 7}, "avg_over_mag": 0.0, "avg_under_mag": 1.0, "avg_over": 0.0, "avg_under": 1.0}], [[0.5, 0.55], {"acc": 0.5181518151815182, "nll": 0.7194348538640104, "mse": 0.26116519527597115, "N": 303, "over_prob": 0.0, "under_prob": 0.029900332225913595, "over_counts": {"0": 301}, "under_counts": {"0": 292, "1": 9}, "avg_over_mag": 0.0, "avg_under_mag": 1.0, "avg_over": 0.0, "avg_under": 1.0}], [[0.55, 0.6000000000000001], {"acc": 0.5921052631578947, "nll": 0.7185293782014432, "mse": 0.25447706698870987, "N": 684, "over_prob": 0.0, "under_prob": 0.05631399317406138, "over_counts": {"0": 586}, "under_counts": {"0": 553, "1": 31, "2": 2}, "avg_over_mag": 0.0, "avg_under_mag": 1.0606060606060606, "avg_over": 0.0, "avg_under": 1.0606060606060606}], [[0.6000000000000001, 0.65], {"acc": 0.6325727773406766, "nll": 0.6909495787242342, "mse": 0.24260561495891583, "N": 1271, "over_prob": 0.0, "under_prob": 0.06777645659928655, "over_counts": {"0": 841}, "under_counts": {"0": 784, "1": 57}, "avg_over_mag": 0.0, "avg_under_mag": 1.0, "avg_over": 0.0, "avg_under": 1.0}], [[0.65, 0.7000000000000001], {"acc": 0.6622039134912462, "nll": 0.6768240683550311, "mse": 0.23312425457711164, "N": 1942, "over_prob": 0.0, "under_prob": 0.09677419354838712, "over_counts": {"0": 1240}, "under_counts": {"0": 1120, "1": 112, "3": 3, "2": 2, "4": 2, "5": 1}, "avg_over_mag": 0.0, "avg_under_mag": 1.15, "avg_over": 0.0, "avg_under": 1.15}], [[0.7000000000000001, 0.75], {"acc": 0.7216903268405415, "nll": 0.6221417595176928, "mse": 0.21066808983723792, "N": 3029, "over_prob": 0.0, "under_prob": 0.15393794749403344, "over_counts": {"0": 1676}, "under_counts": {"0": 1418, "1": 237, "2": 17, "3": 3, "4": 1}, "avg_over_mag": 0.0, "avg_under_mag": 1.1007751937984496, "avg_over": 0.0, "avg_under": 1.1007751937984496}], [[0.75, 0.8], {"acc": 0.7655661743411526, "nll": 0.5772972183305914, "mse": 0.1914026868504936, "N": 6906, "over_prob": 0.0, "under_prob": 0.2595226003047232, "over_counts": {"0": 1969}, "under_counts": {"0": 1458, "1": 432, "2": 62, "3": 16, "5": 1}, "avg_over_mag": 0.0, "avg_under_mag": 1.1917808219178083, "avg_over": 0.0, "avg_under": 1.1917808219178083}], [[0.8, 0.8500000000000001], {"acc": 0.8140956490471054, "nll": 0.531030551080475, "mse": 0.16700463664090673, "N": 5562, "over_prob": 0.0, "under_prob": 0.4574074074074074, "over_counts": {"0": 1620}, "under_counts": {"0": 879, "1": 474, "2": 155, "3": 82, "4": 14, "5": 8, "6": 4, "7": 2, "10": 2}, "avg_over_mag": 0.0, "avg_under_mag": 1.5978407557354926, "avg_over": 0.0, "avg_under": 1.5978407557354926}], [[0.8500000000000001, 0.9], {"acc": 0.868243893056357, "nll": 0.4488063017394975, "mse": 0.13227937927121552, "N": 5199, "over_prob": 0.7790956263899185, "under_prob": 0.0, "over_counts": {"1": 430, "0": 298, "2": 219, "3": 121, "4": 81, "5": 54, "6": 42, "7": 26, "8": 19, "9": 14, "11": 8, "12": 7, "10": 6, "14": 5, "13": 5, "22": 2, "15": 2, "33": 1, "29": 1, "19": 1, "43": 1, "26": 1, "48": 1, "58": 1, "17": 1, "70": 1, "34": 1}, "under_counts": {"0": 1349}, "avg_over_mag": 3.192197906755471, "avg_under_mag": 0.0, "avg_over": 3.192197906755471, "avg_under": 0.0}], [[0.9, 0.9500000000000001], {"acc": 0.911340206185567, "nll": 0.35259249331193016, "mse": 0.09617685900065359, "N": 1940, "over_prob": 0.6708860759493671, "under_prob": 0.0, "over_counts": {"1": 196, "0": 182, "2": 68, "3": 35, "4": 19, "5": 15, "6": 9, "9": 7, "7": 6, "10": 5, "8": 2, "12": 2, "11": 2, "15": 1, "17": 1, "16": 1, "18": 1, "21": 1}, "under_counts": {"0": 553}, "avg_over_mag": 2.549865229110512, "avg_under_mag": 0.0, "avg_over": 2.549865229110512, "avg_under": 0.0}], [[0.9500000000000001, 1.0], {"acc": 0.9406392694063926, "nll": 0.21797813721658332, "mse": 0.05655801718644694, "N": 219, "over_prob": 0.5051546391752577, "under_prob": 0.0, "over_counts": {"0": 48, "1": 35, "2": 9, "3": 3, "5": 1, "7": 1}, "under_counts": {"0": 97}, "avg_over_mag": 1.510204081632653, "avg_under_mag": 0.0, "avg_over": 1.510204081632653, "avg_under": 0.0}]]}