{"auc": 0.6790000404848522, "over_prob": 0.3947078280044102, "under_prob": 0.06703417861080485, "over_counts": {"0": 2745, "1": 737, "2": 330, "3": 191, "4": 139, "5": 102, "6": 72, "7": 48, "8": 35, "9": 26, "10": 20, "11": 15, "12": 11, "13": 10, "14": 8, "15": 6, "18": 6, "17": 5, "22": 4, "24": 4, "16": 3, "19": 2, "21": 2, "27": 2, "23": 2, "30": 2, "44": 1, "47": 1, "34": 1, "33": 1, "54": 1, "26": 1, "45": 1, "20": 1}, "under_counts": {"0": 4231, "1": 176, "2": 67, "3": 34, "4": 9, "5": 6, "6": 5, "10": 2, "7": 2, "11": 2, "8": 1}, "avg_over_mag": 3.416201117318436, "avg_under_mag": 1.881578947368421, "avg_over": 3.416201117318436, "avg_under": 1.881578947368421, "acc": 0.6931178279000396, "nll": 0.5889809761647347, "mse": 0.2013773996503529, "metrics_by_prob": [[[0.0, 0.05], {"acc": 0.9069767441860465, "nll": 0.34066227364005414, "mse": 0.09849569053647361, "N": 258, "over_prob": 0.0, "under_prob": 0.0, "over_counts": {"0": 60}, "under_counts": {"0": 60}, "avg_over_mag": 0.0, "avg_under_mag": 0.0, "avg_over": 0.0, "avg_under": 0.0}], [[0.05, 0.1], {"acc": 0.729903536977492, "nll": 0.5506486928321359, "mse": 0.18360945992982058, "N": 311, "over_prob": 0.0, "under_prob": 0.0, "over_counts": {"0": 123}, "under_counts": {"0": 123}, "avg_over_mag": 0.0, "avg_under_mag": 0.0, "avg_over": 0.0, "avg_under": 0.0}], [[0.1, 0.15000000000000002], {"acc": 0.6270783847980997, "nll": 0.6359045940235509, "mse": 0.22289749763958275, "N": 421, "over_prob": 0.0, "under_prob": 0.0, "over_counts": {"0": 215}, "under_counts": {"0": 215}, "avg_over_mag": 0.0, "avg_under_mag": 0.0, "avg_over": 0.0, "avg_under": 0.0}], [[0.15000000000000002, 0.2], {"acc": 0.5524625267665952, "nll": 0.6854120463118731, "mse": 0.2459899792615824, "N": 467, "over_prob": 0.0, "under_prob": 0.0, "over_counts": {"0": 283}, "under_counts": {"0": 283}, "avg_over_mag": 0.0, "avg_under_mag": 0.0, "avg_over": 0.0, "avg_under": 0.0}], [[0.2, 0.25], {"acc": 0.4844827586206897, "nll": 0.7342565132714326, "mse": 0.2689623474010686, "N": 580, "over_prob": 0.0, "under_prob": 0.0, "over_counts": {"0": 379}, "under_counts": {"0": 379}, "avg_over_mag": 0.0, "avg_under_mag": 0.0, "avg_over": 0.0, "avg_under": 0.0}], [[0.25, 0.30000000000000004], {"acc": 0.45734265734265733, "nll": 0.7662412729015382, "mse": 0.28351372284093407, "N": 715, "over_prob": 0.0, "under_prob": 0.002207505518763808, "over_counts": {"0": 453}, "under_counts": {"0": 452, "1": 1}, "avg_over_mag": 0.0, "avg_under_mag": 1.0, "avg_over": 0.0, "avg_under": 1.0}], [[0.30000000000000004, 0.35000000000000003], {"acc": 0.43462897526501765, "nll": 0.7825803967903006, "mse": 0.29066814934670865, "N": 849, "over_prob": 0.0, "under_prob": 0.0018214936247723523, "over_counts": {"0": 549}, "under_counts": {"0": 548, "1": 1}, "avg_over_mag": 0.0, "avg_under_mag": 1.0, "avg_over": 0.0, "avg_under": 1.0}], [[0.35000000000000003, 0.4], {"acc": 0.4411473788328388, "nll": 0.7737853344004209, "mse": 0.2869772935732875, "N": 1011, "over_prob": 0.0, "under_prob": 0.0, "over_counts": {"0": 636}, "under_counts": {"0": 636}, "avg_over_mag": 0.0, "avg_under_mag": 0.0, "avg_over": 0.0, "avg_under": 0.0}], [[0.4, 0.45], {"acc": 0.4732510288065844, "nll": 0.7572434864504883, "mse": 0.2791185956881172, "N": 1215, "over_prob": 0.0, "under_prob": 0.004092769440654842, "over_counts": {"0": 733}, "under_counts": {"0": 730, "1": 3}, "avg_over_mag": 0.0, "avg_under_mag": 1.0, "avg_over": 0.0, "avg_under": 1.0}], [[0.45, 0.5], {"acc": 0.49639769452449567, "nll": 0.7473330764683646, "mse": 0.2740923298933613, "N": 1388, "over_prob": 0.0, "under_prob": 0.008018327605956443, "over_counts": {"0": 873}, "under_counts": {"0": 866, "1": 7}, "avg_over_mag": 0.0, "avg_under_mag": 1.0, "avg_over": 0.0, "avg_under": 1.0}], [[0.5, 0.55], {"acc": 0.5382299819385912, "nll": 0.7281129166337603, "mse": 0.26449686019288043, "N": 1661, "over_prob": 0.0, "under_prob": 0.012358393408856805, "over_counts": {"0": 971}, "under_counts": {"0": 959, "1": 12}, "avg_over_mag": 0.0, "avg_under_mag": 1.0, "avg_over": 0.0, "avg_under": 1.0}], [[0.55, 0.6000000000000001], {"acc": 0.5483079941147622, "nll": 0.7280734621751036, "mse": 0.26443496578644154, "N": 2039, "over_prob": 0.0, "under_prob": 0.01277683134582619, "over_counts": {"0": 1174}, "under_counts": {"0": 1159, "1": 15}, "avg_over_mag": 0.0, "avg_under_mag": 1.0, "avg_over": 0.0, "avg_under": 1.0}], [[0.6000000000000001, 0.65], {"acc": 0.6030150753768844, "nll": 0.6865129455320698, "mse": 0.24445200358259248, "N": 2189, "over_prob": 0.0, "under_prob": 0.019888623707239428, "over_counts": {"0": 1257}, "under_counts": {"0": 1232, "1": 24, "2": 1}, "avg_over_mag": 0.0, "avg_under_mag": 1.04, "avg_over": 0.0, "avg_under": 1.04}], [[0.65, 0.7000000000000001], {"acc": 0.637761135199054, "nll": 0.6630540595941196, "mse": 0.23345390839961086, "N": 2537, "over_prob": 0.0, "under_prob": 0.021398002853067033, "over_counts": {"0": 1402}, "under_counts": {"0": 1372, "1": 26, "2": 4}, "avg_over_mag": 0.0, "avg_under_mag": 1.1333333333333333, "avg_over": 0.0, "avg_under": 1.1333333333333333}], [[0.7000000000000001, 0.75], {"acc": 0.7032727272727273, "nll": 0.6146017417050187, "mse": 0.21091332103436775, "N": 2750, "over_prob": 0.0, "under_prob": 0.04347826086956519, "over_counts": {"0": 1495}, "under_counts": {"0": 1430, "1": 57, "2": 5, "3": 2, "4": 1}, "avg_over_mag": 0.0, "avg_under_mag": 1.1846153846153846, "avg_over": 0.0, "avg_under": 1.1846153846153846}], [[0.75, 0.8], {"acc": 0.7533815665303555, "nll": 0.5661269566968732, "mse": 0.18870510134570867, "N": 3179, "over_prob": 0.0, "under_prob": 0.07070707070707072, "over_counts": {"0": 1683}, "under_counts": {"0": 1564, "1": 97, "2": 17, "3": 3, "4": 2}, "avg_over_mag": 0.0, "avg_under_mag": 1.2436974789915967, "avg_over": 0.0, "avg_under": 1.2436974789915967}], [[0.8, 0.8500000000000001], {"acc": 0.8106727221118365, "nll": 0.5094953073968356, "mse": 0.163401273518011, "N": 3523, "over_prob": 0.0, "under_prob": 0.1051428571428571, "over_counts": {"0": 1750}, "under_counts": {"0": 1566, "1": 145, "2": 25, "3": 6, "4": 6, "5": 1, "6": 1}, "avg_over_mag": 0.0, "avg_under_mag": 1.3478260869565217, "avg_over": 0.0, "avg_under": 1.3478260869565217}], [[0.8500000000000001, 0.9], {"acc": 0.8644758283541554, "nll": 0.43764313063020516, "mse": 0.13227746404748378, "N": 3682, "over_prob": 0.8929008567931457, "under_prob": 0.0, "over_counts": {"1": 749, "2": 302, "0": 175, "3": 174, "4": 96, "5": 52, "6": 33, "7": 17, "9": 12, "8": 10, "10": 4, "11": 3, "15": 3, "17": 1, "16": 1, "12": 1, "20": 1}, "under_counts": {"0": 1634}, "avg_over_mag": 2.1980808773132283, "avg_under_mag": 0.0, "avg_over": 2.1980808773132283, "avg_under": 0.0}], [[0.9, 0.9500000000000001], {"acc": 0.919629057187017, "nll": 0.34905782356671605, "mse": 0.09528434171833318, "N": 3235, "over_prob": 0.769588828549263, "under_prob": 0.0, "over_counts": {"1": 513, "0": 297, "2": 198, "3": 111, "4": 57, "5": 35, "6": 21, "7": 14, "9": 9, "8": 9, "12": 4, "10": 4, "11": 3, "16": 2, "20": 2, "13": 2, "24": 2, "32": 1, "18": 1, "22": 1, "23": 1, "17": 1, "14": 1}, "under_counts": {"0": 1289}, "avg_over_mag": 2.434475806451613, "avg_under_mag": 0.0, "avg_over": 2.434475806451613, "avg_under": 0.0}], [[0.9500000000000001, 1.0], {"acc": 0.9584816132858838, "nll": 0.2618591057385972, "mse": 0.062491819621588174, "N": 843, "over_prob": 0.5295566502463054, "under_prob": 0.0, "over_counts": {"0": 191, "1": 142, "2": 30, "3": 16, "8": 5, "5": 4, "6": 4, "9": 3, "4": 2, "7": 2, "23": 1, "19": 1, "14": 1, "12": 1, "16": 1, "15": 1, "11": 1}, "under_counts": {"0": 406}, "avg_over_mag": 2.2930232558139534, "avg_under_mag": 0.0, "avg_over": 2.2930232558139534, "avg_under": 0.0}]]}