{"auc": 0.6346691933240528, "over_prob": 0.0016068559185860032, "under_prob": 0.004552758435993565, "over_counts": {"0": 14912, "1": 10, "2": 6, "3": 3, "8": 3, "7": 1, "4": 1}, "under_counts": {"0": 14868, "1": 29, "2": 18, "3": 14, "4": 3, "6": 2, "8": 1, "7": 1}, "avg_over_mag": 2.75, "avg_under_mag": 2.1470588235294117, "avg_over": 2.75, "avg_under": 2.1470588235294117, "acc": 0.5985184864302887, "nll": 0.6597504859775495, "mse": 0.2339903570291594, "metrics_by_prob": [[[0.0, 0.05], {"acc": 0.9666666666666667, "nll": 0.13467682763462668, "mse": 0.03164015851013818, "N": 30, "over_prob": 0.0, "under_prob": 0.0, "over_counts": {"0": 6}, "under_counts": {"0": 6}, "avg_over_mag": 0.0, "avg_under_mag": 0.0, "avg_over": 0.0, "avg_under": 0.0}], [[0.05, 0.1], {"acc": 1.0, "nll": 0.0699328528043378, "mse": 0.004796060951028497, "N": 36, "over_prob": 0.0, "under_prob": 0.0, "over_counts": {"0": 9}, "under_counts": {"0": 9}, "avg_over_mag": 0.0, "avg_under_mag": 0.0, "avg_over": 0.0, "avg_under": 0.0}], [[0.1, 0.15000000000000002], {"acc": 0.8860465116279069, "nll": 0.35317700030619975, "mse": 0.10061453077501961, "N": 430, "over_prob": 0.0, "under_prob": 0.0, "over_counts": {"0": 62}, "under_counts": {"0": 62}, "avg_over_mag": 0.0, "avg_under_mag": 0.0, "avg_over": 0.0, "avg_under": 0.0}], [[0.15000000000000002, 0.2], {"acc": 0.8068669527896996, "nll": 0.49488501887728303, "mse": 0.15701702318945865, "N": 233, "over_prob": 0.0, "under_prob": 0.0, "over_counts": {"0": 103}, "under_counts": {"0": 103}, "avg_over_mag": 0.0, "avg_under_mag": 0.0, "avg_over": 0.0, "avg_under": 0.0}], [[0.2, 0.25], {"acc": 0.7657266811279827, "nll": 0.5451749156641861, "mse": 0.17970075551585085, "N": 461, "over_prob": 0.0, "under_prob": 0.0, "over_counts": {"0": 172}, "under_counts": {"0": 172}, "avg_over_mag": 0.0, "avg_under_mag": 0.0, "avg_over": 0.0, "avg_under": 0.0}], [[0.25, 0.30000000000000004], {"acc": 0.7266335814722912, "nll": 0.5872029645193739, "mse": 0.19888550608280312, "N": 2418, "over_prob": 0.0, "under_prob": 0.0, "over_counts": {"0": 503}, "under_counts": {"0": 503}, "avg_over_mag": 0.0, "avg_under_mag": 0.0, "avg_over": 0.0, "avg_under": 0.0}], [[0.30000000000000004, 0.35000000000000003], {"acc": 0.660458452722063, "nll": 0.6405136885151304, "mse": 0.22415219679815274, "N": 2792, "over_prob": 0.0, "under_prob": 0.0, "over_counts": {"0": 1045}, "under_counts": {"0": 1045}, "avg_over_mag": 0.0, "avg_under_mag": 0.0, "avg_over": 0.0, "avg_under": 0.0}], [[0.35000000000000003, 0.4], {"acc": 0.6169466494369578, "nll": 0.6663637481411214, "mse": 0.23670705179954818, "N": 5417, "over_prob": 0.0, "under_prob": 0.0, "over_counts": {"0": 1938}, "under_counts": {"0": 1938}, "avg_over_mag": 0.0, "avg_under_mag": 0.0, "avg_over": 0.0, "avg_under": 0.0}], [[0.4, 0.45], {"acc": 0.5695569318723201, "nll": 0.6836684353896588, "mse": 0.24527045936288366, "N": 8396, "over_prob": 0.0, "under_prob": 0.0, "over_counts": {"0": 2489}, "under_counts": {"0": 2489}, "avg_over_mag": 0.0, "avg_under_mag": 0.0, "avg_over": 0.0, "avg_under": 0.0}], [[0.45, 0.5], {"acc": 0.5126413316582915, "nll": 0.6939728546426297, "mse": 0.2504001916601046, "N": 12736, "over_prob": 0.0, "under_prob": 0.0, "over_counts": {"0": 3419}, "under_counts": {"0": 3419}, "avg_over_mag": 0.0, "avg_under_mag": 0.0, "avg_over": 0.0, "avg_under": 0.0}], [[0.5, 0.55], {"acc": 0.5168691790538457, "nll": 0.6933162669476385, "mse": 0.25007823864003587, "N": 16213, "over_prob": 0.0, "under_prob": 0.0, "over_counts": {"0": 3175}, "under_counts": {"0": 3175}, "avg_over_mag": 0.0, "avg_under_mag": 0.0, "avg_over": 0.0, "avg_under": 0.0}], [[0.55, 0.6000000000000001], {"acc": 0.5781502172563625, "nll": 0.6818189052701601, "mse": 0.24433658477269796, "N": 16110, "over_prob": 0.0, "under_prob": 0.0, "over_counts": {"0": 3024}, "under_counts": {"0": 3024}, "avg_over_mag": 0.0, "avg_under_mag": 0.0, "avg_over": 0.0, "avg_under": 0.0}], [[0.6000000000000001, 0.65], {"acc": 0.618768848678375, "nll": 0.6656812328605388, "mse": 0.23634551816185081, "N": 11274, "over_prob": 0.0, "under_prob": 0.0, "over_counts": {"0": 2830}, "under_counts": {"0": 2830}, "avg_over_mag": 0.0, "avg_under_mag": 0.0, "avg_over": 0.0, "avg_under": 0.0}], [[0.65, 0.7000000000000001], {"acc": 0.673402120951562, "nll": 0.6329160428087534, "mse": 0.22042842925898162, "N": 6978, "over_prob": 0.0, "under_prob": 0.0, "over_counts": {"0": 2126}, "under_counts": {"0": 2126}, "avg_over_mag": 0.0, "avg_under_mag": 0.0, "avg_over": 0.0, "avg_under": 0.0}], [[0.7000000000000001, 0.75], {"acc": 0.7144766146993319, "nll": 0.5986026977732555, "mse": 0.20417480767423446, "N": 4490, "over_prob": 0.0, "under_prob": 0.0014716703458425018, "over_counts": {"0": 1359}, "under_counts": {"0": 1357, "2": 1, "1": 1}, "avg_over_mag": 0.0, "avg_under_mag": 1.5, "avg_over": 0.0, "avg_under": 1.5}], [[0.75, 0.8], {"acc": 0.7797619047619048, "nll": 0.5280191424595326, "mse": 0.17201588143823573, "N": 3024, "over_prob": 0.0, "under_prob": 0.00708382526564344, "over_counts": {"0": 847}, "under_counts": {"0": 841, "1": 2, "3": 2, "2": 2}, "avg_over_mag": 0.0, "avg_under_mag": 2.0, "avg_over": 0.0, "avg_under": 2.0}], [[0.8, 0.8500000000000001], {"acc": 0.8124238733252132, "nll": 0.48437904877850324, "mse": 0.1529665248890457, "N": 821, "over_prob": 0.0, "under_prob": 0.2108843537414966, "over_counts": {"0": 294}, "under_counts": {"0": 232, "1": 29, "2": 15, "3": 11, "4": 3, "6": 2, "8": 1, "7": 1}, "avg_over_mag": 0.0, "avg_under_mag": 2.1129032258064515, "avg_over": 0.0, "avg_under": 2.1129032258064515}], [[0.8500000000000001, 0.9], {"acc": 0.8625730994152047, "nll": 0.4005162242309224, "mse": 0.11854791609251136, "N": 342, "over_prob": 0.23076923076923073, "under_prob": 0.0, "over_counts": {"0": 80, "1": 11, "2": 5, "3": 3, "8": 2, "7": 1, "5": 1, "4": 1}, "under_counts": {"0": 104}, "avg_over_mag": 2.5833333333333335, "avg_under_mag": 0.0, "avg_over": 2.5833333333333335, "avg_under": 0.0}], [[0.9, 0.9500000000000001], {"acc": 0.9285714285714286, "nll": 0.26064870752735947, "mse": 0.06723606690852596, "N": 112, "over_prob": 0.06666666666666665, "under_prob": 0.0, "over_counts": {"0": 28, "3": 1, "1": 1}, "under_counts": {"0": 30}, "avg_over_mag": 2.0, "avg_under_mag": 0.0, "avg_over": 2.0, "avg_under": 0.0}], [[0.9500000000000001, 1.0], {"acc": 0.96, "nll": 0.16330767363115542, "mse": 0.03802345505254322, "N": 25, "over_prob": 0.0, "under_prob": 0.0, "over_counts": {"0": 3}, "under_counts": {"0": 3}, "avg_over_mag": 0.0, "avg_under_mag": 0.0, "avg_over": 0.0, "avg_under": 0.0}]]}