{"over_prob": 0.4458062045193413, "under_prob": 0.030639601685178097, "over_counts": {"0": 20258, "1": 6000, "2": 3298, "3": 2017, "4": 1253, "5": 901, "6": 655, "7": 448, "8": 326, "9": 271, "10": 198, "11": 175, "12": 135, "13": 102, "14": 70, "17": 53, "15": 49, "16": 46, "19": 29, "20": 29, "18": 28, "21": 23, "22": 22, "24": 20, "23": 16, "27": 11, "25": 10, "26": 10, "29": 10, "31": 9, "33": 8, "28": 8, "32": 6, "30": 6, "34": 5, "37": 4, "41": 4, "56": 3, "43": 3, "48": 3, "35": 3, "45": 3, "38": 2, "49": 2, "51": 2, "42": 2, "36": 2, "67": 2, "39": 2, "40": 1, "52": 1, "77": 1, "59": 1, "44": 1, "63": 1, "69": 1, "50": 1, "47": 1, "70": 1, "156": 1, "113": 1}, "under_counts": {"0": 35434, "1": 891, "2": 155, "3": 40, "4": 17, "5": 5, "7": 4, "6": 2, "8": 2, "28": 1, "9": 1, "12": 1, "10": 1}, "avg_over_mag": 3.6090451644575356, "avg_under_mag": 1.3651785714285714, "avg_over": 3.6090451644575356, "avg_under": 1.3651785714285714, "acc": 0.705205742494916, "auc": 0.6385861869126536, "nll": 0.5919024021749202, "mse": 0.2019497212774566, "metrics_by_prob": [[[0.0, 0.05], {"acc": 0.6533523537803139, "nll": 0.5504202579444963, "mse": 0.1875313127140452, "N": 701, "over_prob": 0.0, "under_prob": 0.0029673590504450953, "over_counts": {"0": 337}, "under_counts": {"0": 336, "1": 1}, "avg_over_mag": 0.0, "avg_under_mag": 1.0, "avg_over": 0.0, "avg_under": 1.0}], [[0.05, 0.1], {"acc": 0.495, "nll": 0.6886148490021541, "mse": 0.2491748303029892, "N": 1200, "over_prob": 0.0, "under_prob": 0.0012771392081737387, "over_counts": {"0": 783}, "under_counts": {"0": 782, "1": 1}, "avg_over_mag": 0.0, "avg_under_mag": 1.0, "avg_over": 0.0, "avg_under": 1.0}], [[0.1, 0.15000000000000002], {"acc": 0.43423423423423424, "nll": 0.7203094856779984, "mse": 0.2646595063992034, "N": 1665, "over_prob": 0.0, "under_prob": 0.0, "over_counts": {"0": 1137}, "under_counts": {"0": 1137}, "avg_over_mag": 0.0, "avg_under_mag": 0.0, "avg_over": 0.0, "avg_under": 0.0}], [[0.15000000000000002, 0.2], {"acc": 0.3874458874458874, "nll": 0.760674886585535, "mse": 0.28271026377310493, "N": 2310, "over_prob": 0.0, "under_prob": 0.0006153846153845732, "over_counts": {"0": 1625}, "under_counts": {"0": 1624, "1": 1}, "avg_over_mag": 0.0, "avg_under_mag": 1.0, "avg_over": 0.0, "avg_under": 1.0}], [[0.2, 0.25], {"acc": 0.37853996224040276, "nll": 0.7724421429602765, "mse": 0.28801555338529405, "N": 3178, "over_prob": 0.0, "under_prob": 0.0004496402877698369, "over_counts": {"0": 2224}, "under_counts": {"0": 2223, "1": 1}, "avg_over_mag": 0.0, "avg_under_mag": 1.0, "avg_over": 0.0, "avg_under": 1.0}], [[0.25, 0.30000000000000004], {"acc": 0.38205570618683754, "nll": 0.7734154230318954, "mse": 0.2883715867383695, "N": 4057, "over_prob": 0.0, "under_prob": 0.0007233273056057588, "over_counts": {"0": 2765}, "under_counts": {"0": 2763, "1": 2}, "avg_over_mag": 0.0, "avg_under_mag": 1.0, "avg_over": 0.0, "avg_under": 1.0}], [[0.30000000000000004, 0.35000000000000003], {"acc": 0.4007106198183972, "nll": 0.7752624902984707, "mse": 0.28854953408207745, "N": 5066, "over_prob": 0.0, "under_prob": 0.002617039837161994, "over_counts": {"0": 3439}, "under_counts": {"0": 3430, "1": 9}, "avg_over_mag": 0.0, "avg_under_mag": 1.0, "avg_over": 0.0, "avg_under": 1.0}], [[0.35000000000000003, 0.4], {"acc": 0.4009305310444409, "nll": 0.7742161976525738, "mse": 0.2884244929708478, "N": 6233, "over_prob": 0.0, "under_prob": 0.001932834017878693, "over_counts": {"0": 4139}, "under_counts": {"0": 4131, "1": 8}, "avg_over_mag": 0.0, "avg_under_mag": 1.0, "avg_over": 0.0, "avg_under": 1.0}], [[0.4, 0.45], {"acc": 0.43571792260692466, "nll": 0.759186947078274, "mse": 0.28117422881859755, "N": 7856, "over_prob": 0.0, "under_prob": 0.0025545293770878885, "over_counts": {"0": 5089}, "under_counts": {"0": 5076, "1": 13}, "avg_over_mag": 0.0, "avg_under_mag": 1.0, "avg_over": 0.0, "avg_under": 1.0}], [[0.45, 0.5], {"acc": 0.4779783393501805, "nll": 0.7431440573657109, "mse": 0.2732003212062901, "N": 9695, "over_prob": 0.0, "under_prob": 0.0024630541871921707, "over_counts": {"0": 6090}, "under_counts": {"0": 6075, "1": 15}, "avg_over_mag": 0.0, "avg_under_mag": 1.0, "avg_over": 0.0, "avg_under": 1.0}], [[0.5, 0.55], {"acc": 0.5282625031310011, "nll": 0.7176961417596068, "mse": 0.26100533797629943, "N": 11977, "over_prob": 0.0, "under_prob": 0.004405892881729323, "over_counts": {"0": 7263}, "under_counts": {"0": 7231, "1": 31, "2": 1}, "avg_over_mag": 0.0, "avg_under_mag": 1.03125, "avg_over": 0.0, "avg_under": 1.03125}], [[0.55, 0.6000000000000001], {"acc": 0.5721663313212609, "nll": 0.6993990953909175, "mse": 0.2518938153286744, "N": 14910, "over_prob": 0.0, "under_prob": 0.005121638924455829, "over_counts": {"0": 8591}, "under_counts": {"0": 8547, "1": 44}, "avg_over_mag": 0.0, "avg_under_mag": 1.0, "avg_over": 0.0, "avg_under": 1.0}], [[0.6000000000000001, 0.65], {"acc": 0.6129707112970711, "nll": 0.6766134606674489, "mse": 0.2409187932448589, "N": 18164, "over_prob": 0.0, "under_prob": 0.005940005940005988, "over_counts": {"0": 10101}, "under_counts": {"0": 10041, "1": 58, "2": 2}, "avg_over_mag": 0.0, "avg_under_mag": 1.0333333333333334, "avg_over": 0.0, "avg_under": 1.0333333333333334}], [[0.65, 0.7000000000000001], {"acc": 0.6714053614947197, "nll": 0.6420993007743351, "mse": 0.22432364336520494, "N": 22158, "over_prob": 0.0, "under_prob": 0.00843214756258237, "over_counts": {"0": 11385}, "under_counts": {"0": 11289, "1": 92, "2": 4}, "avg_over_mag": 0.0, "avg_under_mag": 1.0416666666666667, "avg_over": 0.0, "avg_under": 1.0416666666666667}], [[0.7000000000000001, 0.75], {"acc": 0.7156866414642362, "nll": 0.6100491352060142, "mse": 0.20919134469866232, "N": 26717, "over_prob": 0.0, "under_prob": 0.014924212980956031, "over_counts": {"0": 12865}, "under_counts": {"0": 12673, "1": 184, "2": 5, "3": 3}, "avg_over_mag": 0.0, "avg_under_mag": 1.0572916666666667, "avg_over": 0.0, "avg_under": 1.0572916666666667}], [[0.75, 0.8], {"acc": 0.7650900900900901, "nll": 0.5723981445635608, "mse": 0.19147107924476775, "N": 31080, "over_prob": 0.0, "under_prob": 0.02358289529762747, "over_counts": {"0": 14078}, "under_counts": {"0": 13746, "1": 304, "2": 17, "3": 7, "4": 2, "5": 1, "7": 1}, "avg_over_mag": 0.0, "avg_under_mag": 1.141566265060241, "avg_over": 0.0, "avg_under": 1.141566265060241}], [[0.8, 0.8500000000000001], {"acc": 0.8178848155429629, "nll": 0.5248639552729011, "mse": 0.16961427171022525, "N": 34588, "over_prob": 0.0, "under_prob": 0.03611722619702806, "over_counts": {"0": 14536}, "under_counts": {"0": 14011, "1": 454, "2": 52, "3": 7, "4": 7, "6": 2, "22": 1, "7": 1, "9": 1}, "avg_over_mag": 0.0, "avg_under_mag": 1.2514285714285713, "avg_over": 0.0, "avg_under": 1.2514285714285713}], [[0.8500000000000001, 0.9], {"acc": 0.8695562252555693, "nll": 0.4700039606642521, "mse": 0.1447921078624278, "N": 33846, "over_prob": 0.985908218975948, "under_prob": 0.0, "over_counts": {"1": 6581, "2": 2870, "3": 1518, "4": 855, "5": 489, "6": 287, "7": 206, "0": 191, "8": 154, "9": 92, "10": 71, "11": 47, "12": 33, "13": 30, "16": 22, "15": 21, "17": 15, "19": 14, "14": 13, "21": 8, "18": 6, "24": 6, "20": 3, "29": 2, "25": 2, "32": 2, "27": 2, "22": 2, "33": 2, "55": 1, "30": 1, "100": 1, "49": 1, "28": 1, "43": 1, "37": 1, "26": 1, "44": 1, "73": 1}, "under_counts": {"0": 13554}, "avg_over_mag": 2.4431639601885804, "avg_under_mag": 0.0, "avg_over": 2.4431639601885804, "avg_under": 0.0}], [[0.9, 0.9500000000000001], {"acc": 0.92026934294047, "nll": 0.40250596189590304, "mse": 0.11543911174945311, "N": 23316, "over_prob": 0.9680514665794352, "under_prob": 0.0, "over_counts": {"1": 4515, "2": 1776, "3": 983, "4": 562, "5": 333, "0": 293, "6": 191, "7": 136, "8": 98, "9": 62, "10": 52, "12": 29, "11": 24, "13": 24, "14": 21, "15": 14, "20": 9, "23": 7, "18": 7, "22": 6, "21": 5, "17": 5, "16": 4, "24": 4, "19": 2, "25": 2, "30": 2, "33": 1, "31": 1, "40": 1, "46": 1, "32": 1}, "under_counts": {"0": 9171},