{"over_prob": 0.26791303612215545, "under_prob": 0.04145165383639282, "over_counts": {"0": 8654, "1": 1121, "2": 1060, "3": 476, "4": 152, "5": 139, "6": 65, "7": 45, "8": 33, "9": 20, "11": 14, "10": 13, "12": 6, "13": 5, "15": 3, "18": 3, "16": 2, "23": 2, "14": 2, "35": 1, "17": 1, "20": 1, "32": 1, "22": 1, "29": 1}, "under_counts": {"0": 11331, "1": 292, "2": 103, "3": 46, "4": 24, "5": 8, "6": 6, "9": 4, "8": 3, "7": 1, "15": 1, "13": 1, "12": 1}, "avg_over_mag": 2.495105778339122, "avg_under_mag": 1.8673469387755102, "avg_over": 2.495105778339122, "avg_under": 1.8673469387755102, "acc": 0.7339591728291193, "auc": 0.6527361003675616, "nll": 0.554228090791636, "mse": 0.1857178748037294, "metrics_by_prob": [[[0.0, 0.05], {"acc": 0.45454545454545453, "nll": 0.7001088494513823, "mse": 0.25339665886462864, "N": 11, "over_prob": 0.0, "under_prob": 0.0, "over_counts": {"0": 4}, "under_counts": {"0": 4}, "avg_over_mag": 0.0, "avg_under_mag": 0.0, "avg_over": 0.0, "avg_under": 0.0}], [[0.05, 0.1], {"acc": 0.4411764705882353, "nll": 0.7952821727605759, "mse": 0.29882836751990377, "N": 34, "over_prob": 0.0, "under_prob": 0.0, "over_counts": {"0": 13}, "under_counts": {"0": 13}, "avg_over_mag": 0.0, "avg_under_mag": 0.0, "avg_over": 0.0, "avg_under": 0.0}], [[0.1, 0.15000000000000002], {"acc": 0.4090909090909091, "nll": 0.7594523411309891, "mse": 0.2821612272542462, "N": 66, "over_prob": 0.0, "under_prob": 0.0, "over_counts": {"0": 31}, "under_counts": {"0": 31}, "avg_over_mag": 0.0, "avg_under_mag": 0.0, "avg_over": 0.0, "avg_under": 0.0}], [[0.15000000000000002, 0.2], {"acc": 0.375, "nll": 0.799105762388539, "mse": 0.3004956403625005, "N": 104, "over_prob": 0.0, "under_prob": 0.0, "over_counts": {"0": 61}, "under_counts": {"0": 61}, "avg_over_mag": 0.0, "avg_under_mag": 0.0, "avg_over": 0.0, "avg_under": 0.0}], [[0.2, 0.25], {"acc": 0.32222222222222224, "nll": 0.8275759922248949, "mse": 0.31293931243389483, "N": 180, "over_prob": 0.0, "under_prob": 0.0, "over_counts": {"0": 120}, "under_counts": {"0": 120}, "avg_over_mag": 0.0, "avg_under_mag": 0.0, "avg_over": 0.0, "avg_under": 0.0}], [[0.25, 0.30000000000000004], {"acc": 0.4438356164383562, "nll": 0.7599466100967407, "mse": 0.28144085561927723, "N": 365, "over_prob": 0.0, "under_prob": 0.0, "over_counts": {"0": 231}, "under_counts": {"0": 231}, "avg_over_mag": 0.0, "avg_under_mag": 0.0, "avg_over": 0.0, "avg_under": 0.0}], [[0.30000000000000004, 0.35000000000000003], {"acc": 0.46537842190016104, "nll": 0.7636188939879566, "mse": 0.2825763030565504, "N": 621, "over_prob": 0.0, "under_prob": 0.0, "over_counts": {"0": 403}, "under_counts": {"0": 403}, "avg_over_mag": 0.0, "avg_under_mag": 0.0, "avg_over": 0.0, "avg_under": 0.0}], [[0.35000000000000003, 0.4], {"acc": 0.45016077170418006, "nll": 0.7617175320434072, "mse": 0.2817116712793837, "N": 933, "over_prob": 0.0, "under_prob": 0.0036101083032491488, "over_counts": {"0": 554}, "under_counts": {"0": 552, "1": 2}, "avg_over_mag": 0.0, "avg_under_mag": 1.0, "avg_over": 0.0, "avg_under": 1.0}], [[0.4, 0.45], {"acc": 0.47658610271903323, "nll": 0.7521652597393671, "mse": 0.27742348077023193, "N": 1324, "over_prob": 0.0, "under_prob": 0.0, "over_counts": {"0": 794}, "under_counts": {"0": 794}, "avg_over_mag": 0.0, "avg_under_mag": 0.0, "avg_over": 0.0, "avg_under": 0.0}], [[0.45, 0.5], {"acc": 0.4579164214243673, "nll": 0.7708579487051992, "mse": 0.285638742460141, "N": 1699, "over_prob": 0.0, "under_prob": 0.0019193857965451588, "over_counts": {"0": 1042}, "under_counts": {"0": 1040, "1": 2}, "avg_over_mag": 0.0, "avg_under_mag": 1.0, "avg_over": 0.0, "avg_under": 1.0}], [[0.5, 0.55], {"acc": 0.5266297400937366, "nll": 0.7358533748233469, "mse": 0.2688604961522779, "N": 2347, "over_prob": 0.0, "under_prob": 0.005154639175257714, "over_counts": {"0": 1552}, "under_counts": {"0": 1544, "1": 8}, "avg_over_mag": 0.0, "avg_under_mag": 1.0, "avg_over": 0.0, "avg_under": 1.0}], [[0.55, 0.6000000000000001], {"acc": 0.557957957957958, "nll": 0.7136051029209848, "mse": 0.2583292032763487, "N": 3330, "over_prob": 0.0, "under_prob": 0.004174397031539878, "over_counts": {"0": 2156}, "under_counts": {"0": 2147, "1": 9}, "avg_over_mag": 0.0, "avg_under_mag": 1.0, "avg_over": 0.0, "avg_under": 1.0}], [[0.6000000000000001, 0.65], {"acc": 0.6272482943973537, "nll": 0.6720897282840069, "mse": 0.23836923745430666, "N": 4837, "over_prob": 0.0, "under_prob": 0.005144694533762095, "over_counts": {"0": 3110}, "under_counts": {"0": 3094, "1": 15, "2": 1}, "avg_over_mag": 0.0, "avg_under_mag": 1.0625, "avg_over": 0.0, "avg_under": 1.0625}], [[0.65, 0.7000000000000001], {"acc": 0.6702258726899384, "nll": 0.642478251025828, "mse": 0.2242192231525591, "N": 7305, "over_prob": 0.0, "under_prob": 0.011281805088814156, "over_counts": {"0": 4166}, "under_counts": {"0": 4119, "1": 43, "2": 4}, "avg_over_mag": 0.0, "avg_under_mag": 1.0851063829787233, "avg_over": 0.0, "avg_under": 1.0851063829787233}], [[0.7000000000000001, 0.75], {"acc": 0.7218470705064548, "nll": 0.5974562878125816, "mse": 0.2032117525821746, "N": 10070, "over_prob": 0.0, "under_prob": 0.018560606060606055, "over_counts": {"0": 5280}, "under_counts": {"0": 5182, "1": 89, "2": 5, "4": 1, "3": 1, "6": 1, "7": 1}, "avg_over_mag": 0.0, "avg_under_mag": 1.2142857142857142, "avg_over": 0.0, "avg_under": 1.2142857142857142}], [[0.75, 0.8], {"acc": 0.7789306412413535, "nll": 0.5396124521283168, "mse": 0.1766913403599949, "N": 10698, "over_prob": 0.0, "under_prob": 0.03014416775884665, "over_counts": {"0": 5341}, "under_counts": {"0": 5180, "1": 139, "2": 15, "3": 6, "4": 1}, "avg_over_mag": 0.0, "avg_under_mag": 1.186335403726708, "avg_over": 0.0, "avg_under": 1.186335403726708}], [[0.8, 0.8500000000000001], {"acc": 0.8244876510772464, "nll": 0.48279286784893144, "mse": 0.15138251312595963, "N": 9515, "over_prob": 0.0, "under_prob": 0.08468834688346882, "over_counts": {"0": 4428}, "under_counts": {"0": 4053, "1": 291, "2": 55, "3": 17, "4": 6, "5": 3, "6": 2, "13": 1}, "avg_over_mag": 0.0, "avg_under_mag": 1.376, "avg_over": 0.0, "avg_under": 1.376}], [[0.8500000000000001, 0.9], {"acc": 0.8756435643564356, "nll": 0.39772562158677216, "mse": 0.11598227538807915, "N": 7575, "over_prob": 0.7266521026761332, "under_prob": 0.0, "over_counts": {"1": 1385, "0": 1001, "2": 676, "3": 306, "4": 116, "5": 57, "6": 45, "7": 21, "8": 18, "9": 9, "10": 8, "11": 6, "13": 3, "15": 3, "16": 2, "20": 1, "17": 1, "12": 1, "14": 1, "18": 1, "29": 1}, "under_counts": {"0": 3662}, "avg_over_mag": 2.036076662908681, "avg_under_mag": 0.0, "avg_over": 2.036076662908681, "avg_under": 0.0}], [[0.9, 0.9500000000000001], {"acc": 0.9182150230268382, "nll": 0.3047793191172867, "mse": 0.0805400103018079, "N": 6297, "over_prob": 0.47527584797711486, "under_prob": 0.0, "over_counts": {"0": 1284, "1": 496, "2": 402, "3": 141, "4": 64, "5": 26, "6": 14, "7": 8, "15": 2, "9": 2, "10": 2, "14": 1, "19": 1, "11": 1, "13": 1, "17": 1, "8": 1}, "under_counts": {"0": 2447}, "avg_over_mag": 2.062768701633706, "avg_under_mag": 0.0, "avg_over": 2.062768701633706, "avg_under": 0.0}], [[0.9500000000000001, 1.0], {"acc": 0.9474885844748858, "nll": 0.2310146342734164, "mse": 0.055971350775641464, "N": 438, "over_prob": 0.18018018018018023, "under_prob": 0.0, "over_counts": {"0": 182, "1": 23, "2": 6, "3": 5, "4": 2, "6": 2, "10": 1, "5": 1}, "under_counts": {"0": 222}, "avg_over_mag": 2.125, "avg_under_mag": 0.0, "avg_over": 2.125, "avg_under": 0.0}]]}