{"auc": 0.6244935237958125, "over_prob": 0.17560700169395826, "under_prob": 0.37859966120835686, "over_counts": {"0": 2920, "1": 366, "2": 137, "3": 64, "5": 17, "4": 15, "6": 7, "8": 7, "11": 3, "7": 1, "9": 1, "12": 1, "13": 1, "23": 1, "22": 1}, "under_counts": {"0": 2201, "1": 763, "2": 279, "3": 130, "4": 49, "5": 24, "6": 21, "7": 15, "8": 9, "10": 8, "12": 7, "16": 6, "11": 5, "9": 5, "15": 4, "14": 4, "19": 3, "33": 1, "23": 1, "22": 1, "89": 1, "28": 1, "21": 1, "18": 1, "17": 1, "20": 1}, "avg_over_mag": 1.9196141479099678, "avg_under_mag": 2.337061894108874, "avg_over": 1.9196141479099678, "avg_under": 2.337061894108874, "acc": 0.7872323615390693, "nll": 0.5040972669125543, "mse": 0.1628171017655075, "metrics_by_prob": [[[0.0, 0.05], {"acc": NaN, "nll": NaN, "mse": NaN, "N": 0}], [[0.05, 0.1], {"acc": NaN, "nll": NaN, "mse": NaN, "N": 0}], [[0.1, 0.15000000000000002], {"acc": 1.0, "nll": 0.1298233616232509, "mse": 0.017062683173135303, "N": 7, "over_prob": 0.0, "under_prob": 0.0, "over_counts": {"0": 7}, "under_counts": {"0": 7}, "avg_over_mag": 0.0, "avg_under_mag": 0.0, "avg_over": 0.0, "avg_under": 0.0}], [[0.15000000000000002, 0.2], {"acc": 0.0, "nll": 1.8468528349912554, "mse": 0.7094140410331229, "N": 1, "over_prob": 0.0, "under_prob": 0.0, "over_counts": {"0": 1}, "under_counts": {"0": 1}, "avg_over_mag": 0.0, "avg_under_mag": 0.0, "avg_over": 0.0, "avg_under": 0.0}], [[0.2, 0.25], {"acc": 0.75, "nll": 0.489315764422502, "mse": 0.1627883200549201, "N": 4, "over_prob": 0.0, "under_prob": 0.0, "over_counts": {"0": 4}, "under_counts": {"0": 4}, "avg_over_mag": 0.0, "avg_under_mag": 0.0, "avg_over": 0.0, "avg_under": 0.0}], [[0.25, 0.30000000000000004], {"acc": 0.5625, "nll": 0.7557736684607221, "mse": 0.2765153289513479, "N": 16, "over_prob": 0.0, "under_prob": 0.0, "over_counts": {"0": 16}, "under_counts": {"0": 16}, "avg_over_mag": 0.0, "avg_under_mag": 0.0, "avg_over": 0.0, "avg_under": 0.0}], [[0.30000000000000004, 0.35000000000000003], {"acc": 0.7692307692307693, "nll": 0.6528083827238841, "mse": 0.22584881077874477, "N": 13, "over_prob": 0.0, "under_prob": 0.0, "over_counts": {"0": 13}, "under_counts": {"0": 13}, "avg_over_mag": 0.0, "avg_under_mag": 0.0, "avg_over": 0.0, "avg_under": 0.0}], [[0.35000000000000003, 0.4], {"acc": 0.6527777777777778, "nll": 0.6452826052218841, "mse": 0.22680555400701755, "N": 72, "over_prob": 0.0, "under_prob": 0.0, "over_counts": {"0": 72}, "under_counts": {"0": 72}, "avg_over_mag": 0.0, "avg_under_mag": 0.0, "avg_over": 0.0, "avg_under": 0.0}], [[0.4, 0.45], {"acc": 0.5769230769230769, "nll": 0.6528129463081306, "mse": 0.23104365603161642, "N": 52, "over_prob": 0.0, "under_prob": 0.0, "over_counts": {"0": 48}, "under_counts": {"0": 48}, "avg_over_mag": 0.0, "avg_under_mag": 0.0, "avg_over": 0.0, "avg_under": 0.0}], [[0.45, 0.5], {"acc": 0.5120481927710844, "nll": 0.7230417316371068, "mse": 0.2641952395232952, "N": 166, "over_prob": 0.0, "under_prob": 0.0, "over_counts": {"0": 166}, "under_counts": {"0": 166}, "avg_over_mag": 0.0, "avg_under_mag": 0.0, "avg_over": 0.0, "avg_under": 0.0}], [[0.5, 0.55], {"acc": 0.5376344086021505, "nll": 0.7035765662658379, "mse": 0.2548361113610542, "N": 279, "over_prob": 0.0, "under_prob": 0.0, "over_counts": {"0": 277}, "under_counts": {"0": 277}, "avg_over_mag": 0.0, "avg_under_mag": 0.0, "avg_over": 0.0, "avg_under": 0.0}], [[0.55, 0.6000000000000001], {"acc": 0.5733788395904437, "nll": 0.6988069377214591, "mse": 0.2514717119415372, "N": 586, "over_prob": 0.0, "under_prob": 0.0020000000000000018, "over_counts": {"0": 500}, "under_counts": {"0": 499, "1": 1}, "avg_over_mag": 0.0, "avg_under_mag": 1.0, "avg_over": 0.0, "avg_under": 1.0}], [[0.6000000000000001, 0.65], {"acc": 0.6010050251256281, "nll": 0.6885254093235023, "mse": 0.24621741795221244, "N": 995, "over_prob": 0.0, "under_prob": 0.0014727540500736325, "over_counts": {"0": 679}, "under_counts": {"0": 678, "1": 1}, "avg_over_mag": 0.0, "avg_under_mag": 1.0, "avg_over": 0.0, "avg_under": 1.0}], [[0.65, 0.7000000000000001], {"acc": 0.6741433021806854, "nll": 0.6379885978613759, "mse": 0.22238405461831703, "N": 1605, "over_prob": 0.0, "under_prob": 0.01644100580270791, "over_counts": {"0": 1034}, "under_counts": {"0": 1017, "1": 17}, "avg_over_mag": 0.0, "avg_under_mag": 1.0, "avg_over": 0.0, "avg_under": 1.0}], [[0.7000000000000001, 0.75], {"acc": 0.7396449704142012, "nll": 0.5871220117816888, "mse": 0.19764032421758362, "N": 2704, "over_prob": 0.0, "under_prob": 0.09227614490772384, "over_counts": {"0": 1463}, "under_counts": {"0": 1328, "1": 127, "2": 7, "4": 1}, "avg_over_mag": 0.0, "avg_under_mag": 1.0740740740740742, "avg_over": 0.0, "avg_under": 1.0740740740740742}], [[0.75, 0.8], {"acc": 0.7740438695163104, "nll": 0.5489074429173408, "mse": 0.17977477002805467, "N": 7112, "over_prob": 0.0, "under_prob": 0.35328638497652587, "over_counts": {"0": 1704}, "under_counts": {"0": 1102, "1": 448, "2": 94, "3": 33, "4": 7, "6": 6, "7": 4, "5": 3, "12": 2, "11": 1, "9": 1, "10": 1, "22": 1, "8": 1}, "avg_over_mag": 0.0, "avg_under_mag": 1.5382059800664452, "avg_over": 0.0, "avg_under": 1.5382059800664452}], [[0.8, 0.8500000000000001], {"acc": 0.8170034311856653, "nll": 0.483449464793362, "mse": 0.15150378853904528, "N": 5246, "over_prob": 0.0, "under_prob": 0.6270462633451958, "over_counts": {"0": 1405}, "under_counts": {"0": 524, "1": 523, "2": 181, "3": 76, "4": 26, "6": 14, "5": 11, "7": 8, "8": 5, "9": 5, "15": 5, "10": 4, "11": 4, "17": 3, "14": 3, "21": 2, "19": 2, "18": 2, "12": 2, "13": 2, "81": 1, "16": 1, "32": 1}, "avg_over_mag": 0.0, "avg_under_mag": 2.3200908059023835, "avg_over": 0.0, "avg_under": 2.3200908059023835}], [[0.8500000000000001, 0.9], {"acc": 0.8791133455210237, "nll": 0.3780257780749407, "mse": 0.10842011238163211, "N": 4376, "over_prob": 0.5397111913357401, "under_prob": 0.0, "over_counts": {"0": 510, "1": 352, "2": 136, "3": 56, "4": 18, "5": 17, "6": 7, "11": 2, "7": 2, "8": 2, "9": 1, "12": 1, "13": 1, "23": 1, "10": 1, "22": 1}, "under_counts": {"0": 1108}, "avg_over_mag": 1.8929765886287626, "avg_under_mag": 0.0, "avg_over": 1.8929765886287626, "avg_under": 0.0}], [[0.9, 0.9500000000000001], {"acc": 0.9226023555804823, "nll": 0.27827647502265834, "mse": 0.07236342410649543, "N": 1783, "over_prob": 0.11040339702760082, "under_prob": 0.0, "over_counts": {"0": 419, "1": 47, "2": 3, "3": 1, "5": 1}, "under_counts": {"0": 471}, "avg_over_mag": 1.1730769230769231, "avg_under_mag": 0.0, "avg_over": 1.1730769230769231, "avg_under": 0.0}], [[0.9500000000000001, 1.0], {"acc": 0.9696969696969697, "nll": 0.1419204846577353, "mse": 0.02996578742862003, "N": 297, "over_prob": 0.014084507042253502, "under_prob": 0.0, "over_counts": {"0": 70, "1": 1}, "under_counts": {"0": 71}, "avg_over_mag": 1.0, "avg_under_mag": 0.0, "avg_over": 1.0, "avg_under": 0.0}]]}