{"over_prob": 0.23026469899273838, "under_prob": 0.5553993909580698, "over_counts": {"0": 3286, "1": 417, "2": 208, "3": 108, "4": 72, "5": 47, "6": 31, "7": 23, "8": 17, "10": 14, "9": 9, "11": 8, "14": 5, "13": 5, "12": 3, "16": 3, "19": 2, "15": 2, "47": 1, "74": 1, "28": 1, "36": 1, "41": 1, "21": 1, "52": 1, "17": 1, "20": 1}, "under_counts": {"0": 1898, "1": 1176, "2": 516, "3": 276, "4": 137, "5": 76, "6": 61, "7": 36, "8": 22, "9": 20, "11": 10, "10": 10, "14": 7, "13": 6, "12": 3, "16": 3, "18": 3, "17": 2, "19": 2, "15": 1, "21": 1, "23": 1, "30": 1, "25": 1}, "avg_over_mag": 3.1485249237029502, "avg_under_mag": 2.382117250105441, "avg_over": 3.1485249237029502, "avg_under": 2.382117250105441, "acc": 0.7705517513354605, "auc": 0.5640969564425005, "nll": 0.5963231400331971, "mse": 0.1805295798473131, "metrics_by_prob": [[[0.0, 0.05], {"acc": NaN, "nll": NaN, "mse": NaN, "N": 0}], [[0.05, 0.1], {"acc": NaN, "nll": NaN, "mse": NaN, "N": 0}], [[0.1, 0.15000000000000002], {"acc": 0.8571428571428571, "nll": 0.5283110433235982, "mse": 0.16394864667938291, "N": 14, "over_prob": 0.0, "under_prob": 0.0, "over_counts": {"0": 14}, "under_counts": {"0": 14}, "avg_over_mag": 0.0, "avg_under_mag": 0.0, "avg_over": 0.0, "avg_under": 0.0}], [[0.15000000000000002, 0.2], {"acc": 1.0, "nll": 0.5938888176095598, "mse": 0.200655706658726, "N": 2, "over_prob": 0.0, "under_prob": 0.0, "over_counts": {"0": 1}, "under_counts": {"0": 1}, "avg_over_mag": 0.0, "avg_under_mag": 0.0, "avg_over": 0.0, "avg_under": 0.0}], [[0.2, 0.25], {"acc": 1.0, "nll": 0.21807902289340877, "mse": 0.05194100215570918, "N": 11, "over_prob": 0.0, "under_prob": 0.0, "over_counts": {"0": 11}, "under_counts": {"0": 11}, "avg_over_mag": 0.0, "avg_under_mag": 0.0, "avg_over": 0.0, "avg_under": 0.0}], [[0.25, 0.30000000000000004], {"acc": 0.52, "nll": 0.913016989540631, "mse": 0.30199374080196617, "N": 25, "over_prob": 0.0, "under_prob": 0.16000000000000003, "over_counts": {"0": 25}, "under_counts": {"0": 21, "1": 4}, "avg_over_mag": 0.0, "avg_under_mag": 1.0, "avg_over": 0.0, "avg_under": 1.0}], [[0.30000000000000004, 0.35000000000000003], {"acc": 0.4, "nll": 1.1164000422137224, "mse": 0.38523311944732547, "N": 20, "over_prob": 0.0, "under_prob": 0.19999999999999996, "over_counts": {"0": 20}, "under_counts": {"0": 16, "1": 4}, "avg_over_mag": 0.0, "avg_under_mag": 1.0, "avg_over": 0.0, "avg_under": 1.0}], [[0.35000000000000003, 0.4], {"acc": 0.4485981308411215, "nll": 0.9274603883722222, "mse": 0.33233830539907633, "N": 107, "over_prob": 0.0, "under_prob": 0.06542056074766356, "over_counts": {"0": 107}, "under_counts": {"0": 100, "1": 7}, "avg_over_mag": 0.0, "avg_under_mag": 1.0, "avg_over": 0.0, "avg_under": 1.0}], [[0.4, 0.45], {"acc": 0.43859649122807015, "nll": 0.9212817602035881, "mse": 0.32858070053752325, "N": 57, "over_prob": 0.0, "under_prob": 0.1636363636363637, "over_counts": {"0": 55}, "under_counts": {"0": 46, "1": 9}, "avg_over_mag": 0.0, "avg_under_mag": 1.0, "avg_over": 0.0, "avg_under": 1.0}], [[0.45, 0.5], {"acc": 0.4307692307692308, "nll": 0.8863389054646228, "mse": 0.3100653915179773, "N": 195, "over_prob": 0.0, "under_prob": 0.07216494845360821, "over_counts": {"0": 194}, "under_counts": {"0": 180, "1": 14}, "avg_over_mag": 0.0, "avg_under_mag": 1.0, "avg_over": 0.0, "avg_under": 1.0}], [[0.5, 0.55], {"acc": 0.5141065830721003, "nll": 0.8930665748059144, "mse": 0.3057651181265488, "N": 319, "over_prob": 0.0, "under_prob": 0.17610062893081757, "over_counts": {"0": 318}, "under_counts": {"0": 262, "1": 56}, "avg_over_mag": 0.0, "avg_under_mag": 1.0, "avg_over": 0.0, "avg_under": 1.0}], [[0.55, 0.6000000000000001], {"acc": 0.5378787878787878, "nll": 0.8291078717863539, "mse": 0.28665483587865687, "N": 660, "over_prob": 0.0, "under_prob": 0.15370705244122962, "over_counts": {"0": 553}, "under_counts": {"0": 468, "1": 85}, "avg_over_mag": 0.0, "avg_under_mag": 1.0, "avg_over": 0.0, "avg_under": 1.0}], [[0.6000000000000001, 0.65], {"acc": 0.5926849542809642, "nll": 0.790644199544402, "mse": 0.26517528063112666, "N": 1203, "over_prob": 0.0, "under_prob": 0.2075471698113207, "over_counts": {"0": 795}, "under_counts": {"0": 630, "1": 159, "2": 3, "3": 2, "4": 1}, "avg_over_mag": 0.0, "avg_under_mag": 1.0606060606060606, "avg_over": 0.0, "avg_under": 1.0606060606060606}], [[0.65, 0.7000000000000001], {"acc": 0.6512233211868819, "nll": 0.77114024888256, "mse": 0.2467433596350325, "N": 1921, "over_prob": 0.0, "under_prob": 0.310204081632653, "over_counts": {"0": 1225}, "under_counts": {"0": 845, "1": 356, "2": 16, "3": 4, "5": 1, "6": 1, "7": 1, "4": 1}, "avg_over_mag": 0.0, "avg_under_mag": 1.1105263157894736, "avg_over": 0.0, "avg_under": 1.1105263157894736}], [[0.7000000000000001, 0.75], {"acc": 0.7196137196137196, "nll": 0.6841339692557992, "mse": 0.21463224700277955, "N": 3003, "over_prob": 0.0, "under_prob": 0.379746835443038, "over_counts": {"0": 1659}, "under_counts": {"0": 1029, "1": 517, "2": 95, "3": 9, "4": 6, "6": 1, "23": 1, "5": 1}, "avg_over_mag": 0.0, "avg_under_mag": 1.2571428571428571, "avg_over": 0.0, "avg_under": 1.2571428571428571}], [[0.75, 0.8], {"acc": 0.7616484917150546, "nll": 0.6129540126700862, "mse": 0.19208380178575923, "N": 7061, "over_prob": 0.0, "under_prob": 0.5572320499479708, "over_counts": {"0": 1922}, "under_counts": {"0": 851, "1": 711, "2": 208, "3": 73, "4": 31, "5": 16, "6": 8, "8": 8, "7": 7, "11": 3, "13": 2, "16": 1, "17": 1, "10": 1, "25": 1}, "avg_over_mag": 0.0, "avg_under_mag": 1.7161531279178337, "avg_over": 0.0, "avg_under": 1.7161531279178337}], [[0.8, 0.8500000000000001], {"acc": 0.8077935755660874, "nll": 0.5654113897111438, "mse": 0.1658692447282634, "N": 5697, "over_prob": 0.0, "under_prob": 0.6934579439252336, "over_counts": {"0": 1605}, "under_counts": {"1": 641, "0": 492, "2": 254, "3": 96, "4": 43, "5": 18, "6": 17, "8": 10, "7": 9, "9": 7, "12": 4, "11": 3, "10": 3, "13": 2, "17": 2, "15": 2, "14": 1, "20": 1}, "avg_over_mag": 0.0, "avg_under_mag": 2.0143755615453727, "avg_over": 0.0, "avg_under": 2.0143755615453727}], [[0.8500000000000001, 0.9], {"acc": 0.862454247736467, "nll": 0.46422475782588635, "mse": 0.12569383102440457, "N": 5191, "over_prob": 0.6348148148148148, "under_prob": 0.0, "over_counts": {"0": 493, "1": 389, "2": 199, "3": 99, "4": 53, "5": 48, "6": 23, "7": 12, "10": 8, "8": 6, "9": 4, "11": 3, "15": 2, "16": 2, "19": 1, "47": 1, "74": 1, "28": 1, "14": 1, "18": 1, "52": 1, "20": 1, "12": 1}, "under_counts": {"0": 1350}, "avg_over_mag": 2.6849474912485416, "avg_under_mag": 0.0, "avg_over": 2.6849474912485416, "avg_under": 0.0}], [[0.9, 0.9500000000000001], {"acc": 0.9066666666666666, "nll": 0.41208990026848324, "mse": 0.0952884546386918, "N": 2175, "over_prob": 0.4848993288590604, "under_prob": 0.0, "over_counts": {"0": 307, "1": 147, "2": 51, "3": 32, "4": 19, "5": 13, "9": 8, "6": 8, "8": 4, "7": 4, "21": 1, "33": 1, "14": 1}, "under_counts": {"0": 596}, "avg_over_mag": 2.5397923875432524, "avg_under_mag": 0.0, "avg_over": 2.5397923875432524, "avg_under": 0.0}], [[0.9500000000000001, 1.0], {"acc": 0.9353448275862069, "nll": 0.3368756691293863, "mse": 0.0731699803640009, "N": 232, "over_prob": 0.33333333333333337, "under_prob": 0.0, "over_counts": {"0": 70, "1": 22, "2": 9, "4": 2, "5": 1, "7": 1}, "under_counts": {"0": 105}, "avg_over_mag": 1.7142857142857142, "avg_under_mag": 0.0, "avg_over": 1.7142857142857142, "avg_under": 0.0}]]}