{"over_prob": 0.3037150517043279, "under_prob": 0.25499261366745085, "over_counts": {"0": 25452, "1": 5677, "2": 2378, "3": 1241, "4": 632, "5": 416, "6": 250, "7": 164, "8": 88, "9": 64, "10": 41, "11": 30, "12": 20, "15": 16, "13": 15, "14": 14, "17": 12, "16": 11, "19": 5, "20": 5, "18": 4, "23": 2, "26": 2, "29": 2, "21": 2, "84": 1, "33": 1, "62": 1, "24": 1, "40": 1, "25": 1, "22": 1, "34": 1, "46": 1, "38": 1, "53": 1}, "under_counts": {"0": 27233, "1": 5737, "2": 1880, "3": 775, "4": 345, "5": 210, "6": 113, "7": 83, "8": 60, "9": 30, "10": 24, "11": 19, "12": 11, "17": 8, "14": 5, "13": 5, "15": 3, "16": 3, "18": 2, "28": 2, "20": 1, "31": 1, "26": 1, "21": 1, "19": 1, "34": 1}, "avg_over_mag": 2.3067014952260854, "avg_under_mag": 1.872009441047098, "avg_over": 2.3067014952260854, "avg_under": 1.872009441047098, "acc": 0.7222230622103616, "auc": 0.6968228191794573, "nll": 0.5650106923905892, "mse": 0.18897381916830125, "metrics_by_prob": [[[0.0, 0.05], {"acc": 0.9101283880171184, "nll": 0.26467357772152755, "mse": 0.07394005584707801, "N": 701, "over_prob": 0.0, "under_prob": 0.0, "over_counts": {"0": 337}, "under_counts": {"0": 337}, "avg_over_mag": 0.0, "avg_under_mag": 0.0, "avg_over": 0.0, "avg_under": 0.0}], [[0.05, 0.1], {"acc": 0.8525, "nll": 0.3919462488546536, "mse": 0.11671906557111593, "N": 1200, "over_prob": 0.0, "under_prob": 0.005108556832694733, "over_counts": {"0": 783}, "under_counts": {"0": 779, "1": 3, "2": 1}, "avg_over_mag": 0.0, "avg_under_mag": 1.25, "avg_over": 0.0, "avg_under": 1.25}], [[0.1, 0.15000000000000002], {"acc": 0.7789789789789789, "nll": 0.49642141380048604, "mse": 0.16043978030346853, "N": 1665, "over_prob": 0.0, "under_prob": 0.004397537379067673, "over_counts": {"0": 1137}, "under_counts": {"0": 1132, "1": 5}, "avg_over_mag": 0.0, "avg_under_mag": 1.0, "avg_over": 0.0, "avg_under": 1.0}], [[0.15000000000000002, 0.2], {"acc": 0.6761904761904762, "nll": 0.6068029541297186, "mse": 0.20682769048371555, "N": 2310, "over_prob": 0.0, "under_prob": 0.004923076923076919, "over_counts": {"0": 1625}, "under_counts": {"0": 1617, "1": 6, "2": 2}, "avg_over_mag": 0.0, "avg_under_mag": 1.25, "avg_over": 0.0, "avg_under": 1.25}], [[0.2, 0.25], {"acc": 0.617369414726243, "nll": 0.6577433214432646, "mse": 0.2299422565533456, "N": 3178, "over_prob": 0.0, "under_prob": 0.004946043165467651, "over_counts": {"0": 2224}, "under_counts": {"0": 2213, "1": 11}, "avg_over_mag": 0.0, "avg_under_mag": 1.0, "avg_over": 0.0, "avg_under": 1.0}], [[0.25, 0.30000000000000004], {"acc": 0.5794922356421001, "nll": 0.6835801469041688, "mse": 0.2426863268598536, "N": 4057, "over_prob": 0.0, "under_prob": 0.006509945750452051, "over_counts": {"0": 2765}, "under_counts": {"0": 2747, "1": 17, "2": 1}, "avg_over_mag": 0.0, "avg_under_mag": 1.0555555555555556, "avg_over": 0.0, "avg_under": 1.0555555555555556}], [[0.30000000000000004, 0.35000000000000003], {"acc": 0.5305961310698776, "nll": 0.7159671007651546, "mse": 0.2579177931038809, "N": 5066, "over_prob": 0.0, "under_prob": 0.006397208490840356, "over_counts": {"0": 3439}, "under_counts": {"0": 3417, "1": 21, "2": 1}, "avg_over_mag": 0.0, "avg_under_mag": 1.0454545454545454, "avg_over": 0.0, "avg_under": 1.0454545454545454}], [[0.35000000000000003, 0.4], {"acc": 0.49895716348467833, "nll": 0.745579352650712, "mse": 0.27177231551887693, "N": 6233, "over_prob": 0.0, "under_prob": 0.011838608359507119, "over_counts": {"0": 4139}, "under_counts": {"0": 4090, "1": 44, "2": 4, "3": 1}, "avg_over_mag": 0.0, "avg_under_mag": 1.1224489795918366, "avg_over": 0.0, "avg_under": 1.1224489795918366}], [[0.4, 0.45], {"acc": 0.48383401221995925, "nll": 0.748975382165172, "mse": 0.2737292663154508, "N": 7856, "over_prob": 0.0, "under_prob": 0.0147376694831991, "over_counts": {"0": 5089}, "under_counts": {"0": 5014, "1": 72, "2": 3}, "avg_over_mag": 0.0, "avg_under_mag": 1.04, "avg_over": 0.0, "avg_under": 1.04}], [[0.45, 0.5], {"acc": 0.4930376482723053, "nll": 0.7491981393722826, "mse": 0.2732671611980737, "N": 9695, "over_prob": 0.0, "under_prob": 0.02052545155993435, "over_counts": {"0": 6090}, "under_counts": {"0": 5965, "1": 117, "2": 7, "4": 1}, "avg_over_mag": 0.0, "avg_under_mag": 1.08, "avg_over": 0.0, "avg_under": 1.08}], [[0.5, 0.55], {"acc": 0.5200801536277866, "nll": 0.734548705462815, "mse": 0.2662976762510839, "N": 11977, "over_prob": 0.0, "under_prob": 0.028913672036348648, "over_counts": {"0": 7263}, "under_counts": {"0": 7053, "1": 203, "2": 6, "4": 1}, "avg_over_mag": 0.0, "avg_under_mag": 1.042857142857143, "avg_over": 0.0, "avg_under": 1.042857142857143}], [[0.55, 0.6000000000000001], {"acc": 0.5558685446009389, "nll": 0.7199684063959154, "mse": 0.2589196475542375, "N": 14910, "over_prob": 0.0, "under_prob": 0.042369922011407324, "over_counts": {"0": 8591}, "under_counts": {"0": 8227, "1": 337, "2": 20, "3": 5, "7": 1, "4": 1}, "avg_over_mag": 0.0, "avg_under_mag": 1.1071428571428572, "avg_over": 0.0, "avg_under": 1.1071428571428572}], [[0.6000000000000001, 0.65], {"acc": 0.6000330323717243, "nll": 0.6973425244468597, "mse": 0.2479509203957007, "N": 18164, "over_prob": 0.0, "under_prob": 0.05771705771705771, "over_counts": {"0": 10101}, "under_counts": {"0": 9518, "1": 538, "2": 36, "3": 8, "4": 1}, "avg_over_mag": 0.0, "avg_under_mag": 1.0943396226415094, "avg_over": 0.0, "avg_under": 1.0943396226415094}], [[0.65, 0.7000000000000001], {"acc": 0.6631916237927611, "nll": 0.6584061535672251, "mse": 0.22892772346340393, "N": 22158, "over_prob": 0.0, "under_prob": 0.08704435660957399, "over_counts": {"0": 11385}, "under_counts": {"0": 10394, "1": 880, "2": 88, "3": 16, "5": 3, "4": 3, "6": 1}, "avg_over_mag": 0.0, "avg_under_mag": 1.1473259334006054, "avg_over": 0.0, "avg_under": 1.1473259334006054}], [[0.7000000000000001, 0.75], {"acc": 0.7102968147621365, "nll": 0.6226343880232487, "mse": 0.2113849329465219, "N": 26717, "over_prob": 0.0, "under_prob": 0.13820443062572874, "over_counts": {"0": 12865}, "under_counts": {"0": 11087, "1": 1512, "2": 195, "3": 51, "4": 11, "6": 5, "5": 3, "7": 1}, "avg_over_mag": 0.0, "avg_under_mag": 1.2097862767154106, "avg_over": 0.0, "avg_under": 1.2097862767154106}], [[0.75, 0.8], {"acc": 0.7641570141570142, "nll": 0.5704034006552419, "mse": 0.18705211154214885, "N": 31080, "over_prob": 0.0, "under_prob": 0.2314249183122603, "over_counts": {"0": 14078}, "under_counts": {"0": 10820, "1": 2633, "2": 423, "3": 123, "4": 47, "5": 12, "6": 9, "9": 3, "8": 3, "7": 3, "16": 1, "10": 1}, "avg_over_mag": 0.0, "avg_under_mag": 1.3038674033149171, "avg_over": 0.0, "avg_under": 1.3038674033149171}], [[0.8, 0.8500000000000001], {"acc": 0.8202555799699318, "nll": 0.49937031206410826, "mse": 0.15586364320468438, "N": 34588, "over_prob": 0.0, "under_prob": 0.383599339570721, "over_counts": {"0": 14536}, "under_counts": {"0": 8960, "1": 4051, "2": 946, "3": 311, "4": 121, "5": 64, "6": 36, "7": 18, "8": 12, "9": 7, "10": 3, "11": 3, "14": 2, "16": 1, "24": 1}, "avg_over_mag": 0.0, "avg_under_mag": 1.490674318507891, "avg_over": 0.0, "avg_under": 1.490674318507891}], [[0.8500000000000001, 0.9], {"acc": 0.8716244164746203, "nll": 0.4125511245565855, "mse": 0.11977130039964726, "N": 33846, "over_prob": 0.7103438099454036, "under_prob": 0.0, "over_counts": {"1": 5602, "0": 3926, "2": 1980, "3": 937, "4": 468, "5": 242, "6": 126, "7": 86, "8": 45, "9": 35, "10": 29, "11": 17, "12": 14, "14": 9, "13": 8, "16": 6, "17": 5, "18": 4, "15": 4, "32": 2, "19": 1, "30": 1, "26": 1, "28": 1, "22": 1, "51": 1, "27": 1, "78": 1, "48": 1}, "under_counts": {"0": 13554}, "avg_over_mag": 1.9805774823431657, "avg_under_mag": 0.0, "avg_over": 1.9805774823431657, "avg_under": 0.0}], [[0.9, 0.9500000000000001], {"acc": 0.9223280150969292, "nll": 0.2988966834493746, "mse": 0.07739085399339499, "N": 23316, "over_prob": 0.4465161923454367, "under_prob": 0.0, "over_counts": {"0": 5076, "1": 2878, "2": 770, "3": 261, "4": 85, "5": 39, "6": 29, "8": 10, "7": 9, "9": 4, "11": 3, "13": 2, "16": 1,