{"auc": 0.7075847615695147, "over_prob": 0.13305543976656942, "under_prob": 0.06252605252188415, "over_counts": {"0": 10399, "1": 1258, "2": 243, "3": 44, "4": 31, "5": 8, "6": 5, "10": 2, "7": 2, "8": 2, "13": 1}, "under_counts": {"0": 11245, "1": 540, "2": 115, "3": 47, "4": 25, "5": 9, "7": 5, "6": 5, "8": 2, "20": 1, "11": 1}, "avg_over_mag": 1.336466165413534, "avg_under_mag": 1.5573333333333332, "avg_over": 1.336466165413534, "avg_under": 1.5573333333333332, "acc": 0.7686926760436525, "nll": 0.5045576343979843, "mse": 0.16521183076826268, "metrics_by_prob": [[[0.0, 0.05], {"acc": 0.9428571428571428, "nll": 0.29545812774844243, "mse": 0.08095756723407788, "N": 35, "over_prob": 0.0, "under_prob": 0.0, "over_counts": {"0": 10}, "under_counts": {"0": 10}, "avg_over_mag": 0.0, "avg_under_mag": 0.0, "avg_over": 0.0, "avg_under": 0.0}], [[0.05, 0.1], {"acc": 0.8947368421052632, "nll": 0.41503827090207557, "mse": 0.1210248221846877, "N": 95, "over_prob": 0.0, "under_prob": 0.0, "over_counts": {"0": 29}, "under_counts": {"0": 29}, "avg_over_mag": 0.0, "avg_under_mag": 0.0, "avg_over": 0.0, "avg_under": 0.0}], [[0.1, 0.15000000000000002], {"acc": 0.7559523809523809, "nll": 0.5735156398659814, "mse": 0.19146684466269986, "N": 168, "over_prob": 0.0, "under_prob": 0.0, "over_counts": {"0": 86}, "under_counts": {"0": 86}, "avg_over_mag": 0.0, "avg_under_mag": 0.0, "avg_over": 0.0, "avg_under": 0.0}], [[0.15000000000000002, 0.2], {"acc": 0.73568281938326, "nll": 0.550060094648366, "mse": 0.1830516787896599, "N": 227, "over_prob": 0.0, "under_prob": 0.0, "over_counts": {"0": 123}, "under_counts": {"0": 123}, "avg_over_mag": 0.0, "avg_under_mag": 0.0, "avg_over": 0.0, "avg_under": 0.0}], [[0.2, 0.25], {"acc": 0.75, "nll": 0.5627393185780224, "mse": 0.1883076539023566, "N": 332, "over_prob": 0.0, "under_prob": 0.0, "over_counts": {"0": 201}, "under_counts": {"0": 201}, "avg_over_mag": 0.0, "avg_under_mag": 0.0, "avg_over": 0.0, "avg_under": 0.0}], [[0.25, 0.30000000000000004], {"acc": 0.6863157894736842, "nll": 0.6144630007799897, "mse": 0.21182509882566966, "N": 475, "over_prob": 0.0, "under_prob": 0.0, "over_counts": {"0": 302}, "under_counts": {"0": 302}, "avg_over_mag": 0.0, "avg_under_mag": 0.0, "avg_over": 0.0, "avg_under": 0.0}], [[0.30000000000000004, 0.35000000000000003], {"acc": 0.6207951070336392, "nll": 0.6614270996990121, "mse": 0.23405637980260088, "N": 654, "over_prob": 0.0, "under_prob": 0.0, "over_counts": {"0": 428}, "under_counts": {"0": 428}, "avg_over_mag": 0.0, "avg_under_mag": 0.0, "avg_over": 0.0, "avg_under": 0.0}], [[0.35000000000000003, 0.4], {"acc": 0.5563282336578581, "nll": 0.7021924074164638, "mse": 0.25330530520676786, "N": 719, "over_prob": 0.0, "under_prob": 0.001984126984126977, "over_counts": {"0": 504}, "under_counts": {"0": 503, "1": 1}, "avg_over_mag": 0.0, "avg_under_mag": 1.0, "avg_over": 0.0, "avg_under": 1.0}], [[0.4, 0.45], {"acc": 0.5082926829268293, "nll": 0.7265775202784038, "mse": 0.2655377869933684, "N": 1025, "over_prob": 0.0, "under_prob": 0.0, "over_counts": {"0": 770}, "under_counts": {"0": 770}, "avg_over_mag": 0.0, "avg_under_mag": 0.0, "avg_over": 0.0, "avg_under": 0.0}], [[0.45, 0.5], {"acc": 0.5064308681672026, "nll": 0.708697517314411, "mse": 0.2571835296842312, "N": 1244, "over_prob": 0.0, "under_prob": 0.0010504201680672232, "over_counts": {"0": 952}, "under_counts": {"0": 951, "1": 1}, "avg_over_mag": 0.0, "avg_under_mag": 1.0, "avg_over": 0.0, "avg_under": 1.0}], [[0.5, 0.55], {"acc": 0.5094555873925501, "nll": 0.7100020079290927, "mse": 0.25774180492071636, "N": 1745, "over_prob": 0.0, "under_prob": 0.0022796352583586144, "over_counts": {"0": 1316}, "under_counts": {"0": 1313, "1": 3}, "avg_over_mag": 0.0, "avg_under_mag": 1.0, "avg_over": 0.0, "avg_under": 1.0}], [[0.55, 0.6000000000000001], {"acc": 0.5709459459459459, "nll": 0.6857282217255771, "mse": 0.2458979461010833, "N": 2664, "over_prob": 0.0, "under_prob": 0.0, "over_counts": {"0": 1991}, "under_counts": {"0": 1991}, "avg_over_mag": 0.0, "avg_under_mag": 0.0, "avg_over": 0.0, "avg_under": 0.0}], [[0.6000000000000001, 0.65], {"acc": 0.64, "nll": 0.6587594863914563, "mse": 0.23263063101301812, "N": 3700, "over_prob": 0.0, "under_prob": 0.0015088645794040234, "over_counts": {"0": 2651}, "under_counts": {"0": 2647, "1": 4}, "avg_over_mag": 0.0, "avg_under_mag": 1.0, "avg_over": 0.0, "avg_under": 1.0}], [[0.65, 0.7000000000000001], {"acc": 0.6864421566916769, "nll": 0.627601655707002, "mse": 0.2175943238874284, "N": 5731, "over_prob": 0.0, "under_prob": 0.004089422028353273, "over_counts": {"0": 3668}, "under_counts": {"0": 3653, "1": 14, "2": 1}, "avg_over_mag": 0.0, "avg_under_mag": 1.0666666666666667, "avg_over": 0.0, "avg_under": 1.0666666666666667}], [[0.7000000000000001, 0.75], {"acc": 0.7262516429680965, "nll": 0.5898006577741719, "mse": 0.19986328707857107, "N": 8369, "over_prob": 0.0, "under_prob": 0.007396449704141994, "over_counts": {"0": 4732}, "under_counts": {"0": 4697, "1": 29, "2": 4, "4": 2}, "avg_over_mag": 0.0, "avg_under_mag": 1.2857142857142858, "avg_over": 0.0, "avg_under": 1.2857142857142858}], [[0.75, 0.8], {"acc": 0.7748103186646434, "nll": 0.5352871747332804, "mse": 0.17513321164663478, "N": 9885, "over_prob": 0.0, "under_prob": 0.015179113539769307, "over_counts": {"0": 4941}, "under_counts": {"0": 4866, "1": 61, "2": 9, "3": 3, "4": 1, "7": 1}, "avg_over_mag": 0.0, "avg_under_mag": 1.32, "avg_over": 0.0, "avg_under": 1.32}], [[0.8, 0.8500000000000001], {"acc": 0.8189224971993074, "nll": 0.47382717508342326, "mse": 0.14848745574701855, "N": 9819, "over_prob": 0.0, "under_prob": 0.15633484162895928, "over_counts": {"0": 4420}, "under_counts": {"0": 3729, "1": 524, "2": 103, "3": 30, "4": 18, "5": 6, "6": 4, "7": 3, "8": 1, "13": 1, "11": 1}, "avg_over_mag": 0.0, "avg_under_mag": 1.4457308248914615, "avg_over": 0.0, "avg_under": 1.4457308248914615}], [[0.8500000000000001, 0.9], {"acc": 0.8775774479529833, "nll": 0.3725187212314723, "mse": 0.10762962123963007, "N": 10039, "over_prob": 0.4047376464595007, "under_prob": 0.0, "over_counts": {"0": 2337, "1": 1251, "2": 244, "3": 43, "4": 31, "5": 9, "6": 4, "10": 2, "7": 2, "8": 2, "13": 1}, "under_counts": {"0": 3926}, "avg_over_mag": 1.3366897419760857, "avg_under_mag": 0.0, "avg_over": 1.3366897419760857, "avg_under": 0.0}], [[0.9, 0.9500000000000001], {"acc": 0.9219288174512055, "nll": 0.2745444598599669, "mse": 0.07208147672474544, "N": 8710, "over_prob": 0.0032385750269880997, "under_prob": 0.0, "over_counts": {"0": 2770, "1": 9}, "under_counts": {"0": 2779}, "avg_over_mag": 1.0, "avg_under_mag": 0.0, "avg_over": 1.0, "avg_under": 0.0}], [[0.9500000000000001, 1.0], {"acc": 0.9520897043832823, "nll": 0.19146835501156356, "mse": 0.045516938186182965, "N": 981, "over_prob": 0.0, "under_prob": 0.0, "over_counts": {"0": 356}, "under_counts": {"0": 356}, "avg_over_mag": 0.0, "avg_under_mag": 0.0, "avg_over": 0.0, "avg_under": 0.0}]]}