{"auc": 0.7193771962199969, "over_prob": 0.2286039159132509, "under_prob": 0.22305729657773588, "over_counts": {"0": 27815, "1": 5432, "2": 1702, "3": 594, "4": 225, "5": 124, "6": 80, "8": 27, "7": 26, "9": 15, "12": 3, "10": 3, "13": 3, "11": 2, "18": 1, "17": 1, "16": 1, "26": 1, "14": 1, "15": 1, "23": 1}, "under_counts": {"0": 28015, "1": 5517, "2": 1476, "3": 517, "4": 242, "5": 118, "6": 61, "7": 43, "8": 23, "9": 17, "11": 8, "10": 7, "12": 4, "13": 3, "17": 2, "16": 2, "20": 1, "14": 1, "18": 1}, "avg_over_mag": 1.62647094504428, "avg_under_mag": 1.609474076837001, "avg_over": 1.62647094504428, "avg_under": 1.609474076837001, "acc": 0.8004193589798451, "nll": 0.46174950876239534, "mse": 0.14743451937210833, "metrics_by_prob": [[[0.0, 0.05], {"acc": 0.9897435897435898, "nll": 0.06820444203733478, "mse": 0.010879689624294196, "N": 195, "over_prob": 0.0, "under_prob": 0.0, "over_counts": {"0": 149}, "under_counts": {"0": 149}, "avg_over_mag": 0.0, "avg_under_mag": 0.0, "avg_over": 0.0, "avg_under": 0.0}], [[0.05, 0.1], {"acc": 0.9116379310344828, "nll": 0.2988530691536666, "mse": 0.0803590176038306, "N": 464, "over_prob": 0.0, "under_prob": 0.0, "over_counts": {"0": 366}, "under_counts": {"0": 366}, "avg_over_mag": 0.0, "avg_under_mag": 0.0, "avg_over": 0.0, "avg_under": 0.0}], [[0.1, 0.15000000000000002], {"acc": 0.8858195211786372, "nll": 0.35218607083235975, "mse": 0.10036925575570273, "N": 543, "over_prob": 0.0, "under_prob": 0.0, "over_counts": {"0": 445}, "under_counts": {"0": 445}, "avg_over_mag": 0.0, "avg_under_mag": 0.0, "avg_over": 0.0, "avg_under": 0.0}], [[0.15000000000000002, 0.2], {"acc": 0.8170391061452514, "nll": 0.48205805436762683, "mse": 0.1513003095745323, "N": 716, "over_prob": 0.0, "under_prob": 0.0, "over_counts": {"0": 611}, "under_counts": {"0": 611}, "avg_over_mag": 0.0, "avg_under_mag": 0.0, "avg_over": 0.0, "avg_under": 0.0}], [[0.2, 0.25], {"acc": 0.7714932126696833, "nll": 0.5498361220992959, "mse": 0.1807881549100675, "N": 884, "over_prob": 0.0, "under_prob": 0.0, "over_counts": {"0": 785}, "under_counts": {"0": 785}, "avg_over_mag": 0.0, "avg_under_mag": 0.0, "avg_over": 0.0, "avg_under": 0.0}], [[0.25, 0.30000000000000004], {"acc": 0.7205503009458297, "nll": 0.6006908612285079, "mse": 0.2044180907268747, "N": 1163, "over_prob": 0.0, "under_prob": 0.0, "over_counts": {"0": 1050}, "under_counts": {"0": 1050}, "avg_over_mag": 0.0, "avg_under_mag": 0.0, "avg_over": 0.0, "avg_under": 0.0}], [[0.30000000000000004, 0.35000000000000003], {"acc": 0.6708196721311476, "nll": 0.6329236744449196, "mse": 0.22042131038388896, "N": 1525, "over_prob": 0.0, "under_prob": 0.0, "over_counts": {"0": 1348}, "under_counts": {"0": 1348}, "avg_over_mag": 0.0, "avg_under_mag": 0.0, "avg_over": 0.0, "avg_under": 0.0}], [[0.35000000000000003, 0.4], {"acc": 0.619023653749371, "nll": 0.6679534154623695, "mse": 0.2373720991089804, "N": 1987, "over_prob": 0.0, "under_prob": 0.0, "over_counts": {"0": 1740}, "under_counts": {"0": 1740}, "avg_over_mag": 0.0, "avg_under_mag": 0.0, "avg_over": 0.0, "avg_under": 0.0}], [[0.4, 0.45], {"acc": 0.5679779158040028, "nll": 0.6866872683337336, "mse": 0.24665478942411725, "N": 2898, "over_prob": 0.0, "under_prob": 0.0, "over_counts": {"0": 2476}, "under_counts": {"0": 2476}, "avg_over_mag": 0.0, "avg_under_mag": 0.0, "avg_over": 0.0, "avg_under": 0.0}], [[0.45, 0.5], {"acc": 0.5065642804062422, "nll": 0.6997140538623772, "mse": 0.25309731646448025, "N": 4037, "over_prob": 0.0, "under_prob": 0.0, "over_counts": {"0": 3379}, "under_counts": {"0": 3379}, "avg_over_mag": 0.0, "avg_under_mag": 0.0, "avg_over": 0.0, "avg_under": 0.0}], [[0.5, 0.55], {"acc": 0.5073319027181689, "nll": 0.7003822779033212, "mse": 0.25337648840417487, "N": 5592, "over_prob": 0.0, "under_prob": 0.0, "over_counts": {"0": 4421}, "under_counts": {"0": 4421}, "avg_over_mag": 0.0, "avg_under_mag": 0.0, "avg_over": 0.0, "avg_under": 0.0}], [[0.55, 0.6000000000000001], {"acc": 0.5622729631551635, "nll": 0.6894732101443418, "mse": 0.24792408008851297, "N": 7708, "over_prob": 0.0, "under_prob": 0.0, "over_counts": {"0": 5702}, "under_counts": {"0": 5702}, "avg_over_mag": 0.0, "avg_under_mag": 0.0, "avg_over": 0.0, "avg_under": 0.0}], [[0.6000000000000001, 0.65], {"acc": 0.6260969772183317, "nll": 0.6665286901190343, "mse": 0.2364154526099373, "N": 11281, "over_prob": 0.0, "under_prob": 0.0005203590477429465, "over_counts": {"0": 7687}, "under_counts": {"0": 7683, "1": 4}, "avg_over_mag": 0.0, "avg_under_mag": 1.0, "avg_over": 0.0, "avg_under": 1.0}], [[0.65, 0.7000000000000001], {"acc": 0.6814355338945502, "nll": 0.6325092045539146, "mse": 0.2197373855691159, "N": 15799, "over_prob": 0.0, "under_prob": 0.005003063099857097, "over_counts": {"0": 9794}, "under_counts": {"0": 9745, "1": 45, "2": 4}, "avg_over_mag": 0.0, "avg_under_mag": 1.0816326530612246, "avg_over": 0.0, "avg_under": 1.0816326530612246}], [[0.7000000000000001, 0.75], {"acc": 0.7319337908760597, "nll": 0.5861748252136127, "mse": 0.19793287419024294, "N": 22293, "over_prob": 0.0, "under_prob": 0.022542163718634267, "over_counts": {"0": 12155}, "under_counts": {"0": 11881, "1": 256, "2": 17, "3": 1}, "avg_over_mag": 0.0, "avg_under_mag": 1.0693430656934306, "avg_over": 0.0, "avg_under": 1.0693430656934306}], [[0.75, 0.8], {"acc": 0.775256267753489, "nll": 0.5388008089951659, "mse": 0.17622156525165422, "N": 32388, "over_prob": 0.0, "under_prob": 0.1025052333040718, "over_counts": {"0": 14809}, "under_counts": {"0": 13291, "1": 1365, "2": 115, "3": 32, "4": 5, "5": 1}, "avg_over_mag": 0.0, "avg_under_mag": 1.1304347826086956, "avg_over": 0.0, "avg_under": 1.1304347826086956}], [[0.8, 0.8500000000000001], {"acc": 0.8272573663865935, "nll": 0.4647448721017124, "mse": 0.14424532558793993, "N": 43203, "over_prob": 0.0, "under_prob": 0.4250267761513745, "over_counts": {"0": 16806}, "under_counts": {"0": 9663, "1": 5086, "2": 1247, "3": 441, "4": 178, "5": 71, "6": 56, "7": 26, "8": 13, "10": 6, "9": 6, "11": 4, "12": 3, "15": 2, "16": 2, "13": 1, "18": 1}, "avg_over_mag": 0.0, "avg_under_mag": 1.5230295394092117, "avg_over": 0.0, "avg_under": 1.5230295394092117}], [[0.8500000000000001, 0.9], {"acc": 0.8746130946513416, "nll": 0.37966011083522005, "mse": 0.1102229624449466, "N": 50723, "over_prob": 0.46252436359340854, "under_prob": 0.0, "over_counts": {"0": 9100, "1": 5266, "2": 1594, "3": 521, "4": 205, "5": 116, "6": 58, "7": 29, "8": 17, "9": 10, "11": 5, "10": 2, "15": 2, "13": 2, "26": 1, "17": 1, "23": 1, "12": 1}, "under_counts": {"0": 16931}, "avg_over_mag": 1.5838334823138807, "avg_under_mag": 0.0, "avg_over": 1.5838334823138807, "avg_under": 0.0}], [[0.9, 0.9500000000000001], {"acc": 0.9248898574067933, "nll": 0.26842602451655573, "mse": 0.06984151957808345, "N": 42218, "over_prob": 0.06840636548759338, "under_prob": 0.0, "over_counts": {"0": 12352, "1": 835, "2": 58, "3": 11, "4": 3}, "under_counts": {"0": 13259}, "avg_over_mag": 1.0981256890848952, "avg_under_mag": 0.0, "avg_over": 1.0981256890848952, "avg_under": 0.0}], [[0.9500000000000001, 1.0], {"acc": 0.9642545009613704, "nll": 0.1561767194749881, "mse": 0.03473871380620523, "N": 11442, "over_prob": 0.0017750166407810575, "under_prob": 0.0, "over_counts": {"0": 4499, "1": 8}, "under_counts": {"0": 4507}, "avg_over_mag": 1.0, "avg_under_mag": 0.0, "avg_over": 1.0, "avg_under": 0.0}]]}