{"over_prob": 0.3241796602280661, "under_prob": 0.565976262508727, "over_counts": {"0": 2904, "1": 773, "2": 299, "3": 133, "4": 74, "5": 37, "6": 34, "8": 12, "7": 10, "9": 5, "12": 3, "10": 3, "11": 2, "18": 2, "17": 2, "14": 1, "23": 1, "16": 1, "13": 1}, "under_counts": {"0": 1865, "1": 1228, "2": 542, "3": 275, "4": 163, "5": 97, "6": 48, "8": 26, "7": 22, "9": 10, "12": 7, "10": 5, "11": 4, "15": 1, "20": 1, "17": 1, "13": 1, "16": 1}, "avg_over_mag": 2.0746590093323762, "avg_under_mag": 2.1681743421052633, "avg_over": 2.0746590093323762, "avg_under": 2.1681743421052633, "acc": 0.7529005273686125, "auc": 0.6349074554570173, "nll": 0.6616632878593598, "mse": 0.18444665252674755, "metrics_by_prob": [[[0.0, 0.05], {"acc": 0.0, "nll": 0.9418875346247113, "mse": 0.3722327390297018, "N": 1, "over_prob": 0.0, "under_prob": 0.0, "over_counts": {"0": 1}, "under_counts": {"0": 1}, "avg_over_mag": 0.0, "avg_under_mag": 0.0, "avg_over": 0.0, "avg_under": 0.0}], [[0.05, 0.1], {"acc": 0.5, "nll": 1.5750617826977595, "mse": 0.4600477047539004, "N": 4, "over_prob": 0.0, "under_prob": 0.0, "over_counts": {"0": 4}, "under_counts": {"0": 4}, "avg_over_mag": 0.0, "avg_under_mag": 0.0, "avg_over": 0.0, "avg_under": 0.0}], [[0.1, 0.15000000000000002], {"acc": 0.56, "nll": 1.1477624026488642, "mse": 0.3216159316044762, "N": 25, "over_prob": 0.0, "under_prob": 0.045454545454545414, "over_counts": {"0": 22}, "under_counts": {"0": 21, "1": 1}, "avg_over_mag": 0.0, "avg_under_mag": 1.0, "avg_over": 0.0, "avg_under": 1.0}], [[0.15000000000000002, 0.2], {"acc": 0.625, "nll": 1.0190665801605086, "mse": 0.29125030353314335, "N": 72, "over_prob": 0.0, "under_prob": 0.10447761194029848, "over_counts": {"0": 67}, "under_counts": {"0": 60, "1": 7}, "avg_over_mag": 0.0, "avg_under_mag": 1.0, "avg_over": 0.0, "avg_under": 1.0}], [[0.2, 0.25], {"acc": 0.5545454545454546, "nll": 0.9027736422937336, "mse": 0.30272887250596703, "N": 110, "over_prob": 0.0, "under_prob": 0.08421052631578951, "over_counts": {"0": 95}, "under_counts": {"0": 87, "1": 8}, "avg_over_mag": 0.0, "avg_under_mag": 1.0, "avg_over": 0.0, "avg_under": 1.0}], [[0.25, 0.30000000000000004], {"acc": 0.553072625698324, "nll": 0.8599548919448812, "mse": 0.29361981833785966, "N": 179, "over_prob": 0.0, "under_prob": 0.05769230769230771, "over_counts": {"0": 156}, "under_counts": {"0": 147, "1": 9}, "avg_over_mag": 0.0, "avg_under_mag": 1.0, "avg_over": 0.0, "avg_under": 1.0}], [[0.30000000000000004, 0.35000000000000003], {"acc": 0.49603174603174605, "nll": 0.9056649260540809, "mse": 0.3012925068429005, "N": 252, "over_prob": 0.0, "under_prob": 0.09004739336492895, "over_counts": {"0": 211}, "under_counts": {"0": 192, "1": 19}, "avg_over_mag": 0.0, "avg_under_mag": 1.0, "avg_over": 0.0, "avg_under": 1.0}], [[0.35000000000000003, 0.4], {"acc": 0.5054945054945055, "nll": 0.8583435625186212, "mse": 0.29153109308104425, "N": 364, "over_prob": 0.0, "under_prob": 0.12969283276450516, "over_counts": {"0": 293}, "under_counts": {"0": 255, "1": 38}, "avg_over_mag": 0.0, "avg_under_mag": 1.0, "avg_over": 0.0, "avg_under": 1.0}], [[0.4, 0.45], {"acc": 0.4378947368421053, "nll": 0.9738926147165893, "mse": 0.32702624153695026, "N": 475, "over_prob": 0.0, "under_prob": 0.15159574468085102, "over_counts": {"0": 376}, "under_counts": {"0": 319, "1": 55, "2": 2}, "avg_over_mag": 0.0, "avg_under_mag": 1.0350877192982457, "avg_over": 0.0, "avg_under": 1.0350877192982457}], [[0.45, 0.5], {"acc": 0.4869281045751634, "nll": 0.9515371895417623, "mse": 0.3141764733409196, "N": 612, "over_prob": 0.0, "under_prob": 0.17021276595744683, "over_counts": {"0": 470}, "under_counts": {"0": 390, "1": 76, "2": 4}, "avg_over_mag": 0.0, "avg_under_mag": 1.05, "avg_over": 0.0, "avg_under": 1.05}], [[0.5, 0.55], {"acc": 0.508495145631068, "nll": 0.8911193883241126, "mse": 0.29609656140371815, "N": 824, "over_prob": 0.0, "under_prob": 0.18312101910828027, "over_counts": {"0": 628}, "under_counts": {"0": 513, "1": 112, "2": 2, "3": 1}, "avg_over_mag": 0.0, "avg_under_mag": 1.0347826086956522, "avg_over": 0.0, "avg_under": 1.0347826086956522}], [[0.55, 0.6000000000000001], {"acc": 0.5400355871886121, "nll": 0.8768664249495676, "mse": 0.28584172952348547, "N": 1124, "over_prob": 0.0, "under_prob": 0.22903629536921155, "over_counts": {"0": 799}, "under_counts": {"0": 616, "1": 168, "2": 13, "3": 2}, "avg_over_mag": 0.0, "avg_under_mag": 1.092896174863388, "avg_over": 0.0, "avg_under": 1.092896174863388}], [[0.6000000000000001, 0.65], {"acc": 0.5888665325285044, "nll": 0.8562226478204249, "mse": 0.27237885037110554, "N": 1491, "over_prob": 0.0, "under_prob": 0.2587268993839835, "over_counts": {"0": 974}, "under_counts": {"0": 722, "1": 233, "2": 15, "3": 4}, "avg_over_mag": 0.0, "avg_under_mag": 1.0912698412698412, "avg_over": 0.0, "avg_under": 1.0912698412698412}], [[0.65, 0.7000000000000001], {"acc": 0.6353562005277045, "nll": 0.8265795128610245, "mse": 0.25333006311398143, "N": 1895, "over_prob": 0.0, "under_prob": 0.3681506849315068, "over_counts": {"0": 1168}, "under_counts": {"0": 738, "1": 382, "2": 42, "3": 5, "7": 1}, "avg_over_mag": 0.0, "avg_under_mag": 1.1348837209302325, "avg_over": 0.0, "avg_under": 1.1348837209302325}], [[0.7000000000000001, 0.75], {"acc": 0.6935742971887551, "nll": 0.751360304967815, "mse": 0.22749868056624997, "N": 2490, "over_prob": 0.0, "under_prob": 0.4678111587982833, "over_counts": {"0": 1398}, "under_counts": {"0": 744, "1": 545, "2": 80, "3": 22, "4": 7}, "avg_over_mag": 0.0, "avg_under_mag": 1.2217125382262997, "avg_over": 0.0, "avg_under": 1.2217125382262997}], [[0.75, 0.8], {"acc": 0.7443253467843631, "nll": 0.7158979558474852, "mse": 0.2036849700783407, "N": 3172, "over_prob": 0.0, "under_prob": 0.571256764882742, "over_counts": {"0": 1663}, "under_counts": {"1": 744, "0": 713, "2": 151, "3": 36, "4": 11, "5": 7, "6": 1}, "avg_over_mag": 0.0, "avg_under_mag": 1.3042105263157895, "avg_over": 0.0, "avg_under": 1.3042105263157895}], [[0.8, 0.8500000000000001], {"acc": 0.7947037231253278, "nll": 0.6517693424739859, "mse": 0.17355275335303416, "N": 3814, "over_prob": 0.0, "under_prob": 0.6905016008537888, "over_counts": {"0": 1874}, "under_counts": {"1": 898, "0": 580, "2": 259, "3": 82, "4": 35, "5": 7, "6": 7, "7": 3, "9": 1, "8": 1, "11": 1}, "avg_over_mag": 0.0, "avg_under_mag": 1.489953632148377, "avg_over": 0.0, "avg_under": 1.489953632148377}], [[0.8500000000000001, 0.9], {"acc": 0.8480176211453745, "nll": 0.5973085856268163, "mse": 0.13940620603093523, "N": 4540, "over_prob": 0.5225903614457832, "under_prob": 0.0, "over_counts": {"0": 951, "1": 695, "2": 195, "3": 93, "4": 26, "5": 16, "6": 7, "8": 4, "7": 4, "12": 1}, "under_counts": {"0": 1992}, "avg_over_mag": 1.5965417867435159, "avg_under_mag": 0.0, "avg_over": 1.5965417867435159, "avg_under": 0.0}], [[0.9, 0.9500000000000001], {"acc": 0.9108065603235228, "nll": 0.43040228387756263, "mse": 0.08798392690361544, "N": 4451, "over_prob": 0.40011961722488043, "under_prob": 0.0, "over_counts": {"0": 1003, "1": 478, "2": 104, "3": 54, "4": 19, "5": 3, "6": 3, "15": 2, "7": 2, "8": 2, "13": 1, "14": 1}, "under_counts": {"0": 1672}, "avg_over_mag": 1.5605381165919283, "avg_under_mag": 0.0, "avg_over": 1.5605381165919283, "avg_under": 0.0}], [[0.9500000000000001, 1.0], {"acc": 0.95875, "nll": 0.26646252535887266, "mse": 0.04635310433806101, "N": 1600, "over_prob": 0.2295597484276729, "under_prob": 0.0, "over_counts": {"0": 490, "1": 118, "2": 22, "3": 3, "4": 2, "5": 1}, "under_counts": {"0": 636}, "avg_over_mag": 1.2602739726027397, "avg_under_mag": 0.0, "avg_over": 1.2602739726027397, "avg_under": 0.0}]]}