{"auc": 0.6325217941046433, "over_prob": 0.027556677828401988, "under_prob": 0.03570840423779986, "over_counts": {"0": 35430, "1": 685, "2": 135, "4": 86, "3": 76, "6": 9, "14": 3, "5": 3, "8": 3, "13": 1, "17": 1, "12": 1, "7": 1}, "under_counts": {"0": 35133, "1": 933, "2": 147, "5": 103, "4": 37, "6": 35, "3": 32, "7": 9, "8": 2, "12": 1, "21": 1, "22": 1}, "avg_over_mag": 1.704183266932271, "avg_under_mag": 1.7909300538047657, "avg_over": 1.704183266932271, "avg_under": 1.7909300538047657, "acc": 0.7931200904739437, "nll": 0.4916433416438404, "mse": 0.15793226109986805, "metrics_by_prob": [[[0.0, 0.05], {"acc": NaN, "nll": NaN, "mse": NaN, "N": 0}], [[0.05, 0.1], {"acc": 0.8, "nll": 0.5050863964011851, "mse": 0.16135273239450373, "N": 5, "over_prob": 0.0, "under_prob": 0.0, "over_counts": {"0": 5}, "under_counts": {"0": 5}, "avg_over_mag": 0.0, "avg_under_mag": 0.0, "avg_over": 0.0, "avg_under": 0.0}], [[0.1, 0.15000000000000002], {"acc": NaN, "nll": NaN, "mse": NaN, "N": 0}], [[0.15000000000000002, 0.2], {"acc": 0.8448275862068966, "nll": 0.4279262286566716, "mse": 0.13017948148454622, "N": 58, "over_prob": 0.0, "under_prob": 0.0, "over_counts": {"0": 58}, "under_counts": {"0": 58}, "avg_over_mag": 0.0, "avg_under_mag": 0.0, "avg_over": 0.0, "avg_under": 0.0}], [[0.2, 0.25], {"acc": 0.7922705314009661, "nll": 0.5073776823187256, "mse": 0.16340333661193912, "N": 207, "over_prob": 0.0, "under_prob": 0.0, "over_counts": {"0": 207}, "under_counts": {"0": 207}, "avg_over_mag": 0.0, "avg_under_mag": 0.0, "avg_over": 0.0, "avg_under": 0.0}], [[0.25, 0.30000000000000004], {"acc": 0.6883116883116883, "nll": 0.6192979111109685, "mse": 0.2140386676920931, "N": 77, "over_prob": 0.0, "under_prob": 0.0, "over_counts": {"0": 77}, "under_counts": {"0": 77}, "avg_over_mag": 0.0, "avg_under_mag": 0.0, "avg_over": 0.0, "avg_under": 0.0}], [[0.30000000000000004, 0.35000000000000003], {"acc": 0.6304347826086957, "nll": 0.6588921511698801, "mse": 0.23235143171853265, "N": 46, "over_prob": 0.0, "under_prob": 0.0, "over_counts": {"0": 46}, "under_counts": {"0": 46}, "avg_over_mag": 0.0, "avg_under_mag": 0.0, "avg_over": 0.0, "avg_under": 0.0}], [[0.35000000000000003, 0.4], {"acc": 0.6089743589743589, "nll": 0.6658858127604654, "mse": 0.23650106538874702, "N": 156, "over_prob": 0.0, "under_prob": 0.0, "over_counts": {"0": 146}, "under_counts": {"0": 146}, "avg_over_mag": 0.0, "avg_under_mag": 0.0, "avg_over": 0.0, "avg_under": 0.0}], [[0.4, 0.45], {"acc": 0.5725308641975309, "nll": 0.6837067992477924, "mse": 0.24524277021339735, "N": 648, "over_prob": 0.0, "under_prob": 0.0, "over_counts": {"0": 636}, "under_counts": {"0": 636}, "avg_over_mag": 0.0, "avg_under_mag": 0.0, "avg_over": 0.0, "avg_under": 0.0}], [[0.45, 0.5], {"acc": 0.5240384615384616, "nll": 0.6904226383805067, "mse": 0.24865760458429997, "N": 624, "over_prob": 0.0, "under_prob": 0.0, "over_counts": {"0": 624}, "under_counts": {"0": 624}, "avg_over_mag": 0.0, "avg_under_mag": 0.0, "avg_over": 0.0, "avg_under": 0.0}], [[0.5, 0.55], {"acc": 0.4975062344139651, "nll": 0.6919682992569038, "mse": 0.24942526835259574, "N": 1604, "over_prob": 0.0, "under_prob": 0.0, "over_counts": {"0": 1590}, "under_counts": {"0": 1590}, "avg_over_mag": 0.0, "avg_under_mag": 0.0, "avg_over": 0.0, "avg_under": 0.0}], [[0.55, 0.6000000000000001], {"acc": 0.5646513680494263, "nll": 0.6849736990478345, "mse": 0.24591428743133217, "N": 4532, "over_prob": 0.0, "under_prob": 0.0, "over_counts": {"0": 4102}, "under_counts": {"0": 4102}, "avg_over_mag": 0.0, "avg_under_mag": 0.0, "avg_over": 0.0, "avg_under": 0.0}], [[0.6000000000000001, 0.65], {"acc": 0.628888094386843, "nll": 0.6596728910700369, "mse": 0.23343836994778275, "N": 8391, "over_prob": 0.0, "under_prob": 0.0, "over_counts": {"0": 6296}, "under_counts": {"0": 6296}, "avg_over_mag": 0.0, "avg_under_mag": 0.0, "avg_over": 0.0, "avg_under": 0.0}], [[0.65, 0.7000000000000001], {"acc": 0.6775008613759045, "nll": 0.6288790660053997, "mse": 0.21855271512956068, "N": 17414, "over_prob": 0.0, "under_prob": 0.0, "over_counts": {"0": 12765}, "under_counts": {"0": 12765}, "avg_over_mag": 0.0, "avg_under_mag": 0.0, "avg_over": 0.0, "avg_under": 0.0}], [[0.7000000000000001, 0.75], {"acc": 0.7283142389525368, "nll": 0.5844408225894249, "mse": 0.19767951197179992, "N": 32383, "over_prob": 0.0, "under_prob": 0.0, "over_counts": {"0": 16927}, "under_counts": {"0": 16927}, "avg_over_mag": 0.0, "avg_under_mag": 0.0, "avg_over": 0.0, "avg_under": 0.0}], [[0.75, 0.8], {"acc": 0.7765439073479043, "nll": 0.5305060124423352, "mse": 0.17326148070536812, "N": 56642, "over_prob": 0.0, "under_prob": 0.0002655760344186797, "over_counts": {"0": 18827}, "under_counts": {"0": 18822, "1": 5}, "avg_over_mag": 0.0, "avg_under_mag": 1.0, "avg_over": 0.0, "avg_under": 1.0}], [[0.8, 0.8500000000000001], {"acc": 0.8247921057874813, "nll": 0.463264884589455, "mse": 0.1442868277156438, "N": 95361, "over_prob": 0.0, "under_prob": 0.08372603447162874, "over_counts": {"0": 15491}, "under_counts": {"0": 14194, "1": 930, "2": 146, "5": 103, "4": 37, "6": 35, "3": 32, "7": 9, "8": 2, "12": 1, "21": 1, "22": 1}, "avg_over_mag": 0.0, "avg_under_mag": 1.7925983037779492, "avg_over": 0.0, "avg_under": 1.7925983037779492}], [[0.8500000000000001, 0.9], {"acc": 0.8719974648779972, "nll": 0.3820357407696667, "mse": 0.11150647767712482, "N": 47335, "over_prob": 0.1482192995418945, "under_prob": 0.0, "over_counts": {"0": 5764, "1": 684, "2": 135, "4": 86, "3": 76, "6": 9, "14": 3, "5": 3, "8": 3, "13": 1, "17": 1, "12": 1, "7": 1}, "under_counts": {"0": 6767}, "avg_over_mag": 1.7048853439680958, "avg_under_mag": 0.0, "avg_over": 1.7048853439680958, "avg_under": 0.0}], [[0.9, 0.9500000000000001], {"acc": 0.9148284865400198, "nll": 0.290754350670838, "mse": 0.07783666849941279, "N": 11107, "over_prob": 0.00059382422802845, "under_prob": 0.0, "over_counts": {"0": 1683, "1": 1}, "under_counts": {"0": 1684}, "avg_over_mag": 1.0, "avg_under_mag": 0.0, "avg_over": 1.0, "avg_under": 0.0}], [[0.9500000000000001, 1.0], {"acc": 0.9678942398489141, "nll": 0.14163924145869272, "mse": 0.031001040120695277, "N": 1059, "over_prob": 0.0, "under_prob": 0.0, "over_counts": {"0": 225}, "under_counts": {"0": 225}, "avg_over_mag": 0.0, "avg_under_mag": 0.0, "avg_over": 0.0, "avg_under": 0.0}]]}