{"auc": 0.6208821647777469, "over_prob": 0.10490906604676609, "under_prob": 0.2454806508956653, "over_counts": {"0": 32729, "1": 2015, "2": 861, "3": 372, "4": 209, "5": 103, "6": 76, "7": 46, "9": 32, "8": 21, "15": 12, "11": 11, "12": 10, "13": 9, "10": 8, "19": 7, "18": 6, "17": 4, "22": 4, "16": 4, "20": 4, "21": 3, "14": 3, "26": 2, "24": 2, "32": 2, "30": 1, "42": 1, "36": 1, "25": 1, "41": 1, "33": 1, "34": 1, "23": 1, "44": 1, "50": 1}, "under_counts": {"0": 27589, "1": 4745, "2": 1764, "3": 851, "4": 459, "5": 286, "6": 229, "7": 141, "8": 89, "9": 82, "10": 69, "11": 46, "12": 33, "13": 31, "14": 25, "16": 19, "15": 15, "18": 14, "17": 13, "19": 8, "20": 8, "22": 5, "30": 4, "21": 4, "24": 4, "54": 3, "31": 3, "37": 2, "35": 2, "25": 2, "29": 2, "23": 2, "41": 1, "58": 1, "26": 1, "38": 1, "40": 1, "56": 1, "36": 1, "59": 1, "62": 1, "52": 1, "53": 1, "68": 1, "28": 1, "27": 1, "34": 1, "49": 1}, "avg_over_mag": 2.4045881126173096, "avg_under_mag": 2.590463458110517, "avg_over": 2.4045881126173096, "avg_under": 2.590463458110517, "acc": 0.7863905210696763, "nll": 0.5037465874579937, "mse": 0.1626634334117843, "metrics_by_prob": [[[0.0, 0.05], {"acc": NaN, "nll": NaN, "mse": NaN, "N": 0}], [[0.05, 0.1], {"acc": 0.8333333333333334, "nll": 0.47235401117459314, "mse": 0.14347477496427316, "N": 6, "over_prob": 0.0, "under_prob": 0.0, "over_counts": {"0": 6}, "under_counts": {"0": 6}, "avg_over_mag": 0.0, "avg_under_mag": 0.0, "avg_over": 0.0, "avg_under": 0.0}], [[0.1, 0.15000000000000002], {"acc": NaN, "nll": NaN, "mse": NaN, "N": 0}], [[0.15000000000000002, 0.2], {"acc": 0.8392857142857143, "nll": 0.4583670541197677, "mse": 0.1392856291562731, "N": 56, "over_prob": 0.0, "under_prob": 0.0, "over_counts": {"0": 56}, "under_counts": {"0": 56}, "avg_over_mag": 0.0, "avg_under_mag": 0.0, "avg_over": 0.0, "avg_under": 0.0}], [[0.2, 0.25], {"acc": 0.7923497267759563, "nll": 0.5415643646274019, "mse": 0.17513806552419403, "N": 183, "over_prob": 0.0, "under_prob": 0.0, "over_counts": {"0": 183}, "under_counts": {"0": 183}, "avg_over_mag": 0.0, "avg_under_mag": 0.0, "avg_over": 0.0, "avg_under": 0.0}], [[0.25, 0.30000000000000004], {"acc": 0.7789473684210526, "nll": 0.5621554165611993, "mse": 0.18650704997810172, "N": 95, "over_prob": 0.0, "under_prob": 0.0, "over_counts": {"0": 95}, "under_counts": {"0": 95}, "avg_over_mag": 0.0, "avg_under_mag": 0.0, "avg_over": 0.0, "avg_under": 0.0}], [[0.30000000000000004, 0.35000000000000003], {"acc": 0.6216216216216216, "nll": 0.6605474582172643, "mse": 0.2339943712280532, "N": 37, "over_prob": 0.0, "under_prob": 0.0, "over_counts": {"0": 37}, "under_counts": {"0": 37}, "avg_over_mag": 0.0, "avg_under_mag": 0.0, "avg_over": 0.0, "avg_under": 0.0}], [[0.35000000000000003, 0.4], {"acc": 0.5769230769230769, "nll": 0.6879417239304868, "mse": 0.2472487959993076, "N": 156, "over_prob": 0.0, "under_prob": 0.0, "over_counts": {"0": 154}, "under_counts": {"0": 154}, "avg_over_mag": 0.0, "avg_under_mag": 0.0, "avg_over": 0.0, "avg_under": 0.0}], [[0.4, 0.45], {"acc": 0.5615615615615616, "nll": 0.6862637644471766, "mse": 0.24646357408214825, "N": 666, "over_prob": 0.0, "under_prob": 0.0, "over_counts": {"0": 662}, "under_counts": {"0": 662}, "avg_over_mag": 0.0, "avg_under_mag": 0.0, "avg_over": 0.0, "avg_under": 0.0}], [[0.45, 0.5], {"acc": 0.5382165605095541, "nll": 0.6951443451088454, "mse": 0.250874788126957, "N": 628, "over_prob": 0.0, "under_prob": 0.0, "over_counts": {"0": 627}, "under_counts": {"0": 627}, "avg_over_mag": 0.0, "avg_under_mag": 0.0, "avg_over": 0.0, "avg_under": 0.0}], [[0.5, 0.55], {"acc": 0.4990969295605057, "nll": 0.6993400215552561, "mse": 0.25297523936301974, "N": 1661, "over_prob": 0.0, "under_prob": 0.0, "over_counts": {"0": 1651}, "under_counts": {"0": 1651}, "avg_over_mag": 0.0, "avg_under_mag": 0.0, "avg_over": 0.0, "avg_under": 0.0}], [[0.55, 0.6000000000000001], {"acc": 0.556406981694338, "nll": 0.691992986083901, "mse": 0.2492454813914124, "N": 4698, "over_prob": 0.0, "under_prob": 0.0, "over_counts": {"0": 4254}, "under_counts": {"0": 4254}, "avg_over_mag": 0.0, "avg_under_mag": 0.0, "avg_over": 0.0, "avg_under": 0.0}], [[0.6000000000000001, 0.65], {"acc": 0.6155423883318141, "nll": 0.6696011785928495, "mse": 0.23806595242242998, "N": 8776, "over_prob": 0.0, "under_prob": 0.00015304560759110686, "over_counts": {"0": 6534}, "under_counts": {"0": 6533, "1": 1}, "avg_over_mag": 0.0, "avg_under_mag": 1.0, "avg_over": 0.0, "avg_under": 1.0}], [[0.65, 0.7000000000000001], {"acc": 0.6735465924895688, "nll": 0.6356899209680743, "mse": 0.22158341831662745, "N": 17975, "over_prob": 0.0, "under_prob": 0.0006105938024728585, "over_counts": {"0": 13102}, "under_counts": {"0": 13094, "1": 8}, "avg_over_mag": 0.0, "avg_under_mag": 1.0, "avg_over": 0.0, "avg_under": 1.0}], [[0.7000000000000001, 0.75], {"acc": 0.7242737109726227, "nll": 0.5920895234544835, "mse": 0.20088805147120065, "N": 32253, "over_prob": 0.0, "under_prob": 0.012415750266051795, "over_counts": {"0": 16914}, "under_counts": {"0": 16704, "1": 209, "2": 1}, "avg_over_mag": 0.0, "avg_under_mag": 1.0047619047619047, "avg_over": 0.0, "avg_under": 1.0047619047619047}], [[0.75, 0.8], {"acc": 0.7751005491175552, "nll": 0.5380111178840332, "mse": 0.17599156963302523, "N": 54451, "over_prob": 0.0, "under_prob": 0.11380757640981487, "over_counts": {"0": 18584}, "under_counts": {"0": 16469, "1": 1817, "2": 258, "3": 37, "4": 2, "5": 1}, "avg_over_mag": 0.0, "avg_under_mag": 1.1617021276595745, "avg_over": 0.0, "avg_under": 1.1617021276595745}], [[0.8, 0.8500000000000001], {"acc": 0.8248760888726091, "nll": 0.4673733951609864, "mse": 0.14542266738073856, "N": 87361, "over_prob": 0.0, "under_prob": 0.5113365155131264, "over_counts": {"0": 15084}, "under_counts": {"0": 7371, "1": 3995, "2": 1551, "3": 722, "4": 394, "5": 265, "6": 191, "7": 127, "8": 82, "9": 76, "10": 66, "12": 37, "11": 35, "13": 32, "16": 22, "14": 21, "15": 18, "17": 14, "18": 9, "20": 7, "19": 5, "24": 4, "30": 4, "22": 4, "54": 3, "31": 3, "37": 2, "25": 2, "29": 2, "35": 2, "36": 1, "41": 1, "58": 1, "26": 1, "38": 1, "21": 1, "56": 1, "39": 1, "59": 1, "62": 1, "52": 1, "23": 1, "53": 1, "67": 1, "28": 1, "27": 1, "34": 1, "49": 1}, "avg_over_mag": 0.0, "avg_under_mag": 2.667574225333852, "avg_over": 0.0, "avg_under": 2.667574225333852}], [[0.8500000000000001, 0.9], {"acc": 0.8734841119582459, "nll": 0.38209129578778167, "mse": 0.111062321949723, "N": 39086, "over_prob": 0.5946586599241466, "under_prob": 0.0, "over_counts": {"0": 2565, "1": 1985, "2": 836, "3": 364, "4": 208, "5": 99, "6": 75, "7": 43, "9": 30, "8": 22, "15": 12, "11": 11, "12": 10, "13": 9, "10": 8, "19": 7, "18": 6, "17": 4, "22": 4, "16": 4, "20": 4, "21": 3, "14": 3, "26": 2, "24": 2, "32": 2, "30": 1, "42": 1, "36": 1, "25": 1, "41": 1, "33": 1, "34": 1, "23": 1, "44": 1, "50": 1}, "under_counts": {"0": 6328}, "avg_over_mag": 2.407387722561786, "avg_under_mag": 0.0, "avg_over": 2.407387722561786, "avg_under": 0.0}], [[0.9, 0.9500000000000001], {"acc": 0.9130139313625553, "nll": 0.2994222282781279, "mse": 0.079970291802723, "N": 8829, "over_prob": 0.08174554394591271, "under_prob": 0.0, "over_counts": {"0": 1494, "1": 113, "2": 13, "3": 7}, "under_counts": {"0": 1627}, "avg_over_mag": 1.2030075187969924, "avg_under_mag": 0.0, "avg_over": 1.2030075187969924, "avg_under": 0.0}], [[0.9500000000000001, 1.0], {"acc": 0.9607843137254902, "nll": 0.17588222415080756, "mse": 0.03935721869552385, "N": 918, "over_prob": 0.005154639175257714, "under_prob": 0.0, "over_counts": {"0": 193, "5": 1}, "under_counts": {"0": 194}, "avg_over_mag": 5.0, "avg_under_mag": 0.0, "avg_over": 5.0, "avg_under": 0.0}]]}