{"auc": 0.7147802740178175, "over_prob": 0.22390263913578556, "under_prob": 0.22141392041569807, "over_counts": {"0": 28378, "1": 5572, "2": 1634, "3": 509, "4": 212, "5": 102, "6": 58, "8": 29, "7": 29, "9": 13, "11": 11, "10": 7, "12": 3, "13": 3, "15": 2, "39": 1, "14": 1, "22": 1}, "under_counts": {"0": 28469, "1": 5603, "2": 1452, "3": 541, "4": 211, "5": 117, "6": 57, "7": 33, "8": 26, "10": 16, "9": 12, "11": 10, "12": 4, "17": 3, "13": 3, "14": 2, "15": 2, "22": 1, "23": 1, "16": 1, "19": 1}, "avg_over_mag": 1.5873946500549652, "avg_under_mag": 1.6049901185770752, "avg_over": 1.5873946500549652, "avg_under": 1.6049901185770752, "acc": 0.7978009191925068, "nll": 0.4660715158159144, "mse": 0.1491128412131137, "metrics_by_prob": [[[0.0, 0.05], {"acc": 0.9888888888888889, "nll": 0.07720194051102837, "mse": 0.012397801727858019, "N": 90, "over_prob": 0.0, "under_prob": 0.0, "over_counts": {"0": 70}, "under_counts": {"0": 70}, "avg_over_mag": 0.0, "avg_under_mag": 0.0, "avg_over": 0.0, "avg_under": 0.0}], [[0.05, 0.1], {"acc": 0.9439775910364145, "nll": 0.2258763832173925, "mse": 0.05512810143169211, "N": 357, "over_prob": 0.0, "under_prob": 0.0, "over_counts": {"0": 309}, "under_counts": {"0": 309}, "avg_over_mag": 0.0, "avg_under_mag": 0.0, "avg_over": 0.0, "avg_under": 0.0}], [[0.1, 0.15000000000000002], {"acc": 0.8718929254302104, "nll": 0.38877635891088863, "mse": 0.11334120282099264, "N": 523, "over_prob": 0.0, "under_prob": 0.0, "over_counts": {"0": 437}, "under_counts": {"0": 437}, "avg_over_mag": 0.0, "avg_under_mag": 0.0, "avg_over": 0.0, "avg_under": 0.0}], [[0.15000000000000002, 0.2], {"acc": 0.8330935251798561, "nll": 0.45061585232824247, "mse": 0.1391249958855977, "N": 695, "over_prob": 0.0, "under_prob": 0.0, "over_counts": {"0": 617}, "under_counts": {"0": 617}, "avg_over_mag": 0.0, "avg_under_mag": 0.0, "avg_over": 0.0, "avg_under": 0.0}], [[0.2, 0.25], {"acc": 0.7632468996617813, "nll": 0.5588899369971859, "mse": 0.18494647425328445, "N": 887, "over_prob": 0.0, "under_prob": 0.0, "over_counts": {"0": 805}, "under_counts": {"0": 805}, "avg_over_mag": 0.0, "avg_under_mag": 0.0, "avg_over": 0.0, "avg_under": 0.0}], [[0.25, 0.30000000000000004], {"acc": 0.7295492487479132, "nll": 0.5891846117753309, "mse": 0.19940426903308903, "N": 1198, "over_prob": 0.0, "under_prob": 0.0, "over_counts": {"0": 1060}, "under_counts": {"0": 1060}, "avg_over_mag": 0.0, "avg_under_mag": 0.0, "avg_over": 0.0, "avg_under": 0.0}], [[0.30000000000000004, 0.35000000000000003], {"acc": 0.6516634050880626, "nll": 0.6548701637448939, "mse": 0.23048188577957698, "N": 1533, "over_prob": 0.0, "under_prob": 0.0, "over_counts": {"0": 1356}, "under_counts": {"0": 1356}, "avg_over_mag": 0.0, "avg_under_mag": 0.0, "avg_over": 0.0, "avg_under": 0.0}], [[0.35000000000000003, 0.4], {"acc": 0.6088235294117647, "nll": 0.6708314119402642, "mse": 0.23877999552213658, "N": 2040, "over_prob": 0.0, "under_prob": 0.0, "over_counts": {"0": 1806}, "under_counts": {"0": 1806}, "avg_over_mag": 0.0, "avg_under_mag": 0.0, "avg_over": 0.0, "avg_under": 0.0}], [[0.4, 0.45], {"acc": 0.5412874957869902, "nll": 0.6922973171931888, "mse": 0.24947679589623206, "N": 2967, "over_prob": 0.0, "under_prob": 0.0, "over_counts": {"0": 2536}, "under_counts": {"0": 2536}, "avg_over_mag": 0.0, "avg_under_mag": 0.0, "avg_over": 0.0, "avg_under": 0.0}], [[0.45, 0.5], {"acc": 0.510044906641456, "nll": 0.7017848323972606, "mse": 0.2540945234846966, "N": 4231, "over_prob": 0.0, "under_prob": 0.0, "over_counts": {"0": 3499}, "under_counts": {"0": 3499}, "avg_over_mag": 0.0, "avg_under_mag": 0.0, "avg_over": 0.0, "avg_under": 0.0}], [[0.5, 0.55], {"acc": 0.5150207182320442, "nll": 0.7005898749984408, "mse": 0.25339488702841534, "N": 5792, "over_prob": 0.0, "under_prob": 0.0, "over_counts": {"0": 4555}, "under_counts": {"0": 4555}, "avg_over_mag": 0.0, "avg_under_mag": 0.0, "avg_over": 0.0, "avg_under": 0.0}], [[0.55, 0.6000000000000001], {"acc": 0.5644010514457379, "nll": 0.6898639964358034, "mse": 0.24796549538211632, "N": 7989, "over_prob": 0.0, "under_prob": 0.0, "over_counts": {"0": 5878}, "under_counts": {"0": 5878}, "avg_over_mag": 0.0, "avg_under_mag": 0.0, "avg_over": 0.0, "avg_under": 0.0}], [[0.6000000000000001, 0.65], {"acc": 0.6276939185062386, "nll": 0.668829420633207, "mse": 0.23737306892801938, "N": 11461, "over_prob": 0.0, "under_prob": 0.0006388143605468022, "over_counts": {"0": 7827}, "under_counts": {"0": 7822, "1": 5}, "avg_over_mag": 0.0, "avg_under_mag": 1.0, "avg_over": 0.0, "avg_under": 1.0}], [[0.65, 0.7000000000000001], {"acc": 0.6745159275452842, "nll": 0.6381416742574326, "mse": 0.22235545532438708, "N": 16010, "over_prob": 0.0, "under_prob": 0.004073926868044531, "over_counts": {"0": 10064}, "under_counts": {"0": 10023, "1": 39, "2": 2}, "avg_over_mag": 0.0, "avg_under_mag": 1.048780487804878, "avg_over": 0.0, "avg_under": 1.048780487804878}], [[0.7000000000000001, 0.75], {"acc": 0.7333274367592428, "nll": 0.5881622509553024, "mse": 0.1986318179058961, "N": 22612, "over_prob": 0.0, "under_prob": 0.02281825460368292, "over_counts": {"0": 12490}, "under_counts": {"0": 12205, "1": 269, "2": 15, "3": 1}, "avg_over_mag": 0.0, "avg_under_mag": 1.0596491228070175, "avg_over": 0.0, "avg_under": 1.0596491228070175}], [[0.75, 0.8], {"acc": 0.7759510193933367, "nll": 0.5375866183296196, "mse": 0.17572791459506626, "N": 32176, "over_prob": 0.0, "under_prob": 0.09400238315900966, "over_counts": {"0": 15106}, "under_counts": {"0": 13686, "1": 1274, "2": 111, "3": 25, "5": 5, "4": 5}, "avg_over_mag": 0.0, "avg_under_mag": 1.1380281690140845, "avg_over": 0.0, "avg_under": 1.1380281690140845}], [[0.8, 0.8500000000000001], {"acc": 0.8249469606124896, "nll": 0.46767614392098794, "mse": 0.14553200373069802, "N": 43364, "over_prob": 0.0, "under_prob": 0.42402806197018417, "over_counts": {"0": 17105}, "under_counts": {"0": 9852, "1": 5216, "2": 1264, "3": 405, "4": 155, "5": 89, "6": 50, "7": 18, "8": 14, "9": 12, "10": 11, "11": 8, "14": 3, "13": 2, "17": 2, "12": 2, "15": 1, "19": 1}, "avg_over_mag": 0.0, "avg_under_mag": 1.520474286502137, "avg_over": 0.0, "avg_under": 1.520474286502137}], [[0.8500000000000001, 0.9], {"acc": 0.8750642165579925, "nll": 0.379419693417558, "mse": 0.11003009706905628, "N": 50610, "over_prob": 0.4490329325666492, "under_prob": 0.0, "over_counts": {"0": 9486, "1": 5359, "2": 1514, "3": 441, "4": 199, "5": 82, "6": 47, "7": 33, "8": 19, "9": 12, "11": 9, "10": 7, "12": 3, "13": 3, "39": 1, "14": 1, "21": 1}, "under_counts": {"0": 17217}, "avg_over_mag": 1.5530979174751003, "avg_under_mag": 0.0, "avg_over": 1.5530979174751003, "avg_under": 0.0}], [[0.9, 0.9500000000000001], {"acc": 0.921052007494012, "nll": 0.2783042535970839, "mse": 0.07313274135354374, "N": 42167, "over_prob": 0.06760970416001222, "under_prob": 0.0, "over_counts": {"0": 12260, "1": 824, "2": 47, "3": 16, "6": 1, "4": 1}, "under_counts": {"0": 13149}, "avg_over_mag": 1.0978627671541057, "avg_under_mag": 0.0, "avg_over": 1.0978627671541057, "avg_under": 0.0}], [[0.9500000000000001, 1.0], {"acc": 0.9657774184855834, "nll": 0.15288047417270675, "mse": 0.03350846429378365, "N": 11133, "over_prob": 0.002826086956521756, "under_prob": 0.0, "over_counts": {"0": 4587, "1": 13}, "under_counts": {"0": 4600}, "avg_over_mag": 1.0, "avg_under_mag": 0.0, "avg_over": 1.0, "avg_under": 0.0}]]}