{"over_prob": 0.2003570214212853, "under_prob": 0.08202992179530777, "over_counts": {"0": 9407, "1": 925, "2": 440, "3": 290, "4": 173, "5": 120, "6": 79, "7": 67, "9": 47, "10": 35, "8": 33, "12": 24, "11": 23, "14": 16, "13": 14, "15": 10, "21": 10, "18": 7, "16": 7, "19": 6, "20": 4, "24": 4, "17": 3, "26": 2, "41": 2, "23": 2, "31": 1, "25": 1, "50": 1, "59": 1, "29": 1, "44": 1, "48": 1, "66": 1, "27": 1, "22": 1, "32": 1, "28": 1, "30": 1, "46": 1}, "under_counts": {"0": 10799, "1": 734, "2": 206, "3": 19, "4": 6}, "avg_over_mag": 3.6274925753075946, "avg_under_mag": 1.271502590673575, "avg_over": 3.6274925753075946, "avg_under": 1.271502590673575, "acc": 0.8034350295893092, "auc": 0.6292093537848636, "nll": 0.47889760433090595, "mse": 0.152654219884424, "metrics_by_prob": [[[0.0, 0.05], {"acc": NaN, "nll": NaN, "mse": NaN, "N": 0}], [[0.05, 0.1], {"acc": NaN, "nll": NaN, "mse": NaN, "N": 0}], [[0.1, 0.15000000000000002], {"acc": NaN, "nll": NaN, "mse": NaN, "N": 0}], [[0.15000000000000002, 0.2], {"acc": NaN, "nll": NaN, "mse": NaN, "N": 0}], [[0.2, 0.25], {"acc": NaN, "nll": NaN, "mse": NaN, "N": 0}], [[0.25, 0.30000000000000004], {"acc": NaN, "nll": NaN, "mse": NaN, "N": 0}], [[0.30000000000000004, 0.35000000000000003], {"acc": 0.4578313253012048, "nll": 0.7388822189069377, "mse": 0.2716466167741649, "N": 249, "over_prob": 0.0, "under_prob": 0.0, "over_counts": {"0": 249}, "under_counts": {"0": 249}, "avg_over_mag": 0.0, "avg_under_mag": 0.0, "avg_over": 0.0, "avg_under": 0.0}], [[0.35000000000000003, 0.4], {"acc": 0.5454545454545454, "nll": 0.6780542218806693, "mse": 0.24342214512024538, "N": 22, "over_prob": 0.0, "under_prob": 0.0, "over_counts": {"0": 22}, "under_counts": {"0": 22}, "avg_over_mag": 0.0, "avg_under_mag": 0.0, "avg_over": 0.0, "avg_under": 0.0}], [[0.4, 0.45], {"acc": 0.44802867383512546, "nll": 0.7696041753308211, "mse": 0.2861330776363275, "N": 279, "over_prob": 0.0, "under_prob": 0.0, "over_counts": {"0": 279}, "under_counts": {"0": 279}, "avg_over_mag": 0.0, "avg_under_mag": 0.0, "avg_over": 0.0, "avg_under": 0.0}], [[0.45, 0.5], {"acc": 0.5252525252525253, "nll": 0.727549908782897, "mse": 0.2658677310954586, "N": 297, "over_prob": 0.0, "under_prob": 0.0, "over_counts": {"0": 297}, "under_counts": {"0": 297}, "avg_over_mag": 0.0, "avg_under_mag": 0.0, "avg_over": 0.0, "avg_under": 0.0}], [[0.5, 0.55], {"acc": 0.5093457943925234, "nll": 0.7459174909751279, "mse": 0.2737172486635907, "N": 214, "over_prob": 0.0, "under_prob": 0.0, "over_counts": {"0": 214}, "under_counts": {"0": 214}, "avg_over_mag": 0.0, "avg_under_mag": 0.0, "avg_over": 0.0, "avg_under": 0.0}], [[0.55, 0.6000000000000001], {"acc": 0.5964230171073095, "nll": 0.7074077550329896, "mse": 0.25445271273610276, "N": 1286, "over_prob": 0.0, "under_prob": 0.0, "over_counts": {"0": 1286}, "under_counts": {"0": 1286}, "avg_over_mag": 0.0, "avg_under_mag": 0.0, "avg_over": 0.0, "avg_under": 0.0}], [[0.6000000000000001, 0.65], {"acc": 0.6406926406926406, "nll": 0.6721383993185767, "mse": 0.23791997208558055, "N": 1848, "over_prob": 0.0, "under_prob": 0.0, "over_counts": {"0": 1687}, "under_counts": {"0": 1687}, "avg_over_mag": 0.0, "avg_under_mag": 0.0, "avg_over": 0.0, "avg_under": 0.0}], [[0.65, 0.7000000000000001], {"acc": 0.6710144927536232, "nll": 0.6496089038368517, "mse": 0.22704655900434115, "N": 3450, "over_prob": 0.0, "under_prob": 0.0036148537627341826, "over_counts": {"0": 3043}, "under_counts": {"0": 3032, "1": 11}, "avg_over_mag": 0.0, "avg_under_mag": 1.0, "avg_over": 0.0, "avg_under": 1.0}], [[0.7000000000000001, 0.75], {"acc": 0.7378974188545475, "nll": 0.576745506719545, "mse": 0.19394621393986175, "N": 9027, "over_prob": 0.0, "under_prob": 0.0, "over_counts": {"0": 5249}, "under_counts": {"0": 5249}, "avg_over_mag": 0.0, "avg_under_mag": 0.0, "avg_over": 0.0, "avg_under": 0.0}], [[0.75, 0.8], {"acc": 0.7745055579615996, "nll": 0.5347328003291089, "mse": 0.1749972478967878, "N": 13854, "over_prob": 0.0, "under_prob": 0.010615711252653925, "over_counts": {"0": 6123}, "under_counts": {"0": 6058, "1": 64, "2": 1}, "avg_over_mag": 0.0, "avg_under_mag": 1.0153846153846153, "avg_over": 0.0, "avg_under": 1.0153846153846153}], [[0.8, 0.8500000000000001], {"acc": 0.8230545454545455, "nll": 0.47230275173083697, "mse": 0.1474359325139647, "N": 13750, "over_prob": 0.0, "under_prob": 0.1700581395348837, "over_counts": {"0": 5504}, "under_counts": {"0": 4568, "1": 740, "2": 183, "3": 8, "4": 5}, "avg_over_mag": 0.0, "avg_under_mag": 1.2286324786324787, "avg_over": 0.0, "avg_under": 1.2286324786324787}], [[0.8500000000000001, 0.9], {"acc": 0.8774418604651163, "nll": 0.3833200011455025, "mse": 0.11079448395810852, "N": 12900, "over_prob": 0.49098712446351933, "under_prob": 0.0, "over_counts": {"0": 2372, "1": 937, "2": 431, "3": 326, "4": 152, "5": 117, "6": 71, "7": 63, "9": 39, "10": 34, "8": 31, "12": 13, "11": 12, "14": 9, "13": 8, "15": 7, "21": 7, "18": 6, "19": 4, "16": 4, "25": 3, "26": 2, "17": 2, "22": 2, "20": 1, "50": 1, "24": 1, "41": 1, "30": 1, "45": 1, "23": 1, "29": 1}, "under_counts": {"0": 4660}, "avg_over_mag": 3.173513986013986, "avg_under_mag": 0.0, "avg_over": 3.173513986013986, "avg_under": 0.0}], [[0.9, 0.9500000000000001], {"acc": 0.9087382825126603, "nll": 0.309674051021116, "mse": 0.08403160090354729, "N": 9281, "over_prob": 0.1290896159317212, "under_prob": 0.0, "over_counts": {"0": 2449, "1": 152, "2": 74, "3": 40, "4": 24, "5": 13, "6": 13, "8": 12, "7": 8, "9": 7, "14": 4, "12": 3, "22": 1, "10": 1, "21": 1, "13": 1, "23": 1, "16": 1, "17": 1, "44": 1, "30": 1, "11": 1, "18": 1, "15": 1, "31": 1}, "under_counts": {"0": 2812}, "avg_over_mag": 3.4077134986225897, "avg_under_mag": 0.0, "avg_over": 3.4077134986225897, "avg_under": 0.0}], [[0.9500000000000001, 1.0], {"acc": 0.9596273291925466, "nll": 0.18514658783530547, "mse": 0.04169085116023722, "N": 966, "over_prob": 0.07692307692307687, "under_prob": 0.0, "over_counts": {"0": 324, "1": 17, "2": 6, "4": 2, "8": 1, "7": 1}, "under_counts": {"0": 351}, "avg_over_mag": 1.9259259259259258, "avg_under_mag": 0.0, "avg_over": 1.9259259259259258, "avg_under": 0.0}]]}