{"auc": 0.6166264761368473, "over_prob": 0.11054504285945332, "under_prob": 0.26314087012776965, "over_counts": {"0": 32997, "1": 2046, "2": 904, "3": 428, "4": 236, "5": 140, "6": 65, "7": 54, "8": 34, "9": 31, "10": 23, "11": 23, "13": 21, "12": 12, "14": 11, "17": 9, "20": 9, "19": 7, "18": 5, "16": 5, "21": 4, "26": 3, "24": 3, "43": 2, "33": 2, "32": 2, "31": 2, "22": 2, "23": 2, "15": 2, "28": 2, "25": 2, "36": 2, "49": 1, "35": 1, "40": 1, "39": 1, "30": 1, "29": 1, "47": 1, "45": 1}, "under_counts": {"0": 27336, "1": 5076, "2": 1902, "3": 894, "4": 517, "5": 357, "6": 226, "7": 172, "8": 111, "9": 99, "10": 64, "11": 53, "12": 52, "13": 42, "15": 26, "16": 25, "14": 24, "17": 24, "18": 11, "20": 9, "21": 9, "29": 7, "27": 5, "19": 5, "22": 5, "33": 5, "30": 3, "28": 3, "52": 3, "25": 3, "34": 3, "24": 2, "26": 2, "35": 2, "62": 2, "38": 2, "23": 2, "31": 1, "47": 1, "59": 1, "53": 1, "61": 1, "42": 1, "43": 1, "40": 1, "60": 1, "54": 1, "41": 1, "39": 1, "32": 1, "37": 1, "57": 1}, "avg_over_mag": 2.661545964398927, "avg_under_mag": 2.7222905142388854, "avg_over": 2.661545964398927, "avg_under": 2.7222905142388854, "acc": 0.7895026999003282, "nll": 0.5008926144703473, "mse": 0.1613576081474803, "metrics_by_prob": [[[0.0, 0.05], {"acc": NaN, "nll": NaN, "mse": NaN, "N": 0}], [[0.05, 0.1], {"acc": 0.8333333333333334, "nll": 0.503159852181101, "mse": 0.14816482659796673, "N": 6, "over_prob": 0.0, "under_prob": 0.0, "over_counts": {"0": 6}, "under_counts": {"0": 6}, "avg_over_mag": 0.0, "avg_under_mag": 0.0, "avg_over": 0.0, "avg_under": 0.0}], [[0.1, 0.15000000000000002], {"acc": NaN, "nll": NaN, "mse": NaN, "N": 0}], [[0.15000000000000002, 0.2], {"acc": 0.9104477611940298, "nll": 0.3285019976258897, "mse": 0.08855630493207606, "N": 67, "over_prob": 0.0, "under_prob": 0.0, "over_counts": {"0": 67}, "under_counts": {"0": 67}, "avg_over_mag": 0.0, "avg_under_mag": 0.0, "avg_over": 0.0, "avg_under": 0.0}], [[0.2, 0.25], {"acc": 0.736318407960199, "nll": 0.5969103521003158, "mse": 0.2000358854934372, "N": 201, "over_prob": 0.0, "under_prob": 0.0, "over_counts": {"0": 201}, "under_counts": {"0": 201}, "avg_over_mag": 0.0, "avg_under_mag": 0.0, "avg_over": 0.0, "avg_under": 0.0}], [[0.25, 0.30000000000000004], {"acc": 0.7471264367816092, "nll": 0.5799023319696035, "mse": 0.19511155326277407, "N": 87, "over_prob": 0.0, "under_prob": 0.0, "over_counts": {"0": 87}, "under_counts": {"0": 87}, "avg_over_mag": 0.0, "avg_under_mag": 0.0, "avg_over": 0.0, "avg_under": 0.0}], [[0.30000000000000004, 0.35000000000000003], {"acc": 0.7115384615384616, "nll": 0.5947400460025233, "mse": 0.2027875916922316, "N": 52, "over_prob": 0.0, "under_prob": 0.0, "over_counts": {"0": 52}, "under_counts": {"0": 52}, "avg_over_mag": 0.0, "avg_under_mag": 0.0, "avg_over": 0.0, "avg_under": 0.0}], [[0.35000000000000003, 0.4], {"acc": 0.6348314606741573, "nll": 0.6736154703576627, "mse": 0.23966027581538346, "N": 178, "over_prob": 0.0, "under_prob": 0.0, "over_counts": {"0": 170}, "under_counts": {"0": 170}, "avg_over_mag": 0.0, "avg_under_mag": 0.0, "avg_over": 0.0, "avg_under": 0.0}], [[0.4, 0.45], {"acc": 0.5755494505494505, "nll": 0.677784611329771, "mse": 0.242379233533307, "N": 728, "over_prob": 0.0, "under_prob": 0.0, "over_counts": {"0": 712}, "under_counts": {"0": 712}, "avg_over_mag": 0.0, "avg_under_mag": 0.0, "avg_over": 0.0, "avg_under": 0.0}], [[0.45, 0.5], {"acc": 0.4720965309200603, "nll": 0.7121421853294757, "mse": 0.25925220039695973, "N": 663, "over_prob": 0.0, "under_prob": 0.0, "over_counts": {"0": 662}, "under_counts": {"0": 662}, "avg_over_mag": 0.0, "avg_under_mag": 0.0, "avg_over": 0.0, "avg_under": 0.0}], [[0.5, 0.55], {"acc": 0.4979662986635677, "nll": 0.7017049842369402, "mse": 0.25416820541256563, "N": 1721, "over_prob": 0.0, "under_prob": 0.0, "over_counts": {"0": 1703}, "under_counts": {"0": 1703}, "avg_over_mag": 0.0, "avg_under_mag": 0.0, "avg_over": 0.0, "avg_under": 0.0}], [[0.55, 0.6000000000000001], {"acc": 0.5630669546436285, "nll": 0.6869216720402812, "mse": 0.24680578563364308, "N": 4630, "over_prob": 0.0, "under_prob": 0.0, "over_counts": {"0": 4216}, "under_counts": {"0": 4216}, "avg_over_mag": 0.0, "avg_under_mag": 0.0, "avg_over": 0.0, "avg_under": 0.0}], [[0.6000000000000001, 0.65], {"acc": 0.6252548131370328, "nll": 0.6645125361934047, "mse": 0.23557576441203434, "N": 8830, "over_prob": 0.0, "under_prob": 0.0, "over_counts": {"0": 6583}, "under_counts": {"0": 6583}, "avg_over_mag": 0.0, "avg_under_mag": 0.0, "avg_over": 0.0, "avg_under": 0.0}], [[0.65, 0.7000000000000001], {"acc": 0.6808475417977156, "nll": 0.6306264750453432, "mse": 0.21919167151237298, "N": 18123, "over_prob": 0.0, "under_prob": 0.0003784151971543137, "over_counts": {"0": 13213}, "under_counts": {"0": 13208, "1": 5}, "avg_over_mag": 0.0, "avg_under_mag": 1.0, "avg_over": 0.0, "avg_under": 1.0}], [[0.7000000000000001, 0.75], {"acc": 0.7244864688620802, "nll": 0.5945452297801272, "mse": 0.20183418928302563, "N": 33737, "over_prob": 0.0, "under_prob": 0.01254938415059259, "over_counts": {"0": 17212}, "under_counts": {"0": 16996, "1": 211, "2": 5}, "avg_over_mag": 0.0, "avg_under_mag": 1.0231481481481481, "avg_over": 0.0, "avg_under": 1.0231481481481481}], [[0.75, 0.8], {"acc": 0.7766352223069987, "nll": 0.5353223774185167, "mse": 0.1748948501062177, "N": 57668, "over_prob": 0.0, "under_prob": 0.12191285197420165, "over_counts": {"0": 19071}, "under_counts": {"0": 16746, "1": 2047, "2": 234, "3": 36, "4": 7, "5": 1}, "avg_over_mag": 0.0, "avg_under_mag": 1.1423655913978494, "avg_over": 0.0, "avg_under": 1.1423655913978494}], [[0.8, 0.8500000000000001], {"acc": 0.8270565552699228, "nll": 0.4641988738233986, "mse": 0.14408551536999215, "N": 93360, "over_prob": 0.0, "under_prob": 0.5437536542584291, "over_counts": {"0": 15393}, "under_counts": {"0": 7023, "1": 4251, "2": 1631, "3": 770, "4": 457, "5": 320, "6": 226, "7": 141, "8": 95, "9": 92, "10": 57, "12": 52, "11": 46, "13": 45, "15": 27, "14": 25, "17": 23, "16": 20, "21": 10, "19": 8, "18": 8, "28": 7, "33": 6, "20": 5, "29": 4, "27": 4, "22": 3, "23": 3, "52": 3, "26": 3, "34": 2, "62": 2, "35": 2, "38": 2, "24": 2, "30": 2, "40": 1, "31": 1, "47": 1, "59": 1, "53": 1, "61": 1, "42": 1, "43": 1, "60": 1, "25": 1, "54": 1, "41": 1, "39": 1, "32": 1, "37": 1, "57": 1}, "avg_over_mag": 0.0, "avg_under_mag": 2.830704898446834, "avg_over": 0.0, "avg_under": 2.830704898446834}], [[0.8500000000000001, 0.9], {"acc": 0.868678913108944, "nll": 0.39206547761184835, "mse": 0.11478200088518128, "N": 43169, "over_prob": 0.6150691174236671, "under_prob": 0.0, "over_counts": {"0": 2534, "1": 2040, "2": 879, "3": 416, "4": 235, "5": 137, "6": 61, "7": 53, "8": 34, "9": 31, "10": 23, "11": 23, "13": 21, "12": 12, "14": 11, "17": 9, "20": 9, "19": 7, "18": 5, "16": 5, "21": 4, "26": 3, "24": 3, "43": 2, "33": 2, "32": 2, "31": 2, "22": 2, "23": 2, "15": 2, "28": 2, "25": 2, "36": 2, "49": 1, "35": 1, "40": 1, "39": 1, "30": 1, "29": 1, "47": 1, "45": 1}, "under_counts": {"0": 6583}, "avg_over_mag": 2.6606569523339094, "avg_under_mag": 0.0, "avg_over": 2.6606569523339094, "avg_under": 0.0}], [[0.9, 0.9500000000000001], {"acc": 0.9136209204159375, "nll": 0.2979661939890919, "mse": 0.07949168055841885, "N": 9713, "over_prob": 0.06900726392251821, "under_prob": 0.0, "over_counts": {"0": 1538, "1": 91, "2": 19, "3": 3, "4": 1}, "under_counts": {"0": 1652}, "avg_over_mag": 1.2456140350877194, "avg_under_mag": 0.0, "avg_over": 1.2456140350877194, "avg_under": 0.0}], [[0.9500000000000001, 1.0], {"acc": 0.9751552795031055, "nll": 0.11550551496732794, "mse": 0.024220252565911773, "N": 966, "over_prob": 0.0, "under_prob": 0.0, "over_counts": {"0": 195}, "under_counts": {"0": 195}, "avg_over_mag": 0.0, "avg_under_mag": 0.0, "avg_over": 0.0, "avg_under": 0.0}]]}