{"auc": 0.6341145040083517, "over_prob": 0.0016543144520910769, "under_prob": 0.0037718369507675487, "over_counts": {"0": 15087, "1": 12, "2": 6, "5": 3, "4": 2, "10": 1, "3": 1}, "under_counts": {"0": 15055, "1": 29, "2": 12, "3": 7, "5": 5, "4": 3, "11": 1}, "avg_over_mag": 2.4, "avg_under_mag": 2.1403508771929824, "avg_over": 2.4, "avg_under": 2.1403508771929824, "acc": 0.6006628185150231, "nll": 0.6603030188356181, "mse": 0.2341758261217232, "metrics_by_prob": [[[0.0, 0.05], {"acc": 0.9666666666666667, "nll": 0.1541812451692222, "mse": 0.03268692593330842, "N": 30, "over_prob": 0.0, "under_prob": 0.0, "over_counts": {"0": 8}, "under_counts": {"0": 8}, "avg_over_mag": 0.0, "avg_under_mag": 0.0, "avg_over": 0.0, "avg_under": 0.0}], [[0.05, 0.1], {"acc": 0.92, "nll": 0.28398785115322583, "mse": 0.07430628366496611, "N": 50, "over_prob": 0.0, "under_prob": 0.0, "over_counts": {"0": 15}, "under_counts": {"0": 15}, "avg_over_mag": 0.0, "avg_under_mag": 0.0, "avg_over": 0.0, "avg_under": 0.0}], [[0.1, 0.15000000000000002], {"acc": 0.8680089485458613, "nll": 0.3940956378993825, "mse": 0.11545136787395995, "N": 447, "over_prob": 0.0, "under_prob": 0.0, "over_counts": {"0": 63}, "under_counts": {"0": 63}, "avg_over_mag": 0.0, "avg_under_mag": 0.0, "avg_over": 0.0, "avg_under": 0.0}], [[0.15000000000000002, 0.2], {"acc": 0.8381294964028777, "nll": 0.4451146200769643, "mse": 0.13640810938729023, "N": 278, "over_prob": 0.0, "under_prob": 0.0, "over_counts": {"0": 101}, "under_counts": {"0": 101}, "avg_over_mag": 0.0, "avg_under_mag": 0.0, "avg_over": 0.0, "avg_under": 0.0}], [[0.2, 0.25], {"acc": 0.8004115226337448, "nll": 0.5039881929284624, "mse": 0.16126189368770621, "N": 486, "over_prob": 0.0, "under_prob": 0.0, "over_counts": {"0": 159}, "under_counts": {"0": 159}, "avg_over_mag": 0.0, "avg_under_mag": 0.0, "avg_over": 0.0, "avg_under": 0.0}], [[0.25, 0.30000000000000004], {"acc": 0.7222222222222222, "nll": 0.588826693573715, "mse": 0.19981724137365656, "N": 2250, "over_prob": 0.0, "under_prob": 0.0, "over_counts": {"0": 496}, "under_counts": {"0": 496}, "avg_over_mag": 0.0, "avg_under_mag": 0.0, "avg_over": 0.0, "avg_under": 0.0}], [[0.30000000000000004, 0.35000000000000003], {"acc": 0.6735915492957747, "nll": 0.6338517852553581, "mse": 0.22085135227587327, "N": 2840, "over_prob": 0.0, "under_prob": 0.0, "over_counts": {"0": 1103}, "under_counts": {"0": 1103}, "avg_over_mag": 0.0, "avg_under_mag": 0.0, "avg_over": 0.0, "avg_under": 0.0}], [[0.35000000000000003, 0.4], {"acc": 0.611873040752351, "nll": 0.6697265795171802, "mse": 0.2383237324818867, "N": 5104, "over_prob": 0.0, "under_prob": 0.0, "over_counts": {"0": 1932}, "under_counts": {"0": 1932}, "avg_over_mag": 0.0, "avg_under_mag": 0.0, "avg_over": 0.0, "avg_under": 0.0}], [[0.4, 0.45], {"acc": 0.5716546937781566, "nll": 0.6836145748737604, "mse": 0.24523917769796402, "N": 8213, "over_prob": 0.0, "under_prob": 0.0, "over_counts": {"0": 2502}, "under_counts": {"0": 2502}, "avg_over_mag": 0.0, "avg_under_mag": 0.0, "avg_over": 0.0, "avg_under": 0.0}], [[0.45, 0.5], {"acc": 0.5196993670886076, "nll": 0.6931128652122637, "mse": 0.24997385471177097, "N": 12640, "over_prob": 0.0, "under_prob": 0.0, "over_counts": {"0": 3509}, "under_counts": {"0": 3509}, "avg_over_mag": 0.0, "avg_under_mag": 0.0, "avg_over": 0.0, "avg_under": 0.0}], [[0.5, 0.55], {"acc": 0.5261673456596678, "nll": 0.6925623652233791, "mse": 0.2496950548621749, "N": 15955, "over_prob": 0.0, "under_prob": 0.0, "over_counts": {"0": 3329}, "under_counts": {"0": 3329}, "avg_over_mag": 0.0, "avg_under_mag": 0.0, "avg_over": 0.0, "avg_under": 0.0}], [[0.55, 0.6000000000000001], {"acc": 0.578798007189254, "nll": 0.6812915858063353, "mse": 0.24406680862112995, "N": 15857, "over_prob": 0.0, "under_prob": 0.0, "over_counts": {"0": 2987}, "under_counts": {"0": 2987}, "avg_over_mag": 0.0, "avg_under_mag": 0.0, "avg_over": 0.0, "avg_under": 0.0}], [[0.6000000000000001, 0.65], {"acc": 0.615321923390383, "nll": 0.6669601022818651, "mse": 0.23698395697184002, "N": 11043, "over_prob": 0.0, "under_prob": 0.0, "over_counts": {"0": 2862}, "under_counts": {"0": 2862}, "avg_over_mag": 0.0, "avg_under_mag": 0.0, "avg_over": 0.0, "avg_under": 0.0}], [[0.65, 0.7000000000000001], {"acc": 0.6730017522577166, "nll": 0.6328598366298054, "mse": 0.22041555714622765, "N": 7419, "over_prob": 0.0, "under_prob": 0.0, "over_counts": {"0": 2261}, "under_counts": {"0": 2261}, "avg_over_mag": 0.0, "avg_under_mag": 0.0, "avg_over": 0.0, "avg_under": 0.0}], [[0.7000000000000001, 0.75], {"acc": 0.7085963003264418, "nll": 0.6055717046963552, "mse": 0.20729657086144523, "N": 4595, "over_prob": 0.0, "under_prob": 0.0, "over_counts": {"0": 1404}, "under_counts": {"0": 1404}, "avg_over_mag": 0.0, "avg_under_mag": 0.0, "avg_over": 0.0, "avg_under": 0.0}], [[0.75, 0.8], {"acc": 0.7730039384174723, "nll": 0.537275810840756, "mse": 0.1760647491965115, "N": 2793, "over_prob": 0.0, "under_prob": 0.011111111111111072, "over_counts": {"0": 810}, "under_counts": {"0": 801, "1": 6, "2": 2, "3": 1}, "avg_over_mag": 0.0, "avg_under_mag": 1.4444444444444444, "avg_over": 0.0, "avg_under": 1.4444444444444444}], [[0.8, 0.8500000000000001], {"acc": 0.8276797829036635, "nll": 0.46371069218563693, "mse": 0.14389032976117333, "N": 737, "over_prob": 0.0, "under_prob": 0.18250950570342206, "over_counts": {"0": 263}, "under_counts": {"0": 215, "1": 23, "2": 10, "3": 6, "5": 5, "4": 3, "11": 1}, "avg_over_mag": 0.0, "avg_under_mag": 2.2708333333333335, "avg_over": 0.0, "avg_under": 2.2708333333333335}], [[0.8500000000000001, 0.9], {"acc": 0.8615384615384616, "nll": 0.4066509431252408, "mse": 0.12027909114291754, "N": 260, "over_prob": 0.30487804878048785, "under_prob": 0.0, "over_counts": {"0": 57, "1": 12, "2": 6, "5": 3, "4": 2, "10": 1, "3": 1}, "under_counts": {"0": 82}, "avg_over_mag": 2.4, "avg_under_mag": 0.0, "avg_over": 2.4, "avg_under": 0.0}], [[0.9, 0.9500000000000001], {"acc": 0.8921568627450981, "nll": 0.3635471409817824, "mse": 0.09909364379170783, "N": 102, "over_prob": 0.0, "under_prob": 0.0, "over_counts": {"0": 26}, "under_counts": {"0": 26}, "avg_over_mag": 0.0, "avg_under_mag": 0.0, "avg_over": 0.0, "avg_under": 0.0}], [[0.9500000000000001, 1.0], {"acc": 0.9259259259259259, "nll": 0.26187291690514986, "mse": 0.06838307193277898, "N": 27, "over_prob": 0.0, "under_prob": 0.0, "over_counts": {"0": 3}, "under_counts": {"0": 3}, "avg_over_mag": 0.0, "avg_under_mag": 0.0, "avg_over": 0.0, "avg_under": 0.0}]]}