{"over_prob": 0.3488811074027466, "under_prob": 0.3336980904962521, "over_counts": {"0": 23801, "1": 6239, "2": 2721, "3": 1345, "4": 787, "5": 470, "6": 295, "7": 193, "8": 172, "9": 97, "10": 80, "12": 62, "11": 55, "13": 38, "14": 28, "15": 28, "16": 20, "18": 20, "17": 19, "19": 14, "21": 9, "32": 7, "20": 6, "25": 6, "22": 5, "26": 5, "23": 4, "24": 3, "30": 3, "28": 3, "42": 2, "40": 2, "36": 2, "35": 2, "67": 1, "87": 1, "45": 1, "52": 1, "33": 1, "79": 1, "59": 1, "44": 1, "27": 1, "38": 1, "34": 1}, "under_counts": {"0": 24356, "1": 7573, "2": 2656, "3": 1025, "4": 428, "5": 221, "6": 131, "7": 59, "8": 35, "9": 24, "10": 15, "11": 10, "16": 6, "13": 5, "12": 4, "14": 2, "17": 1, "18": 1, "15": 1, "21": 1}, "avg_over_mag": 2.6221281267152827, "avg_under_mag": 1.7248729299885228, "avg_over": 2.6221281267152827, "avg_under": 1.7248729299885228, "acc": 0.7913015868215941, "auc": 0.6838155022276936, "nll": 0.4922230916096647, "mse": 0.15575390044341425, "metrics_by_prob": [[[0.0, 0.05], {"acc": 0.9896907216494846, "nll": 0.12843849070846636, "mse": 0.02281751722944347, "N": 291, "over_prob": 0.0, "under_prob": 0.0, "over_counts": {"0": 94}, "under_counts": {"0": 94}, "avg_over_mag": 0.0, "avg_under_mag": 0.0, "avg_over": 0.0, "avg_under": 0.0}], [[0.05, 0.1], {"acc": 0.9423728813559322, "nll": 0.26124744514643045, "mse": 0.060930461743572514, "N": 295, "over_prob": 0.0, "under_prob": 0.0, "over_counts": {"0": 259}, "under_counts": {"0": 259}, "avg_over_mag": 0.0, "avg_under_mag": 0.0, "avg_over": 0.0, "avg_under": 0.0}], [[0.1, 0.15000000000000002], {"acc": 0.8686440677966102, "nll": 0.4031739527588108, "mse": 0.11362014187407628, "N": 472, "over_prob": 0.0, "under_prob": 0.0, "over_counts": {"0": 395}, "under_counts": {"0": 395}, "avg_over_mag": 0.0, "avg_under_mag": 0.0, "avg_over": 0.0, "avg_under": 0.0}], [[0.15000000000000002, 0.2], {"acc": 0.8138461538461539, "nll": 0.4898051003426933, "mse": 0.1525573927706123, "N": 650, "over_prob": 0.0, "under_prob": 0.0017921146953404632, "over_counts": {"0": 558}, "under_counts": {"0": 557, "1": 1}, "avg_over_mag": 0.0, "avg_under_mag": 1.0, "avg_over": 0.0, "avg_under": 1.0}], [[0.2, 0.25], {"acc": 0.7507987220447284, "nll": 0.5967646731506605, "mse": 0.19498082450353432, "N": 939, "over_prob": 0.0, "under_prob": 0.002409638554216831, "over_counts": {"0": 830}, "under_counts": {"0": 828, "1": 2}, "avg_over_mag": 0.0, "avg_under_mag": 1.0, "avg_over": 0.0, "avg_under": 1.0}], [[0.25, 0.30000000000000004], {"acc": 0.6650246305418719, "nll": 0.64155186742307, "mse": 0.22151560838853335, "N": 1218, "over_prob": 0.0, "under_prob": 0.0, "over_counts": {"0": 1088}, "under_counts": {"0": 1088}, "avg_over_mag": 0.0, "avg_under_mag": 0.0, "avg_over": 0.0, "avg_under": 0.0}], [[0.30000000000000004, 0.35000000000000003], {"acc": 0.5903846153846154, "nll": 0.6928391673170488, "mse": 0.24651773371270808, "N": 1560, "over_prob": 0.0, "under_prob": 0.0, "over_counts": {"0": 1367}, "under_counts": {"0": 1367}, "avg_over_mag": 0.0, "avg_under_mag": 0.0, "avg_over": 0.0, "avg_under": 0.0}], [[0.35000000000000003, 0.4], {"acc": 0.5418480890179004, "nll": 0.7196048832540951, "mse": 0.26020978785499566, "N": 2067, "over_prob": 0.0, "under_prob": 0.0016750418760469454, "over_counts": {"0": 1791}, "under_counts": {"0": 1788, "1": 3}, "avg_over_mag": 0.0, "avg_under_mag": 1.0, "avg_over": 0.0, "avg_under": 1.0}], [[0.4, 0.45], {"acc": 0.4971543354536324, "nll": 0.7433386740785404, "mse": 0.27095245736953805, "N": 2987, "over_prob": 0.0, "under_prob": 0.006632852126414401, "over_counts": {"0": 2563}, "under_counts": {"0": 2546, "1": 17}, "avg_over_mag": 0.0, "avg_under_mag": 1.0, "avg_over": 0.0, "avg_under": 1.0}], [[0.45, 0.5], {"acc": 0.5016979850577314, "nll": 0.745420251873331, "mse": 0.27140824117161283, "N": 4417, "over_prob": 0.0, "under_prob": 0.009513150531617276, "over_counts": {"0": 3574}, "under_counts": {"0": 3540, "1": 33, "2": 1}, "avg_over_mag": 0.0, "avg_under_mag": 1.0294117647058822, "avg_over": 0.0, "avg_under": 1.0294117647058822}], [[0.5, 0.55], {"acc": 0.5110544217687075, "nll": 0.7439775098334211, "mse": 0.27113350135343994, "N": 5880, "over_prob": 0.0, "under_prob": 0.013501742160278773, "over_counts": {"0": 4592}, "under_counts": {"0": 4530, "1": 60, "2": 1, "3": 1}, "avg_over_mag": 0.0, "avg_under_mag": 1.0483870967741935, "avg_over": 0.0, "avg_under": 1.0483870967741935}], [[0.55, 0.6000000000000001], {"acc": 0.5585640033845038, "nll": 0.7249161582567356, "mse": 0.2607364278932172, "N": 8273, "over_prob": 0.0, "under_prob": 0.02712146422628947, "over_counts": {"0": 6010}, "under_counts": {"0": 5847, "1": 160, "2": 3}, "avg_over_mag": 0.0, "avg_under_mag": 1.01840490797546, "avg_over": 0.0, "avg_under": 1.01840490797546}], [[0.6000000000000001, 0.65], {"acc": 0.6056839909612376, "nll": 0.6976395823628083, "mse": 0.24768790255759568, "N": 11506, "over_prob": 0.0, "under_prob": 0.039718451483157335, "over_counts": {"0": 7956}, "under_counts": {"0": 7640, "1": 302, "2": 13, "3": 1}, "avg_over_mag": 0.0, "avg_under_mag": 1.0474683544303798, "avg_over": 0.0, "avg_under": 1.0474683544303798}], [[0.65, 0.7000000000000001], {"acc": 0.661785516520027, "nll": 0.6596099626389174, "mse": 0.22886018797439597, "N": 16253, "over_prob": 0.0, "under_prob": 0.07439738121218131, "over_counts": {"0": 10081}, "under_counts": {"0": 9331, "1": 709, "2": 38, "3": 2, "5": 1}, "avg_over_mag": 0.0, "avg_under_mag": 1.0613333333333332, "avg_over": 0.0, "avg_under": 1.0613333333333332}], [[0.7000000000000001, 0.75], {"acc": 0.7212469733656174, "nll": 0.6100716557719313, "mse": 0.20485839197215172, "N": 23128, "over_prob": 0.0, "under_prob": 0.14310535460432794, "over_counts": {"0": 12662}, "under_counts": {"0": 10850, "1": 1646, "2": 141, "3": 23, "4": 2}, "avg_over_mag": 0.0, "avg_under_mag": 1.1065121412803531, "avg_over": 0.0, "avg_under": 1.1065121412803531}], [[0.75, 0.8], {"acc": 0.7697985965551809, "nll": 0.5631899285921541, "mse": 0.18186999411918925, "N": 32919, "over_prob": 0.0, "under_prob": 0.26855404153988627, "over_counts": {"0": 15118}, "under_counts": {"0": 11058, "1": 3419, "2": 496, "3": 113, "4": 21, "5": 7, "7": 2, "6": 2}, "avg_over_mag": 0.0, "avg_under_mag": 1.2056650246305418, "avg_over": 0.0, "avg_under": 1.2056650246305418}], [[0.8, 0.8500000000000001], {"acc": 0.8210663608356383, "nll": 0.49401353155884536, "mse": 0.15187607583834178, "N": 44469, "over_prob": 0.0, "under_prob": 0.4962764719571794, "over_counts": {"0": 17188}, "under_counts": {"0": 8658, "1": 6047, "2": 1589, "3": 524, "4": 175, "5": 95, "6": 43, "7": 25, "9": 11, "8": 10, "14": 3, "12": 2, "10": 2, "11": 2, "15": 1, "17": 1}, "avg_over_mag": 0.0, "avg_under_mag": 1.4916764361078547, "avg_over": 0.0, "avg_under": 1.4916764361078547}], [[0.8500000000000001, 0.9], {"acc": 0.8731509509395168, "nll": 0.40649101491675954, "mse": 0.11568677596290508, "N": 52527, "over_prob": 0.6355912611258814, "under_prob": 0.0, "over_counts": {"0": 6305, "1": 6081, "2": 2316, "3": 1061, "4": 542, "5": 316, "6": 210, "7": 113, "8": 69, "9": 47, "10": 45, "11": 42, "12": 27, "13": 21, "15": 19, "16": 18, "14": 17, "18": 8, "19": 7, "20": 6, "23": 6, "17": 5, "22": 3, "21": 2, "48": 2, "37": 2, "26": 1, "32": 1, "40": 1, "36": 1, "61": 1, "30": 1, "25": 1, "54": 1, "35": 1, "29": 1, "24": 1, "27": 1}, "under_counts": {"0": 17302}, "avg_over_mag": 2.210330090024552, "avg_under_mag": 0.0, "avg_over": 2.210330090024552, "avg_under": 0.0}], [[0.9, 0.9500000000000001], {"acc": 0.920589184454382, "nll": 0.3007730404176645, "mse": 0.07678696419266774, "N": 43382, "over_prob": 0.38003910950661857, "under_prob": 0.0, "over_counts": {"0": 8243, "1": 3373, "2": 902, "3": 404, "4": 163, "5": 76, "6": 48, "7": 30, "8": 22, "9": 12, "10": 5, "11": 5, "13": 3, "17": 2, "12": 2, "21": 1, "25": 1, "22": 1, "26": 1, "19": 1, "16": 1}, "under_counts": {"0": 13296}, "avg_over_mag": 1.6888976845438353, "avg_under_mag": 0.0, "avg_over": 1.6888976845438353,