{"acc": 0.7221881465001924, "auc": 0.7723560246693899, "nll": 0.5440615092964018, "mse": 0.1826318023448747}