{"over_prob": 0.5066760365425158, "under_prob": 0.3764347622394003, "over_counts": {"0": 2106, "1": 892, "2": 397, "3": 254, "4": 185, "5": 98, "6": 89, "7": 52, "8": 41, "10": 27, "9": 22, "11": 16, "12": 16, "13": 12, "14": 11, "15": 9, "16": 6, "18": 5, "19": 3, "26": 3, "29": 3, "25": 3, "34": 2, "32": 2, "17": 2, "23": 2, "22": 2, "39": 1, "38": 1, "60": 1, "20": 1, "43": 1, "56": 1, "31": 1, "54": 1, "69": 1}, "under_counts": {"0": 2662, "1": 936, "2": 360, "3": 145, "4": 69, "5": 36, "6": 34, "7": 13, "9": 5, "8": 3, "14": 2, "11": 1, "16": 1, "10": 1, "20": 1}, "avg_over_mag": 3.3906611188164586, "avg_under_mag": 1.864343497199751, "avg_over": 3.3906611188164586, "avg_under": 1.864343497199751, "acc": 0.7339834367045496, "auc": 0.5731357187587885, "nll": 0.6219801835120135, "mse": 0.19951933192651836, "metrics_by_prob": [[[0.0, 0.05], {"acc": 1.0, "nll": 0.18879556490019522, "mse": 0.029599223059592283, "N": 1, "over_prob": 0.0, "under_prob": 0.0, "over_counts": {"0": 1}, "under_counts": {"0": 1}, "avg_over_mag": 0.0, "avg_under_mag": 0.0, "avg_over": 0.0, "avg_under": 0.0}], [[0.05, 0.1], {"acc": 0.4375, "nll": 0.9758924747993314, "mse": 0.3402482548011832, "N": 16, "over_prob": 0.0, "under_prob": 0.0, "over_counts": {"0": 15}, "under_counts": {"0": 15}, "avg_over_mag": 0.0, "avg_under_mag": 0.0, "avg_over": 0.0, "avg_under": 0.0}], [[0.1, 0.15000000000000002], {"acc": 0.4444444444444444, "nll": 0.9842754618645654, "mse": 0.3194486068308245, "N": 36, "over_prob": 0.0, "under_prob": 0.1333333333333333, "over_counts": {"0": 30}, "under_counts": {"0": 26, "1": 4}, "avg_over_mag": 0.0, "avg_under_mag": 1.0, "avg_over": 0.0, "avg_under": 1.0}], [[0.15000000000000002, 0.2], {"acc": 0.5079365079365079, "nll": 0.953391360603669, "mse": 0.2917549423020492, "N": 63, "over_prob": 0.0, "under_prob": 0.05660377358490565, "over_counts": {"0": 53}, "under_counts": {"0": 50, "1": 3}, "avg_over_mag": 0.0, "avg_under_mag": 1.0, "avg_over": 0.0, "avg_under": 1.0}], [[0.2, 0.25], {"acc": 0.5061728395061729, "nll": 0.7799947778549826, "mse": 0.2701395429489017, "N": 81, "over_prob": 0.0, "under_prob": 0.04109589041095896, "over_counts": {"0": 73}, "under_counts": {"0": 70, "1": 3}, "avg_over_mag": 0.0, "avg_under_mag": 1.0, "avg_over": 0.0, "avg_under": 1.0}], [[0.25, 0.30000000000000004], {"acc": 0.4166666666666667, "nll": 0.8811876909597336, "mse": 0.3070328527028683, "N": 168, "over_prob": 0.0, "under_prob": 0.0482758620689655, "over_counts": {"0": 145}, "under_counts": {"0": 138, "1": 7}, "avg_over_mag": 0.0, "avg_under_mag": 1.0, "avg_over": 0.0, "avg_under": 1.0}], [[0.30000000000000004, 0.35000000000000003], {"acc": 0.46788990825688076, "nll": 0.850154851914763, "mse": 0.2945723393277145, "N": 218, "over_prob": 0.0, "under_prob": 0.0957446808510638, "over_counts": {"0": 188}, "under_counts": {"0": 170, "1": 18}, "avg_over_mag": 0.0, "avg_under_mag": 1.0, "avg_over": 0.0, "avg_under": 1.0}], [[0.35000000000000003, 0.4], {"acc": 0.44089456869009586, "nll": 0.8876550882007941, "mse": 0.31029244088638225, "N": 313, "over_prob": 0.0, "under_prob": 0.09311740890688258, "over_counts": {"0": 247}, "under_counts": {"0": 224, "1": 23}, "avg_over_mag": 0.0, "avg_under_mag": 1.0, "avg_over": 0.0, "avg_under": 1.0}], [[0.4, 0.45], {"acc": 0.4724220623501199, "nll": 0.8374291769759326, "mse": 0.2957289199809876, "N": 417, "over_prob": 0.0, "under_prob": 0.10691823899371067, "over_counts": {"0": 318}, "under_counts": {"0": 284, "1": 33, "2": 1}, "avg_over_mag": 0.0, "avg_under_mag": 1.0294117647058822, "avg_over": 0.0, "avg_under": 1.0294117647058822}], [[0.45, 0.5], {"acc": 0.5, "nll": 0.8860082803442731, "mse": 0.30323734452337503, "N": 566, "over_prob": 0.0, "under_prob": 0.11818181818181817, "over_counts": {"0": 440}, "under_counts": {"0": 388, "1": 49, "2": 2, "3": 1}, "avg_over_mag": 0.0, "avg_under_mag": 1.0769230769230769, "avg_over": 0.0, "avg_under": 1.0769230769230769}], [[0.5, 0.55], {"acc": 0.5164319248826291, "nll": 0.8582843216050227, "mse": 0.2896147879888941, "N": 852, "over_prob": 0.0, "under_prob": 0.14984227129337535, "over_counts": {"0": 634}, "under_counts": {"0": 539, "1": 91, "2": 4}, "avg_over_mag": 0.0, "avg_under_mag": 1.0421052631578946, "avg_over": 0.0, "avg_under": 1.0421052631578946}], [[0.55, 0.6000000000000001], {"acc": 0.5423728813559322, "nll": 0.8109091533600851, "mse": 0.28235620070614226, "N": 1180, "over_prob": 0.0, "under_prob": 0.1709511568123393, "over_counts": {"0": 778}, "under_counts": {"0": 645, "1": 121, "2": 12}, "avg_over_mag": 0.0, "avg_under_mag": 1.0902255639097744, "avg_over": 0.0, "avg_under": 1.0902255639097744}], [[0.6000000000000001, 0.65], {"acc": 0.5926928281461434, "nll": 0.7943444649349682, "mse": 0.26541473398805693, "N": 1478, "over_prob": 0.0, "under_prob": 0.20344456404736277, "over_counts": {"0": 929}, "under_counts": {"0": 740, "1": 172, "2": 13, "3": 3, "4": 1}, "avg_over_mag": 0.0, "avg_under_mag": 1.1164021164021165, "avg_over": 0.0, "avg_under": 1.1164021164021165}], [[0.65, 0.7000000000000001], {"acc": 0.6190476190476191, "nll": 0.7404722231283828, "mse": 0.24982620189714225, "N": 1932, "over_prob": 0.0, "under_prob": 0.22898799313893659, "over_counts": {"0": 1166}, "under_counts": {"0": 899, "1": 237, "2": 26, "3": 4}, "avg_over_mag": 0.0, "avg_under_mag": 1.1273408239700375, "avg_over": 0.0, "avg_under": 1.1273408239700375}], [[0.7000000000000001, 0.75], {"acc": 0.678743961352657, "nll": 0.714485875955387, "mse": 0.23337361221493072, "N": 2484, "over_prob": 0.0, "under_prob": 0.27428571428571424, "over_counts": {"0": 1400}, "under_counts": {"0": 1016, "1": 324, "2": 47, "3": 10, "6": 2, "4": 1}, "avg_over_mag": 0.0, "avg_under_mag": 1.2083333333333333, "avg_over": 0.0, "avg_under": 1.2083333333333333}], [[0.75, 0.8], {"acc": 0.7086275713847099, "nll": 0.6611917261149717, "mse": 0.21648057677759638, "N": 3257, "over_prob": 0.0, "under_prob": 0.334696261682243, "over_counts": {"0": 1712}, "under_counts": {"0": 1139, "1": 480, "2": 70, "3": 17, "4": 3, "6": 3}, "avg_over_mag": 0.0, "avg_under_mag": 1.2233856893542758, "avg_over": 0.0, "avg_under": 1.2233856893542758}], [[0.8, 0.8500000000000001], {"acc": 0.7698249227600412, "nll": 0.5993785923492077, "mse": 0.19133732814878623, "N": 3884, "over_prob": 0.0, "under_prob": 0.3674762407602957, "over_counts": {"0": 1894}, "under_counts": {"0": 1198, "1": 520, "2": 136, "3": 29, "4": 8, "5": 3}, "avg_over_mag": 0.0, "avg_under_mag": 1.3304597701149425, "avg_over": 0.0, "avg_under": 1.3304597701149425}], [[0.8500000000000001, 0.9], {"acc": 0.8296328863486481, "nll": 0.5318028717103209, "mse": 0.16162109615520623, "N": 4549, "over_prob": 0.8142783238489395, "under_prob": 0.0, "over_counts": {"1": 837, "0": 359, "2": 346, "3": 185, "4": 90, "5": 42, "6": 30, "7": 12, "8": 9, "10": 7, "11": 5, "13": 3, "12": 2, "9": 2, "18": 2, "15": 1, "25": 1}, "under_counts": {"0": 1933}, "avg_over_mag": 2.0787801778907244, "avg_under_mag": 0.0, "avg_over": 2.0787801778907244, "avg_under": 0.0}], [[0.9, 0.9500000000000001], {"acc": 0.8728249194414608, "nll": 0.4594124402723391, "mse": 0.1315072710992805, "N": 4655, "over_prob": 0.7716814159292036, "under_prob": 0.0, "over_counts": {"1": 677, "0": 387, "2": 278, "3": 134, "4": 79, "5": 49, "6": 30, "7": 21, "8": 10, "10": 5, "9": 5, "13": 4, "11": 3, "16": 3, "14": 3, "19": 2, "22": 2, "35": 1, "15": 1, "18": 1}, "under_counts": {"0": 1695}, "avg_over_mag": 2.3111620795107033, "avg_under_mag": 0.0, "avg_over": 2.3111620795107033, "avg_under": 0.0}], [[0.9500000000000001, 1.0], {"acc": 0.9254159495123351, "nll": 0.3475292929924948, "mse": 0.09747247146668582, "N": 1743, "over_prob": 0.678939617083947, "under_prob": 0.0, "over_counts": {"1": 298, "0": 218, "2": 72, "3": 33, "4": 15, "5": 9, "6": 7, "7": 5, "8": 5, "9": 4, "11": 2, "15": 2, "12": 1, "20": 1, "14": 1, "24": 1, "35": 1, "26": 1, "10": 1, "18": 1, "29": 1}, "under_counts": {"0": 679}, "avg_over_mag": 2.2537960954446854, "avg_under_mag": 0.0,