{"auc": 0.648113975934711, "over_prob": 0.03670242800677581, "under_prob": 0.10220214568040653, "over_counts": {"0": 3412, "1": 81, "2": 27, "3": 12, "4": 6, "9": 1, "7": 1, "6": 1, "8": 1}, "under_counts": {"0": 3180, "1": 298, "2": 38, "3": 15, "4": 5, "7": 2, "68": 1, "19": 1, "5": 1, "6": 1}, "avg_over_mag": 1.7307692307692308, "avg_under_mag": 1.522099447513812, "avg_over": 1.7307692307692308, "avg_under": 1.522099447513812, "acc": 0.7894840799557558, "nll": 0.4916920657106679, "mse": 0.1585993935554202, "metrics_by_prob": [[[0.0, 0.05], {"acc": NaN, "nll": NaN, "mse": NaN, "N": 0}], [[0.05, 0.1], {"acc": NaN, "nll": NaN, "mse": NaN, "N": 0}], [[0.1, 0.15000000000000002], {"acc": 1.0, "nll": 0.11514208641732214, "mse": 0.011828845950834086, "N": 7, "over_prob": 0.0, "under_prob": 0.0, "over_counts": {"0": 7}, "under_counts": {"0": 7}, "avg_over_mag": 0.0, "avg_under_mag": 0.0, "avg_over": 0.0, "avg_under": 0.0}], [[0.15000000000000002, 0.2], {"acc": 0.0, "nll": 1.73284672025657, "mse": 0.677690429958973, "N": 1, "over_prob": 0.0, "under_prob": 0.0, "over_counts": {"0": 1}, "under_counts": {"0": 1}, "avg_over_mag": 0.0, "avg_under_mag": 0.0, "avg_over": 0.0, "avg_under": 0.0}], [[0.2, 0.25], {"acc": 0.75, "nll": 0.5629113838316475, "mse": 0.18771037683375613, "N": 4, "over_prob": 0.0, "under_prob": 0.0, "over_counts": {"0": 4}, "under_counts": {"0": 4}, "avg_over_mag": 0.0, "avg_under_mag": 0.0, "avg_over": 0.0, "avg_under": 0.0}], [[0.25, 0.30000000000000004], {"acc": 0.625, "nll": 0.6675167501815656, "mse": 0.23699469740692775, "N": 16, "over_prob": 0.0, "under_prob": 0.0, "over_counts": {"0": 16}, "under_counts": {"0": 16}, "avg_over_mag": 0.0, "avg_under_mag": 0.0, "avg_over": 0.0, "avg_under": 0.0}], [[0.30000000000000004, 0.35000000000000003], {"acc": 0.6923076923076923, "nll": 0.6307793045530935, "mse": 0.2192910285866674, "N": 13, "over_prob": 0.0, "under_prob": 0.0, "over_counts": {"0": 13}, "under_counts": {"0": 13}, "avg_over_mag": 0.0, "avg_under_mag": 0.0, "avg_over": 0.0, "avg_under": 0.0}], [[0.35000000000000003, 0.4], {"acc": 0.625, "nll": 0.6537048733004373, "mse": 0.23064870749751198, "N": 72, "over_prob": 0.0, "under_prob": 0.0, "over_counts": {"0": 72}, "under_counts": {"0": 72}, "avg_over_mag": 0.0, "avg_under_mag": 0.0, "avg_over": 0.0, "avg_under": 0.0}], [[0.4, 0.45], {"acc": 0.6923076923076923, "nll": 0.6330334567095408, "mse": 0.2204080100406859, "N": 52, "over_prob": 0.0, "under_prob": 0.0, "over_counts": {"0": 48}, "under_counts": {"0": 48}, "avg_over_mag": 0.0, "avg_under_mag": 0.0, "avg_over": 0.0, "avg_under": 0.0}], [[0.45, 0.5], {"acc": 0.4879518072289157, "nll": 0.6981964063493961, "mse": 0.25250142410925835, "N": 166, "over_prob": 0.0, "under_prob": 0.0, "over_counts": {"0": 166}, "under_counts": {"0": 166}, "avg_over_mag": 0.0, "avg_under_mag": 0.0, "avg_over": 0.0, "avg_under": 0.0}], [[0.5, 0.55], {"acc": 0.48028673835125446, "nll": 0.6999912185816874, "mse": 0.2533997988258255, "N": 279, "over_prob": 0.0, "under_prob": 0.0, "over_counts": {"0": 277}, "under_counts": {"0": 277}, "avg_over_mag": 0.0, "avg_under_mag": 0.0, "avg_over": 0.0, "avg_under": 0.0}], [[0.55, 0.6000000000000001], {"acc": 0.5784982935153583, "nll": 0.6894812823013445, "mse": 0.24774426476817296, "N": 586, "over_prob": 0.0, "under_prob": 0.0, "over_counts": {"0": 500}, "under_counts": {"0": 500}, "avg_over_mag": 0.0, "avg_under_mag": 0.0, "avg_over": 0.0, "avg_under": 0.0}], [[0.6000000000000001, 0.65], {"acc": 0.6261306532663317, "nll": 0.6647980489135337, "mse": 0.23568876108932285, "N": 995, "over_prob": 0.0, "under_prob": 0.0, "over_counts": {"0": 679}, "under_counts": {"0": 679}, "avg_over_mag": 0.0, "avg_under_mag": 0.0, "avg_over": 0.0, "avg_under": 0.0}], [[0.65, 0.7000000000000001], {"acc": 0.6953271028037383, "nll": 0.6179078151416454, "mse": 0.21318523563351854, "N": 1605, "over_prob": 0.0, "under_prob": 0.0, "over_counts": {"0": 1034}, "under_counts": {"0": 1034}, "avg_over_mag": 0.0, "avg_under_mag": 0.0, "avg_over": 0.0, "avg_under": 0.0}], [[0.7000000000000001, 0.75], {"acc": 0.7418639053254438, "nll": 0.5710271960385516, "mse": 0.19146872902583414, "N": 2704, "over_prob": 0.0, "under_prob": 0.0, "over_counts": {"0": 1463}, "under_counts": {"0": 1463}, "avg_over_mag": 0.0, "avg_under_mag": 0.0, "avg_over": 0.0, "avg_under": 0.0}], [[0.75, 0.8], {"acc": 0.7747469066366705, "nll": 0.5333262645192844, "mse": 0.17445287415215296, "N": 7112, "over_prob": 0.0, "under_prob": 0.0023474178403756207, "over_counts": {"0": 1704}, "under_counts": {"0": 1700, "1": 4}, "avg_over_mag": 0.0, "avg_under_mag": 1.0, "avg_over": 0.0, "avg_under": 1.0}], [[0.8, 0.8500000000000001], {"acc": 0.8170034311856653, "nll": 0.47535254463628074, "mse": 0.1493052684784353, "N": 5246, "over_prob": 0.0, "under_prob": 0.25551601423487547, "over_counts": {"0": 1405}, "under_counts": {"0": 1046, "1": 296, "2": 37, "3": 15, "4": 5, "7": 2, "68": 1, "19": 1, "5": 1, "6": 1}, "avg_over_mag": 0.0, "avg_under_mag": 1.5236768802228413, "avg_over": 0.0, "avg_under": 1.5236768802228413}], [[0.8500000000000001, 0.9], {"acc": 0.8791133455210237, "nll": 0.3690733941509485, "mse": 0.10638441257534607, "N": 4376, "over_prob": 0.11732851985559567, "under_prob": 0.0, "over_counts": {"0": 978, "1": 82, "2": 27, "3": 12, "4": 6, "9": 1, "7": 1, "8": 1}, "under_counts": {"0": 1108}, "avg_over_mag": 1.6923076923076923, "avg_under_mag": 0.0, "avg_over": 1.6923076923076923, "avg_under": 0.0}], [[0.9, 0.9500000000000001], {"acc": 0.9226023555804823, "nll": 0.273537718291472, "mse": 0.07182885188647091, "N": 1783, "over_prob": 0.002123142250530785, "under_prob": 0.0, "over_counts": {"0": 470, "5": 1}, "under_counts": {"0": 471}, "avg_over_mag": 5.0, "avg_under_mag": 0.0, "avg_over": 5.0, "avg_under": 0.0}], [[0.9500000000000001, 1.0], {"acc": 0.9696969696969697, "nll": 0.1381514581918013, "mse": 0.029608746361571268, "N": 297, "over_prob": 0.0, "under_prob": 0.0, "over_counts": {"0": 71}, "under_counts": {"0": 71}, "avg_over_mag": 0.0, "avg_under_mag": 0.0, "avg_over": 0.0, "avg_under": 0.0}]]}