{"auc": 0.6903684673553381, "over_prob": 0.17780352774559027, "under_prob": 0.17780352774559027, "over_counts": {"0": 19158, "1": 2005, "2": 1124, "3": 710, "4": 145, "5": 70, "6": 57, "7": 13, "8": 12, "9": 3, "10": 1, "14": 1, "11": 1, "12": 1}, "under_counts": {"0": 20793, "1": 2082, "2": 384, "3": 39, "4": 3}, "avg_over_mag": 1.9106927347332852, "avg_under_mag": 1.9106927347332852, "avg_over": 1.9106927347332852, "avg_under": 1.9106927347332852, "acc": 0.6829557729464925, "nll": 0.5973287672935562, "mse": 0.20518566405139177, "metrics_by_prob": [[[0.0, 0.05], {"acc": 0.9792899408284024, "nll": 0.2151977550940886, "mse": 0.04374190950244584, "N": 338, "over_prob": 0.0, "under_prob": 0.0, "over_counts": {"0": 39}, "under_counts": {"0": 39}, "avg_over_mag": 0.0, "avg_under_mag": 0.0, "avg_over": 0.0, "avg_under": 0.0}], [[0.05, 0.1], {"acc": 0.9230769230769231, "nll": 0.34120078207100246, "mse": 0.0914905043502362, "N": 507, "over_prob": 0.0, "under_prob": 0.0, "over_counts": {"0": 95}, "under_counts": {"0": 95}, "avg_over_mag": 0.0, "avg_under_mag": 0.0, "avg_over": 0.0, "avg_under": 0.0}], [[0.1, 0.15000000000000002], {"acc": 0.880466472303207, "nll": 0.42750296537109433, "mse": 0.12664462451924538, "N": 686, "over_prob": 0.0, "under_prob": 0.0, "over_counts": {"0": 163}, "under_counts": {"0": 163}, "avg_over_mag": 0.0, "avg_under_mag": 0.0, "avg_over": 0.0, "avg_under": 0.0}], [[0.15000000000000002, 0.2], {"acc": 0.8260416666666667, "nll": 0.5040207734424563, "mse": 0.16033175426883314, "N": 960, "over_prob": 0.0, "under_prob": 0.0, "over_counts": {"0": 280}, "under_counts": {"0": 280}, "avg_over_mag": 0.0, "avg_under_mag": 0.0, "avg_over": 0.0, "avg_under": 0.0}], [[0.2, 0.25], {"acc": 0.7537878787878788, "nll": 0.58127282684712, "mse": 0.19560832708809409, "N": 1320, "over_prob": 0.0, "under_prob": 0.0, "over_counts": {"0": 429}, "under_counts": {"0": 429}, "avg_over_mag": 0.0, "avg_under_mag": 0.0, "avg_over": 0.0, "avg_under": 0.0}], [[0.25, 0.30000000000000004], {"acc": 0.7001586462189318, "nll": 0.622846225415522, "mse": 0.21543373981590694, "N": 1891, "over_prob": 0.0, "under_prob": 0.0, "over_counts": {"0": 680}, "under_counts": {"0": 680}, "avg_over_mag": 0.0, "avg_under_mag": 0.0, "avg_over": 0.0, "avg_under": 0.0}], [[0.30000000000000004, 0.35000000000000003], {"acc": 0.6432432432432432, "nll": 0.6575600436473006, "mse": 0.23217574840361838, "N": 2960, "over_prob": 0.0, "under_prob": 0.0, "over_counts": {"0": 1055}, "under_counts": {"0": 1055}, "avg_over_mag": 0.0, "avg_under_mag": 0.0, "avg_over": 0.0, "avg_under": 0.0}], [[0.35000000000000003, 0.4], {"acc": 0.5653564899451554, "nll": 0.6888455122946479, "mse": 0.24746276527042244, "N": 4376, "over_prob": 0.0, "under_prob": 0.0, "over_counts": {"0": 1558}, "under_counts": {"0": 1557}, "avg_over_mag": 0.0, "avg_under_mag": 0.0, "avg_over": 0.0, "avg_under": 0.0}], [[0.4, 0.45], {"acc": 0.5234687083888149, "nll": 0.7011056313045639, "mse": 0.2535637745645846, "N": 6008, "over_prob": 0.0, "under_prob": 0.0, "over_counts": {"0": 2182}, "under_counts": {"0": 2182}, "avg_over_mag": 0.0, "avg_under_mag": 0.0, "avg_over": 0.0, "avg_under": 0.0}], [[0.45, 0.5], {"acc": 0.5034293552812071, "nll": 0.7099319052071746, "mse": 0.2577721586972329, "N": 8019, "over_prob": 0.0, "under_prob": 0.0, "over_counts": {"0": 2922}, "under_counts": {"0": 2921}, "avg_over_mag": 0.0, "avg_under_mag": 0.0, "avg_over": 0.0, "avg_under": 0.0}], [[0.5, 0.55], {"acc": 0.5085858585858586, "nll": 0.7085178969420818, "mse": 0.25707599047664326, "N": 9900, "over_prob": 0.0, "under_prob": 0.0, "over_counts": {"0": 3684}, "under_counts": {"0": 3681}, "avg_over_mag": 0.0, "avg_under_mag": 0.0, "avg_over": 0.0, "avg_under": 0.0}], [[0.55, 0.6000000000000001], {"acc": 0.5615216293553273, "nll": 0.6985482772015568, "mse": 0.2516640060524466, "N": 11882, "over_prob": 0.0, "under_prob": 0.0, "over_counts": {"0": 4575}, "under_counts": {"0": 4561}, "avg_over_mag": 0.0, "avg_under_mag": 0.0, "avg_over": 0.0, "avg_under": 0.0}], [[0.6000000000000001, 0.65], {"acc": 0.6129921863030489, "nll": 0.6769353496241682, "mse": 0.24104115477700874, "N": 13054, "over_prob": 0.0, "under_prob": 0.0, "over_counts": {"0": 5289}, "under_counts": {"0": 5244}, "avg_over_mag": 0.0, "avg_under_mag": 0.0, "avg_over": 0.0, "avg_under": 0.0}], [[0.65, 0.7000000000000001], {"acc": 0.6696723114141192, "nll": 0.6455507748898135, "mse": 0.2256486058614571, "N": 13641, "over_prob": 0.0, "under_prob": 0.0, "over_counts": {"0": 5801}, "under_counts": {"0": 5690}, "avg_over_mag": 0.0, "avg_under_mag": 0.0, "avg_over": 0.0, "avg_under": 0.0}], [[0.7000000000000001, 0.75], {"acc": 0.7174249894351317, "nll": 0.6072006903156402, "mse": 0.20729874068216622, "N": 14198, "over_prob": 0.0, "under_prob": 0.0, "over_counts": {"0": 6283}, "under_counts": {"0": 5998}, "avg_over_mag": 0.0, "avg_under_mag": 0.0, "avg_over": 0.0, "avg_under": 0.0}], [[0.75, 0.8], {"acc": 0.768742243959413, "nll": 0.5541550073568298, "mse": 0.18266451113706317, "N": 13699, "over_prob": 0.0, "under_prob": 0.0, "over_counts": {"0": 6293}, "under_counts": {"0": 5621}, "avg_over_mag": 0.0, "avg_under_mag": 0.0, "avg_over": 0.0, "avg_under": 0.0}], [[0.8, 0.8500000000000001], {"acc": 0.8233905754048995, "nll": 0.4839059575857136, "mse": 0.15157876020377165, "N": 12287, "over_prob": 0.0, "under_prob": 0.0, "over_counts": {"0": 5842}, "under_counts": {"0": 4278}, "avg_over_mag": 0.0, "avg_under_mag": 0.0, "avg_over": 0.0, "avg_under": 0.0}], [[0.8500000000000001, 0.9], {"acc": 0.8695113131521851, "nll": 0.40244755846124314, "mse": 0.11817411893578107, "N": 9679, "over_prob": 0.7135942760942762, "under_prob": 0.7135942760942762, "over_counts": {"1": 1706, "0": 1361, "2": 930, "3": 553, "4": 86, "5": 49, "6": 43, "7": 11, "8": 10, "10": 1, "12": 1, "9": 1}, "under_counts": {"1": 4752}, "avg_over_mag": 1.8460631082276615, "avg_under_mag": 1.8460631082276615, "avg_over": 1.8460631082276615, "avg_under": 1.8460631082276615}], [[0.9, 0.9500000000000001], {"acc": 0.923216885007278, "nll": 0.287640011667904, "mse": 0.0750215278083824, "N": 5496, "over_prob": 0.42624810892586984, "under_prob": 0.42624810892586984, "over_counts": {"0": 1517, "1": 770, "2": 245, "3": 86, "4": 16, "5": 5, "6": 4, "7": 1}, "under_counts": {"0": 2644}, "avg_over_mag": 1.453416149068323, "avg_under_mag": 1.453416149068323, "avg_over": 1.453416149068323, "avg_under": 1.453416149068323}], [[0.9500000000000001, 1.0], {"acc": 0.9640933572710951, "nll": 0.17646518321692511, "mse": 0.037788002961554254, "N": 557, "over_prob": 0.05572755417956654, "under_prob": 0.05572755417956654, "over_counts": {"0": 305, "1": 18}, "under_counts": {"0": 323}, "avg_over_mag": 1.0, "avg_under_mag": 1.0, "avg_over": 1.0, "avg_under": 1.0}]]}