{"over_prob": 0.38672668386671794, "under_prob": 0.3129768897183949, "over_counts": {"0": 22344, "1": 6552, "2": 2880, "3": 1560, "4": 953, "5": 578, "6": 368, "7": 267, "8": 150, "9": 143, "10": 104, "11": 80, "12": 68, "13": 49, "14": 48, "15": 40, "16": 31, "17": 30, "18": 21, "21": 18, "20": 17, "22": 15, "19": 15, "31": 11, "23": 10, "25": 9, "26": 8, "24": 8, "32": 6, "29": 5, "27": 4, "44": 3, "38": 3, "35": 3, "39": 3, "37": 3, "34": 3, "30": 3, "33": 2, "42": 2, "43": 2, "40": 2, "28": 2, "53": 1, "72": 1, "82": 1, "64": 1, "48": 1, "41": 1, "36": 1, "46": 1, "90": 1, "47": 1, "65": 1}, "under_counts": {"0": 25031, "1": 7163, "2": 2465, "3": 914, "4": 405, "5": 204, "6": 106, "7": 63, "8": 31, "9": 16, "10": 16, "11": 7, "12": 6, "13": 3, "14": 2, "17": 1, "16": 1}, "avg_over_mag": 2.9132718239886444, "avg_under_mag": 1.6971849513285977, "avg_over": 2.9132718239886444, "avg_under": 1.6971849513285977, "acc": 0.7964372282990394, "auc": 0.6815932939093454, "nll": 0.4837978848081289, "mse": 0.1530404202491353, "metrics_by_prob": [[[0.0, 0.05], {"acc": 0.984375, "nll": 0.08786442020225776, "mse": 0.016925008271543723, "N": 64, "over_prob": 0.0, "under_prob": 0.0, "over_counts": {"0": 50}, "under_counts": {"0": 50}, "avg_over_mag": 0.0, "avg_under_mag": 0.0, "avg_over": 0.0, "avg_under": 0.0}], [[0.05, 0.1], {"acc": 0.9219330855018587, "nll": 0.32848269098735566, "mse": 0.0800880059939564, "N": 269, "over_prob": 0.0, "under_prob": 0.0, "over_counts": {"0": 254}, "under_counts": {"0": 254}, "avg_over_mag": 0.0, "avg_under_mag": 0.0, "avg_over": 0.0, "avg_under": 0.0}], [[0.1, 0.15000000000000002], {"acc": 0.8766404199475065, "nll": 0.39707245761965737, "mse": 0.1144228673132291, "N": 381, "over_prob": 0.0, "under_prob": 0.0, "over_counts": {"0": 316}, "under_counts": {"0": 316}, "avg_over_mag": 0.0, "avg_under_mag": 0.0, "avg_over": 0.0, "avg_under": 0.0}], [[0.15000000000000002, 0.2], {"acc": 0.8137931034482758, "nll": 0.47516163349968366, "mse": 0.14710137828445669, "N": 580, "over_prob": 0.0, "under_prob": 0.0, "over_counts": {"0": 506}, "under_counts": {"0": 506}, "avg_over_mag": 0.0, "avg_under_mag": 0.0, "avg_over": 0.0, "avg_under": 0.0}], [[0.2, 0.25], {"acc": 0.7408284023668639, "nll": 0.5689125513778472, "mse": 0.18532728376715554, "N": 845, "over_prob": 0.0, "under_prob": 0.0013315579227696217, "over_counts": {"0": 751}, "under_counts": {"0": 750, "1": 1}, "avg_over_mag": 0.0, "avg_under_mag": 1.0, "avg_over": 0.0, "avg_under": 1.0}], [[0.25, 0.30000000000000004], {"acc": 0.6669542709232097, "nll": 0.6651263745629471, "mse": 0.2268793942226562, "N": 1159, "over_prob": 0.0, "under_prob": 0.003831417624521105, "over_counts": {"0": 1044}, "under_counts": {"0": 1040, "1": 4}, "avg_over_mag": 0.0, "avg_under_mag": 1.0, "avg_over": 0.0, "avg_under": 1.0}], [[0.30000000000000004, 0.35000000000000003], {"acc": 0.6022408963585434, "nll": 0.6929172678054916, "mse": 0.24255532136606286, "N": 1428, "over_prob": 0.0, "under_prob": 0.0023961661341852514, "over_counts": {"0": 1252}, "under_counts": {"0": 1249, "1": 3}, "avg_over_mag": 0.0, "avg_under_mag": 1.0, "avg_over": 0.0, "avg_under": 1.0}], [[0.35000000000000003, 0.4], {"acc": 0.5190763052208835, "nll": 0.7595175495981472, "mse": 0.2737279305424468, "N": 1992, "over_prob": 0.0, "under_prob": 0.004086398131932234, "over_counts": {"0": 1713}, "under_counts": {"0": 1706, "1": 6, "2": 1}, "avg_over_mag": 0.0, "avg_under_mag": 1.1428571428571428, "avg_over": 0.0, "avg_under": 1.1428571428571428}], [[0.4, 0.45], {"acc": 0.5067471590909091, "nll": 0.7455552884155888, "mse": 0.2717849121433766, "N": 2816, "over_prob": 0.0, "under_prob": 0.0054234459741343555, "over_counts": {"0": 2397}, "under_counts": {"0": 2384, "1": 13}, "avg_over_mag": 0.0, "avg_under_mag": 1.0, "avg_over": 0.0, "avg_under": 1.0}], [[0.45, 0.5], {"acc": 0.4967032967032967, "nll": 0.7574231942235987, "mse": 0.2767957155321836, "N": 4095, "over_prob": 0.0, "under_prob": 0.00921521997621877, "over_counts": {"0": 3364}, "under_counts": {"0": 3333, "1": 31}, "avg_over_mag": 0.0, "avg_under_mag": 1.0, "avg_over": 0.0, "avg_under": 1.0}], [[0.5, 0.55], {"acc": 0.5082637284521059, "nll": 0.7489070022184289, "mse": 0.27347490410286907, "N": 5627, "over_prob": 0.0, "under_prob": 0.012791741472172324, "over_counts": {"0": 4456}, "under_counts": {"0": 4399, "1": 56, "2": 1}, "avg_over_mag": 0.0, "avg_under_mag": 1.0175438596491229, "avg_over": 0.0, "avg_under": 1.0175438596491229}], [[0.55, 0.6000000000000001], {"acc": 0.5553053053053053, "nll": 0.7255478729705096, "mse": 0.26217982796177935, "N": 7992, "over_prob": 0.0, "under_prob": 0.019661480594973524, "over_counts": {"0": 5849}, "under_counts": {"0": 5734, "1": 113, "2": 2}, "avg_over_mag": 0.0, "avg_under_mag": 1.017391304347826, "avg_over": 0.0, "avg_under": 1.017391304347826}], [[0.6000000000000001, 0.65], {"acc": 0.6032755466504051, "nll": 0.7029706468416522, "mse": 0.24973782870244302, "N": 11479, "over_prob": 0.0, "under_prob": 0.040641025641025674, "over_counts": {"0": 7800}, "under_counts": {"0": 7483, "1": 306, "2": 10, "3": 1}, "avg_over_mag": 0.0, "avg_under_mag": 1.0378548895899053, "avg_over": 0.0, "avg_under": 1.0378548895899053}], [[0.65, 0.7000000000000001], {"acc": 0.6534484855856951, "nll": 0.6649986667527181, "mse": 0.2317324567448026, "N": 16442, "over_prob": 0.0, "under_prob": 0.0671984047856431, "over_counts": {"0": 10030}, "under_counts": {"0": 9356, "1": 636, "2": 34, "3": 4}, "avg_over_mag": 0.0, "avg_under_mag": 1.0623145400593472, "avg_over": 0.0, "avg_under": 1.0623145400593472}], [[0.7000000000000001, 0.75], {"acc": 0.7189071690392976, "nll": 0.6079653235062495, "mse": 0.20516456636159822, "N": 23462, "over_prob": 0.0, "under_prob": 0.12375804784993238, "over_counts": {"0": 12581}, "under_counts": {"0": 11024, "1": 1416, "2": 123, "3": 16, "4": 2}, "avg_over_mag": 0.0, "avg_under_mag": 1.1034039820166988, "avg_over": 0.0, "avg_under": 1.1034039820166988}], [[0.75, 0.8], {"acc": 0.767336698077428, "nll": 0.5594748055122932, "mse": 0.18211751375460747, "N": 34277, "over_prob": 0.0, "under_prob": 0.24258155482919952, "over_counts": {"0": 15603}, "under_counts": {"0": 11818, "1": 3258, "2": 419, "3": 71, "4": 28, "5": 6, "6": 2, "10": 1}, "avg_over_mag": 0.0, "avg_under_mag": 1.181770145310436, "avg_over": 0.0, "avg_under": 1.181770145310436}], [[0.8, 0.8500000000000001], {"acc": 0.8235096979598676, "nll": 0.49013611286216074, "mse": 0.15107781909817525, "N": 47742, "over_prob": 0.0, "under_prob": 0.4602920125966218, "over_counts": {"0": 17465}, "under_counts": {"0": 9426, "1": 5733, "2": 1471, "3": 480, "4": 186, "5": 92, "6": 31, "7": 24, "9": 9, "8": 7, "10": 3, "12": 1, "16": 1, "14": 1}, "avg_over_mag": 0.0, "avg_under_mag": 1.4780445329021024, "avg_over": 0.0, "avg_under": 1.4780445329021024}], [[0.8500000000000001, 0.9], {"acc": 0.8738831371436676, "nll": 0.4032395997288295, "mse": 0.11534369096565067, "N": 56408, "over_prob": 0.6837856021529491, "under_prob": 0.0, "over_counts": {"1": 6403, "0": 5640, "2": 2606, "3": 1227, "4": 667, "5": 366, "6": 232, "7": 144, "8": 112, "9": 89, "10": 50, "11": 45, "13": 38, "12": 36, "14": 35, "15": 22, "18": 18, "16": 16, "17": 16, "19": 13, "21": 12, "22": 8, "20": 6, "30": 4, "23": 4, "31": 4, "26": 3, "25": 2, "27": 2, "28": 2, "29": 2, "33": 2, "43": 1, "32": 1, "61": 1, "48": 1, "74": 1, "24": 1, "40": 1, "34": 1, "37": 1, "57": 1}, "under_counts": {"0": 17836}, "avg_over_mag": 2.412840275500164, "avg_under_mag": 0.0, "avg_over": 2.412840275500164, "avg_under": 0.0}], [[0.9, 0.9500000000000001], {"acc": 0.9241212884272374, "nll": 0.29298427538826893, "mse": 0.07477746460672278, "N": 47655, "over_prob": 0.42964601769911503, "under_prob": 0.0, "over_counts": {"0": 7734, "1": 3720, "2": 1063, "3": 450, "4": 229, "5": 133, "6": 68, "8": 37, "7": 37, "9": 26, "10": 13, "12": 12, "11": 9, "16": 6, "13": 5, "21": 4, "15": 3, "17": 3, "18": 3, "19": 2, "25": 1, "14": 1, "38": 1}, "under_counts": {"0": 13560},