{"auc": 0.7287639227813462, "over_prob": 0.02603359173126618, "under_prob": 0.03385012919896646, "over_counts": {"0": 15077, "1": 301, "2": 68, "3": 23, "4": 9, "5": 2}, "under_counts": {"0": 14956, "1": 422, "2": 67, "3": 27, "4": 4, "5": 1, "7": 1, "6": 1, "8": 1}, "avg_over_mag": 1.369727047146402, "avg_under_mag": 1.2958015267175573, "avg_over": 1.369727047146402, "avg_under": 1.2958015267175573, "acc": 0.66880477383539, "nll": 0.601489252484755, "mse": 0.20815878636531704, "metrics_by_prob": [[[0.0, 0.05], {"acc": 0.9734513274336283, "nll": 0.11769000898073702, "mse": 0.025609223696236125, "N": 1582, "over_prob": 0.0, "under_prob": 0.0, "over_counts": {"0": 288}, "under_counts": {"0": 288}, "avg_over_mag": 0.0, "avg_under_mag": 0.0, "avg_over": 0.0, "avg_under": 0.0}], [[0.05, 0.1], {"acc": 0.9109149277688604, "nll": 0.3011254226221831, "mse": 0.08123025667692377, "N": 1246, "over_prob": 0.0, "under_prob": 0.0, "over_counts": {"0": 418}, "under_counts": {"0": 418}, "avg_over_mag": 0.0, "avg_under_mag": 0.0, "avg_over": 0.0, "avg_under": 0.0}], [[0.1, 0.15000000000000002], {"acc": 0.868766404199475, "nll": 0.3867892991490771, "mse": 0.11354297841349886, "N": 1524, "over_prob": 0.0, "under_prob": 0.0, "over_counts": {"0": 634}, "under_counts": {"0": 634}, "avg_over_mag": 0.0, "avg_under_mag": 0.0, "avg_over": 0.0, "avg_under": 0.0}], [[0.15000000000000002, 0.2], {"acc": 0.8138786764705882, "nll": 0.4796342921982736, "mse": 0.1512016242042686, "N": 2176, "over_prob": 0.0, "under_prob": 0.0, "over_counts": {"0": 1039}, "under_counts": {"0": 1039}, "avg_over_mag": 0.0, "avg_under_mag": 0.0, "avg_over": 0.0, "avg_under": 0.0}], [[0.2, 0.25], {"acc": 0.7612408504705472, "nll": 0.551149689896848, "mse": 0.1822905738078349, "N": 2869, "over_prob": 0.0, "under_prob": 0.0, "over_counts": {"0": 1430}, "under_counts": {"0": 1430}, "avg_over_mag": 0.0, "avg_under_mag": 0.0, "avg_over": 0.0, "avg_under": 0.0}], [[0.25, 0.30000000000000004], {"acc": 0.7122008172796264, "nll": 0.5989867371137675, "mse": 0.20447917252323303, "N": 3426, "over_prob": 0.0, "under_prob": 0.0, "over_counts": {"0": 1920}, "under_counts": {"0": 1920}, "avg_over_mag": 0.0, "avg_under_mag": 0.0, "avg_over": 0.0, "avg_under": 0.0}], [[0.30000000000000004, 0.35000000000000003], {"acc": 0.6683926159387663, "nll": 0.6362793594249687, "mse": 0.22202972225812542, "N": 4442, "over_prob": 0.0, "under_prob": 0.0, "over_counts": {"0": 2399}, "under_counts": {"0": 2399}, "avg_over_mag": 0.0, "avg_under_mag": 0.0, "avg_over": 0.0, "avg_under": 0.0}], [[0.35000000000000003, 0.4], {"acc": 0.6342576342576343, "nll": 0.6564027849819994, "mse": 0.23184640043925, "N": 5698, "over_prob": 0.0, "under_prob": 0.0, "over_counts": {"0": 3003}, "under_counts": {"0": 3003}, "avg_over_mag": 0.0, "avg_under_mag": 0.0, "avg_over": 0.0, "avg_under": 0.0}], [[0.4, 0.45], {"acc": 0.5788571428571428, "nll": 0.6805866073899521, "mse": 0.24374114169183816, "N": 7000, "over_prob": 0.0, "under_prob": 0.0, "over_counts": {"0": 3731}, "under_counts": {"0": 3731}, "avg_over_mag": 0.0, "avg_under_mag": 0.0, "avg_over": 0.0, "avg_under": 0.0}], [[0.45, 0.5], {"acc": 0.5141755782143745, "nll": 0.6937465502645903, "mse": 0.2502815784138761, "N": 8042, "over_prob": 0.0, "under_prob": 0.0, "over_counts": {"0": 4162}, "under_counts": {"0": 4162}, "avg_over_mag": 0.0, "avg_under_mag": 0.0, "avg_over": 0.0, "avg_under": 0.0}], [[0.5, 0.55], {"acc": 0.5242773906089341, "nll": 0.692624893252233, "mse": 0.2497197216208289, "N": 8753, "over_prob": 0.0, "under_prob": 0.0, "over_counts": {"0": 4426}, "under_counts": {"0": 4426}, "avg_over_mag": 0.0, "avg_under_mag": 0.0, "avg_over": 0.0, "avg_under": 0.0}], [[0.55, 0.6000000000000001], {"acc": 0.5744375827084253, "nll": 0.6840368585211278, "mse": 0.2454081391350363, "N": 9068, "over_prob": 0.0, "under_prob": 0.0, "over_counts": {"0": 4507}, "under_counts": {"0": 4507}, "avg_over_mag": 0.0, "avg_under_mag": 0.0, "avg_over": 0.0, "avg_under": 0.0}], [[0.6000000000000001, 0.65], {"acc": 0.6238453276047261, "nll": 0.6636750796732954, "mse": 0.23537405290178415, "N": 9310, "over_prob": 0.0, "under_prob": 0.0, "over_counts": {"0": 4549}, "under_counts": {"0": 4549}, "avg_over_mag": 0.0, "avg_under_mag": 0.0, "avg_over": 0.0, "avg_under": 0.0}], [[0.65, 0.7000000000000001], {"acc": 0.6725469848956531, "nll": 0.6347243831683426, "mse": 0.22124896355730128, "N": 8673, "over_prob": 0.0, "under_prob": 0.0, "over_counts": {"0": 4166}, "under_counts": {"0": 4166}, "avg_over_mag": 0.0, "avg_under_mag": 0.0, "avg_over": 0.0, "avg_under": 0.0}], [[0.7000000000000001, 0.75], {"acc": 0.7271168557108942, "nll": 0.5881734971945128, "mse": 0.19923230031834968, "N": 7582, "over_prob": 0.0, "under_prob": 0.001116694584031297, "over_counts": {"0": 3582}, "under_counts": {"0": 3578, "1": 4}, "avg_over_mag": 0.0, "avg_under_mag": 1.0, "avg_over": 0.0, "avg_under": 1.0}], [[0.75, 0.8], {"acc": 0.7776503359003769, "nll": 0.5312143120383253, "mse": 0.17341715468169336, "N": 6103, "over_prob": 0.0, "under_prob": 0.007630939993062746, "over_counts": {"0": 2883}, "under_counts": {"0": 2861, "1": 18, "3": 2, "2": 2}, "avg_over_mag": 0.0, "avg_under_mag": 1.2727272727272727, "avg_over": 0.0, "avg_under": 1.2727272727272727}], [[0.8, 0.8500000000000001], {"acc": 0.8214040704321975, "nll": 0.4712492837186254, "mse": 0.1472653731038159, "N": 4373, "over_prob": 0.0, "under_prob": 0.24927113702623904, "over_counts": {"0": 2058}, "under_counts": {"0": 1545, "1": 419, "2": 65, "3": 23, "4": 4, "7": 1, "6": 1}, "avg_over_mag": 0.0, "avg_under_mag": 1.2612085769980508, "avg_over": 0.0, "avg_under": 1.2612085769980508}], [[0.8500000000000001, 0.9], {"acc": 0.8734455010972934, "nll": 0.3779983278163941, "mse": 0.11021171184370064, "N": 2734, "over_prob": 0.32113821138211385, "under_prob": 0.0, "over_counts": {"0": 835, "1": 296, "2": 67, "3": 22, "4": 8, "5": 2}, "under_counts": {"0": 1230}, "avg_over_mag": 1.3620253164556961, "avg_under_mag": 0.0, "avg_over": 1.3620253164556961, "avg_under": 0.0}], [[0.9, 0.9500000000000001], {"acc": 0.9347336834208552, "nll": 0.24425566225190085, "mse": 0.061678116950674114, "N": 1333, "over_prob": 0.01718213058419249, "under_prob": 0.0, "over_counts": {"0": 572, "1": 8, "2": 2}, "under_counts": {"0": 582}, "avg_over_mag": 1.2, "avg_under_mag": 0.0, "avg_over": 1.2, "avg_under": 0.0}], [[0.9500000000000001, 1.0], {"acc": 0.953307392996109, "nll": 0.19325857084573594, "mse": 0.04498243689480709, "N": 257, "over_prob": 0.01273885350318471, "under_prob": 0.0, "over_counts": {"0": 155, "1": 2}, "under_counts": {"0": 157}, "avg_over_mag": 1.0, "avg_under_mag": 0.0, "avg_over": 1.0, "avg_under": 0.0}]]}