{"auc": 0.6451688356675964, "over_prob": 0.49118550865275756, "under_prob": 0.12639495390587097, "over_counts": {"0": 18876, "1": 6831, "2": 3712, "3": 2273, "4": 1401, "5": 943, "6": 664, "7": 492, "8": 343, "9": 287, "10": 218, "11": 165, "12": 140, "13": 132, "14": 94, "15": 66, "16": 56, "17": 41, "19": 41, "18": 35, "25": 29, "21": 28, "24": 27, "23": 26, "20": 19, "22": 19, "28": 14, "29": 14, "26": 12, "27": 10, "30": 9, "31": 8, "32": 7, "38": 5, "34": 5, "33": 4, "39": 4, "40": 4, "45": 3, "43": 3, "44": 3, "37": 3, "42": 3, "61": 2, "50": 2, "36": 2, "53": 2, "47": 2, "49": 2, "57": 2, "48": 2, "41": 2, "91": 1, "66": 1, "62": 1, "58": 1, "55": 1, "60": 1, "51": 1, "46": 1, "63": 1, "72": 1, "56": 1}, "under_counts": {"0": 32409, "1": 2081, "2": 976, "3": 528, "4": 321, "5": 188, "6": 137, "7": 87, "8": 75, "9": 54, "10": 31, "11": 30, "12": 24, "13": 22, "14": 17, "15": 15, "18": 11, "20": 9, "16": 8, "17": 7, "22": 7, "19": 6, "21": 6, "24": 4, "33": 4, "26": 3, "32": 3, "30": 3, "35": 3, "27": 3, "23": 2, "29": 2, "31": 2, "50": 2, "49": 2, "48": 1, "75": 1, "28": 1, "36": 1, "70": 1, "40": 1, "41": 1, "25": 1, "97": 1, "44": 1, "66": 1, "39": 1, "53": 1, "42": 1, "47": 1, "45": 1}, "avg_over_mag": 3.58528152782351, "avg_under_mag": 3.175943698016635, "avg_over": 3.58528152782351, "avg_under": 3.175943698016635, "acc": 0.7875713310380834, "nll": 0.49548985423538594, "mse": 0.15982223002800705, "metrics_by_prob": [[[0.0, 0.05], {"acc": 0.4, "nll": 0.8376768580362329, "mse": 0.31338818514005556, "N": 140, "over_prob": 0.0, "under_prob": 0.038961038961038974, "over_counts": {"0": 77}, "under_counts": {"0": 74, "1": 3}, "avg_over_mag": 0.0, "avg_under_mag": 1.0, "avg_over": 0.0, "avg_under": 1.0}], [[0.05, 0.1], {"acc": 0.30517711171662126, "nll": 0.9499957371623549, "mse": 0.35936314859985424, "N": 367, "over_prob": 0.0, "under_prob": 0.06020066889632103, "over_counts": {"0": 299}, "under_counts": {"0": 281, "1": 16, "2": 2}, "avg_over_mag": 0.0, "avg_under_mag": 1.1111111111111112, "avg_over": 0.0, "avg_under": 1.1111111111111112}], [[0.1, 0.15000000000000002], {"acc": 0.2714570858283433, "nll": 0.9118744366452826, "mse": 0.3489415489566945, "N": 501, "over_prob": 0.0, "under_prob": 0.0025445292620864812, "over_counts": {"0": 393}, "under_counts": {"0": 392, "1": 1}, "avg_over_mag": 0.0, "avg_under_mag": 1.0, "avg_over": 0.0, "avg_under": 1.0}], [[0.15000000000000002, 0.2], {"acc": 0.3101449275362319, "nll": 0.9239083291256177, "mse": 0.3526563756262492, "N": 690, "over_prob": 0.0, "under_prob": 0.020583190394511175, "over_counts": {"0": 583}, "under_counts": {"0": 571, "1": 11, "2": 1}, "avg_over_mag": 0.0, "avg_under_mag": 1.0833333333333333, "avg_over": 0.0, "avg_under": 1.0833333333333333}], [[0.2, 0.25], {"acc": 0.34615384615384615, "nll": 0.9132986822195956, "mse": 0.34717621238777774, "N": 988, "over_prob": 0.0, "under_prob": 0.022432113341204207, "over_counts": {"0": 847}, "under_counts": {"0": 828, "1": 14, "2": 5}, "avg_over_mag": 0.0, "avg_under_mag": 1.263157894736842, "avg_over": 0.0, "avg_under": 1.263157894736842}], [[0.25, 0.30000000000000004], {"acc": 0.36525096525096523, "nll": 0.8964233113420456, "mse": 0.3405533870808974, "N": 1295, "over_prob": 0.0, "under_prob": 0.01868327402135228, "over_counts": {"0": 1124}, "under_counts": {"0": 1103, "1": 15, "2": 6}, "avg_over_mag": 0.0, "avg_under_mag": 1.2857142857142858, "avg_over": 0.0, "avg_under": 1.2857142857142858}], [[0.30000000000000004, 0.35000000000000003], {"acc": 0.38311688311688313, "nll": 0.8784552250910601, "mse": 0.3312357521143864, "N": 1694, "over_prob": 0.0, "under_prob": 0.021102791014295463, "over_counts": {"0": 1469}, "under_counts": {"0": 1438, "1": 31}, "avg_over_mag": 0.0, "avg_under_mag": 1.0, "avg_over": 0.0, "avg_under": 1.0}], [[0.35000000000000003, 0.4], {"acc": 0.40941385435168737, "nll": 0.86520813162938, "mse": 0.32497029505299285, "N": 2252, "over_prob": 0.0, "under_prob": 0.025141097998973794, "over_counts": {"0": 1949}, "under_counts": {"0": 1900, "1": 48, "2": 1}, "avg_over_mag": 0.0, "avg_under_mag": 1.0204081632653061, "avg_over": 0.0, "avg_under": 1.0204081632653061}], [[0.4, 0.45], {"acc": 0.4492753623188406, "nll": 0.8270849402307385, "mse": 0.3081205103692757, "N": 3105, "over_prob": 0.0, "under_prob": 0.019011406844106515, "over_counts": {"0": 2630}, "under_counts": {"0": 2580, "1": 49, "2": 1}, "avg_over_mag": 0.0, "avg_under_mag": 1.02, "avg_over": 0.0, "avg_under": 1.02}], [[0.45, 0.5], {"acc": 0.4897574758653167, "nll": 0.7967392540136243, "mse": 0.29384677313870194, "N": 4247, "over_prob": 0.0, "under_prob": 0.02664756446991401, "over_counts": {"0": 3490}, "under_counts": {"0": 3397, "1": 91, "2": 2}, "avg_over_mag": 0.0, "avg_under_mag": 1.021505376344086, "avg_over": 0.0, "avg_under": 1.021505376344086}], [[0.5, 0.55], {"acc": 0.5217391304347826, "nll": 0.7797437105891201, "mse": 0.2859844877591433, "N": 6003, "over_prob": 0.0, "under_prob": 0.02120890774125128, "over_counts": {"0": 4715}, "under_counts": {"0": 4615, "1": 90, "2": 8, "3": 2}, "avg_over_mag": 0.0, "avg_under_mag": 1.12, "avg_over": 0.0, "avg_under": 1.12}], [[0.55, 0.6000000000000001], {"acc": 0.5682903533906399, "nll": 0.7392763069473838, "mse": 0.26738853004118673, "N": 8376, "over_prob": 0.0, "under_prob": 0.024646730200460043, "over_counts": {"0": 6086}, "under_counts": {"0": 5936, "1": 130, "2": 18, "3": 1, "6": 1}, "avg_over_mag": 0.0, "avg_under_mag": 1.1666666666666667, "avg_over": 0.0, "avg_under": 1.1666666666666667}], [[0.6000000000000001, 0.65], {"acc": 0.6191937270945197, "nll": 0.706100548845146, "mse": 0.2513351179827509, "N": 11733, "over_prob": 0.0, "under_prob": 0.036824366496067906, "over_counts": {"0": 8011}, "under_counts": {"0": 7716, "1": 251, "2": 36, "3": 7, "7": 1}, "avg_over_mag": 0.0, "avg_under_mag": 1.1898305084745762, "avg_over": 0.0, "avg_under": 1.1898305084745762}], [[0.65, 0.7000000000000001], {"acc": 0.6711582225416217, "nll": 0.6585386468049719, "mse": 0.22946177260467157, "N": 16698, "over_prob": 0.0, "under_prob": 0.048718698236383084, "over_counts": {"0": 10263}, "under_counts": {"0": 9763, "1": 400, "2": 59, "3": 26, "4": 8, "5": 4, "9": 1, "7": 1, "6": 1}, "avg_over_mag": 0.0, "avg_under_mag": 1.34, "avg_over": 0.0, "avg_under": 1.34}], [[0.7000000000000001, 0.75], {"acc": 0.7295415959252971, "nll": 0.5985489290143309, "mse": 0.20221166884361158, "N": 23560, "over_prob": 0.0, "under_prob": 0.07954367869979684, "over_counts": {"0": 12798}, "under_counts": {"0": 11780, "1": 722, "2": 182, "3": 59, "4": 29, "5": 10, "7": 5, "6": 4, "8": 3, "11": 1, "9": 1, "19": 1, "15": 1}, "avg_over_mag": 0.0, "avg_under_mag": 1.538310412573674, "avg_over": 0.0, "avg_under": 1.538310412573674}], [[0.75, 0.8], {"acc": 0.7764786182746238, "nll": 0.541661340537841, "mse": 0.17702854581964908, "N": 33697, "over_prob": 0.0, "under_prob": 0.12508874975795525, "over_counts": {"0": 15493}, "under_counts": {"0": 13555, "1": 1262, "2": 371, "3": 143, "4": 64, "5": 35, "6": 19, "7": 11, "10": 8, "9": 6, "11": 5, "8": 4, "12": 3, "13": 2, "19": 1, "17": 1, "22": 1, "15": 1, "20": 1}, "avg_over_mag": 0.0, "avg_under_mag": 1.7703818369453044, "avg_over": 0.0, "avg_under": 1.7703818369453044}], [[0.8, 0.8500000000000001], {"acc": 0.8253893648385925, "nll": 0.4743855946603555, "mse": 0.1480834860646248, "N": 46807, "over_prob": 0.0, "under_prob": 0.19995463309515704, "over_counts": {"0": 17634}, "under_counts": {"0": 14108, "1": 1982, "2": 705, "3": 309, "4": 176, "5": 121, "6": 57, "7": 37, "8": 28, "10": 16, "11": 15, "12": 13, "9": 13, "14": 9, "13": 6, "22": 6, "16": 5, "18": 4, "20": 3, "23": 3, "27": 2, "38": 2, "43": 1, "37": 1, "34": 1, "21": 1, "24": 1, "44": 1, "28": 1, "45": 1, "19": 1, "35": 1, "58": 1, "31": 1, "15": 1, "40": 1}, "avg_over_mag": 0.0, "avg_under_mag": 2.3460011344299487, "avg_over": 0.0, "avg_under": 2.3460011344299487}], [[0.8500000000000001, 0.9], {"acc": 0.8741903611812493, "nll": 0.39602550708366796,