{"over_prob": 0.30077177508269015, "under_prob": 0.32568908489525905, "over_counts": {"0": 3171, "1": 461, "2": 220, "3": 178, "4": 118, "5": 81, "6": 66, "8": 40, "7": 37, "10": 28, "9": 20, "12": 18, "11": 15, "14": 13, "16": 12, "13": 10, "18": 7, "17": 5, "15": 5, "19": 4, "33": 3, "20": 3, "21": 3, "26": 3, "22": 2, "24": 2, "30": 1, "107": 1, "32": 1, "28": 1, "72": 1, "25": 1, "39": 1, "46": 1, "43": 1, "40": 1}, "under_counts": {"0": 3058, "1": 885, "2": 330, "3": 137, "4": 56, "5": 21, "6": 19, "8": 10, "7": 8, "9": 7, "11": 2, "20": 1, "15": 1}, "avg_over_mag": 4.287390029325513, "avg_under_mag": 1.7975626269465133, "avg_over": 4.287390029325513, "avg_under": 1.7975626269465133, "acc": 0.7792895625970231, "auc": 0.5827419512083784, "nll": 0.5547566173769322, "mse": 0.1770200967378841, "metrics_by_prob": [[[0.0, 0.05], {"acc": NaN, "nll": NaN, "mse": NaN, "N": 0}], [[0.05, 0.1], {"acc": NaN, "nll": NaN, "mse": NaN, "N": 0}], [[0.1, 0.15000000000000002], {"acc": 0.7142857142857143, "nll": 0.689716380311706, "mse": 0.22256867677977862, "N": 21, "over_prob": 0.0, "under_prob": 0.04761904761904767, "over_counts": {"0": 21}, "under_counts": {"0": 20, "1": 1}, "avg_over_mag": 0.0, "avg_under_mag": 1.0, "avg_over": 0.0, "avg_under": 1.0}], [[0.15000000000000002, 0.2], {"acc": NaN, "nll": NaN, "mse": NaN, "N": 0}], [[0.2, 0.25], {"acc": 0.7333333333333333, "nll": 0.5553425814140226, "mse": 0.18545868074036562, "N": 15, "over_prob": 0.0, "under_prob": 0.0, "over_counts": {"0": 15}, "under_counts": {"0": 15}, "avg_over_mag": 0.0, "avg_under_mag": 0.0, "avg_over": 0.0, "avg_under": 0.0}], [[0.25, 0.30000000000000004], {"acc": 0.5517241379310345, "nll": 0.7806513415313542, "mse": 0.28600561711847233, "N": 29, "over_prob": 0.0, "under_prob": 0.0, "over_counts": {"0": 29}, "under_counts": {"0": 29}, "avg_over_mag": 0.0, "avg_under_mag": 0.0, "avg_over": 0.0, "avg_under": 0.0}], [[0.30000000000000004, 0.35000000000000003], {"acc": 0.6, "nll": 0.7530640907663773, "mse": 0.2707491954143499, "N": 25, "over_prob": 0.0, "under_prob": 0.0, "over_counts": {"0": 25}, "under_counts": {"0": 25}, "avg_over_mag": 0.0, "avg_under_mag": 0.0, "avg_over": 0.0, "avg_under": 0.0}], [[0.35000000000000003, 0.4], {"acc": 0.3697478991596639, "nll": 0.8125514496790225, "mse": 0.3008945060518386, "N": 119, "over_prob": 0.0, "under_prob": 0.03361344537815125, "over_counts": {"0": 119}, "under_counts": {"0": 115, "1": 4}, "avg_over_mag": 0.0, "avg_under_mag": 1.0, "avg_over": 0.0, "avg_under": 1.0}], [[0.4, 0.45], {"acc": 0.4393939393939394, "nll": 0.7727663459472311, "mse": 0.2812795583046039, "N": 66, "over_prob": 0.0, "under_prob": 0.031746031746031744, "over_counts": {"0": 63}, "under_counts": {"0": 61, "1": 2}, "avg_over_mag": 0.0, "avg_under_mag": 1.0, "avg_over": 0.0, "avg_under": 1.0}], [[0.45, 0.5], {"acc": 0.4703389830508475, "nll": 0.7349227453446076, "mse": 0.2684293181797408, "N": 236, "over_prob": 0.0, "under_prob": 0.03083700440528636, "over_counts": {"0": 227}, "under_counts": {"0": 220, "1": 7}, "avg_over_mag": 0.0, "avg_under_mag": 1.0, "avg_over": 0.0, "avg_under": 1.0}], [[0.5, 0.55], {"acc": 0.5411764705882353, "nll": 0.764976713656644, "mse": 0.2665935242491286, "N": 340, "over_prob": 0.0, "under_prob": 0.062130177514792884, "over_counts": {"0": 338}, "under_counts": {"0": 317, "1": 21}, "avg_over_mag": 0.0, "avg_under_mag": 1.0, "avg_over": 0.0, "avg_under": 1.0}], [[0.55, 0.6000000000000001], {"acc": 0.5776223776223777, "nll": 0.7140422537140516, "mse": 0.2493025227815482, "N": 715, "over_prob": 0.0, "under_prob": 0.06644518272425248, "over_counts": {"0": 602}, "under_counts": {"0": 562, "1": 39, "2": 1}, "avg_over_mag": 0.0, "avg_under_mag": 1.025, "avg_over": 0.0, "avg_under": 1.025}], [[0.6000000000000001, 0.65], {"acc": 0.6042993630573248, "nll": 0.7553824842486602, "mse": 0.25124161611607576, "N": 1256, "over_prob": 0.0, "under_prob": 0.07647740440324446, "over_counts": {"0": 863}, "under_counts": {"0": 797, "1": 64, "8": 1, "6": 1}, "avg_over_mag": 0.0, "avg_under_mag": 1.1818181818181819, "avg_over": 0.0, "avg_under": 1.1818181818181819}], [[0.65, 0.7000000000000001], {"acc": 0.6432532347504621, "nll": 0.6950113302740532, "mse": 0.23648301379306036, "N": 2164, "over_prob": 0.0, "under_prob": 0.1138392857142857, "over_counts": {"0": 1344}, "under_counts": {"0": 1191, "1": 145, "2": 5, "3": 1, "5": 1, "4": 1}, "avg_over_mag": 0.0, "avg_under_mag": 1.091503267973856, "avg_over": 0.0, "avg_under": 1.091503267973856}], [[0.7000000000000001, 0.75], {"acc": 0.7188130221838087, "nll": 0.6478335699218241, "mse": 0.21574371130421746, "N": 3471, "over_prob": 0.0, "under_prob": 0.17016574585635358, "over_counts": {"0": 1810}, "under_counts": {"0": 1502, "1": 284, "2": 15, "3": 5, "4": 2, "6": 1, "11": 1}, "avg_over_mag": 0.0, "avg_under_mag": 1.1493506493506493, "avg_over": 0.0, "avg_under": 1.1493506493506493}], [[0.75, 0.8], {"acc": 0.771883920076118, "nll": 0.572052199489562, "mse": 0.18760296171399513, "N": 8408, "over_prob": 0.0, "under_prob": 0.2684185828249648, "over_counts": {"0": 2131}, "under_counts": {"0": 1559, "1": 478, "2": 80, "3": 11, "4": 3}, "avg_over_mag": 0.0, "avg_under_mag": 1.194055944055944, "avg_over": 0.0, "avg_under": 1.194055944055944}], [[0.8, 0.8500000000000001], {"acc": 0.8156225831399845, "nll": 0.5265270643517594, "mse": 0.16408138701744934, "N": 6465, "over_prob": 0.0, "under_prob": 0.43588301462317214, "over_counts": {"0": 1778}, "under_counts": {"0": 1003, "1": 492, "2": 175, "3": 50, "4": 23, "5": 14, "6": 11, "7": 5, "8": 3, "9": 2}, "avg_over_mag": 0.0, "avg_under_mag": 1.6735483870967742, "avg_over": 0.0, "avg_under": 1.6735483870967742}], [[0.8500000000000001, 0.9], {"acc": 0.8619589977220957, "nll": 0.46406573938214357, "mse": 0.13582425624230962, "N": 6585, "over_prob": 0.7880184331797235, "under_prob": 0.0, "over_counts": {"1": 463, "0": 322, "2": 201, "3": 167, "4": 95, "5": 61, "6": 55, "7": 30, "10": 26, "8": 19, "11": 18, "9": 18, "12": 9, "13": 6, "14": 5, "33": 3, "16": 3, "18": 3, "17": 2, "15": 2, "72": 1, "34": 1, "20": 1, "25": 1, "107": 1, "21": 1, "26": 1, "30": 1, "28": 1, "46": 1, "40": 1}, "under_counts": {"0": 1519}, "avg_over_mag": 3.6198830409356724, "avg_under_mag": 0.0, "avg_over": 3.6198830409356724, "avg_under": 0.0}], [[0.9, 0.9500000000000001], {"acc": 0.9104533533158486, "nll": 0.3775044247943659, "mse": 0.10259159805609926, "N": 2669, "over_prob": 0.6908284023668638, "under_prob": 0.0, "over_counts": {"0": 209, "1": 209, "2": 91, "3": 49, "4": 28, "5": 21, "6": 15, "7": 12, "9": 10, "8": 10, "13": 5, "10": 4, "11": 3, "14": 3, "12": 1, "19": 1, "24": 1, "16": 1, "21": 1, "29": 1, "15": 1}, "under_counts": {"0": 676}, "avg_over_mag": 3.0299785867237685, "avg_under_mag": 0.0, "avg_over": 3.0299785867237685, "avg_under": 0.0}], [[0.9500000000000001, 1.0], {"acc": 0.9256505576208178, "nll": 0.3372840350580348, "mse": 0.08915427278400823, "N": 269, "over_prob": 0.4545454545454546, "under_prob": 0.0, "over_counts": {"0": 66, "1": 32, "2": 11, "3": 6, "4": 4, "6": 2}, "under_counts": {"0": 121}, "avg_over_mag": 1.8181818181818181, "avg_under_mag": 0.0, "avg_over": 1.8181818181818181, "avg_under": 0.0}]]}