{"auc": 0.6670471318167678, "over_prob": 0.17688858810591324, "under_prob": 0.06183909990694525, "over_counts": {"0": 9730, "1": 1010, "2": 658, "3": 174, "4": 77, "5": 58, "6": 33, "7": 26, "8": 18, "9": 10, "11": 6, "10": 5, "16": 3, "12": 3, "13": 2, "18": 2, "14": 2, "20": 1, "23": 1, "19": 1, "29": 1}, "under_counts": {"0": 11090, "1": 445, "2": 152, "3": 68, "4": 34, "5": 18, "8": 4, "6": 4, "10": 2, "9": 2, "7": 2}, "avg_over_mag": 2.123864179818269, "avg_under_mag": 1.7606019151846786, "avg_over": 2.123864179818269, "avg_under": 1.7606019151846786, "acc": 0.7362322691109832, "nll": 0.5473187421210104, "mse": 0.18311696697212726, "metrics_by_prob": [[[0.0, 0.05], {"acc": 0.7272727272727273, "nll": 0.5380161564443514, "mse": 0.17508705231050728, "N": 11, "over_prob": 0.0, "under_prob": 0.0, "over_counts": {"0": 4}, "under_counts": {"0": 4}, "avg_over_mag": 0.0, "avg_under_mag": 0.0, "avg_over": 0.0, "avg_under": 0.0}], [[0.05, 0.1], {"acc": 0.6176470588235294, "nll": 0.6522762954590392, "mse": 0.22956089890473552, "N": 34, "over_prob": 0.0, "under_prob": 0.0, "over_counts": {"0": 13}, "under_counts": {"0": 13}, "avg_over_mag": 0.0, "avg_under_mag": 0.0, "avg_over": 0.0, "avg_under": 0.0}], [[0.1, 0.15000000000000002], {"acc": 0.5151515151515151, "nll": 0.7204532113179021, "mse": 0.262889079946704, "N": 66, "over_prob": 0.0, "under_prob": 0.0, "over_counts": {"0": 31}, "under_counts": {"0": 31}, "avg_over_mag": 0.0, "avg_under_mag": 0.0, "avg_over": 0.0, "avg_under": 0.0}], [[0.15000000000000002, 0.2], {"acc": 0.47115384615384615, "nll": 0.7418152286564297, "mse": 0.27238280203116283, "N": 104, "over_prob": 0.0, "under_prob": 0.0, "over_counts": {"0": 61}, "under_counts": {"0": 61}, "avg_over_mag": 0.0, "avg_under_mag": 0.0, "avg_over": 0.0, "avg_under": 0.0}], [[0.2, 0.25], {"acc": 0.4, "nll": 0.7993390189567973, "mse": 0.2977001425972196, "N": 180, "over_prob": 0.0, "under_prob": 0.008333333333333304, "over_counts": {"0": 120}, "under_counts": {"0": 119, "1": 1}, "avg_over_mag": 0.0, "avg_under_mag": 1.0, "avg_over": 0.0, "avg_under": 1.0}], [[0.25, 0.30000000000000004], {"acc": 0.5013698630136987, "nll": 0.7188347612784816, "mse": 0.26162412272778846, "N": 365, "over_prob": 0.0, "under_prob": 0.0, "over_counts": {"0": 231}, "under_counts": {"0": 231}, "avg_over_mag": 0.0, "avg_under_mag": 0.0, "avg_over": 0.0, "avg_under": 0.0}], [[0.30000000000000004, 0.35000000000000003], {"acc": 0.4669887278582931, "nll": 0.7488062486136668, "mse": 0.2754386368148044, "N": 621, "over_prob": 0.0, "under_prob": 0.0, "over_counts": {"0": 403}, "under_counts": {"0": 403}, "avg_over_mag": 0.0, "avg_under_mag": 0.0, "avg_over": 0.0, "avg_under": 0.0}], [[0.35000000000000003, 0.4], {"acc": 0.46730975348338694, "nll": 0.7442896720391778, "mse": 0.2736057794110075, "N": 933, "over_prob": 0.0, "under_prob": 0.005415162454873612, "over_counts": {"0": 554}, "under_counts": {"0": 551, "1": 3}, "avg_over_mag": 0.0, "avg_under_mag": 1.0, "avg_over": 0.0, "avg_under": 1.0}], [[0.4, 0.45], {"acc": 0.4962235649546828, "nll": 0.7347163503054858, "mse": 0.26919558304665087, "N": 1324, "over_prob": 0.0, "under_prob": 0.005037783375314908, "over_counts": {"0": 794}, "under_counts": {"0": 790, "1": 4}, "avg_over_mag": 0.0, "avg_under_mag": 1.0, "avg_over": 0.0, "avg_under": 1.0}], [[0.45, 0.5], {"acc": 0.46733372572101234, "nll": 0.7523760743106349, "mse": 0.2768790426090473, "N": 1699, "over_prob": 0.0, "under_prob": 0.0057581573896353655, "over_counts": {"0": 1042}, "under_counts": {"0": 1036, "1": 6}, "avg_over_mag": 0.0, "avg_under_mag": 1.0, "avg_over": 0.0, "avg_under": 1.0}], [[0.5, 0.55], {"acc": 0.5308904985087346, "nll": 0.7285164531390209, "mse": 0.2654264123586703, "N": 2347, "over_prob": 0.0, "under_prob": 0.007087628865979356, "over_counts": {"0": 1552}, "under_counts": {"0": 1541, "1": 10, "2": 1}, "avg_over_mag": 0.0, "avg_under_mag": 1.0909090909090908, "avg_over": 0.0, "avg_under": 1.0909090909090908}], [[0.55, 0.6000000000000001], {"acc": 0.5642642642642642, "nll": 0.7053513904072634, "mse": 0.2544091833943414, "N": 3330, "over_prob": 0.0, "under_prob": 0.007421150278293154, "over_counts": {"0": 2156}, "under_counts": {"0": 2140, "1": 16}, "avg_over_mag": 0.0, "avg_under_mag": 1.0, "avg_over": 0.0, "avg_under": 1.0}], [[0.6000000000000001, 0.65], {"acc": 0.6247674178209635, "nll": 0.6740582858812268, "mse": 0.23908780053938436, "N": 4837, "over_prob": 0.0, "under_prob": 0.009646302250803873, "over_counts": {"0": 3110}, "under_counts": {"0": 3080, "1": 29, "3": 1}, "avg_over_mag": 0.0, "avg_under_mag": 1.0666666666666667, "avg_over": 0.0, "avg_under": 1.0666666666666667}], [[0.65, 0.7000000000000001], {"acc": 0.6711841204654346, "nll": 0.6438933111968763, "mse": 0.22473509375892203, "N": 7305, "over_prob": 0.0, "under_prob": 0.0201632261161786, "over_counts": {"0": 4166}, "under_counts": {"0": 4082, "1": 81, "2": 3}, "avg_over_mag": 0.0, "avg_under_mag": 1.0357142857142858, "avg_over": 0.0, "avg_under": 1.0357142857142858}], [[0.7000000000000001, 0.75], {"acc": 0.7220456802383317, "nll": 0.5982534315251836, "mse": 0.20351372418341024, "N": 10070, "over_prob": 0.0, "under_prob": 0.0251893939393939, "over_counts": {"0": 5280}, "under_counts": {"0": 5147, "1": 124, "2": 9}, "avg_over_mag": 0.0, "avg_under_mag": 1.0676691729323309, "avg_over": 0.0, "avg_under": 1.0676691729323309}], [[0.75, 0.8], {"acc": 0.7789306412413535, "nll": 0.5368368705682353, "mse": 0.1754912460367344, "N": 10698, "over_prob": 0.0, "under_prob": 0.035761093428197, "over_counts": {"0": 5341}, "under_counts": {"0": 5150, "1": 166, "2": 19, "3": 4, "4": 1, "5": 1}, "avg_over_mag": 0.0, "avg_under_mag": 1.1780104712041886, "avg_over": 0.0, "avg_under": 1.1780104712041886}], [[0.8, 0.8500000000000001], {"acc": 0.8251182343667893, "nll": 0.4731141123493485, "mse": 0.1477394922746296, "N": 9515, "over_prob": 0.0, "under_prob": 0.12917795844625113, "over_counts": {"0": 4428}, "under_counts": {"0": 3856, "1": 452, "2": 82, "3": 22, "4": 9, "5": 4, "6": 2, "9": 1}, "avg_over_mag": 0.0, "avg_under_mag": 1.3269230769230769, "avg_over": 0.0, "avg_under": 1.3269230769230769}], [[0.8500000000000001, 0.9], {"acc": 0.8756435643564356, "nll": 0.38454554832674914, "mse": 0.1115937687611481, "N": 7575, "over_prob": 0.536592026215183, "under_prob": 0.0, "over_counts": {"0": 1697, "1": 1015, "2": 567, "3": 168, "4": 81, "5": 46, "6": 30, "8": 15, "7": 15, "9": 8, "10": 4, "11": 4, "12": 3, "16": 2, "13": 2, "15": 2, "14": 1, "18": 1, "29": 1}, "under_counts": {"0": 3662}, "avg_over_mag": 2.011704834605598, "avg_under_mag": 0.0, "avg_over": 2.011704834605598, "avg_under": 0.0}], [[0.9, 0.9500000000000001], {"acc": 0.9182150230268382, "nll": 0.28809864940425145, "mse": 0.0762633550440401, "N": 6297, "over_prob": 0.1095218635063343, "under_prob": 0.0, "over_counts": {"0": 2179, "1": 162, "2": 59, "3": 18, "4": 12, "5": 9, "6": 3, "7": 3, "13": 1, "9": 1}, "under_counts": {"0": 2447}, "avg_over_mag": 1.8208955223880596, "avg_under_mag": 0.0, "avg_over": 1.8208955223880596, "avg_under": 0.0}], [[0.9500000000000001, 1.0], {"acc": 0.9474885844748858, "nll": 0.20957289126570747, "mse": 0.05016010680519818, "N": 438, "over_prob": 0.0, "under_prob": 0.0, "over_counts": {"0": 222}, "under_counts": {"0": 222}, "avg_over_mag": 0.0, "avg_under_mag": 0.0, "avg_over": 0.0, "avg_under": 0.0}]]}