{"auc": 0.6567068782004108, "over_prob": 0.09005088377075521, "under_prob": 0.007833422603106599, "over_counts": {"0": 13591, "1": 612, "2": 295, "3": 169, "4": 81, "5": 51, "6": 38, "8": 25, "7": 21, "12": 10, "9": 9, "10": 8, "14": 7, "13": 7, "11": 5, "15": 3, "25": 1, "17": 1, "16": 1, "39": 1}, "under_counts": {"0": 14819, "1": 58, "2": 26, "4": 10, "3": 9, "5": 5, "6": 3, "13": 2, "12": 1, "24": 1, "7": 1, "14": 1}, "avg_over_mag": 2.62453531598513, "avg_under_mag": 2.58974358974359, "avg_over": 2.62453531598513, "avg_under": 2.58974358974359, "acc": 0.6174705971539345, "nll": 0.6456422486242116, "mse": 0.22791967663784085, "metrics_by_prob": [[[0.0, 0.05], {"acc": 0.9148639218422889, "nll": 0.2674792038556354, "mse": 0.07199913050407593, "N": 2866, "over_prob": 0.0, "under_prob": 0.0, "over_counts": {"0": 554}, "under_counts": {"0": 554}, "avg_over_mag": 0.0, "avg_under_mag": 0.0, "avg_over": 0.0, "avg_under": 0.0}], [[0.05, 0.1], {"acc": 0.8324873096446701, "nll": 0.4682302726926026, "mse": 0.1472201615277195, "N": 985, "over_prob": 0.0, "under_prob": 0.0, "over_counts": {"0": 400}, "under_counts": {"0": 400}, "avg_over_mag": 0.0, "avg_under_mag": 0.0, "avg_over": 0.0, "avg_under": 0.0}], [[0.1, 0.15000000000000002], {"acc": 0.7870060281312793, "nll": 0.5274469598143406, "mse": 0.17266478084730724, "N": 1493, "over_prob": 0.0, "under_prob": 0.0, "over_counts": {"0": 626}, "under_counts": {"0": 626}, "avg_over_mag": 0.0, "avg_under_mag": 0.0, "avg_over": 0.0, "avg_under": 0.0}], [[0.15000000000000002, 0.2], {"acc": 0.7096613545816733, "nll": 0.5971842713819832, "mse": 0.20374072074815405, "N": 2008, "over_prob": 0.0, "under_prob": 0.0, "over_counts": {"0": 925}, "under_counts": {"0": 925}, "avg_over_mag": 0.0, "avg_under_mag": 0.0, "avg_over": 0.0, "avg_under": 0.0}], [[0.2, 0.25], {"acc": 0.6454091432961967, "nll": 0.634048328035836, "mse": 0.2213177488192796, "N": 2603, "over_prob": 0.0, "under_prob": 0.0, "over_counts": {"0": 1366}, "under_counts": {"0": 1366}, "avg_over_mag": 0.0, "avg_under_mag": 0.0, "avg_over": 0.0, "avg_under": 0.0}], [[0.25, 0.30000000000000004], {"acc": 0.5767846430713858, "nll": 0.6782865807824144, "mse": 0.24215558307403265, "N": 3334, "over_prob": 0.0, "under_prob": 0.0, "over_counts": {"0": 1762}, "under_counts": {"0": 1762}, "avg_over_mag": 0.0, "avg_under_mag": 0.0, "avg_over": 0.0, "avg_under": 0.0}], [[0.30000000000000004, 0.35000000000000003], {"acc": 0.5366135366135366, "nll": 0.693739118401663, "mse": 0.24993343625423853, "N": 4329, "over_prob": 0.0, "under_prob": 0.0, "over_counts": {"0": 2262}, "under_counts": {"0": 2262}, "avg_over_mag": 0.0, "avg_under_mag": 0.0, "avg_over": 0.0, "avg_under": 0.0}], [[0.35000000000000003, 0.4], {"acc": 0.5051086754597808, "nll": 0.7077947047149373, "mse": 0.25668945843074487, "N": 5383, "over_prob": 0.0, "under_prob": 0.0, "over_counts": {"0": 2837}, "under_counts": {"0": 2837}, "avg_over_mag": 0.0, "avg_under_mag": 0.0, "avg_over": 0.0, "avg_under": 0.0}], [[0.4, 0.45], {"acc": 0.5053199691595991, "nll": 0.710155406038124, "mse": 0.2578758445010963, "N": 6485, "over_prob": 0.0, "under_prob": 0.0, "over_counts": {"0": 3351}, "under_counts": {"0": 3351}, "avg_over_mag": 0.0, "avg_under_mag": 0.0, "avg_over": 0.0, "avg_under": 0.0}], [[0.45, 0.5], {"acc": 0.4992063492063492, "nll": 0.7133761814569259, "mse": 0.2594737035645851, "N": 7560, "over_prob": 0.0, "under_prob": 0.0, "over_counts": {"0": 3842}, "under_counts": {"0": 3842}, "avg_over_mag": 0.0, "avg_under_mag": 0.0, "avg_over": 0.0, "avg_under": 0.0}], [[0.5, 0.55], {"acc": 0.5169163847269213, "nll": 0.710505926672775, "mse": 0.2579475787335222, "N": 8276, "over_prob": 0.0, "under_prob": 0.0, "over_counts": {"0": 4193}, "under_counts": {"0": 4193}, "avg_over_mag": 0.0, "avg_under_mag": 0.0, "avg_over": 0.0, "avg_under": 0.0}], [[0.55, 0.6000000000000001], {"acc": 0.5423550087873462, "nll": 0.7003381156046267, "mse": 0.25297499824269554, "N": 8535, "over_prob": 0.0, "under_prob": 0.00047192071731949614, "over_counts": {"0": 4238}, "under_counts": {"0": 4236, "1": 2}, "avg_over_mag": 0.0, "avg_under_mag": 1.0, "avg_over": 0.0, "avg_under": 1.0}], [[0.6000000000000001, 0.65], {"acc": 0.5761484498755375, "nll": 0.6846527619088528, "mse": 0.24536183855910246, "N": 8838, "over_prob": 0.0, "under_prob": 0.0018445930366612906, "over_counts": {"0": 4337}, "under_counts": {"0": 4329, "1": 8}, "avg_over_mag": 0.0, "avg_under_mag": 1.0, "avg_over": 0.0, "avg_under": 1.0}], [[0.65, 0.7000000000000001], {"acc": 0.6316782639462201, "nll": 0.6620316509131693, "mse": 0.23432127529537308, "N": 8479, "over_prob": 0.0, "under_prob": 0.0031972454500738268, "over_counts": {"0": 4066}, "under_counts": {"0": 4053, "1": 9, "3": 3, "2": 1}, "avg_over_mag": 0.0, "avg_under_mag": 1.5384615384615385, "avg_over": 0.0, "avg_under": 1.5384615384615385}], [[0.7000000000000001, 0.75], {"acc": 0.6720174125969256, "nll": 0.6370867600809375, "mse": 0.22238990344737164, "N": 7351, "over_prob": 0.0, "under_prob": 0.005356639413588993, "over_counts": {"0": 3547}, "under_counts": {"0": 3528, "1": 12, "2": 5, "6": 1, "5": 1}, "avg_over_mag": 0.0, "avg_under_mag": 1.736842105263158, "avg_over": 0.0, "avg_under": 1.736842105263158}], [[0.75, 0.8], {"acc": 0.7445217391304347, "nll": 0.5897710205266019, "mse": 0.19993854926490628, "N": 5750, "over_prob": 0.0, "under_prob": 0.014871236851650371, "over_counts": {"0": 2757}, "under_counts": {"0": 2716, "1": 23, "2": 10, "3": 4, "4": 2, "5": 2}, "avg_over_mag": 0.0, "avg_under_mag": 1.7804878048780488, "avg_over": 0.0, "avg_under": 1.7804878048780488}], [[0.8, 0.8500000000000001], {"acc": 0.7905061758294987, "nll": 0.5539751579735398, "mse": 0.18343602596485228, "N": 4129, "over_prob": 0.0, "under_prob": 0.045522761380690335, "over_counts": {"0": 1999}, "under_counts": {"0": 1908, "1": 55, "2": 22, "3": 5, "4": 4, "6": 2, "10": 2, "5": 1}, "avg_over_mag": 0.0, "avg_under_mag": 1.835164835164835, "avg_over": 0.0, "avg_under": 1.835164835164835}], [[0.8500000000000001, 0.9], {"acc": 0.8522072936660269, "nll": 0.48260342108740384, "mse": 0.15217887887826154, "N": 2605, "over_prob": 0.9462809917355371, "under_prob": 0.0, "over_counts": {"1": 622, "2": 242, "3": 126, "0": 65, "4": 58, "5": 33, "6": 24, "8": 11, "7": 11, "9": 5, "11": 3, "10": 3, "13": 2, "15": 2, "12": 1, "20": 1, "16": 1}, "under_counts": {"0": 1210}, "avg_over_mag": 2.097816593886463, "avg_under_mag": 0.0, "avg_over": 2.097816593886463, "avg_under": 0.0}], [[0.9, 0.9500000000000001], {"acc": 0.9092575618698442, "nll": 0.41732419875226845, "mse": 0.12408338236995128, "N": 1091, "over_prob": 0.9117647058823529, "under_prob": 0.0, "over_counts": {"1": 286, "2": 105, "3": 50, "0": 48, "4": 30, "5": 9, "6": 7, "7": 5, "8": 2, "10": 1, "23": 1}, "under_counts": {"0": 544}, "avg_over_mag": 1.8891129032258065, "avg_under_mag": 0.0, "avg_over": 1.8891129032258065, "avg_under": 0.0}], [[0.9500000000000001, 1.0], {"acc": 0.9495798319327731, "nll": 0.3495812872005196, "mse": 0.09833970943489515, "N": 238, "over_prob": 0.8188405797101449, "under_prob": 0.0, "over_counts": {"1": 68, "2": 29, "0": 25, "3": 8, "4": 3, "5": 3, "6": 1, "8": 1}, "under_counts": {"0": 138}, "avg_over_mag": 1.6902654867256637, "avg_under_mag": 0.0, "avg_over": 1.6902654867256637, "avg_under": 0.0}]]}