{"over_prob": 0.004521963824289377, "under_prob": 0.07028423772609815, "over_counts": {"0": 15410, "1": 32, "2": 19, "3": 6, "5": 5, "4": 2, "6": 2, "7": 2, "9": 1, "12": 1}, "under_counts": {"0": 14392, "1": 710, "2": 196, "3": 77, "4": 45, "5": 23, "6": 13, "7": 10, "8": 6, "9": 3, "11": 2, "10": 2, "14": 1}, "avg_over_mag": 2.4, "avg_under_mag": 1.7527573529411764, "avg_over": 2.4, "avg_under": 1.7527573529411764, "acc": 0.5918744996933185, "auc": 0.6191399056424438, "nll": 0.6718877252688463, "mse": 0.23887012079760506, "metrics_by_prob": [[[0.0, 0.05], {"acc": 0.9230769230769231, "nll": 0.31318021446777744, "mse": 0.07741532129784454, "N": 26, "over_prob": 0.0, "under_prob": 0.0, "over_counts": {"0": 7}, "under_counts": {"0": 7}, "avg_over_mag": 0.0, "avg_under_mag": 0.0, "avg_over": 0.0, "avg_under": 0.0}], [[0.05, 0.1], {"acc": 0.9772727272727273, "nll": 0.15481062463475048, "mse": 0.03029814713596538, "N": 44, "over_prob": 0.0, "under_prob": 0.0, "over_counts": {"0": 10}, "under_counts": {"0": 10}, "avg_over_mag": 0.0, "avg_under_mag": 0.0, "avg_over": 0.0, "avg_under": 0.0}], [[0.1, 0.15000000000000002], {"acc": 0.8496042216358839, "nll": 0.4260217682511816, "mse": 0.12935783685217492, "N": 379, "over_prob": 0.0, "under_prob": 0.0, "over_counts": {"0": 59}, "under_counts": {"0": 59}, "avg_over_mag": 0.0, "avg_under_mag": 0.0, "avg_over": 0.0, "avg_under": 0.0}], [[0.15000000000000002, 0.2], {"acc": 0.8449612403100775, "nll": 0.4517205222627295, "mse": 0.13781532413546418, "N": 258, "over_prob": 0.0, "under_prob": 0.0, "over_counts": {"0": 106}, "under_counts": {"0": 106}, "avg_over_mag": 0.0, "avg_under_mag": 0.0, "avg_over": 0.0, "avg_under": 0.0}], [[0.2, 0.25], {"acc": 0.7684824902723736, "nll": 0.553333258055662, "mse": 0.1830001135196711, "N": 514, "over_prob": 0.0, "under_prob": 0.0, "over_counts": {"0": 178}, "under_counts": {"0": 178}, "avg_over_mag": 0.0, "avg_under_mag": 0.0, "avg_over": 0.0, "avg_under": 0.0}], [[0.25, 0.30000000000000004], {"acc": 0.7189490445859873, "nll": 0.5979944964922796, "mse": 0.20372276861615146, "N": 2512, "over_prob": 0.0, "under_prob": 0.0, "over_counts": {"0": 514}, "under_counts": {"0": 514}, "avg_over_mag": 0.0, "avg_under_mag": 0.0, "avg_over": 0.0, "avg_under": 0.0}], [[0.30000000000000004, 0.35000000000000003], {"acc": 0.6633376288659794, "nll": 0.6467808105718621, "mse": 0.22666647944045645, "N": 3104, "over_prob": 0.0, "under_prob": 0.0, "over_counts": {"0": 1089}, "under_counts": {"0": 1089}, "avg_over_mag": 0.0, "avg_under_mag": 0.0, "avg_over": 0.0, "avg_under": 0.0}], [[0.35000000000000003, 0.4], {"acc": 0.5967032967032967, "nll": 0.6826388643708061, "mse": 0.24417349769596272, "N": 5460, "over_prob": 0.0, "under_prob": 0.0004948045522018552, "over_counts": {"0": 2021}, "under_counts": {"0": 2020, "1": 1}, "avg_over_mag": 0.0, "avg_under_mag": 1.0, "avg_over": 0.0, "avg_under": 1.0}], [[0.4, 0.45], {"acc": 0.5592381894632699, "nll": 0.6903786322036158, "mse": 0.2482081293232655, "N": 8086, "over_prob": 0.0, "under_prob": 0.0011937922801432688, "over_counts": {"0": 2513}, "under_counts": {"0": 2510, "1": 3}, "avg_over_mag": 0.0, "avg_under_mag": 1.0, "avg_over": 0.0, "avg_under": 1.0}], [[0.45, 0.5], {"acc": 0.5029425429766146, "nll": 0.7014929076634349, "mse": 0.2538409620943297, "N": 12914, "over_prob": 0.0, "under_prob": 0.0014116318464144628, "over_counts": {"0": 3542}, "under_counts": {"0": 3537, "1": 4, "2": 1}, "avg_over_mag": 0.0, "avg_under_mag": 1.2, "avg_over": 0.0, "avg_under": 1.2}], [[0.5, 0.55], {"acc": 0.5184990048003747, "nll": 0.7012858266330193, "mse": 0.25362597352735344, "N": 17082, "over_prob": 0.0, "under_prob": 0.006684103458296953, "over_counts": {"0": 3441}, "under_counts": {"0": 3418, "1": 23}, "avg_over_mag": 0.0, "avg_under_mag": 1.0, "avg_over": 0.0, "avg_under": 1.0}], [[0.55, 0.6000000000000001], {"acc": 0.5620665334430469, "nll": 0.6942891596154013, "mse": 0.2497474249850202, "N": 17014, "over_prob": 0.0, "under_prob": 0.018589743589743635, "over_counts": {"0": 3120}, "under_counts": {"0": 3062, "1": 51, "2": 7}, "avg_over_mag": 0.0, "avg_under_mag": 1.1206896551724137, "avg_over": 0.0, "avg_under": 1.1206896551724137}], [[0.6000000000000001, 0.65], {"acc": 0.6140956987389877, "nll": 0.6785590993892118, "mse": 0.2413874212509753, "N": 11578, "over_prob": 0.0, "under_prob": 0.0527939664038396, "over_counts": {"0": 2917}, "under_counts": {"0": 2763, "1": 133, "2": 18, "4": 2, "3": 1}, "avg_over_mag": 0.0, "avg_under_mag": 1.1688311688311688, "avg_over": 0.0, "avg_under": 1.1688311688311688}], [[0.65, 0.7000000000000001], {"acc": 0.6620329039663309, "nll": 0.657233089561937, "mse": 0.22995920383941973, "N": 7841, "over_prob": 0.0, "under_prob": 0.10794207985958759, "over_counts": {"0": 2279}, "under_counts": {"0": 2033, "1": 207, "2": 27, "3": 8, "6": 2, "7": 1, "4": 1}, "avg_over_mag": 0.0, "avg_under_mag": 1.2520325203252032, "avg_over": 0.0, "avg_under": 1.2520325203252032}], [[0.7000000000000001, 0.75], {"acc": 0.7283091787439614, "nll": 0.5983706168821228, "mse": 0.20219587289233543, "N": 5175, "over_prob": 0.0, "under_prob": 0.19753086419753085, "over_counts": {"0": 1458}, "under_counts": {"0": 1170, "1": 206, "2": 49, "3": 21, "4": 7, "5": 3, "6": 1, "9": 1}, "avg_over_mag": 0.0, "avg_under_mag": 1.4756944444444444, "avg_over": 0.0, "avg_under": 1.4756944444444444}], [[0.75, 0.8], {"acc": 0.761535870663523, "nll": 0.5741434397400829, "mse": 0.18930021981552145, "N": 2969, "over_prob": 0.0, "under_prob": 0.38017565872020076, "over_counts": {"0": 797}, "under_counts": {"0": 494, "1": 161, "2": 67, "3": 33, "4": 21, "5": 7, "7": 5, "6": 4, "8": 3, "9": 1, "10": 1}, "avg_over_mag": 0.0, "avg_under_mag": 2.0297029702970297, "avg_over": 0.0, "avg_under": 2.0297029702970297}], [[0.8, 0.8500000000000001], {"acc": 0.8224513172966781, "nll": 0.5001644610764162, "mse": 0.15592644609987377, "N": 873, "over_prob": 0.0, "under_prob": 0.46945337620578775, "over_counts": {"0": 311}, "under_counts": {"0": 165, "1": 77, "2": 37, "4": 13, "3": 13, "5": 2, "6": 2, "7": 1, "10": 1}, "avg_over_mag": 0.0, "avg_under_mag": 1.9246575342465753, "avg_over": 0.0, "avg_under": 1.9246575342465753}], [[0.8500000000000001, 0.9], {"acc": 0.8601694915254238, "nll": 0.4179694628347731, "mse": 0.1246630189708842, "N": 236, "over_prob": 0.8518518518518519, "under_prob": 0.0, "over_counts": {"1": 36, "2": 17, "0": 12, "3": 6, "5": 4, "4": 2, "9": 1, "12": 1, "7": 1, "6": 1}, "under_counts": {"0": 81}, "avg_over_mag": 2.1739130434782608, "avg_under_mag": 0.0, "avg_over": 2.1739130434782608, "avg_under": 0.0}], [[0.9, 0.9500000000000001], {"acc": 0.9431818181818182, "nll": 0.31416679397251124, "mse": 0.07007266812672669, "N": 88, "over_prob": 0.30000000000000004, "under_prob": 0.0, "over_counts": {"0": 14, "1": 3, "4": 1, "6": 1, "5": 1}, "under_counts": {"0": 20}, "avg_over_mag": 3.0, "avg_under_mag": 0.0, "avg_over": 3.0, "avg_under": 0.0}], [[0.9500000000000001, 1.0], {"acc": 0.9473684210526315, "nll": 0.207008623549779, "mse": 0.049952092237035395, "N": 38, "over_prob": 0.0, "under_prob": 0.0, "over_counts": {"0": 4}, "under_counts": {"0": 4}, "avg_over_mag": 0.0, "avg_under_mag": 0.0, "avg_over": 0.0, "avg_under": 0.0}]]}