{"auc": 0.6688628263092945, "over_prob": 0.4035317200784827, "under_prob": 0.05515587529976018, "over_counts": {"0": 2736, "1": 792, "2": 321, "3": 173, "4": 151, "5": 108, "6": 86, "7": 53, "8": 38, "9": 32, "10": 18, "11": 15, "13": 9, "12": 7, "15": 6, "27": 5, "28": 4, "18": 4, "14": 4, "16": 3, "19": 3, "17": 3, "22": 3, "33": 2, "23": 2, "21": 1, "26": 1, "34": 1, "29": 1, "46": 1, "56": 1, "36": 1, "37": 1, "44": 1}, "under_counts": {"0": 4334, "1": 160, "2": 52, "3": 20, "5": 8, "4": 7, "6": 4, "8": 1, "7": 1}, "avg_over_mag": 3.37655321447866, "avg_under_mag": 1.7035573122529644, "avg_over": 3.37655321447866, "avg_under": 1.7035573122529644, "acc": 0.6854645784823451, "nll": 0.5950668121261632, "mse": 0.20411948157177498, "metrics_by_prob": [[[0.0, 0.05], {"acc": 0.8095238095238095, "nll": 0.4528864699017481, "mse": 0.1431910957395525, "N": 189, "over_prob": 0.0, "under_prob": 0.0, "over_counts": {"0": 60}, "under_counts": {"0": 60}, "avg_over_mag": 0.0, "avg_under_mag": 0.0, "avg_over": 0.0, "avg_under": 0.0}], [[0.05, 0.1], {"acc": 0.6584507042253521, "nll": 0.6244229409500962, "mse": 0.21694883195590545, "N": 284, "over_prob": 0.0, "under_prob": 0.0, "over_counts": {"0": 129}, "under_counts": {"0": 129}, "avg_over_mag": 0.0, "avg_under_mag": 0.0, "avg_over": 0.0, "avg_under": 0.0}], [[0.1, 0.15000000000000002], {"acc": 0.5752688172043011, "nll": 0.6824189055074097, "mse": 0.24495600721410452, "N": 372, "over_prob": 0.0, "under_prob": 0.0, "over_counts": {"0": 201}, "under_counts": {"0": 201}, "avg_over_mag": 0.0, "avg_under_mag": 0.0, "avg_over": 0.0, "avg_under": 0.0}], [[0.15000000000000002, 0.2], {"acc": 0.5158562367864693, "nll": 0.7134700849695884, "mse": 0.25888317806102806, "N": 473, "over_prob": 0.0, "under_prob": 0.0, "over_counts": {"0": 295}, "under_counts": {"0": 295}, "avg_over_mag": 0.0, "avg_under_mag": 0.0, "avg_over": 0.0, "avg_under": 0.0}], [[0.2, 0.25], {"acc": 0.4809917355371901, "nll": 0.746512357680241, "mse": 0.27425770489574447, "N": 605, "over_prob": 0.0, "under_prob": 0.0, "over_counts": {"0": 359}, "under_counts": {"0": 359}, "avg_over_mag": 0.0, "avg_under_mag": 0.0, "avg_over": 0.0, "avg_under": 0.0}], [[0.25, 0.30000000000000004], {"acc": 0.47, "nll": 0.763478173774613, "mse": 0.2816774292294433, "N": 700, "over_prob": 0.0, "under_prob": 0.004424778761061954, "over_counts": {"0": 452}, "under_counts": {"0": 450, "1": 2}, "avg_over_mag": 0.0, "avg_under_mag": 1.0, "avg_over": 0.0, "avg_under": 1.0}], [[0.30000000000000004, 0.35000000000000003], {"acc": 0.4268142681426814, "nll": 0.7820975054125437, "mse": 0.29075436585841063, "N": 813, "over_prob": 0.0, "under_prob": 0.0019342359767892114, "over_counts": {"0": 517}, "under_counts": {"0": 516, "1": 1}, "avg_over_mag": 0.0, "avg_under_mag": 1.0, "avg_over": 0.0, "avg_under": 1.0}], [[0.35000000000000003, 0.4], {"acc": 0.43198338525441327, "nll": 0.7757638639717449, "mse": 0.28862052018086914, "N": 963, "over_prob": 0.0, "under_prob": 0.003289473684210509, "over_counts": {"0": 608}, "under_counts": {"0": 606, "1": 2}, "avg_over_mag": 0.0, "avg_under_mag": 1.0, "avg_over": 0.0, "avg_under": 1.0}], [[0.4, 0.45], {"acc": 0.4729241877256318, "nll": 0.7573162032727826, "mse": 0.27916764429070845, "N": 1108, "over_prob": 0.0, "under_prob": 0.007204610951008661, "over_counts": {"0": 694}, "under_counts": {"0": 689, "1": 5}, "avg_over_mag": 0.0, "avg_under_mag": 1.0, "avg_over": 0.0, "avg_under": 1.0}], [[0.45, 0.5], {"acc": 0.45943952802359883, "nll": 0.7689818678283474, "mse": 0.2843303558061577, "N": 1356, "over_prob": 0.0, "under_prob": 0.007290400972053468, "over_counts": {"0": 823}, "under_counts": {"0": 817, "1": 5, "2": 1}, "avg_over_mag": 0.0, "avg_under_mag": 1.1666666666666667, "avg_over": 0.0, "avg_under": 1.1666666666666667}], [[0.5, 0.55], {"acc": 0.5057627118644068, "nll": 0.744636960379351, "mse": 0.2724472370107255, "N": 1475, "over_prob": 0.0, "under_prob": 0.009793253536452662, "over_counts": {"0": 919}, "under_counts": {"0": 910, "1": 9}, "avg_over_mag": 0.0, "avg_under_mag": 1.0, "avg_over": 0.0, "avg_under": 1.0}], [[0.55, 0.6000000000000001], {"acc": 0.5353982300884956, "nll": 0.7353307446569906, "mse": 0.26792019582808785, "N": 1808, "over_prob": 0.0, "under_prob": 0.006445672191528584, "over_counts": {"0": 1086}, "under_counts": {"0": 1079, "1": 7}, "avg_over_mag": 0.0, "avg_under_mag": 1.0, "avg_over": 0.0, "avg_under": 1.0}], [[0.6000000000000001, 0.65], {"acc": 0.6000983767830792, "nll": 0.6850887220012067, "mse": 0.24435311893622863, "N": 2033, "over_prob": 0.0, "under_prob": 0.010979729729729715, "over_counts": {"0": 1184}, "under_counts": {"0": 1171, "1": 12, "2": 1}, "avg_over_mag": 0.0, "avg_under_mag": 1.0769230769230769, "avg_over": 0.0, "avg_under": 1.0769230769230769}], [[0.65, 0.7000000000000001], {"acc": 0.6452814569536424, "nll": 0.6522873867658873, "mse": 0.2288533195044539, "N": 2416, "over_prob": 0.0, "under_prob": 0.017113095238095233, "over_counts": {"0": 1344}, "under_counts": {"0": 1321, "1": 23}, "avg_over_mag": 0.0, "avg_under_mag": 1.0, "avg_over": 0.0, "avg_under": 1.0}], [[0.7000000000000001, 0.75], {"acc": 0.6918396564065855, "nll": 0.6224717231051077, "mse": 0.21458312569417318, "N": 2794, "over_prob": 0.0, "under_prob": 0.04353562005277045, "over_counts": {"0": 1516}, "under_counts": {"0": 1450, "1": 59, "2": 7}, "avg_over_mag": 0.0, "avg_under_mag": 1.106060606060606, "avg_over": 0.0, "avg_under": 1.106060606060606}], [[0.75, 0.8], {"acc": 0.7409378117725307, "nll": 0.582490677413837, "mse": 0.1958698587770529, "N": 3007, "over_prob": 0.0, "under_prob": 0.0496894409937888, "over_counts": {"0": 1610}, "under_counts": {"0": 1530, "1": 66, "2": 14}, "avg_over_mag": 0.0, "avg_under_mag": 1.175, "avg_over": 0.0, "avg_under": 1.175}], [[0.8, 0.8500000000000001], {"acc": 0.8002985074626866, "nll": 0.5154574550636246, "mse": 0.1660874398456005, "N": 3350, "over_prob": 0.0, "under_prob": 0.0809879379666858, "over_counts": {"0": 1741}, "under_counts": {"0": 1600, "1": 104, "2": 26, "3": 6, "4": 5}, "avg_over_mag": 0.0, "avg_under_mag": 1.375886524822695, "avg_over": 0.0, "avg_under": 1.375886524822695}], [[0.8500000000000001, 0.9], {"acc": 0.8631968145620023, "nll": 0.44755199986428323, "mse": 0.13604674163091618, "N": 3516, "over_prob": 0.8927710843373494, "under_prob": 0.0, "over_counts": {"1": 793, "2": 317, "0": 178, "3": 169, "4": 77, "5": 47, "6": 30, "7": 12, "8": 11, "10": 9, "9": 7, "12": 3, "13": 2, "16": 2, "15": 1, "11": 1, "21": 1}, "under_counts": {"0": 1660}, "avg_over_mag": 2.1072874493927127, "avg_under_mag": 0.0, "avg_over": 2.1072874493927127, "avg_under": 0.0}], [[0.9, 0.9500000000000001], {"acc": 0.9172238140719516, "nll": 0.3560571392235119, "mse": 0.09813677766384016, "N": 3141, "over_prob": 0.812933025404157, "under_prob": 0.0, "over_counts": {"1": 527, "0": 243, "2": 209, "3": 127, "4": 85, "5": 36, "6": 22, "7": 14, "9": 8, "8": 8, "10": 3, "12": 3, "16": 3, "13": 2, "11": 2, "23": 2, "20": 1, "18": 1, "24": 1, "28": 1, "14": 1}, "under_counts": {"0": 1299}, "avg_over_mag": 2.390151515151515, "avg_under_mag": 0.0, "avg_over": 2.390151515151515, "avg_under": 0.0}], [[0.9500000000000001, 1.0], {"acc": 0.9609704641350211, "nll": 0.25826477443138673, "mse": 0.06050370805240157, "N": 948, "over_prob": 0.5820224719101124, "under_prob": 0.0, "over_counts": {"0": 186, "1": 177, "2": 32, "3": 21, "4": 6, "19": 3, "17": 3, "6": 3, "9": 3, "7": 2, "13": 2, "12": 2, "14": 1, "18": 1, "5": 1, "11": 1, "10": 1}, "under_counts": {"0": 445}, "avg_over_mag": 2.328185328185328, "avg_under_mag": 0.0, "avg_over": 2.328185328185328, "avg_under": 0.0}]]}