{"over_prob": 0.3662869772186331, "under_prob": 0.017681060863651843, "over_counts": {"0": 7455, "3": 1138, "1": 1095, "2": 840, "4": 294, "5": 235, "6": 232, "7": 116, "8": 86, "9": 60, "10": 51, "12": 31, "11": 24, "13": 19, "15": 12, "14": 12, "16": 9, "17": 7, "18": 6, "21": 6, "20": 5, "23": 5, "19": 4, "22": 3, "31": 2, "51": 2, "41": 2, "27": 2, "25": 2, "30": 1, "24": 1, "66": 1, "46": 1, "39": 1, "49": 1, "62": 1, "34": 1, "43": 1}, "under_counts": {"0": 11556, "1": 177, "2": 26, "3": 2, "4": 2, "7": 1}, "avg_over_mag": 3.553028544906011, "avg_under_mag": 1.2019230769230769, "avg_over": 3.553028544906011, "avg_under": 1.2019230769230769, "acc": 0.7560031443276033, "auc": 0.6991004913752269, "nll": 0.5268888756605965, "mse": 0.17373249084421025, "metrics_by_prob": [[[0.0, 0.05], {"acc": 0.9433962264150944, "nll": 0.21795891885306354, "mse": 0.053831835443070936, "N": 106, "over_prob": 0.0, "under_prob": 0.0, "over_counts": {"0": 21}, "under_counts": {"0": 21}, "avg_over_mag": 0.0, "avg_under_mag": 0.0, "avg_over": 0.0, "avg_under": 0.0}], [[0.05, 0.1], {"acc": 0.9358974358974359, "nll": 0.2553761340207589, "mse": 0.06400033079580693, "N": 234, "over_prob": 0.0, "under_prob": 0.0, "over_counts": {"0": 59}, "under_counts": {"0": 59}, "avg_over_mag": 0.0, "avg_under_mag": 0.0, "avg_over": 0.0, "avg_under": 0.0}], [[0.1, 0.15000000000000002], {"acc": 0.8940092165898618, "nll": 0.3795996396720652, "mse": 0.1056653886885982, "N": 217, "over_prob": 0.0, "under_prob": 0.0, "over_counts": {"0": 100}, "under_counts": {"0": 100}, "avg_over_mag": 0.0, "avg_under_mag": 0.0, "avg_over": 0.0, "avg_under": 0.0}], [[0.15000000000000002, 0.2], {"acc": 0.7978339350180506, "nll": 0.5127954901382088, "mse": 0.1613578844434707, "N": 277, "over_prob": 0.0, "under_prob": 0.0, "over_counts": {"0": 151}, "under_counts": {"0": 151}, "avg_over_mag": 0.0, "avg_under_mag": 0.0, "avg_over": 0.0, "avg_under": 0.0}], [[0.2, 0.25], {"acc": 0.7182741116751269, "nll": 0.555486150641775, "mse": 0.18592444537906638, "N": 394, "over_prob": 0.0, "under_prob": 0.0, "over_counts": {"0": 229}, "under_counts": {"0": 229}, "avg_over_mag": 0.0, "avg_under_mag": 0.0, "avg_over": 0.0, "avg_under": 0.0}], [[0.25, 0.30000000000000004], {"acc": 0.5691382765531062, "nll": 0.6913300811257527, "mse": 0.24519354927807024, "N": 499, "over_prob": 0.0, "under_prob": 0.0, "over_counts": {"0": 325}, "under_counts": {"0": 325}, "avg_over_mag": 0.0, "avg_under_mag": 0.0, "avg_over": 0.0, "avg_under": 0.0}], [[0.30000000000000004, 0.35000000000000003], {"acc": 0.518467852257182, "nll": 0.7059886849838719, "mse": 0.25618688096400405, "N": 731, "over_prob": 0.0, "under_prob": 0.0, "over_counts": {"0": 496}, "under_counts": {"0": 496}, "avg_over_mag": 0.0, "avg_under_mag": 0.0, "avg_over": 0.0, "avg_under": 0.0}], [[0.35000000000000003, 0.4], {"acc": 0.46785714285714286, "nll": 0.76395868043194, "mse": 0.2804297725791888, "N": 840, "over_prob": 0.0, "under_prob": 0.0, "over_counts": {"0": 567}, "under_counts": {"0": 567}, "avg_over_mag": 0.0, "avg_under_mag": 0.0, "avg_over": 0.0, "avg_under": 0.0}], [[0.4, 0.45], {"acc": 0.4776511831726556, "nll": 0.7507978436833547, "mse": 0.27615481733159714, "N": 1141, "over_prob": 0.0, "under_prob": 0.0, "over_counts": {"0": 812}, "under_counts": {"0": 812}, "avg_over_mag": 0.0, "avg_under_mag": 0.0, "avg_over": 0.0, "avg_under": 0.0}], [[0.45, 0.5], {"acc": 0.4742744063324538, "nll": 0.7458489598988248, "mse": 0.2743187387620373, "N": 1516, "over_prob": 0.0, "under_prob": 0.0, "over_counts": {"0": 1117}, "under_counts": {"0": 1117}, "avg_over_mag": 0.0, "avg_under_mag": 0.0, "avg_over": 0.0, "avg_under": 0.0}], [[0.5, 0.55], {"acc": 0.516575952498763, "nll": 0.7372938999436115, "mse": 0.2699513844504846, "N": 2021, "over_prob": 0.0, "under_prob": 0.0, "over_counts": {"0": 1404}, "under_counts": {"0": 1404}, "avg_over_mag": 0.0, "avg_under_mag": 0.0, "avg_over": 0.0, "avg_under": 0.0}], [[0.55, 0.6000000000000001], {"acc": 0.5606650159179342, "nll": 0.7227736590221647, "mse": 0.2623341109899606, "N": 2827, "over_prob": 0.0, "under_prob": 0.0, "over_counts": {"0": 2019}, "under_counts": {"0": 2019}, "avg_over_mag": 0.0, "avg_under_mag": 0.0, "avg_over": 0.0, "avg_under": 0.0}], [[0.6000000000000001, 0.65], {"acc": 0.6182399213372665, "nll": 0.6891522675778866, "mse": 0.24616567649054058, "N": 4068, "over_prob": 0.0, "under_prob": 0.0007421150278292821, "over_counts": {"0": 2695}, "under_counts": {"0": 2693, "1": 2}, "avg_over_mag": 0.0, "avg_under_mag": 1.0, "avg_over": 0.0, "avg_under": 1.0}], [[0.65, 0.7000000000000001], {"acc": 0.6748391584072335, "nll": 0.6398208231759717, "mse": 0.22300232197205228, "N": 5751, "over_prob": 0.0, "under_prob": 0.0, "over_counts": {"0": 3563}, "under_counts": {"0": 3563}, "avg_over_mag": 0.0, "avg_under_mag": 0.0, "avg_over": 0.0, "avg_under": 0.0}], [[0.7000000000000001, 0.75], {"acc": 0.7218440224531232, "nll": 0.5946690121183379, "mse": 0.20210263083886448, "N": 8373, "over_prob": 0.0, "under_prob": 0.0017773828038213368, "over_counts": {"0": 4501}, "under_counts": {"0": 4493, "1": 8}, "avg_over_mag": 0.0, "avg_under_mag": 1.0, "avg_over": 0.0, "avg_under": 1.0}], [[0.75, 0.8], {"acc": 0.7717687418020381, "nll": 0.538811466227834, "mse": 0.17682396826382504, "N": 9911, "over_prob": 0.0, "under_prob": 0.0057022175290391, "over_counts": {"0": 4735}, "under_counts": {"0": 4708, "1": 26, "4": 1}, "avg_over_mag": 0.0, "avg_under_mag": 1.1111111111111112, "avg_over": 0.0, "avg_under": 1.1111111111111112}], [[0.8, 0.8500000000000001], {"acc": 0.8224603424729489, "nll": 0.47614040335022145, "mse": 0.14897503092547865, "N": 9519, "over_prob": 0.0, "under_prob": 0.04454976303317537, "over_counts": {"0": 4220}, "under_counts": {"0": 4032, "1": 170, "2": 15, "3": 2, "4": 1}, "avg_over_mag": 0.0, "avg_under_mag": 1.1170212765957446, "avg_over": 0.0, "avg_under": 1.1170212765957446}], [[0.8500000000000001, 0.9], {"acc": 0.8755417956656347, "nll": 0.3952916952082202, "mse": 0.11490728993419194, "N": 9690, "over_prob": 0.9233605478008955, "under_prob": 0.0, "over_counts": {"1": 1643, "2": 806, "3": 418, "0": 291, "4": 181, "5": 138, "6": 99, "7": 56, "8": 46, "9": 31, "10": 22, "11": 14, "12": 10, "15": 7, "14": 6, "19": 4, "13": 4, "16": 4, "17": 3, "18": 2, "23": 2, "21": 2, "27": 2, "20": 1, "28": 1, "31": 1, "41": 1, "22": 1, "25": 1}, "under_counts": {"0": 3797}, "avg_over_mag": 2.517683970336566, "avg_under_mag": 0.0, "avg_over": 2.517683970336566, "avg_under": 0.0}], [[0.9, 0.9500000000000001], {"acc": 0.9193820902727492, "nll": 0.3140540198629324, "mse": 0.08257007219142919, "N": 8286, "over_prob": 0.7968630451415455, "under_prob": 0.0, "over_counts": {"1": 648, "2": 545, "0": 531, "3": 461, "4": 117, "5": 88, "6": 79, "7": 42, "8": 21, "11": 14, "9": 14, "10": 12, "12": 8, "13": 5, "15": 4, "14": 4, "19": 3, "34": 2, "17": 2, "31": 2, "18": 2, "24": 1, "16": 1, "46": 1, "48": 1, "22": 1, "29": 1, "23": 1, "32": 1, "28": 1, "21": 1}, "under_counts": {"0": 2614}, "avg_over_mag": 2.9707153144503122, "avg_under_mag": 0.0, "avg_over": 2.9707153144503122, "avg_under": 0.0}], [[0.9500000000000001, 1.0], {"acc": 0.9647749510763209, "nll": 0.20291398633159685, "mse": 0.04339707335251194, "N": 1022, "over_prob": 0.3390804597701149, "under_prob": 0.0, "over_counts": {"0": 230, "1": 57, "2": 19, "3": 18, "4": 11, "6": 4, "5": 4, "7": 4, "30": 1}, "under_counts": {"0": 348}, "avg_over_mag": 2.5, "avg_under_mag": 0.0, "avg_over": 2.5, "avg_under": 0.0}]]}