{"auc": 0.6193156281530227, "over_prob": 0.10852437489741207, "under_prob": 0.23097335448924883, "over_counts": {"0": 32587, "1": 2108, "2": 885, "3": 353, "4": 216, "5": 103, "6": 77, "7": 39, "8": 37, "9": 33, "10": 19, "11": 18, "12": 10, "13": 10, "17": 8, "15": 7, "16": 5, "24": 5, "14": 4, "19": 4, "29": 3, "22": 3, "23": 3, "25": 3, "21": 2, "20": 2, "35": 2, "18": 2, "26": 1, "28": 1, "31": 1, "47": 1, "32": 1, "30": 1}, "under_counts": {"0": 28111, "1": 4546, "2": 1657, "3": 714, "4": 427, "5": 277, "6": 192, "7": 127, "9": 85, "8": 75, "10": 60, "11": 58, "13": 41, "12": 32, "14": 30, "16": 20, "15": 14, "19": 13, "17": 13, "20": 9, "21": 6, "25": 6, "18": 5, "22": 4, "38": 4, "23": 3, "26": 2, "28": 2, "57": 2, "48": 2, "34": 2, "41": 1, "39": 1, "31": 1, "36": 1, "59": 1, "58": 1, "62": 1, "32": 1, "24": 1, "66": 1, "45": 1, "52": 1, "37": 1, "40": 1, "55": 1}, "avg_over_mag": 2.403327451474666, "avg_under_mag": 2.6047613407556556, "avg_over": 2.403327451474666, "avg_under": 2.6047613407556556, "acc": 0.7877635567785782, "nll": 0.5024620030077296, "mse": 0.1620948184729576, "metrics_by_prob": [[[0.0, 0.05], {"acc": NaN, "nll": NaN, "mse": NaN, "N": 0}], [[0.05, 0.1], {"acc": 0.8, "nll": 0.5227880758542433, "mse": 0.16564134660493413, "N": 5, "over_prob": 0.0, "under_prob": 0.0, "over_counts": {"0": 5}, "under_counts": {"0": 5}, "avg_over_mag": 0.0, "avg_under_mag": 0.0, "avg_over": 0.0, "avg_under": 0.0}], [[0.1, 0.15000000000000002], {"acc": NaN, "nll": NaN, "mse": NaN, "N": 0}], [[0.15000000000000002, 0.2], {"acc": 0.7115384615384616, "nll": 0.6336879895417891, "mse": 0.2159880079135578, "N": 52, "over_prob": 0.0, "under_prob": 0.0, "over_counts": {"0": 52}, "under_counts": {"0": 52}, "avg_over_mag": 0.0, "avg_under_mag": 0.0, "avg_over": 0.0, "avg_under": 0.0}], [[0.2, 0.25], {"acc": 0.770949720670391, "nll": 0.5454234202987102, "mse": 0.17947204156076, "N": 179, "over_prob": 0.0, "under_prob": 0.0, "over_counts": {"0": 179}, "under_counts": {"0": 179}, "avg_over_mag": 0.0, "avg_under_mag": 0.0, "avg_over": 0.0, "avg_under": 0.0}], [[0.25, 0.30000000000000004], {"acc": 0.6979166666666666, "nll": 0.6286240816301256, "mse": 0.21777265168462723, "N": 96, "over_prob": 0.0, "under_prob": 0.0, "over_counts": {"0": 96}, "under_counts": {"0": 96}, "avg_over_mag": 0.0, "avg_under_mag": 0.0, "avg_over": 0.0, "avg_under": 0.0}], [[0.30000000000000004, 0.35000000000000003], {"acc": 0.6, "nll": 0.6646727790576711, "mse": 0.2360500850641636, "N": 50, "over_prob": 0.0, "under_prob": 0.0, "over_counts": {"0": 50}, "under_counts": {"0": 50}, "avg_over_mag": 0.0, "avg_under_mag": 0.0, "avg_over": 0.0, "avg_under": 0.0}], [[0.35000000000000003, 0.4], {"acc": 0.6011560693641619, "nll": 0.6668282970065933, "mse": 0.23700390293859164, "N": 173, "over_prob": 0.0, "under_prob": 0.0, "over_counts": {"0": 166}, "under_counts": {"0": 166}, "avg_over_mag": 0.0, "avg_under_mag": 0.0, "avg_over": 0.0, "avg_under": 0.0}], [[0.4, 0.45], {"acc": 0.5828488372093024, "nll": 0.6829717254725581, "mse": 0.2449027446939204, "N": 688, "over_prob": 0.0, "under_prob": 0.0, "over_counts": {"0": 663}, "under_counts": {"0": 663}, "avg_over_mag": 0.0, "avg_under_mag": 0.0, "avg_over": 0.0, "avg_under": 0.0}], [[0.45, 0.5], {"acc": 0.49767441860465117, "nll": 0.6982942654564496, "mse": 0.2525046746807112, "N": 645, "over_prob": 0.0, "under_prob": 0.0, "over_counts": {"0": 645}, "under_counts": {"0": 645}, "avg_over_mag": 0.0, "avg_under_mag": 0.0, "avg_over": 0.0, "avg_under": 0.0}], [[0.5, 0.55], {"acc": 0.5073349633251834, "nll": 0.6986503492093719, "mse": 0.25267371435997577, "N": 1636, "over_prob": 0.0, "under_prob": 0.0, "over_counts": {"0": 1622}, "under_counts": {"0": 1622}, "avg_over_mag": 0.0, "avg_under_mag": 0.0, "avg_over": 0.0, "avg_under": 0.0}], [[0.55, 0.6000000000000001], {"acc": 0.5654685494223364, "nll": 0.6867837105411135, "mse": 0.24669739323741108, "N": 4674, "over_prob": 0.0, "under_prob": 0.0, "over_counts": {"0": 4239}, "under_counts": {"0": 4239}, "avg_over_mag": 0.0, "avg_under_mag": 0.0, "avg_over": 0.0, "avg_under": 0.0}], [[0.6000000000000001, 0.65], {"acc": 0.6194850856300329, "nll": 0.6669099995117921, "mse": 0.23681536296265818, "N": 8817, "over_prob": 0.0, "under_prob": 0.0, "over_counts": {"0": 6552}, "under_counts": {"0": 6552}, "avg_over_mag": 0.0, "avg_under_mag": 0.0, "avg_over": 0.0, "avg_under": 0.0}], [[0.65, 0.7000000000000001], {"acc": 0.6820703428381227, "nll": 0.6286427063093285, "mse": 0.21829375541820584, "N": 18026, "over_prob": 0.0, "under_prob": 7.67224182905979e-05, "over_counts": {"0": 13034}, "under_counts": {"0": 13033, "1": 1}, "avg_over_mag": 0.0, "avg_under_mag": 1.0, "avg_over": 0.0, "avg_under": 1.0}], [[0.7000000000000001, 0.75], {"acc": 0.7215182105489245, "nll": 0.5959150076987682, "mse": 0.20260780347831914, "N": 32591, "over_prob": 0.0, "under_prob": 0.006472111084961152, "over_counts": {"0": 16996}, "under_counts": {"0": 16886, "1": 108, "2": 2}, "avg_over_mag": 0.0, "avg_under_mag": 1.018181818181818, "avg_over": 0.0, "avg_under": 1.018181818181818}], [[0.75, 0.8], {"acc": 0.776762565487153, "nll": 0.5345397827109203, "mse": 0.1746434519789237, "N": 55927, "over_prob": 0.0, "under_prob": 0.0822900928124326, "over_counts": {"0": 18532}, "under_counts": {"0": 17007, "1": 1379, "2": 129, "3": 16, "4": 1}, "avg_over_mag": 0.0, "avg_under_mag": 1.1075409836065573, "avg_over": 0.0, "avg_under": 1.1075409836065573}], [[0.8, 0.8500000000000001], {"acc": 0.8252508735776364, "nll": 0.4663357299795003, "mse": 0.14506846128270115, "N": 89288, "over_prob": 0.0, "under_prob": 0.499535192563081, "over_counts": {"0": 15060}, "under_counts": {"0": 7537, "1": 3954, "2": 1504, "3": 636, "4": 389, "5": 265, "6": 177, "7": 115, "9": 86, "8": 73, "11": 57, "10": 55, "13": 44, "12": 27, "14": 26, "16": 22, "19": 12, "15": 12, "17": 9, "20": 7, "18": 7, "25": 6, "21": 6, "38": 5, "22": 4, "57": 2, "26": 2, "28": 2, "48": 2, "34": 2, "40": 2, "36": 1, "59": 1, "31": 1, "32": 1, "58": 1, "23": 1, "24": 1, "65": 1, "61": 1, "45": 1, "52": 1, "37": 1, "55": 1}, "avg_over_mag": 0.0, "avg_under_mag": 2.683769772697062, "avg_over": 0.0, "avg_under": 2.683769772697062}], [[0.8500000000000001, 0.9], {"acc": 0.8697873783116191, "nll": 0.3888095083151478, "mse": 0.11371328304748154, "N": 41294, "over_prob": 0.6078980099502487, "under_prob": 0.0, "over_counts": {"0": 2522, "1": 2080, "2": 863, "3": 358, "4": 207, "5": 101, "6": 78, "7": 39, "8": 35, "9": 33, "10": 19, "11": 18, "12": 10, "13": 10, "17": 8, "15": 7, "16": 5, "24": 5, "14": 4, "19": 4, "29": 3, "22": 3, "23": 3, "25": 3, "21": 2, "20": 2, "35": 2, "18": 2, "26": 1, "28": 1, "31": 1, "47": 1, "32": 1, "30": 1}, "under_counts": {"0": 6432}, "avg_over_mag": 2.409462915601023, "avg_under_mag": 0.0, "avg_over": 2.409462915601023, "avg_under": 0.0}], [[0.9, 0.9500000000000001], {"acc": 0.9094719195305951, "nll": 0.30814152171286224, "mse": 0.08301286708808278, "N": 9544, "over_prob": 0.05958230958230959, "under_prob": 0.0, "over_counts": {"0": 1531, "1": 82, "2": 14, "3": 1}, "under_counts": {"0": 1628}, "avg_over_mag": 1.1649484536082475, "avg_under_mag": 0.0, "avg_over": 1.1649484536082475, "avg_under": 0.0}], [[0.9500000000000001, 1.0], {"acc": 0.9608745684695051, "nll": 0.17211909727471927, "mse": 0.03783351027143282, "N": 869, "over_prob": 0.0, "under_prob": 0.0, "over_counts": {"0": 204}, "under_counts": {"0": 204}, "avg_over_mag": 0.0, "avg_under_mag": 0.0, "avg_over": 0.0, "avg_under": 0.0}]]}