{"auc": 0.638195879208413, "over_prob": 0.0012720942688805303, "under_prob": 0.002276379217996838, "over_counts": {"0": 14917, "1": 8, "2": 6, "3": 2, "8": 1, "4": 1, "5": 1}, "under_counts": {"0": 14902, "1": 15, "2": 10, "4": 5, "3": 4}, "avg_over_mag": 2.263157894736842, "avg_under_mag": 1.9705882352941178, "avg_over": 2.263157894736842, "avg_under": 1.9705882352941178, "acc": 0.6020706534687778, "nll": 0.6582279160980335, "mse": 0.23326866202675367, "metrics_by_prob": [[[0.0, 0.05], {"acc": 0.9666666666666667, "nll": 0.13587709452362526, "mse": 0.03166123970725437, "N": 30, "over_prob": 0.0, "under_prob": 0.0, "over_counts": {"0": 6}, "under_counts": {"0": 6}, "avg_over_mag": 0.0, "avg_under_mag": 0.0, "avg_over": 0.0, "avg_under": 0.0}], [[0.05, 0.1], {"acc": 1.0, "nll": 0.06999924212666374, "mse": 0.004798501420042532, "N": 36, "over_prob": 0.0, "under_prob": 0.0, "over_counts": {"0": 9}, "under_counts": {"0": 9}, "avg_over_mag": 0.0, "avg_under_mag": 0.0, "avg_over": 0.0, "avg_under": 0.0}], [[0.1, 0.15000000000000002], {"acc": 0.8860465116279069, "nll": 0.353886181443061, "mse": 0.10079454179881592, "N": 430, "over_prob": 0.0, "under_prob": 0.0, "over_counts": {"0": 62}, "under_counts": {"0": 62}, "avg_over_mag": 0.0, "avg_under_mag": 0.0, "avg_over": 0.0, "avg_under": 0.0}], [[0.15000000000000002, 0.2], {"acc": 0.8068669527896996, "nll": 0.4961550616673326, "mse": 0.15740985866502497, "N": 233, "over_prob": 0.0, "under_prob": 0.0, "over_counts": {"0": 103}, "under_counts": {"0": 103}, "avg_over_mag": 0.0, "avg_under_mag": 0.0, "avg_over": 0.0, "avg_under": 0.0}], [[0.2, 0.25], {"acc": 0.7657266811279827, "nll": 0.545977279929871, "mse": 0.1799555654409262, "N": 461, "over_prob": 0.0, "under_prob": 0.0, "over_counts": {"0": 172}, "under_counts": {"0": 172}, "avg_over_mag": 0.0, "avg_under_mag": 0.0, "avg_over": 0.0, "avg_under": 0.0}], [[0.25, 0.30000000000000004], {"acc": 0.7266335814722912, "nll": 0.5858990862467829, "mse": 0.1983646050514823, "N": 2418, "over_prob": 0.0, "under_prob": 0.0, "over_counts": {"0": 503}, "under_counts": {"0": 503}, "avg_over_mag": 0.0, "avg_under_mag": 0.0, "avg_over": 0.0, "avg_under": 0.0}], [[0.30000000000000004, 0.35000000000000003], {"acc": 0.660458452722063, "nll": 0.6406011152206191, "mse": 0.2241925181825161, "N": 2792, "over_prob": 0.0, "under_prob": 0.0, "over_counts": {"0": 1045}, "under_counts": {"0": 1045}, "avg_over_mag": 0.0, "avg_under_mag": 0.0, "avg_over": 0.0, "avg_under": 0.0}], [[0.35000000000000003, 0.4], {"acc": 0.6171312534613255, "nll": 0.6648154887360763, "mse": 0.23597953198932864, "N": 5417, "over_prob": 0.0, "under_prob": 0.0, "over_counts": {"0": 1938}, "under_counts": {"0": 1938}, "avg_over_mag": 0.0, "avg_under_mag": 0.0, "avg_over": 0.0, "avg_under": 0.0}], [[0.4, 0.45], {"acc": 0.570867079561696, "nll": 0.682841589860298, "mse": 0.2448632698730323, "N": 8396, "over_prob": 0.0, "under_prob": 0.0, "over_counts": {"0": 2489}, "under_counts": {"0": 2489}, "avg_over_mag": 0.0, "avg_under_mag": 0.0, "avg_over": 0.0, "avg_under": 0.0}], [[0.45, 0.5], {"acc": 0.5256752512562815, "nll": 0.6917495037095732, "mse": 0.24930116965125426, "N": 12736, "over_prob": 0.0, "under_prob": 0.0, "over_counts": {"0": 3419}, "under_counts": {"0": 3419}, "avg_over_mag": 0.0, "avg_under_mag": 0.0, "avg_over": 0.0, "avg_under": 0.0}], [[0.5, 0.55], {"acc": 0.5248257571084932, "nll": 0.6914720544711552, "mse": 0.24916265121012038, "N": 16213, "over_prob": 0.0, "under_prob": 0.0, "over_counts": {"0": 3175}, "under_counts": {"0": 3175}, "avg_over_mag": 0.0, "avg_under_mag": 0.0, "avg_over": 0.0, "avg_under": 0.0}], [[0.55, 0.6000000000000001], {"acc": 0.5787709497206703, "nll": 0.6803794036977032, "mse": 0.24364750027432172, "N": 16110, "over_prob": 0.0, "under_prob": 0.0, "over_counts": {"0": 3024}, "under_counts": {"0": 3024}, "avg_over_mag": 0.0, "avg_under_mag": 0.0, "avg_over": 0.0, "avg_under": 0.0}], [[0.6000000000000001, 0.65], {"acc": 0.6196558453077878, "nll": 0.6636559037636183, "mse": 0.23541399360406987, "N": 11274, "over_prob": 0.0, "under_prob": 0.0, "over_counts": {"0": 2830}, "under_counts": {"0": 2830}, "avg_over_mag": 0.0, "avg_under_mag": 0.0, "avg_over": 0.0, "avg_under": 0.0}], [[0.65, 0.7000000000000001], {"acc": 0.673402120951562, "nll": 0.6310098322013504, "mse": 0.219607364165807, "N": 6978, "over_prob": 0.0, "under_prob": 0.0, "over_counts": {"0": 2126}, "under_counts": {"0": 2126}, "avg_over_mag": 0.0, "avg_under_mag": 0.0, "avg_over": 0.0, "avg_under": 0.0}], [[0.7000000000000001, 0.75], {"acc": 0.7146993318485524, "nll": 0.5977348906746909, "mse": 0.20384545447369767, "N": 4490, "over_prob": 0.0, "under_prob": 0.0, "over_counts": {"0": 1359}, "under_counts": {"0": 1359}, "avg_over_mag": 0.0, "avg_under_mag": 0.0, "avg_over": 0.0, "avg_under": 0.0}], [[0.75, 0.8], {"acc": 0.7797619047619048, "nll": 0.527191542813649, "mse": 0.1717308886906504, "N": 3024, "over_prob": 0.0, "under_prob": 0.0011806375442738881, "over_counts": {"0": 847}, "under_counts": {"0": 846, "1": 1}, "avg_over_mag": 0.0, "avg_under_mag": 1.0, "avg_over": 0.0, "avg_under": 1.0}], [[0.8, 0.8500000000000001], {"acc": 0.8124238733252132, "nll": 0.48404162887034274, "mse": 0.15283687807889962, "N": 821, "over_prob": 0.0, "under_prob": 0.11564625850340138, "over_counts": {"0": 294}, "under_counts": {"0": 260, "1": 16, "2": 9, "4": 5, "3": 4}, "avg_over_mag": 0.0, "avg_under_mag": 1.9411764705882353, "avg_over": 0.0, "avg_under": 1.9411764705882353}], [[0.8500000000000001, 0.9], {"acc": 0.8625730994152047, "nll": 0.4022450320873953, "mse": 0.11901639806368577, "N": 342, "over_prob": 0.1826923076923077, "under_prob": 0.0, "over_counts": {"0": 85, "1": 8, "2": 6, "5": 2, "3": 2, "4": 1}, "under_counts": {"0": 104}, "avg_over_mag": 2.1052631578947367, "avg_under_mag": 0.0, "avg_over": 2.1052631578947367, "avg_under": 0.0}], [[0.9, 0.9500000000000001], {"acc": 0.9285714285714286, "nll": 0.26148771175012187, "mse": 0.06745706345014806, "N": 112, "over_prob": 0.033333333333333326, "under_prob": 0.0, "over_counts": {"0": 29, "3": 1}, "under_counts": {"0": 30}, "avg_over_mag": 3.0, "avg_under_mag": 0.0, "avg_over": 3.0, "avg_under": 0.0}], [[0.9500000000000001, 1.0], {"acc": 0.96, "nll": 0.17013903207571132, "mse": 0.03865942040088985, "N": 25, "over_prob": 0.0, "under_prob": 0.0, "over_counts": {"0": 3}, "under_counts": {"0": 3}, "avg_over_mag": 0.0, "avg_under_mag": 0.0, "avg_over": 0.0, "avg_under": 0.0}]]}