{"over_prob": 0.09353240492769144, "under_prob": 0.012252276379217997, "over_counts": {"0": 13539, "1": 626, "2": 294, "3": 185, "4": 90, "5": 52, "6": 45, "8": 26, "7": 21, "10": 11, "9": 11, "11": 10, "12": 7, "13": 7, "14": 3, "15": 3, "16": 2, "20": 1, "25": 1, "17": 1, "42": 1}, "under_counts": {"0": 14753, "1": 145, "2": 22, "3": 7, "4": 5, "5": 2, "6": 1, "9": 1}, "avg_over_mag": 2.670722977809592, "avg_under_mag": 1.3934426229508197, "avg_over": 2.670722977809592, "avg_under": 1.3934426229508197, "acc": 0.6176980224826182, "auc": 0.6529471789455557, "nll": 0.6454483360598219, "mse": 0.2285869424126597, "metrics_by_prob": [[[0.0, 0.05], {"acc": 0.9619678995115143, "nll": 0.10041209865138537, "mse": 0.025182961588049495, "N": 2866, "over_prob": 0.0, "under_prob": 0.0, "over_counts": {"0": 554}, "under_counts": {"0": 554}, "avg_over_mag": 0.0, "avg_under_mag": 0.0, "avg_over": 0.0, "avg_under": 0.0}], [[0.05, 0.1], {"acc": 0.8812182741116751, "nll": 0.4494282119195427, "mse": 0.13570925284030283, "N": 985, "over_prob": 0.0, "under_prob": 0.0, "over_counts": {"0": 400}, "under_counts": {"0": 400}, "avg_over_mag": 0.0, "avg_under_mag": 0.0, "avg_over": 0.0, "avg_under": 0.0}], [[0.1, 0.15000000000000002], {"acc": 0.8097789685197588, "nll": 0.553386768111233, "mse": 0.18362110223069802, "N": 1493, "over_prob": 0.0, "under_prob": 0.0, "over_counts": {"0": 626}, "under_counts": {"0": 626}, "avg_over_mag": 0.0, "avg_under_mag": 0.0, "avg_over": 0.0, "avg_under": 0.0}], [[0.15000000000000002, 0.2], {"acc": 0.7106573705179283, "nll": 0.6252657864208364, "mse": 0.2144444656472599, "N": 2008, "over_prob": 0.0, "under_prob": 0.0, "over_counts": {"0": 925}, "under_counts": {"0": 925}, "avg_over_mag": 0.0, "avg_under_mag": 0.0, "avg_over": 0.0, "avg_under": 0.0}], [[0.2, 0.25], {"acc": 0.6327314636957357, "nll": 0.6637850489274957, "mse": 0.23487079082123782, "N": 2603, "over_prob": 0.0, "under_prob": 0.0014641288433382416, "over_counts": {"0": 1366}, "under_counts": {"0": 1364, "1": 2}, "avg_over_mag": 0.0, "avg_under_mag": 1.0, "avg_over": 0.0, "avg_under": 1.0}], [[0.25, 0.30000000000000004], {"acc": 0.5419916016796641, "nll": 0.6980437951910996, "mse": 0.25125200178280527, "N": 3334, "over_prob": 0.0, "under_prob": 0.0005675368898978572, "over_counts": {"0": 1762}, "under_counts": {"0": 1761, "1": 1}, "avg_over_mag": 0.0, "avg_under_mag": 1.0, "avg_over": 0.0, "avg_under": 1.0}], [[0.30000000000000004, 0.35000000000000003], {"acc": 0.5061215061215061, "nll": 0.7035145713450801, "mse": 0.2547333901894503, "N": 4329, "over_prob": 0.0, "under_prob": 0.0004420866489831532, "over_counts": {"0": 2262}, "under_counts": {"0": 2261, "1": 1}, "avg_over_mag": 0.0, "avg_under_mag": 1.0, "avg_over": 0.0, "avg_under": 1.0}], [[0.35000000000000003, 0.4], {"acc": 0.468883522199517, "nll": 0.7120056652667889, "mse": 0.25892229332547345, "N": 5383, "over_prob": 0.0, "under_prob": 0.0003524850193866724, "over_counts": {"0": 2837}, "under_counts": {"0": 2836, "1": 1}, "avg_over_mag": 0.0, "avg_under_mag": 1.0, "avg_over": 0.0, "avg_under": 1.0}], [[0.4, 0.45], {"acc": 0.4761757902852737, "nll": 0.7066468488889214, "mse": 0.2562819583865062, "N": 6485, "over_prob": 0.0, "under_prob": 0.0002984183825723852, "over_counts": {"0": 3351}, "under_counts": {"0": 3350, "1": 1}, "avg_over_mag": 0.0, "avg_under_mag": 1.0, "avg_over": 0.0, "avg_under": 1.0}], [[0.45, 0.5], {"acc": 0.49444444444444446, "nll": 0.7053028392960192, "mse": 0.255717710899538, "N": 7560, "over_prob": 0.0, "under_prob": 0.0, "over_counts": {"0": 3842}, "under_counts": {"0": 3842}, "avg_over_mag": 0.0, "avg_under_mag": 0.0, "avg_over": 0.0, "avg_under": 0.0}], [[0.5, 0.55], {"acc": 0.5187288545190913, "nll": 0.7007664498837931, "mse": 0.2533646987951807, "N": 8276, "over_prob": 0.0, "under_prob": 0.0007154781779156183, "over_counts": {"0": 4193}, "under_counts": {"0": 4190, "1": 3}, "avg_over_mag": 0.0, "avg_under_mag": 1.0, "avg_over": 0.0, "avg_under": 1.0}], [[0.55, 0.6000000000000001], {"acc": 0.5492677211482132, "nll": 0.6942672155344916, "mse": 0.2501037846139421, "N": 8535, "over_prob": 0.0, "under_prob": 0.004011326097215662, "over_counts": {"0": 4238}, "under_counts": {"0": 4221, "1": 17}, "avg_over_mag": 0.0, "avg_under_mag": 1.0, "avg_over": 0.0, "avg_under": 1.0}], [[0.6000000000000001, 0.65], {"acc": 0.5948178320887079, "nll": 0.6786105453304663, "mse": 0.24242281011885516, "N": 8838, "over_prob": 0.0, "under_prob": 0.004150334332487904, "over_counts": {"0": 4337}, "under_counts": {"0": 4319, "1": 18}, "avg_over_mag": 0.0, "avg_under_mag": 1.0, "avg_over": 0.0, "avg_under": 1.0}], [[0.65, 0.7000000000000001], {"acc": 0.6431182922514448, "nll": 0.661184605591644, "mse": 0.2339756805058968, "N": 8479, "over_prob": 0.0, "under_prob": 0.00762420068863745, "over_counts": {"0": 4066}, "under_counts": {"0": 4035, "1": 30, "2": 1}, "avg_over_mag": 0.0, "avg_under_mag": 1.032258064516129, "avg_over": 0.0, "avg_under": 1.032258064516129}], [[0.7000000000000001, 0.75], {"acc": 0.688613794041627, "nll": 0.6444391296200238, "mse": 0.22564437372525675, "N": 7351, "over_prob": 0.0, "under_prob": 0.013532562729066777, "over_counts": {"0": 3547}, "under_counts": {"0": 3499, "1": 39, "2": 8, "3": 1}, "avg_over_mag": 0.0, "avg_under_mag": 1.2083333333333333, "avg_over": 0.0, "avg_under": 1.2083333333333333}], [[0.75, 0.8], {"acc": 0.7486956521739131, "nll": 0.6116222288706183, "mse": 0.2101105551917167, "N": 5750, "over_prob": 0.0, "under_prob": 0.01886108088501992, "over_counts": {"0": 2757}, "under_counts": {"0": 2705, "1": 47, "2": 4, "4": 1}, "avg_over_mag": 0.0, "avg_under_mag": 1.1346153846153846, "avg_over": 0.0, "avg_under": 1.1346153846153846}], [[0.8, 0.8500000000000001], {"acc": 0.7953499636715912, "nll": 0.5769342983618864, "mse": 0.19395775651493435, "N": 4129, "over_prob": 0.0, "under_prob": 0.025012506253126565, "over_counts": {"0": 1999}, "under_counts": {"0": 1949, "1": 41, "2": 7, "4": 1, "3": 1}, "avg_over_mag": 0.0, "avg_under_mag": 1.24, "avg_over": 0.0, "avg_under": 1.24}], [[0.8500000000000001, 0.9], {"acc": 0.8560460652591171, "nll": 0.524961803840894, "mse": 0.1701498494245274, "N": 2605, "over_prob": 0.9818181818181818, "under_prob": 0.0, "over_counts": {"1": 648, "2": 246, "3": 139, "4": 55, "5": 31, "6": 23, "0": 22, "7": 13, "8": 12, "10": 6, "9": 6, "12": 2, "11": 2, "15": 2, "20": 1, "13": 1, "19": 1}, "under_counts": {"0": 1210}, "avg_over_mag": 2.1035353535353534, "avg_under_mag": 0.0, "avg_over": 2.1035353535353534, "avg_under": 0.0}], [[0.9, 0.9500000000000001], {"acc": 0.9028414298808433, "nll": 0.4636711663237555, "mse": 0.1438453673687575, "N": 1091, "over_prob": 0.96875, "under_prob": 0.0, "over_counts": {"1": 298, "2": 113, "3": 53, "4": 31, "0": 17, "5": 11, "6": 11, "8": 4, "7": 3, "9": 1, "10": 1, "23": 1}, "under_counts": {"0": 544}, "avg_over_mag": 1.9411764705882353, "avg_under_mag": 0.0, "avg_over": 1.9411764705882353, "avg_under": 0.0}], [[0.9500000000000001, 1.0], {"acc": 0.9411764705882353, "nll": 0.4228747271007228, "mse": 0.12653853884589747, "N": 238, "over_prob": 0.9347826086956522, "under_prob": 0.0, "over_counts": {"1": 82, "2": 31, "0": 9, "3": 8, "4": 3, "6": 2, "5": 2, "7": 1}, "under_counts": {"0": 138}, "avg_over_mag": 1.62015503875969, "avg_under_mag": 0.0, "avg_over": 1.62015503875969, "avg_under": 0.0}]]}