{"auc": 0.6400525732195566, "over_prob": 0.0009043927648578753, "under_prob": 0.0013565891472868685, "over_counts": {"0": 15466, "1": 8, "2": 5, "4": 1}, "under_counts": {"0": 15459, "1": 16, "2": 3, "3": 1, "5": 1}, "avg_over_mag": 1.5714285714285714, "avg_under_mag": 1.4285714285714286, "avg_over": 1.5714285714285714, "avg_under": 1.4285714285714286, "acc": 0.6034868126955745, "nll": 0.6580311801806568, "mse": 0.23312564778954395, "metrics_by_prob": [[[0.0, 0.05], {"acc": 0.9230769230769231, "nll": 0.27972069580455117, "mse": 0.07205500969544375, "N": 26, "over_prob": 0.0, "under_prob": 0.0, "over_counts": {"0": 7}, "under_counts": {"0": 7}, "avg_over_mag": 0.0, "avg_under_mag": 0.0, "avg_over": 0.0, "avg_under": 0.0}], [[0.05, 0.1], {"acc": 0.9772727272727273, "nll": 0.13700156123511031, "mse": 0.025208275173876752, "N": 44, "over_prob": 0.0, "under_prob": 0.0, "over_counts": {"0": 10}, "under_counts": {"0": 10}, "avg_over_mag": 0.0, "avg_under_mag": 0.0, "avg_over": 0.0, "avg_under": 0.0}], [[0.1, 0.15000000000000002], {"acc": 0.8496042216358839, "nll": 0.4254461691305399, "mse": 0.1282354863893476, "N": 379, "over_prob": 0.0, "under_prob": 0.0, "over_counts": {"0": 59}, "under_counts": {"0": 59}, "avg_over_mag": 0.0, "avg_under_mag": 0.0, "avg_over": 0.0, "avg_under": 0.0}], [[0.15000000000000002, 0.2], {"acc": 0.8449612403100775, "nll": 0.43336508801647494, "mse": 0.13160734531999901, "N": 258, "over_prob": 0.0, "under_prob": 0.0, "over_counts": {"0": 106}, "under_counts": {"0": 106}, "avg_over_mag": 0.0, "avg_under_mag": 0.0, "avg_over": 0.0, "avg_under": 0.0}], [[0.2, 0.25], {"acc": 0.7704280155642024, "nll": 0.5408807545510742, "mse": 0.17764604163896427, "N": 514, "over_prob": 0.0, "under_prob": 0.0, "over_counts": {"0": 178}, "under_counts": {"0": 178}, "avg_over_mag": 0.0, "avg_under_mag": 0.0, "avg_over": 0.0, "avg_under": 0.0}], [[0.25, 0.30000000000000004], {"acc": 0.7213375796178344, "nll": 0.590645160848789, "mse": 0.2006073603948896, "N": 2512, "over_prob": 0.0, "under_prob": 0.0, "over_counts": {"0": 514}, "under_counts": {"0": 514}, "avg_over_mag": 0.0, "avg_under_mag": 0.0, "avg_over": 0.0, "avg_under": 0.0}], [[0.30000000000000004, 0.35000000000000003], {"acc": 0.6710695876288659, "nll": 0.6335349454338897, "mse": 0.22078839871564115, "N": 3104, "over_prob": 0.0, "under_prob": 0.0, "over_counts": {"0": 1089}, "under_counts": {"0": 1089}, "avg_over_mag": 0.0, "avg_under_mag": 0.0, "avg_over": 0.0, "avg_under": 0.0}], [[0.35000000000000003, 0.4], {"acc": 0.6194139194139194, "nll": 0.6638116763673425, "mse": 0.23548515214891916, "N": 5460, "over_prob": 0.0, "under_prob": 0.0, "over_counts": {"0": 2021}, "under_counts": {"0": 2021}, "avg_over_mag": 0.0, "avg_under_mag": 0.0, "avg_over": 0.0, "avg_under": 0.0}], [[0.4, 0.45], {"acc": 0.5802621815483552, "nll": 0.6796374940139417, "mse": 0.24327978762711772, "N": 8086, "over_prob": 0.0, "under_prob": 0.0, "over_counts": {"0": 2513}, "under_counts": {"0": 2513}, "avg_over_mag": 0.0, "avg_under_mag": 0.0, "avg_over": 0.0, "avg_under": 0.0}], [[0.45, 0.5], {"acc": 0.5320582313768004, "nll": 0.6908230079009217, "mse": 0.24883865222123078, "N": 12914, "over_prob": 0.0, "under_prob": 0.0, "over_counts": {"0": 3542}, "under_counts": {"0": 3542}, "avg_over_mag": 0.0, "avg_under_mag": 0.0, "avg_over": 0.0, "avg_under": 0.0}], [[0.5, 0.55], {"acc": 0.5208991921320688, "nll": 0.6921396747205782, "mse": 0.24949583380571438, "N": 17082, "over_prob": 0.0, "under_prob": 0.0, "over_counts": {"0": 3441}, "under_counts": {"0": 3441}, "avg_over_mag": 0.0, "avg_under_mag": 0.0, "avg_over": 0.0, "avg_under": 0.0}], [[0.55, 0.6000000000000001], {"acc": 0.5759962383919125, "nll": 0.6814015164197804, "mse": 0.24415040160106888, "N": 17014, "over_prob": 0.0, "under_prob": 0.0, "over_counts": {"0": 3120}, "under_counts": {"0": 3120}, "avg_over_mag": 0.0, "avg_under_mag": 0.0, "avg_over": 0.0, "avg_under": 0.0}], [[0.6000000000000001, 0.65], {"acc": 0.6198825358438418, "nll": 0.6641343021255809, "mse": 0.2356307937085619, "N": 11578, "over_prob": 0.0, "under_prob": 0.0, "over_counts": {"0": 2917}, "under_counts": {"0": 2917}, "avg_over_mag": 0.0, "avg_under_mag": 0.0, "avg_over": 0.0, "avg_under": 0.0}], [[0.65, 0.7000000000000001], {"acc": 0.6668792245887004, "nll": 0.6361378306195011, "mse": 0.22204722987185724, "N": 7841, "over_prob": 0.0, "under_prob": 0.0, "over_counts": {"0": 2279}, "under_counts": {"0": 2279}, "avg_over_mag": 0.0, "avg_under_mag": 0.0, "avg_over": 0.0, "avg_under": 0.0}], [[0.7000000000000001, 0.75], {"acc": 0.7337198067632851, "nll": 0.578502450401363, "mse": 0.1949565164559094, "N": 5175, "over_prob": 0.0, "under_prob": 0.0, "over_counts": {"0": 1458}, "under_counts": {"0": 1458}, "avg_over_mag": 0.0, "avg_under_mag": 0.0, "avg_over": 0.0, "avg_under": 0.0}], [[0.75, 0.8], {"acc": 0.7622094981475244, "nll": 0.5485051223786274, "mse": 0.1812337208214302, "N": 2969, "over_prob": 0.0, "under_prob": 0.0012547051442910462, "over_counts": {"0": 797}, "under_counts": {"0": 796, "4": 1}, "avg_over_mag": 0.0, "avg_under_mag": 4.0, "avg_over": 0.0, "avg_under": 4.0}], [[0.8, 0.8500000000000001], {"acc": 0.827033218785796, "nll": 0.45910769096417675, "mse": 0.14260309700536655, "N": 873, "over_prob": 0.0, "under_prob": 0.067524115755627, "over_counts": {"0": 311}, "under_counts": {"0": 290, "1": 17, "2": 3, "3": 1}, "avg_over_mag": 0.0, "avg_under_mag": 1.2380952380952381, "avg_over": 0.0, "avg_under": 1.2380952380952381}], [[0.8500000000000001, 0.9], {"acc": 0.8559322033898306, "nll": 0.40700579478830196, "mse": 0.1219402053004034, "N": 236, "over_prob": 0.1728395061728395, "under_prob": 0.0, "over_counts": {"0": 67, "1": 8, "2": 5, "4": 1}, "under_counts": {"0": 81}, "avg_over_mag": 1.5714285714285714, "avg_under_mag": 0.0, "avg_over": 1.5714285714285714, "avg_under": 0.0}], [[0.9, 0.9500000000000001], {"acc": 0.9431818181818182, "nll": 0.22661582942166617, "mse": 0.055016323438926464, "N": 88, "over_prob": 0.0, "under_prob": 0.0, "over_counts": {"0": 20}, "under_counts": {"0": 20}, "avg_over_mag": 0.0, "avg_under_mag": 0.0, "avg_over": 0.0, "avg_under": 0.0}], [[0.9500000000000001, 1.0], {"acc": 0.9473684210526315, "nll": 0.21084240183764366, "mse": 0.05033978582511079, "N": 38, "over_prob": 0.0, "under_prob": 0.0, "over_counts": {"0": 4}, "under_counts": {"0": 4}, "avg_over_mag": 0.0, "avg_under_mag": 0.0, "avg_over": 0.0, "avg_under": 0.0}]]}