{"over_prob": 0.3430805848350901, "under_prob": 0.07208432505950357, "over_counts": {"0": 7728, "1": 1110, "2": 920, "3": 885, "4": 292, "5": 208, "6": 172, "7": 105, "9": 73, "8": 62, "10": 38, "11": 27, "12": 24, "13": 21, "14": 17, "15": 13, "16": 10, "21": 9, "19": 8, "18": 8, "17": 4, "20": 3, "33": 3, "32": 3, "26": 2, "24": 2, "41": 2, "25": 2, "23": 2, "48": 1, "22": 1, "52": 1, "30": 1, "27": 1, "66": 1, "50": 1, "31": 1, "59": 1, "29": 1, "46": 1}, "under_counts": {"0": 10916, "1": 675, "2": 132, "3": 24, "4": 12, "5": 5}, "avg_over_mag": 3.49603567888999, "avg_under_mag": 1.278301886792453, "avg_over": 3.49603567888999, "avg_under": 1.278301886792453, "acc": 0.8029900775699687, "auc": 0.6205828178878035, "nll": 0.4828675264303236, "mse": 0.15400088439179865, "metrics_by_prob": [[[0.0, 0.05], {"acc": NaN, "nll": NaN, "mse": NaN, "N": 0}], [[0.05, 0.1], {"acc": NaN, "nll": NaN, "mse": NaN, "N": 0}], [[0.1, 0.15000000000000002], {"acc": NaN, "nll": NaN, "mse": NaN, "N": 0}], [[0.15000000000000002, 0.2], {"acc": NaN, "nll": NaN, "mse": NaN, "N": 0}], [[0.2, 0.25], {"acc": NaN, "nll": NaN, "mse": NaN, "N": 0}], [[0.25, 0.30000000000000004], {"acc": NaN, "nll": NaN, "mse": NaN, "N": 0}], [[0.30000000000000004, 0.35000000000000003], {"acc": 0.3172690763052209, "nll": 0.8801357782472816, "mse": 0.33676273342863755, "N": 249, "over_prob": 0.0, "under_prob": 0.0, "over_counts": {"0": 249}, "under_counts": {"0": 249}, "avg_over_mag": 0.0, "avg_under_mag": 0.0, "avg_over": 0.0, "avg_under": 0.0}], [[0.35000000000000003, 0.4], {"acc": 0.5, "nll": 0.7789312540199215, "mse": 0.28941746647201055, "N": 22, "over_prob": 0.0, "under_prob": 0.0, "over_counts": {"0": 22}, "under_counts": {"0": 22}, "avg_over_mag": 0.0, "avg_under_mag": 0.0, "avg_over": 0.0, "avg_under": 0.0}], [[0.4, 0.45], {"acc": 0.44802867383512546, "nll": 0.8273440487536631, "mse": 0.31118864428795, "N": 279, "over_prob": 0.0, "under_prob": 0.0, "over_counts": {"0": 279}, "under_counts": {"0": 279}, "avg_over_mag": 0.0, "avg_under_mag": 0.0, "avg_over": 0.0, "avg_under": 0.0}], [[0.45, 0.5], {"acc": 0.5218855218855218, "nll": 0.7936224729859216, "mse": 0.29332440075526334, "N": 297, "over_prob": 0.0, "under_prob": 0.0, "over_counts": {"0": 297}, "under_counts": {"0": 297}, "avg_over_mag": 0.0, "avg_under_mag": 0.0, "avg_over": 0.0, "avg_under": 0.0}], [[0.5, 0.55], {"acc": 0.5093457943925234, "nll": 0.7962224773975927, "mse": 0.2948900206469504, "N": 214, "over_prob": 0.0, "under_prob": 0.0, "over_counts": {"0": 214}, "under_counts": {"0": 214}, "avg_over_mag": 0.0, "avg_under_mag": 0.0, "avg_over": 0.0, "avg_under": 0.0}], [[0.55, 0.6000000000000001], {"acc": 0.5979782270606532, "nll": 0.7312713619200697, "mse": 0.26381072889997076, "N": 1286, "over_prob": 0.0, "under_prob": 0.0031104199066873672, "over_counts": {"0": 1286}, "under_counts": {"0": 1282, "1": 4}, "avg_over_mag": 0.0, "avg_under_mag": 1.0, "avg_over": 0.0, "avg_under": 1.0}], [[0.6000000000000001, 0.65], {"acc": 0.6406926406926406, "nll": 0.6870143900682628, "mse": 0.24362367716434624, "N": 1848, "over_prob": 0.0, "under_prob": 0.0005927682276229973, "over_counts": {"0": 1687}, "under_counts": {"0": 1686, "1": 1}, "avg_over_mag": 0.0, "avg_under_mag": 1.0, "avg_over": 0.0, "avg_under": 1.0}], [[0.65, 0.7000000000000001], {"acc": 0.6710144927536232, "nll": 0.655083939514578, "mse": 0.2290551774186628, "N": 3450, "over_prob": 0.0, "under_prob": 0.0023003614853762677, "over_counts": {"0": 3043}, "under_counts": {"0": 3036, "1": 7}, "avg_over_mag": 0.0, "avg_under_mag": 1.0, "avg_over": 0.0, "avg_under": 1.0}], [[0.7000000000000001, 0.75], {"acc": 0.7380081976293342, "nll": 0.5782351909497143, "mse": 0.194448964422001, "N": 9027, "over_prob": 0.0, "under_prob": 0.0011430748714040817, "over_counts": {"0": 5249}, "under_counts": {"0": 5243, "1": 6}, "avg_over_mag": 0.0, "avg_under_mag": 1.0, "avg_over": 0.0, "avg_under": 1.0}], [[0.75, 0.8], {"acc": 0.7745777392810741, "nll": 0.5344973113064195, "mse": 0.174883267192852, "N": 13854, "over_prob": 0.0, "under_prob": 0.015841907561652824, "over_counts": {"0": 6123}, "under_counts": {"0": 6026, "1": 83, "2": 14}, "avg_over_mag": 0.0, "avg_under_mag": 1.1443298969072164, "avg_over": 0.0, "avg_under": 1.1443298969072164}], [[0.8, 0.8500000000000001], {"acc": 0.8230545454545455, "nll": 0.47065532589216574, "mse": 0.1469201115719583, "N": 13750, "over_prob": 0.0, "under_prob": 0.14335029069767447, "over_counts": {"0": 5504}, "under_counts": {"0": 4715, "1": 654, "2": 109, "3": 22, "4": 3, "5": 1}, "avg_over_mag": 0.0, "avg_under_mag": 1.2103929024081115, "avg_over": 0.0, "avg_under": 1.2103929024081115}], [[0.8500000000000001, 0.9], {"acc": 0.8776744186046511, "nll": 0.38506671259752806, "mse": 0.11127202207823182, "N": 12900, "over_prob": 0.7585836909871244, "under_prob": 0.0, "over_counts": {"1": 1629, "0": 1125, "3": 594, "2": 576, "4": 191, "5": 143, "6": 111, "7": 74, "8": 46, "9": 45, "10": 38, "12": 12, "11": 10, "13": 8, "15": 8, "14": 8, "21": 6, "18": 6, "25": 4, "19": 4, "16": 4, "17": 3, "22": 2, "24": 2, "26": 2, "30": 1, "20": 1, "27": 1, "50": 1, "41": 1, "45": 1, "33": 1, "23": 1, "29": 1}, "under_counts": {"0": 4660}, "avg_over_mag": 2.810749646393211, "avg_under_mag": 0.0, "avg_over": 2.810749646393211, "avg_under": 0.0}], [[0.9, 0.9500000000000001], {"acc": 0.9087382825126603, "nll": 0.318094696871079, "mse": 0.08608297998668211, "N": 9281, "over_prob": 0.5398293029871977, "under_prob": 0.0, "over_counts": {"0": 1294, "2": 573, "1": 492, "3": 167, "4": 88, "5": 85, "6": 29, "8": 25, "7": 19, "9": 8, "10": 5, "11": 4, "14": 4, "12": 4, "13": 4, "17": 2, "23": 1, "16": 1, "51": 1, "44": 1, "32": 1, "19": 1, "18": 1, "22": 1, "31": 1}, "under_counts": {"0": 2812}, "avg_over_mag": 2.658102766798419, "avg_under_mag": 0.0, "avg_over": 2.658102766798419, "avg_under": 0.0}], [[0.9500000000000001, 1.0], {"acc": 0.9596273291925466, "nll": 0.2042860078351853, "mse": 0.045131701549044154, "N": 966, "over_prob": 0.16809116809116809, "under_prob": 0.0, "over_counts": {"0": 292, "1": 32, "2": 10, "5": 4, "7": 4, "6": 3, "3": 3, "4": 3}, "under_counts": {"0": 351}, "avg_over_mag": 2.3559322033898304, "avg_under_mag": 0.0, "avg_over": 2.3559322033898304, "avg_under": 0.0}]]}