{"auc": 0.6546792118637217, "over_prob": 0.0487079224753485, "under_prob": 0.0861101666099966, "over_counts": {"0": 11191, "1": 508, "2": 40, "3": 15, "4": 5, "5": 3, "8": 1, "6": 1}, "under_counts": {"0": 10751, "1": 932, "2": 46, "3": 31, "4": 3, "5": 1}, "avg_over_mag": 1.1902268760907504, "avg_under_mag": 1.119447186574531, "avg_over": 1.1902268760907504, "avg_under": 1.119447186574531, "acc": 0.8045770731056168, "nll": 0.4709752357021206, "mse": 0.14996439537410874, "metrics_by_prob": [[[0.0, 0.05], {"acc": NaN, "nll": NaN, "mse": NaN, "N": 0}], [[0.05, 0.1], {"acc": NaN, "nll": NaN, "mse": NaN, "N": 0}], [[0.1, 0.15000000000000002], {"acc": NaN, "nll": NaN, "mse": NaN, "N": 0}], [[0.15000000000000002, 0.2], {"acc": NaN, "nll": NaN, "mse": NaN, "N": 0}], [[0.2, 0.25], {"acc": NaN, "nll": NaN, "mse": NaN, "N": 0}], [[0.25, 0.30000000000000004], {"acc": NaN, "nll": NaN, "mse": NaN, "N": 0}], [[0.30000000000000004, 0.35000000000000003], {"acc": 0.6827309236947792, "nll": 0.6273627638218229, "mse": 0.21776508434377573, "N": 249, "over_prob": 0.0, "under_prob": 0.0, "over_counts": {"0": 249}, "under_counts": {"0": 249}, "avg_over_mag": 0.0, "avg_under_mag": 0.0, "avg_over": 0.0, "avg_under": 0.0}], [[0.35000000000000003, 0.4], {"acc": 0.5, "nll": 0.7284475537334102, "mse": 0.2670368073642131, "N": 22, "over_prob": 0.0, "under_prob": 0.0, "over_counts": {"0": 22}, "under_counts": {"0": 22}, "avg_over_mag": 0.0, "avg_under_mag": 0.0, "avg_over": 0.0, "avg_under": 0.0}], [[0.4, 0.45], {"acc": 0.5519713261648745, "nll": 0.6874690956541416, "mse": 0.24716838544483422, "N": 279, "over_prob": 0.0, "under_prob": 0.0, "over_counts": {"0": 279}, "under_counts": {"0": 279}, "avg_over_mag": 0.0, "avg_under_mag": 0.0, "avg_over": 0.0, "avg_under": 0.0}], [[0.45, 0.5], {"acc": 0.4781144781144781, "nll": 0.6951628459847875, "mse": 0.25100739927373766, "N": 297, "over_prob": 0.0, "under_prob": 0.0, "over_counts": {"0": 297}, "under_counts": {"0": 297}, "avg_over_mag": 0.0, "avg_under_mag": 0.0, "avg_over": 0.0, "avg_under": 0.0}], [[0.5, 0.55], {"acc": 0.5093457943925234, "nll": 0.6970758674497656, "mse": 0.2519601048048762, "N": 214, "over_prob": 0.0, "under_prob": 0.0, "over_counts": {"0": 214}, "under_counts": {"0": 214}, "avg_over_mag": 0.0, "avg_under_mag": 0.0, "avg_over": 0.0, "avg_under": 0.0}], [[0.55, 0.6000000000000001], {"acc": 0.5979782270606532, "nll": 0.6726481295324215, "mse": 0.23982974265702892, "N": 1286, "over_prob": 0.0, "under_prob": 0.0, "over_counts": {"0": 1286}, "under_counts": {"0": 1286}, "avg_over_mag": 0.0, "avg_under_mag": 0.0, "avg_over": 0.0, "avg_under": 0.0}], [[0.6000000000000001, 0.65], {"acc": 0.6406926406926406, "nll": 0.6532796953581801, "mse": 0.23033750170552603, "N": 1848, "over_prob": 0.0, "under_prob": 0.0, "over_counts": {"0": 1687}, "under_counts": {"0": 1687}, "avg_over_mag": 0.0, "avg_under_mag": 0.0, "avg_over": 0.0, "avg_under": 0.0}], [[0.65, 0.7000000000000001], {"acc": 0.6710144927536232, "nll": 0.6334037148797018, "mse": 0.22072823109947165, "N": 3450, "over_prob": 0.0, "under_prob": 0.0, "over_counts": {"0": 3043}, "under_counts": {"0": 3043}, "avg_over_mag": 0.0, "avg_under_mag": 0.0, "avg_over": 0.0, "avg_under": 0.0}], [[0.7000000000000001, 0.75], {"acc": 0.7380081976293342, "nll": 0.5756435270786115, "mse": 0.19356597706690307, "N": 9027, "over_prob": 0.0, "under_prob": 0.0, "over_counts": {"0": 5249}, "under_counts": {"0": 5249}, "avg_over_mag": 0.0, "avg_under_mag": 0.0, "avg_over": 0.0, "avg_under": 0.0}], [[0.75, 0.8], {"acc": 0.7745777392810741, "nll": 0.5340261529138755, "mse": 0.1747236674433861, "N": 13854, "over_prob": 0.0, "under_prob": 0.0, "over_counts": {"0": 6123}, "under_counts": {"0": 6123}, "avg_over_mag": 0.0, "avg_under_mag": 0.0, "avg_over": 0.0, "avg_under": 0.0}], [[0.8, 0.8500000000000001], {"acc": 0.8230545454545455, "nll": 0.4666540737547282, "mse": 0.1456160232159627, "N": 13750, "over_prob": 0.0, "under_prob": 0.18404796511627908, "over_counts": {"0": 5504}, "under_counts": {"0": 4491, "1": 932, "2": 46, "3": 31, "4": 3, "5": 1}, "avg_over_mag": 0.0, "avg_under_mag": 1.119447186574531, "avg_over": 0.0, "avg_under": 1.119447186574531}], [[0.8500000000000001, 0.9], {"acc": 0.8776744186046511, "nll": 0.3708954474336206, "mse": 0.10723524799183089, "N": 12900, "over_prob": 0.1229613733905579, "under_prob": 0.0, "over_counts": {"0": 4087, "1": 508, "2": 40, "3": 15, "4": 5, "5": 3, "8": 1, "6": 1}, "under_counts": {"0": 4660}, "avg_over_mag": 1.1902268760907504, "avg_under_mag": 0.0, "avg_over": 1.1902268760907504, "avg_under": 0.0}], [[0.9, 0.9500000000000001], {"acc": 0.9087382825126603, "nll": 0.3036017234636713, "mse": 0.08264087948336059, "N": 9281, "over_prob": 0.0, "under_prob": 0.0, "over_counts": {"0": 2812}, "under_counts": {"0": 2812}, "avg_over_mag": 0.0, "avg_under_mag": 0.0, "avg_over": 0.0, "avg_under": 0.0}], [[0.9500000000000001, 1.0], {"acc": 0.9596273291925466, "nll": 0.16961558277482477, "mse": 0.03875625253474086, "N": 966, "over_prob": 0.0, "under_prob": 0.0, "over_counts": {"0": 351}, "under_counts": {"0": 351}, "avg_over_mag": 0.0, "avg_under_mag": 0.0, "avg_over": 0.0, "avg_under": 0.0}]]}