{"auc": 0.6323613516437925, "over_prob": 0.0010510046367852022, "under_prob": 0.005811437403400288, "over_counts": {"0": 16158, "1": 6, "4": 4, "2": 3, "6": 1, "14": 1, "8": 1, "5": 1}, "under_counts": {"0": 16081, "1": 53, "2": 19, "3": 11, "4": 5, "6": 3, "7": 2, "5": 1}, "avg_over_mag": 3.588235294117647, "avg_under_mag": 1.925531914893617, "avg_over": 3.588235294117647, "avg_under": 1.925531914893617, "acc": 0.6000578554898431, "nll": 0.6610809214084508, "mse": 0.23452426341171267, "metrics_by_prob": [[[0.0, 0.05], {"acc": 1.0, "nll": 0.034104776389137524, "mse": 0.0011628747549512646, "N": 15, "over_prob": 0.0, "under_prob": 0.0, "over_counts": {"0": 5}, "under_counts": {"0": 5}, "avg_over_mag": 0.0, "avg_under_mag": 0.0, "avg_over": 0.0, "avg_under": 0.0}], [[0.05, 0.1], {"acc": 0.9230769230769231, "nll": 0.26287474729278154, "mse": 0.06998011246669342, "N": 39, "over_prob": 0.0, "under_prob": 0.0, "over_counts": {"0": 8}, "under_counts": {"0": 8}, "avg_over_mag": 0.0, "avg_under_mag": 0.0, "avg_over": 0.0, "avg_under": 0.0}], [[0.1, 0.15000000000000002], {"acc": 0.8773006134969326, "nll": 0.3733201525092565, "mse": 0.10792262727427343, "N": 326, "over_prob": 0.0, "under_prob": 0.0, "over_counts": {"0": 58}, "under_counts": {"0": 58}, "avg_over_mag": 0.0, "avg_under_mag": 0.0, "avg_over": 0.0, "avg_under": 0.0}], [[0.15000000000000002, 0.2], {"acc": 0.8414096916299559, "nll": 0.44359558821959366, "mse": 0.13531958391037105, "N": 227, "over_prob": 0.0, "under_prob": 0.0, "over_counts": {"0": 101}, "under_counts": {"0": 101}, "avg_over_mag": 0.0, "avg_under_mag": 0.0, "avg_over": 0.0, "avg_under": 0.0}], [[0.2, 0.25], {"acc": 0.7676348547717843, "nll": 0.5398909076277305, "mse": 0.17758282243254864, "N": 482, "over_prob": 0.0, "under_prob": 0.0, "over_counts": {"0": 165}, "under_counts": {"0": 165}, "avg_over_mag": 0.0, "avg_under_mag": 0.0, "avg_over": 0.0, "avg_under": 0.0}], [[0.25, 0.30000000000000004], {"acc": 0.714987714987715, "nll": 0.5989004001265636, "mse": 0.20429481594244564, "N": 2442, "over_prob": 0.0, "under_prob": 0.0, "over_counts": {"0": 525}, "under_counts": {"0": 525}, "avg_over_mag": 0.0, "avg_under_mag": 0.0, "avg_over": 0.0, "avg_under": 0.0}], [[0.30000000000000004, 0.35000000000000003], {"acc": 0.6706756278740714, "nll": 0.632666366384058, "mse": 0.2204014907624627, "N": 2827, "over_prob": 0.0, "under_prob": 0.0, "over_counts": {"0": 1148}, "under_counts": {"0": 1148}, "avg_over_mag": 0.0, "avg_under_mag": 0.0, "avg_over": 0.0, "avg_under": 0.0}], [[0.35000000000000003, 0.4], {"acc": 0.618951241950322, "nll": 0.6668938582591747, "mse": 0.2369313548883669, "N": 5435, "over_prob": 0.0, "under_prob": 0.0, "over_counts": {"0": 2010}, "under_counts": {"0": 2010}, "avg_over_mag": 0.0, "avg_under_mag": 0.0, "avg_over": 0.0, "avg_under": 0.0}], [[0.4, 0.45], {"acc": 0.5790692007797271, "nll": 0.6808865397447245, "mse": 0.24389534326018134, "N": 8208, "over_prob": 0.0, "under_prob": 0.0, "over_counts": {"0": 2703}, "under_counts": {"0": 2703}, "avg_over_mag": 0.0, "avg_under_mag": 0.0, "avg_over": 0.0, "avg_under": 0.0}], [[0.45, 0.5], {"acc": 0.5112153184837828, "nll": 0.6939942720154061, "mse": 0.25041385536782224, "N": 12795, "over_prob": 0.0, "under_prob": 0.0, "over_counts": {"0": 3735}, "under_counts": {"0": 3735}, "avg_over_mag": 0.0, "avg_under_mag": 0.0, "avg_over": 0.0, "avg_under": 0.0}], [[0.5, 0.55], {"acc": 0.5275102040816326, "nll": 0.6921800016063984, "mse": 0.24951324991370807, "N": 18375, "over_prob": 0.0, "under_prob": 0.0, "over_counts": {"0": 3511}, "under_counts": {"0": 3511}, "avg_over_mag": 0.0, "avg_under_mag": 0.0, "avg_over": 0.0, "avg_under": 0.0}], [[0.55, 0.6000000000000001], {"acc": 0.5880868248359414, "nll": 0.6783337061240284, "mse": 0.24261980721960397, "N": 15848, "over_prob": 0.0, "under_prob": 0.0, "over_counts": {"0": 3161}, "under_counts": {"0": 3161}, "avg_over_mag": 0.0, "avg_under_mag": 0.0, "avg_over": 0.0, "avg_under": 0.0}], [[0.6000000000000001, 0.65], {"acc": 0.6230073645940151, "nll": 0.6649345629064274, "mse": 0.23595600464743402, "N": 10727, "over_prob": 0.0, "under_prob": 0.0, "over_counts": {"0": 2972}, "under_counts": {"0": 2972}, "avg_over_mag": 0.0, "avg_under_mag": 0.0, "avg_over": 0.0, "avg_under": 0.0}], [[0.65, 0.7000000000000001], {"acc": 0.6674054578196426, "nll": 0.6375626630391145, "mse": 0.22263784447550736, "N": 7219, "over_prob": 0.0, "under_prob": 0.0, "over_counts": {"0": 2240}, "under_counts": {"0": 2240}, "avg_over_mag": 0.0, "avg_under_mag": 0.0, "avg_over": 0.0, "avg_under": 0.0}], [[0.7000000000000001, 0.75], {"acc": 0.7220750551876379, "nll": 0.59233426144004, "mse": 0.20117013583756477, "N": 4530, "over_prob": 0.0, "under_prob": 0.0006770480704130222, "over_counts": {"0": 1477}, "under_counts": {"0": 1476, "1": 1}, "avg_over_mag": 0.0, "avg_under_mag": 1.0, "avg_over": 0.0, "avg_under": 1.0}], [[0.75, 0.8], {"acc": 0.7668759811616954, "nll": 0.5443272299885948, "mse": 0.17919878084420174, "N": 2548, "over_prob": 0.0, "under_prob": 0.0062893081761006275, "over_counts": {"0": 795}, "under_counts": {"0": 790, "1": 3, "2": 2}, "avg_over_mag": 0.0, "avg_under_mag": 1.4, "avg_over": 0.0, "avg_under": 1.4}], [[0.8, 0.8500000000000001], {"acc": 0.8064903846153846, "nll": 0.49215419180288794, "mse": 0.15636314890275388, "N": 832, "over_prob": 0.0, "under_prob": 0.32014388489208634, "over_counts": {"0": 278}, "under_counts": {"0": 189, "1": 50, "2": 18, "3": 10, "4": 5, "6": 3, "7": 2, "5": 1}, "avg_over_mag": 0.0, "avg_under_mag": 1.9438202247191012, "avg_over": 0.0, "avg_under": 1.9438202247191012}], [[0.8500000000000001, 0.9], {"acc": 0.8393351800554016, "nll": 0.4519626290168278, "mse": 0.13717160070841028, "N": 361, "over_prob": 0.1717171717171717, "under_prob": 0.0, "over_counts": {"0": 82, "1": 6, "4": 4, "2": 3, "6": 1, "14": 1, "8": 1, "5": 1}, "under_counts": {"0": 99}, "avg_over_mag": 3.588235294117647, "avg_under_mag": 0.0, "avg_over": 3.588235294117647, "avg_under": 0.0}], [[0.9, 0.9500000000000001], {"acc": 0.9615384615384616, "nll": 0.17832225934629856, "mse": 0.039125389810078307, "N": 78, "over_prob": 0.0, "under_prob": 0.0, "over_counts": {"0": 23}, "under_counts": {"0": 23}, "avg_over_mag": 0.0, "avg_under_mag": 0.0, "avg_over": 0.0, "avg_under": 0.0}], [[0.9500000000000001, 1.0], {"acc": 0.9545454545454546, "nll": 0.18805094204716824, "mse": 0.043645636585542394, "N": 22, "over_prob": 0.0, "under_prob": 0.0, "over_counts": {"0": 3}, "under_counts": {"0": 3}, "avg_over_mag": 0.0, "avg_under_mag": 0.0, "avg_over": 0.0, "avg_under": 0.0}]]}