{"acc": 0.7152690639228481, "auc": 0.6914450181057175, "nll": 0.626354704299641, "mse": 0.20055852660777548}