{"auc": 0.7136244211157352, "over_prob": 0.13788592360020935, "under_prob": 0.05965463108320246, "over_counts": {"0": 9885, "1": 1270, "2": 217, "3": 50, "4": 22, "5": 11, "6": 7, "8": 2, "7": 1, "13": 1}, "under_counts": {"0": 10782, "1": 473, "2": 114, "3": 61, "4": 18, "5": 7, "8": 4, "6": 3, "7": 2, "9": 1, "10": 1}, "avg_over_mag": 1.312460468058191, "avg_under_mag": 1.5701754385964912, "avg_over": 1.312460468058191, "avg_under": 1.5701754385964912, "acc": 0.7641463832972105, "nll": 0.5087971851355508, "mse": 0.16714874533825277, "metrics_by_prob": [[[0.0, 0.05], {"acc": 0.9736842105263158, "nll": 0.23992039727554895, "mse": 0.05484426415648186, "N": 76, "over_prob": 0.0, "under_prob": 0.0, "over_counts": {"0": 17}, "under_counts": {"0": 17}, "avg_over_mag": 0.0, "avg_under_mag": 0.0, "avg_over": 0.0, "avg_under": 0.0}], [[0.05, 0.1], {"acc": 0.8682170542635659, "nll": 0.3879610899149583, "mse": 0.11360789348713622, "N": 129, "over_prob": 0.0, "under_prob": 0.0, "over_counts": {"0": 42}, "under_counts": {"0": 42}, "avg_over_mag": 0.0, "avg_under_mag": 0.0, "avg_over": 0.0, "avg_under": 0.0}], [[0.1, 0.15000000000000002], {"acc": 0.773972602739726, "nll": 0.5017353259808527, "mse": 0.16333463391174372, "N": 146, "over_prob": 0.0, "under_prob": 0.0, "over_counts": {"0": 79}, "under_counts": {"0": 79}, "avg_over_mag": 0.0, "avg_under_mag": 0.0, "avg_over": 0.0, "avg_under": 0.0}], [[0.15000000000000002, 0.2], {"acc": 0.6884422110552764, "nll": 0.5864826362144878, "mse": 0.19980373051363742, "N": 199, "over_prob": 0.0, "under_prob": 0.0, "over_counts": {"0": 121}, "under_counts": {"0": 121}, "avg_over_mag": 0.0, "avg_under_mag": 0.0, "avg_over": 0.0, "avg_under": 0.0}], [[0.2, 0.25], {"acc": 0.7198795180722891, "nll": 0.5889872979560216, "mse": 0.2001517184953628, "N": 332, "over_prob": 0.0, "under_prob": 0.0, "over_counts": {"0": 194}, "under_counts": {"0": 194}, "avg_over_mag": 0.0, "avg_under_mag": 0.0, "avg_over": 0.0, "avg_under": 0.0}], [[0.25, 0.30000000000000004], {"acc": 0.6776859504132231, "nll": 0.6253784704797818, "mse": 0.21665326603432825, "N": 484, "over_prob": 0.0, "under_prob": 0.0, "over_counts": {"0": 287}, "under_counts": {"0": 287}, "avg_over_mag": 0.0, "avg_under_mag": 0.0, "avg_over": 0.0, "avg_under": 0.0}], [[0.30000000000000004, 0.35000000000000003], {"acc": 0.6275579809004093, "nll": 0.660835738543323, "mse": 0.2332624837980325, "N": 733, "over_prob": 0.0, "under_prob": 0.002083333333333326, "over_counts": {"0": 480}, "under_counts": {"0": 479, "1": 1}, "avg_over_mag": 0.0, "avg_under_mag": 1.0, "avg_over": 0.0, "avg_under": 1.0}], [[0.35000000000000003, 0.4], {"acc": 0.5916030534351145, "nll": 0.6893464029933816, "mse": 0.24684360259912655, "N": 786, "over_prob": 0.0, "under_prob": 0.0, "over_counts": {"0": 535}, "under_counts": {"0": 535}, "avg_over_mag": 0.0, "avg_under_mag": 0.0, "avg_over": 0.0, "avg_under": 0.0}], [[0.4, 0.45], {"acc": 0.553, "nll": 0.7026215800442424, "mse": 0.2541838313396644, "N": 1000, "over_prob": 0.0, "under_prob": 0.0, "over_counts": {"0": 725}, "under_counts": {"0": 725}, "avg_over_mag": 0.0, "avg_under_mag": 0.0, "avg_over": 0.0, "avg_under": 0.0}], [[0.45, 0.5], {"acc": 0.5021834061135371, "nll": 0.7079674525168729, "mse": 0.2569662555617178, "N": 1374, "over_prob": 0.0, "under_prob": 0.0, "over_counts": {"0": 1038}, "under_counts": {"0": 1038}, "avg_over_mag": 0.0, "avg_under_mag": 0.0, "avg_over": 0.0, "avg_under": 0.0}], [[0.5, 0.55], {"acc": 0.5180327868852459, "nll": 0.7032100895313861, "mse": 0.25471119027536276, "N": 1830, "over_prob": 0.0, "under_prob": 0.0022140221402213722, "over_counts": {"0": 1355}, "under_counts": {"0": 1352, "1": 3}, "avg_over_mag": 0.0, "avg_under_mag": 1.0, "avg_over": 0.0, "avg_under": 1.0}], [[0.55, 0.6000000000000001], {"acc": 0.5605828220858896, "nll": 0.6915371266641216, "mse": 0.2486016978424323, "N": 2608, "over_prob": 0.0, "under_prob": 0.001029866117404743, "over_counts": {"0": 1942}, "under_counts": {"0": 1940, "1": 2}, "avg_over_mag": 0.0, "avg_under_mag": 1.0, "avg_over": 0.0, "avg_under": 1.0}], [[0.6000000000000001, 0.65], {"acc": 0.6354786371011357, "nll": 0.6615548060305985, "mse": 0.23411161767251829, "N": 3698, "over_prob": 0.0, "under_prob": 0.0022692889561271024, "over_counts": {"0": 2644}, "under_counts": {"0": 2638, "1": 6}, "avg_over_mag": 0.0, "avg_under_mag": 1.0, "avg_over": 0.0, "avg_under": 1.0}], [[0.65, 0.7000000000000001], {"acc": 0.6719489981785064, "nll": 0.6385882269584217, "mse": 0.22285813093278034, "N": 5490, "over_prob": 0.0, "under_prob": 0.00320699708454808, "over_counts": {"0": 3430}, "under_counts": {"0": 3419, "1": 11}, "avg_over_mag": 0.0, "avg_under_mag": 1.0, "avg_over": 0.0, "avg_under": 1.0}], [[0.7000000000000001, 0.75], {"acc": 0.716262536498667, "nll": 0.5997298850739821, "mse": 0.20446443753169827, "N": 7877, "over_prob": 0.0, "under_prob": 0.0035714285714285587, "over_counts": {"0": 4480}, "under_counts": {"0": 4464, "1": 13, "2": 3}, "avg_over_mag": 0.0, "avg_under_mag": 1.1875, "avg_over": 0.0, "avg_under": 1.1875}], [[0.75, 0.8], {"acc": 0.7789336801040312, "nll": 0.5309364330566918, "mse": 0.17311674445065603, "N": 9228, "over_prob": 0.0, "under_prob": 0.015739542906425208, "over_counts": {"0": 4638}, "under_counts": {"0": 4565, "1": 60, "2": 8, "3": 4, "4": 1}, "avg_over_mag": 0.0, "avg_under_mag": 1.2602739726027397, "avg_over": 0.0, "avg_under": 1.2602739726027397}], [[0.8, 0.8500000000000001], {"acc": 0.8248728329699989, "nll": 0.4642739878890103, "mse": 0.14455617200509574, "N": 9633, "over_prob": 0.0, "under_prob": 0.1476023391812865, "over_counts": {"0": 4275}, "under_counts": {"0": 3644, "1": 458, "2": 100, "3": 42, "4": 17, "5": 6, "6": 3, "7": 2, "8": 2, "10": 1}, "avg_over_mag": 0.0, "avg_under_mag": 1.4896988906497624, "avg_over": 0.0, "avg_under": 1.4896988906497624}], [[0.8500000000000001, 0.9], {"acc": 0.8724521309450278, "nll": 0.3818956450668728, "mse": 0.11132547430588509, "N": 9714, "over_prob": 0.4172604908946952, "under_prob": 0.0, "over_counts": {"0": 2208, "1": 1270, "2": 218, "3": 50, "4": 21, "5": 11, "6": 7, "8": 2, "7": 1, "13": 1}, "under_counts": {"0": 3789}, "avg_over_mag": 1.3111954459203037, "avg_under_mag": 0.0, "avg_over": 1.3111954459203037, "avg_under": 0.0}], [[0.9, 0.9500000000000001], {"acc": 0.9213213970495524, "nll": 0.2741894630721771, "mse": 0.07231952554054799, "N": 7931, "over_prob": 0.0007782101167315147, "under_prob": 0.0, "over_counts": {"0": 2568, "1": 2}, "under_counts": {"0": 2570}, "avg_over_mag": 1.0, "avg_under_mag": 0.0, "avg_over": 1.0, "avg_under": 0.0}], [[0.9500000000000001, 1.0], {"acc": 0.9583815028901734, "nll": 0.17307810261872197, "mse": 0.03984149675883838, "N": 865, "over_prob": 0.0, "under_prob": 0.0, "over_counts": {"0": 305}, "under_counts": {"0": 305}, "avg_over_mag": 0.0, "avg_under_mag": 0.0, "avg_over": 0.0, "avg_under": 0.0}]]}