{"auc": 0.6551074908637462, "over_prob": 0.04578155657292349, "under_prob": 0.08545890560279046, "over_counts": {"0": 4377, "1": 125, "2": 52, "3": 15, "4": 13, "5": 2, "6": 2, "7": 1}, "under_counts": {"0": 4195, "1": 321, "2": 52, "3": 10, "4": 5, "7": 1, "6": 1, "14": 1, "5": 1}, "avg_over_mag": 1.6904761904761905, "avg_under_mag": 1.2933673469387754, "avg_over": 1.6904761904761905, "avg_under": 1.2933673469387754, "acc": 0.7922554304487895, "nll": 0.4871435765330447, "mse": 0.15662495382640854, "metrics_by_prob": [[[0.0, 0.05], {"acc": 1.0, "nll": 0.04632731896739311, "mse": 0.0020494263192419484, "N": 1, "over_prob": 0.0, "under_prob": 0.0, "over_counts": {"0": 1}, "under_counts": {"0": 1}, "avg_over_mag": 0.0, "avg_under_mag": 0.0, "avg_over": 0.0, "avg_under": 0.0}], [[0.05, 0.1], {"acc": NaN, "nll": NaN, "mse": NaN, "N": 0}], [[0.1, 0.15000000000000002], {"acc": 0.8666666666666667, "nll": 0.3983940030910978, "mse": 0.11667929392522035, "N": 15, "over_prob": 0.0, "under_prob": 0.0, "over_counts": {"0": 15}, "under_counts": {"0": 15}, "avg_over_mag": 0.0, "avg_under_mag": 0.0, "avg_over": 0.0, "avg_under": 0.0}], [[0.15000000000000002, 0.2], {"acc": NaN, "nll": NaN, "mse": NaN, "N": 0}], [[0.2, 0.25], {"acc": 0.8, "nll": 0.5175852416375375, "mse": 0.16661218807496705, "N": 15, "over_prob": 0.0, "under_prob": 0.0, "over_counts": {"0": 15}, "under_counts": {"0": 15}, "avg_over_mag": 0.0, "avg_under_mag": 0.0, "avg_over": 0.0, "avg_under": 0.0}], [[0.25, 0.30000000000000004], {"acc": 0.7407407407407407, "nll": 0.5664186664651321, "mse": 0.1895277057504408, "N": 27, "over_prob": 0.0, "under_prob": 0.0, "over_counts": {"0": 27}, "under_counts": {"0": 27}, "avg_over_mag": 0.0, "avg_under_mag": 0.0, "avg_over": 0.0, "avg_under": 0.0}], [[0.30000000000000004, 0.35000000000000003], {"acc": 0.6875, "nll": 0.6367462490727536, "mse": 0.22181244067887057, "N": 32, "over_prob": 0.0, "under_prob": 0.0, "over_counts": {"0": 32}, "under_counts": {"0": 32}, "avg_over_mag": 0.0, "avg_under_mag": 0.0, "avg_over": 0.0, "avg_under": 0.0}], [[0.35000000000000003, 0.4], {"acc": 0.6198347107438017, "nll": 0.6573273175848064, "mse": 0.23239825048417306, "N": 121, "over_prob": 0.0, "under_prob": 0.0, "over_counts": {"0": 121}, "under_counts": {"0": 121}, "avg_over_mag": 0.0, "avg_under_mag": 0.0, "avg_over": 0.0, "avg_under": 0.0}], [[0.4, 0.45], {"acc": 0.6629213483146067, "nll": 0.6631713747463642, "mse": 0.23504493495031673, "N": 89, "over_prob": 0.0, "under_prob": 0.0, "over_counts": {"0": 84}, "under_counts": {"0": 84}, "avg_over_mag": 0.0, "avg_under_mag": 0.0, "avg_over": 0.0, "avg_under": 0.0}], [[0.45, 0.5], {"acc": 0.48, "nll": 0.6987488162559125, "mse": 0.2527741633010262, "N": 225, "over_prob": 0.0, "under_prob": 0.0, "over_counts": {"0": 222}, "under_counts": {"0": 222}, "avg_over_mag": 0.0, "avg_under_mag": 0.0, "avg_over": 0.0, "avg_under": 0.0}], [[0.5, 0.55], {"acc": 0.5131964809384164, "nll": 0.6911818120475419, "mse": 0.24900513584548412, "N": 341, "over_prob": 0.0, "under_prob": 0.0, "over_counts": {"0": 339}, "under_counts": {"0": 339}, "avg_over_mag": 0.0, "avg_under_mag": 0.0, "avg_over": 0.0, "avg_under": 0.0}], [[0.55, 0.6000000000000001], {"acc": 0.5824817518248175, "nll": 0.6817135242370415, "mse": 0.24429107589268798, "N": 685, "over_prob": 0.0, "under_prob": 0.0, "over_counts": {"0": 590}, "under_counts": {"0": 590}, "avg_over_mag": 0.0, "avg_under_mag": 0.0, "avg_over": 0.0, "avg_under": 0.0}], [[0.6000000000000001, 0.65], {"acc": 0.6468285043069695, "nll": 0.6492420098983827, "mse": 0.22835006332636645, "N": 1277, "over_prob": 0.0, "under_prob": 0.0, "over_counts": {"0": 883}, "under_counts": {"0": 883}, "avg_over_mag": 0.0, "avg_under_mag": 0.0, "avg_over": 0.0, "avg_under": 0.0}], [[0.65, 0.7000000000000001], {"acc": 0.6735181644359465, "nll": 0.6304415062685427, "mse": 0.2193491391040357, "N": 2092, "over_prob": 0.0, "under_prob": 0.0, "over_counts": {"0": 1332}, "under_counts": {"0": 1332}, "avg_over_mag": 0.0, "avg_under_mag": 0.0, "avg_over": 0.0, "avg_under": 0.0}], [[0.7000000000000001, 0.75], {"acc": 0.7321266968325791, "nll": 0.5832510234916376, "mse": 0.19695571924527952, "N": 3315, "over_prob": 0.0, "under_prob": 0.0005630630630630851, "over_counts": {"0": 1776}, "under_counts": {"0": 1775, "6": 1}, "avg_over_mag": 0.0, "avg_under_mag": 6.0, "avg_over": 0.0, "avg_under": 6.0}], [[0.75, 0.8], {"acc": 0.7771507399046902, "nll": 0.5303329471330425, "mse": 0.17314328163804618, "N": 7974, "over_prob": 0.0, "under_prob": 0.0004816955684007196, "over_counts": {"0": 2076}, "under_counts": {"0": 2075, "1": 1}, "avg_over_mag": 0.0, "avg_under_mag": 1.0, "avg_over": 0.0, "avg_under": 1.0}], [[0.8, 0.8500000000000001], {"acc": 0.8294144767173813, "nll": 0.4567544529185066, "mse": 0.14145580309585354, "N": 6507, "over_prob": 0.0, "under_prob": 0.22241183162684874, "over_counts": {"0": 1758}, "under_counts": {"0": 1367, "1": 321, "2": 52, "3": 11, "4": 4, "7": 1, "14": 1, "5": 1}, "avg_over_mag": 0.0, "avg_under_mag": 1.278772378516624, "avg_over": 0.0, "avg_under": 1.278772378516624}], [[0.8500000000000001, 0.9], {"acc": 0.8788764409806786, "nll": 0.36888211882207594, "mse": 0.10640047678386491, "N": 6159, "over_prob": 0.14037433155080214, "under_prob": 0.0, "over_counts": {"0": 1286, "1": 125, "2": 52, "3": 15, "4": 13, "5": 2, "6": 2, "7": 1}, "under_counts": {"0": 1496}, "avg_over_mag": 1.6904761904761905, "avg_under_mag": 0.0, "avg_over": 1.6904761904761905, "avg_under": 0.0}], [[0.9, 0.9500000000000001], {"acc": 0.918531781557744, "nll": 0.2824546038474961, "mse": 0.07483482481422109, "N": 2234, "over_prob": 0.0, "under_prob": 0.0, "over_counts": {"0": 642}, "under_counts": {"0": 642}, "avg_over_mag": 0.0, "avg_under_mag": 0.0, "avg_over": 0.0, "avg_under": 0.0}], [[0.9500000000000001, 1.0], {"acc": 0.9628099173553719, "nll": 0.16186546882425237, "mse": 0.036074934636042805, "N": 242, "over_prob": 0.0, "under_prob": 0.0, "over_counts": {"0": 112}, "under_counts": {"0": 112}, "avg_over_mag": 0.0, "avg_under_mag": 0.0, "avg_over": 0.0, "avg_under": 0.0}]]}