{"auc": 0.6612853486171327, "over_prob": 0.060441850771154604, "under_prob": 0.0789495623176324, "over_counts": {"0": 11270, "1": 625, "2": 68, "3": 19, "4": 6, "5": 4, "18": 2, "6": 1}, "under_counts": {"0": 11048, "1": 834, "2": 84, "3": 18, "5": 8, "4": 3}, "avg_over_mag": 1.246896551724138, "avg_under_mag": 1.1700105596620909, "avg_over": 1.246896551724138, "avg_under": 1.1700105596620909, "acc": 0.8077817974390922, "nll": 0.46587548289044245, "mse": 0.14789412319691517, "metrics_by_prob": [[[0.0, 0.05], {"acc": NaN, "nll": NaN, "mse": NaN, "N": 0}], [[0.05, 0.1], {"acc": NaN, "nll": NaN, "mse": NaN, "N": 0}], [[0.1, 0.15000000000000002], {"acc": NaN, "nll": NaN, "mse": NaN, "N": 0}], [[0.15000000000000002, 0.2], {"acc": NaN, "nll": NaN, "mse": NaN, "N": 0}], [[0.2, 0.25], {"acc": NaN, "nll": NaN, "mse": NaN, "N": 0}], [[0.25, 0.30000000000000004], {"acc": NaN, "nll": NaN, "mse": NaN, "N": 0}], [[0.30000000000000004, 0.35000000000000003], {"acc": 0.6919831223628692, "nll": 0.6211679940536727, "mse": 0.214788823358033, "N": 237, "over_prob": 0.0, "under_prob": 0.0, "over_counts": {"0": 237}, "under_counts": {"0": 237}, "avg_over_mag": 0.0, "avg_under_mag": 0.0, "avg_over": 0.0, "avg_under": 0.0}], [[0.35000000000000003, 0.4], {"acc": 0.6896551724137931, "nll": 0.6330766234127649, "mse": 0.22038217227092427, "N": 29, "over_prob": 0.0, "under_prob": 0.0, "over_counts": {"0": 29}, "under_counts": {"0": 29}, "avg_over_mag": 0.0, "avg_under_mag": 0.0, "avg_over": 0.0, "avg_under": 0.0}], [[0.4, 0.45], {"acc": 0.5966666666666667, "nll": 0.6765439722222406, "mse": 0.24172990297722702, "N": 300, "over_prob": 0.0, "under_prob": 0.0, "over_counts": {"0": 300}, "under_counts": {"0": 300}, "avg_over_mag": 0.0, "avg_under_mag": 0.0, "avg_over": 0.0, "avg_under": 0.0}], [[0.45, 0.5], {"acc": 0.5231316725978647, "nll": 0.6922802712138775, "mse": 0.2495666282438769, "N": 281, "over_prob": 0.0, "under_prob": 0.0, "over_counts": {"0": 281}, "under_counts": {"0": 281}, "avg_over_mag": 0.0, "avg_under_mag": 0.0, "avg_over": 0.0, "avg_under": 0.0}], [[0.5, 0.55], {"acc": 0.460093896713615, "nll": 0.6982841945393533, "mse": 0.2525646584948782, "N": 213, "over_prob": 0.0, "under_prob": 0.0, "over_counts": {"0": 213}, "under_counts": {"0": 213}, "avg_over_mag": 0.0, "avg_under_mag": 0.0, "avg_over": 0.0, "avg_under": 0.0}], [[0.55, 0.6000000000000001], {"acc": 0.5923616523772408, "nll": 0.6755860040337913, "mse": 0.2412752781034216, "N": 1283, "over_prob": 0.0, "under_prob": 0.0, "over_counts": {"0": 1283}, "under_counts": {"0": 1283}, "avg_over_mag": 0.0, "avg_under_mag": 0.0, "avg_over": 0.0, "avg_under": 0.0}], [[0.6000000000000001, 0.65], {"acc": 0.6505171475231355, "nll": 0.6482515783796032, "mse": 0.2278693046670569, "N": 1837, "over_prob": 0.0, "under_prob": 0.0, "over_counts": {"0": 1671}, "under_counts": {"0": 1671}, "avg_over_mag": 0.0, "avg_under_mag": 0.0, "avg_over": 0.0, "avg_under": 0.0}], [[0.65, 0.7000000000000001], {"acc": 0.6899600684540788, "nll": 0.618142642708965, "mse": 0.21348660491112784, "N": 3506, "over_prob": 0.0, "under_prob": 0.0, "over_counts": {"0": 3123}, "under_counts": {"0": 3123}, "avg_over_mag": 0.0, "avg_under_mag": 0.0, "avg_over": 0.0, "avg_under": 0.0}], [[0.7000000000000001, 0.75], {"acc": 0.7302240512117055, "nll": 0.5818931874221656, "mse": 0.19654688734261955, "N": 8748, "over_prob": 0.0, "under_prob": 0.0, "over_counts": {"0": 5268}, "under_counts": {"0": 5268}, "avg_over_mag": 0.0, "avg_under_mag": 0.0, "avg_over": 0.0, "avg_under": 0.0}], [[0.75, 0.8], {"acc": 0.7755071261594149, "nll": 0.5329383592689346, "mse": 0.17423475601944116, "N": 13261, "over_prob": 0.0, "under_prob": 0.0, "over_counts": {"0": 6244}, "under_counts": {"0": 6244}, "avg_over_mag": 0.0, "avg_under_mag": 0.0, "avg_over": 0.0, "avg_under": 0.0}], [[0.8, 0.8500000000000001], {"acc": 0.8238361266294227, "nll": 0.46494613759017317, "mse": 0.14496315217390687, "N": 13425, "over_prob": 0.0, "under_prob": 0.1680269694819021, "over_counts": {"0": 5636}, "under_counts": {"0": 4689, "1": 834, "2": 84, "3": 18, "5": 8, "4": 3}, "avg_over_mag": 0.0, "avg_under_mag": 1.1700105596620909, "avg_over": 0.0, "avg_under": 1.1700105596620909}], [[0.8500000000000001, 0.9], {"acc": 0.8821911528764611, "nll": 0.3627084591316613, "mse": 0.10398543206368614, "N": 13089, "over_prob": 0.15138859887241596, "under_prob": 0.0, "over_counts": {"0": 4064, "1": 625, "2": 68, "3": 19, "4": 6, "5": 4, "18": 2, "6": 1}, "under_counts": {"0": 4789}, "avg_over_mag": 1.246896551724138, "avg_under_mag": 0.0, "avg_over": 1.246896551724138, "avg_under": 0.0}], [[0.9, 0.9500000000000001], {"acc": 0.9140228426395939, "nll": 0.2928527051013867, "mse": 0.0785304288619681, "N": 9456, "over_prob": 0.0, "under_prob": 0.0, "over_counts": {"0": 2887}, "under_counts": {"0": 2887}, "avg_over_mag": 0.0, "avg_under_mag": 0.0, "avg_over": 0.0, "avg_under": 0.0}], [[0.9500000000000001, 1.0], {"acc": 0.9537815126050421, "nll": 0.19148544510125995, "mse": 0.044315683096103425, "N": 952, "over_prob": 0.0, "under_prob": 0.0, "over_counts": {"0": 348}, "under_counts": {"0": 348}, "avg_over_mag": 0.0, "avg_under_mag": 0.0, "avg_over": 0.0, "avg_under": 0.0}]]}