{"over_prob": 0.045989941768131315, "under_prob": 0.10044997353096874, "over_counts": {"0": 14417, "1": 397, "2": 138, "3": 71, "4": 38, "5": 21, "6": 12, "8": 6, "9": 4, "7": 3, "12": 1, "16": 1, "17": 1, "11": 1, "18": 1}, "under_counts": {"0": 13594, "1": 1033, "2": 273, "3": 112, "4": 52, "5": 24, "6": 10, "8": 6, "7": 2, "13": 2, "12": 1, "11": 1, "10": 1, "15": 1}, "avg_over_mag": 2.0057553956834533, "avg_under_mag": 1.6067193675889329, "avg_over": 2.0057553956834533, "avg_under": 1.6067193675889329, "acc": 0.6557842986633892, "auc": 0.7152245796209311, "nll": 0.6137748663650785, "mse": 0.21330702239103452, "metrics_by_prob": [[[0.0, 0.05], {"acc": 0.9858132629495217, "nll": 0.07749587536338169, "mse": 0.014795269169874567, "N": 3031, "over_prob": 0.0, "under_prob": 0.0, "over_counts": {"0": 440}, "under_counts": {"0": 440}, "avg_over_mag": 0.0, "avg_under_mag": 0.0, "avg_over": 0.0, "avg_under": 0.0}], [[0.05, 0.1], {"acc": 0.9261744966442953, "nll": 0.29543475785500134, "mse": 0.07173886112833633, "N": 1043, "over_prob": 0.0, "under_prob": 0.0, "over_counts": {"0": 392}, "under_counts": {"0": 392}, "avg_over_mag": 0.0, "avg_under_mag": 0.0, "avg_over": 0.0, "avg_under": 0.0}], [[0.1, 0.15000000000000002], {"acc": 0.8810955243820975, "nll": 0.3830816398735399, "mse": 0.109235392007184, "N": 1497, "over_prob": 0.0, "under_prob": 0.0, "over_counts": {"0": 626}, "under_counts": {"0": 626}, "avg_over_mag": 0.0, "avg_under_mag": 0.0, "avg_over": 0.0, "avg_under": 0.0}], [[0.15000000000000002, 0.2], {"acc": 0.8300355149670218, "nll": 0.478831323583217, "mse": 0.14753712877890746, "N": 1971, "over_prob": 0.0, "under_prob": 0.0, "over_counts": {"0": 973}, "under_counts": {"0": 973}, "avg_over_mag": 0.0, "avg_under_mag": 0.0, "avg_over": 0.0, "avg_under": 0.0}], [[0.2, 0.25], {"acc": 0.7670886075949367, "nll": 0.5673774554926702, "mse": 0.18618751168713235, "N": 2765, "over_prob": 0.0, "under_prob": 0.0, "over_counts": {"0": 1379}, "under_counts": {"0": 1379}, "avg_over_mag": 0.0, "avg_under_mag": 0.0, "avg_over": 0.0, "avg_under": 0.0}], [[0.25, 0.30000000000000004], {"acc": 0.7081284350593, "nll": 0.6227613254732972, "mse": 0.21292440782490374, "N": 3457, "over_prob": 0.0, "under_prob": 0.0, "over_counts": {"0": 1845}, "under_counts": {"0": 1845}, "avg_over_mag": 0.0, "avg_under_mag": 0.0, "avg_over": 0.0, "avg_under": 0.0}], [[0.30000000000000004, 0.35000000000000003], {"acc": 0.6539417212559295, "nll": 0.6563760177222179, "mse": 0.23002464722491228, "N": 4427, "over_prob": 0.0, "under_prob": 0.000852151682999569, "over_counts": {"0": 2347}, "under_counts": {"0": 2345, "1": 2}, "avg_over_mag": 0.0, "avg_under_mag": 1.0, "avg_over": 0.0, "avg_under": 1.0}], [[0.35000000000000003, 0.4], {"acc": 0.603180473372781, "nll": 0.6810450924412058, "mse": 0.2427041251475991, "N": 5408, "over_prob": 0.0, "under_prob": 0.0010482180293500676, "over_counts": {"0": 2862}, "under_counts": {"0": 2859, "1": 2, "2": 1}, "avg_over_mag": 0.0, "avg_under_mag": 1.3333333333333333, "avg_over": 0.0, "avg_under": 1.3333333333333333}], [[0.4, 0.45], {"acc": 0.5515151515151515, "nll": 0.6915331532897353, "mse": 0.24860670168826204, "N": 6435, "over_prob": 0.0, "under_prob": 0.0, "over_counts": {"0": 3444}, "under_counts": {"0": 3444}, "avg_over_mag": 0.0, "avg_under_mag": 0.0, "avg_over": 0.0, "avg_under": 0.0}], [[0.45, 0.5], {"acc": 0.4987641472616105, "nll": 0.7129999331884613, "mse": 0.2589673055334004, "N": 7687, "over_prob": 0.0, "under_prob": 0.0012591286829514159, "over_counts": {"0": 3971}, "under_counts": {"0": 3966, "1": 4, "2": 1}, "avg_over_mag": 0.0, "avg_under_mag": 1.2, "avg_over": 0.0, "avg_under": 1.2}], [[0.5, 0.55], {"acc": 0.5060899826000497, "nll": 0.71148506054698, "mse": 0.25816354244740886, "N": 8046, "over_prob": 0.0, "under_prob": 0.0033734939759035854, "over_counts": {"0": 4150}, "under_counts": {"0": 4136, "1": 14}, "avg_over_mag": 0.0, "avg_under_mag": 1.0, "avg_over": 0.0, "avg_under": 1.0}], [[0.55, 0.6000000000000001], {"acc": 0.5461009717942641, "nll": 0.6972887834702064, "mse": 0.2511633995387946, "N": 8438, "over_prob": 0.0, "under_prob": 0.00897170462387853, "over_counts": {"0": 4347}, "under_counts": {"0": 4308, "1": 37, "2": 2}, "avg_over_mag": 0.0, "avg_under_mag": 1.0512820512820513, "avg_over": 0.0, "avg_under": 1.0512820512820513}], [[0.6000000000000001, 0.65], {"acc": 0.586646398503274, "nll": 0.6833234137968133, "mse": 0.24403081794035794, "N": 8552, "over_prob": 0.0, "under_prob": 0.01868512110726639, "over_counts": {"0": 4335}, "under_counts": {"0": 4254, "1": 78, "2": 2, "3": 1}, "avg_over_mag": 0.0, "avg_under_mag": 1.0493827160493827, "avg_over": 0.0, "avg_under": 1.0493827160493827}], [[0.65, 0.7000000000000001], {"acc": 0.6466924131057681, "nll": 0.6627937490790914, "mse": 0.2327831147322174, "N": 8027, "over_prob": 0.0, "under_prob": 0.0426564495530013, "over_counts": {"0": 3915}, "under_counts": {"0": 3748, "1": 145, "2": 17, "3": 4, "4": 1}, "avg_over_mag": 0.0, "avg_under_mag": 1.1676646706586826, "avg_over": 0.0, "avg_under": 1.1676646706586826}], [[0.7000000000000001, 0.75], {"acc": 0.7149172846548774, "nll": 0.6129393275263259, "mse": 0.20952719792414037, "N": 7012, "over_prob": 0.0, "under_prob": 0.09379551412758524, "over_counts": {"0": 3433}, "under_counts": {"0": 3111, "1": 282, "2": 32, "3": 5, "6": 1, "4": 1, "5": 1}, "avg_over_mag": 0.0, "avg_under_mag": 1.1677018633540373, "avg_over": 0.0, "avg_under": 1.1677018633540373}], [[0.75, 0.8], {"acc": 0.7633807893314111, "nll": 0.5639012525709461, "mse": 0.18675156688246272, "N": 5549, "over_prob": 0.0, "under_prob": 0.18778842740504087, "over_counts": {"0": 2817}, "under_counts": {"0": 2288, "1": 438, "2": 74, "3": 12, "4": 5}, "avg_over_mag": 0.0, "avg_under_mag": 1.2136105860113422, "avg_over": 0.0, "avg_under": 1.2136105860113422}], [[0.8, 0.8500000000000001], {"acc": 0.8195902048975512, "nll": 0.4980198300152736, "mse": 0.15573439482805923, "N": 4002, "over_prob": 0.0, "under_prob": 0.39566115702479343, "over_counts": {"0": 1936}, "under_counts": {"0": 1170, "1": 558, "2": 140, "3": 46, "4": 15, "5": 4, "6": 3}, "avg_over_mag": 0.0, "avg_under_mag": 1.402088772845953, "avg_over": 0.0, "avg_under": 1.402088772845953}], [[0.8500000000000001, 0.9], {"acc": 0.8578391551584078, "nll": 0.42625061002217546, "mse": 0.1258618176346829, "N": 2462, "over_prob": 0.553925798101812, "under_prob": 0.0, "over_counts": {"0": 517, "1": 379, "2": 121, "3": 70, "4": 28, "5": 23, "6": 12, "7": 4, "8": 2, "16": 1, "9": 1, "10": 1}, "under_counts": {"0": 1159}, "avg_over_mag": 1.8831775700934579, "avg_under_mag": 0.0, "avg_over": 1.8831775700934579, "avg_under": 0.0}], [[0.9, 0.9500000000000001], {"acc": 0.9156079854809437, "nll": 0.3071418769070255, "mse": 0.08104900495523873, "N": 1102, "over_prob": 0.22037037037037033, "under_prob": 0.0, "over_counts": {"0": 421, "1": 89, "2": 20, "3": 3, "4": 2, "7": 1, "9": 1, "5": 1, "6": 1, "8": 1}, "under_counts": {"0": 540}, "avg_over_mag": 1.5210084033613445, "avg_under_mag": 0.0, "avg_over": 1.5210084033613445, "avg_under": 0.0}], [[0.9500000000000001, 1.0], {"acc": 0.9441860465116279, "nll": 0.22706394147458744, "mse": 0.05433184248043808, "N": 215, "over_prob": 0.020689655172413834, "under_prob": 0.0, "over_counts": {"0": 142, "1": 2, "2": 1}, "under_counts": {"0": 145}, "avg_over_mag": 1.3333333333333333, "avg_under_mag": 0.0, "avg_over": 1.3333333333333333, "avg_under": 0.0}]]}