{"auc": 0.7349055432901765, "over_prob": 0.3204404291360813, "under_prob": 0.17871259175607002, "over_counts": {"0": 2407, "1": 608, "2": 256, "3": 127, "4": 59, "5": 33, "6": 17, "8": 10, "7": 10, "10": 5, "12": 3, "9": 2, "19": 2, "13": 2, "38": 1}, "under_counts": {"0": 2909, "1": 431, "2": 109, "3": 48, "4": 21, "5": 13, "7": 3, "8": 3, "9": 2, "6": 1, "12": 1, "13": 1}, "avg_over_mag": 2.079295154185022, "avg_under_mag": 1.636650868878357, "avg_over": 2.079295154185022, "avg_under": 1.636650868878357, "acc": 0.7150983645413606, "nll": 0.5596179147752862, "mse": 0.18897265392590154, "metrics_by_prob": [[[0.0, 0.05], {"acc": 0.978021978021978, "nll": 0.23757689322671133, "mse": 0.06120099634142831, "N": 273, "over_prob": 0.0, "under_prob": 0.0, "over_counts": {"0": 59}, "under_counts": {"0": 59}, "avg_over_mag": 0.0, "avg_under_mag": 0.0, "avg_over": 0.0, "avg_under": 0.0}], [[0.05, 0.1], {"acc": 0.7857142857142857, "nll": 0.4586587601008433, "mse": 0.1476290538959839, "N": 266, "over_prob": 0.0, "under_prob": 0.0, "over_counts": {"0": 95}, "under_counts": {"0": 95}, "avg_over_mag": 0.0, "avg_under_mag": 0.0, "avg_over": 0.0, "avg_under": 0.0}], [[0.1, 0.15000000000000002], {"acc": 0.7563739376770539, "nll": 0.5232181719488191, "mse": 0.1722585994281375, "N": 353, "over_prob": 0.0, "under_prob": 0.0, "over_counts": {"0": 178}, "under_counts": {"0": 178}, "avg_over_mag": 0.0, "avg_under_mag": 0.0, "avg_over": 0.0, "avg_under": 0.0}], [[0.15000000000000002, 0.2], {"acc": 0.7283653846153846, "nll": 0.5612155968473491, "mse": 0.18763283842213857, "N": 416, "over_prob": 0.0, "under_prob": 0.0, "over_counts": {"0": 232}, "under_counts": {"0": 232}, "avg_over_mag": 0.0, "avg_under_mag": 0.0, "avg_over": 0.0, "avg_under": 0.0}], [[0.2, 0.25], {"acc": 0.6745182012847966, "nll": 0.6274958099630552, "mse": 0.21637532286823233, "N": 467, "over_prob": 0.0, "under_prob": 0.0034364261168384758, "over_counts": {"0": 291}, "under_counts": {"0": 290, "1": 1}, "avg_over_mag": 0.0, "avg_under_mag": 1.0, "avg_over": 0.0, "avg_under": 1.0}], [[0.25, 0.30000000000000004], {"acc": 0.6440972222222222, "nll": 0.6691037299821375, "mse": 0.23491222334743245, "N": 576, "over_prob": 0.0, "under_prob": 0.0, "over_counts": {"0": 378}, "under_counts": {"0": 378}, "avg_over_mag": 0.0, "avg_under_mag": 0.0, "avg_over": 0.0, "avg_under": 0.0}], [[0.30000000000000004, 0.35000000000000003], {"acc": 0.5689102564102564, "nll": 0.7076208320603364, "mse": 0.2533840537625843, "N": 624, "over_prob": 0.0, "under_prob": 0.00987654320987652, "over_counts": {"0": 405}, "under_counts": {"0": 401, "1": 4}, "avg_over_mag": 0.0, "avg_under_mag": 1.0, "avg_over": 0.0, "avg_under": 1.0}], [[0.35000000000000003, 0.4], {"acc": 0.5521796565389696, "nll": 0.7260851995600479, "mse": 0.2634049246594798, "N": 757, "over_prob": 0.0, "under_prob": 0.0022123893805309214, "over_counts": {"0": 452}, "under_counts": {"0": 451, "1": 1}, "avg_over_mag": 0.0, "avg_under_mag": 1.0, "avg_over": 0.0, "avg_under": 1.0}], [[0.4, 0.45], {"acc": 0.5406643757159221, "nll": 0.7233330012722299, "mse": 0.26138073795071814, "N": 873, "over_prob": 0.0, "under_prob": 0.009191176470588203, "over_counts": {"0": 544}, "under_counts": {"0": 539, "1": 5}, "avg_over_mag": 0.0, "avg_under_mag": 1.0, "avg_over": 0.0, "avg_under": 1.0}], [[0.45, 0.5], {"acc": 0.5047348484848485, "nll": 0.7399018561785881, "mse": 0.2697569433636824, "N": 1056, "over_prob": 0.0, "under_prob": 0.010903426791277204, "over_counts": {"0": 642}, "under_counts": {"0": 635, "1": 6, "2": 1}, "avg_over_mag": 0.0, "avg_under_mag": 1.1428571428571428, "avg_over": 0.0, "avg_under": 1.1428571428571428}], [[0.5, 0.55], {"acc": 0.49918166939443537, "nll": 0.7378633590401672, "mse": 0.26952687911309187, "N": 1222, "over_prob": 0.0, "under_prob": 0.012195121951219523, "over_counts": {"0": 738}, "under_counts": {"0": 729, "1": 9}, "avg_over_mag": 0.0, "avg_under_mag": 1.0, "avg_over": 0.0, "avg_under": 1.0}], [[0.55, 0.6000000000000001], {"acc": 0.5513698630136986, "nll": 0.7153488761793015, "mse": 0.2584762998430666, "N": 1460, "over_prob": 0.0, "under_prob": 0.02464788732394363, "over_counts": {"0": 852}, "under_counts": {"0": 831, "1": 21}, "avg_over_mag": 0.0, "avg_under_mag": 1.0, "avg_over": 0.0, "avg_under": 1.0}], [[0.6000000000000001, 0.65], {"acc": 0.5866587254318046, "nll": 0.6843597225652422, "mse": 0.24453487782479238, "N": 1679, "over_prob": 0.0, "under_prob": 0.022916666666666696, "over_counts": {"0": 960}, "under_counts": {"0": 938, "1": 17, "2": 5}, "avg_over_mag": 0.0, "avg_under_mag": 1.2272727272727273, "avg_over": 0.0, "avg_under": 1.2272727272727273}], [[0.65, 0.7000000000000001], {"acc": 0.6328920570264766, "nll": 0.665409845459184, "mse": 0.23394242466414764, "N": 1964, "over_prob": 0.0, "under_prob": 0.05282669138090823, "over_counts": {"0": 1079}, "under_counts": {"0": 1022, "1": 52, "2": 4, "3": 1}, "avg_over_mag": 0.0, "avg_under_mag": 1.105263157894737, "avg_over": 0.0, "avg_under": 1.105263157894737}], [[0.7000000000000001, 0.75], {"acc": 0.6938592559390407, "nll": 0.6157996636599815, "mse": 0.2114273825382752, "N": 2231, "over_prob": 0.0, "under_prob": 0.07960199004975121, "over_counts": {"0": 1206}, "under_counts": {"0": 1110, "1": 87, "2": 8, "3": 1}, "avg_over_mag": 0.0, "avg_under_mag": 1.1041666666666667, "avg_over": 0.0, "avg_under": 1.1041666666666667}], [[0.75, 0.8], {"acc": 0.7550349362926428, "nll": 0.5667442814547846, "mse": 0.1876698171776349, "N": 2433, "over_prob": 0.0, "under_prob": 0.14820592823712953, "over_counts": {"0": 1282}, "under_counts": {"0": 1092, "1": 156, "2": 29, "3": 2, "4": 1, "5": 1, "8": 1}, "avg_over_mag": 0.0, "avg_under_mag": 1.2473684210526317, "avg_over": 0.0, "avg_under": 1.2473684210526317}], [[0.8, 0.8500000000000001], {"acc": 0.8122270742358079, "nll": 0.49065023957369774, "mse": 0.15556871114392506, "N": 2748, "over_prob": 0.0, "under_prob": 0.3047050037341299, "over_counts": {"0": 1339}, "under_counts": {"0": 931, "1": 317, "2": 62, "3": 14, "4": 10, "5": 3, "10": 1, "6": 1}, "avg_over_mag": 0.0, "avg_under_mag": 1.357843137254902, "avg_over": 0.0, "avg_under": 1.357843137254902}], [[0.8500000000000001, 0.9], {"acc": 0.8653047091412742, "nll": 0.409227297672331, "mse": 0.1211818892697195, "N": 2888, "over_prob": 0.7408274785323965, "under_prob": 0.0, "over_counts": {"1": 578, "0": 332, "2": 208, "3": 84, "4": 36, "5": 17, "6": 9, "7": 6, "8": 4, "9": 3, "10": 1, "17": 1, "11": 1, "24": 1}, "under_counts": {"0": 1281}, "avg_over_mag": 1.7829293993677555, "avg_under_mag": 0.0, "avg_over": 1.7829293993677555, "avg_under": 0.0}], [[0.9, 0.9500000000000001], {"acc": 0.9302325581395349, "nll": 0.27911812909089384, "mse": 0.07127421771742523, "N": 2451, "over_prob": 0.43597262952101656, "under_prob": 0.0, "over_counts": {"0": 577, "1": 322, "2": 83, "3": 28, "4": 8, "5": 2, "6": 1, "14": 1, "10": 1}, "under_counts": {"0": 1023}, "avg_over_mag": 1.4439461883408071, "avg_under_mag": 0.0, "avg_over": 1.4439461883408071, "avg_under": 0.0}], [[0.9500000000000001, 1.0], {"acc": 0.9584055459272097, "nll": 0.1901164694913164, "mse": 0.042739689331139384, "N": 577, "over_prob": 0.07947019867549665, "under_prob": 0.0, "over_counts": {"0": 278, "1": 24}, "under_counts": {"0": 302}, "avg_over_mag": 1.0, "avg_under_mag": 0.0, "avg_over": 1.0, "avg_under": 0.0}]]}