{"over_prob": 0.1606664113366526, "under_prob": 0.29233462822126166, "over_counts": {"0": 30681, "1": 1745, "2": 1057, "3": 680, "4": 521, "5": 406, "6": 280, "7": 205, "8": 160, "9": 97, "10": 89, "11": 77, "13": 64, "12": 62, "17": 42, "15": 39, "14": 39, "19": 25, "22": 23, "16": 21, "18": 21, "21": 19, "20": 17, "29": 15, "23": 14, "28": 13, "27": 12, "26": 9, "25": 8, "31": 7, "30": 7, "46": 6, "32": 6, "24": 6, "37": 5, "34": 5, "39": 5, "35": 5, "42": 5, "40": 4, "57": 4, "41": 4, "38": 4, "33": 3, "44": 3, "56": 2, "62": 2, "60": 2, "43": 2, "54": 2, "67": 2, "50": 2, "48": 2, "64": 1, "36": 1, "63": 1, "92": 1, "90": 1, "89": 1, "91": 1, "53": 1, "81": 1, "145": 1, "100": 1, "55": 1, "52": 1, "65": 1, "85": 1, "45": 1, "66": 1, "75": 1}, "under_counts": {"0": 25868, "1": 5809, "2": 2358, "3": 1104, "4": 484, "5": 299, "6": 196, "7": 114, "8": 86, "9": 70, "10": 48, "11": 26, "12": 20, "13": 17, "14": 13, "16": 7, "17": 6, "19": 5, "15": 5, "18": 4, "24": 4, "20": 4, "22": 2, "23": 1, "21": 1, "35": 1, "29": 1, "30": 1}, "avg_over_mag": 5.08905159203133, "avg_under_mag": 2.132041924012727, "avg_over": 5.08905159203133, "avg_under": 2.132041924012727, "acc": 0.7870680465991821, "auc": 0.580325246618778, "nll": 0.5183819708059448, "mse": 0.16635684923560132, "metrics_by_prob": [[[0.0, 0.05], {"acc": NaN, "nll": NaN, "mse": NaN, "N": 0}], [[0.05, 0.1], {"acc": 0.8, "nll": 0.5325563050829538, "mse": 0.1700288227706206, "N": 5, "over_prob": 0.0, "under_prob": 0.0, "over_counts": {"0": 5}, "under_counts": {"0": 5}, "avg_over_mag": 0.0, "avg_under_mag": 0.0, "avg_over": 0.0, "avg_under": 0.0}], [[0.1, 0.15000000000000002], {"acc": NaN, "nll": NaN, "mse": NaN, "N": 0}], [[0.15000000000000002, 0.2], {"acc": 0.7115384615384616, "nll": 0.6594281239626159, "mse": 0.22423382225605015, "N": 52, "over_prob": 0.0, "under_prob": 0.0, "over_counts": {"0": 52}, "under_counts": {"0": 52}, "avg_over_mag": 0.0, "avg_under_mag": 0.0, "avg_over": 0.0, "avg_under": 0.0}], [[0.2, 0.25], {"acc": 0.7486033519553073, "nll": 0.5355103553001224, "mse": 0.1761248223682133, "N": 179, "over_prob": 0.0, "under_prob": 0.0, "over_counts": {"0": 179}, "under_counts": {"0": 179}, "avg_over_mag": 0.0, "avg_under_mag": 0.0, "avg_over": 0.0, "avg_under": 0.0}], [[0.25, 0.30000000000000004], {"acc": 0.5833333333333334, "nll": 0.8261756109798233, "mse": 0.273714336223733, "N": 96, "over_prob": 0.0, "under_prob": 0.07291666666666663, "over_counts": {"0": 96}, "under_counts": {"0": 89, "1": 7}, "avg_over_mag": 0.0, "avg_under_mag": 1.0, "avg_over": 0.0, "avg_under": 1.0}], [[0.30000000000000004, 0.35000000000000003], {"acc": 0.64, "nll": 0.6686641661776527, "mse": 0.23733323139118723, "N": 50, "over_prob": 0.0, "under_prob": 0.0, "over_counts": {"0": 50}, "under_counts": {"0": 50}, "avg_over_mag": 0.0, "avg_under_mag": 0.0, "avg_over": 0.0, "avg_under": 0.0}], [[0.35000000000000003, 0.4], {"acc": 0.5028901734104047, "nll": 0.7623232528971136, "mse": 0.27688455946714724, "N": 173, "over_prob": 0.0, "under_prob": 0.01807228915662651, "over_counts": {"0": 166}, "under_counts": {"0": 163, "1": 2, "2": 1}, "avg_over_mag": 0.0, "avg_under_mag": 1.3333333333333333, "avg_over": 0.0, "avg_under": 1.3333333333333333}], [[0.4, 0.45], {"acc": 0.5261627906976745, "nll": 0.72923987783086, "mse": 0.2659302259598196, "N": 688, "over_prob": 0.0, "under_prob": 0.009049773755656076, "over_counts": {"0": 663}, "under_counts": {"0": 657, "1": 6}, "avg_over_mag": 0.0, "avg_under_mag": 1.0, "avg_over": 0.0, "avg_under": 1.0}], [[0.45, 0.5], {"acc": 0.5193798449612403, "nll": 0.7598221368834893, "mse": 0.27636111533719415, "N": 645, "over_prob": 0.0, "under_prob": 0.03410852713178292, "over_counts": {"0": 645}, "under_counts": {"0": 623, "1": 22}, "avg_over_mag": 0.0, "avg_under_mag": 1.0, "avg_over": 0.0, "avg_under": 1.0}], [[0.5, 0.55], {"acc": 0.5140586797066015, "nll": 0.7383136841435267, "mse": 0.2683661402023868, "N": 1636, "over_prob": 0.0, "under_prob": 0.013563501849568449, "over_counts": {"0": 1622}, "under_counts": {"0": 1600, "1": 22}, "avg_over_mag": 0.0, "avg_under_mag": 1.0, "avg_over": 0.0, "avg_under": 1.0}], [[0.55, 0.6000000000000001], {"acc": 0.5596919127086007, "nll": 0.7204566033872039, "mse": 0.25979404351114255, "N": 4674, "over_prob": 0.0, "under_prob": 0.016513328615239464, "over_counts": {"0": 4239}, "under_counts": {"0": 4169, "1": 67, "3": 2, "2": 1}, "avg_over_mag": 0.0, "avg_under_mag": 1.0714285714285714, "avg_over": 0.0, "avg_under": 1.0714285714285714}], [[0.6000000000000001, 0.65], {"acc": 0.6193716683679256, "nll": 0.6862335106852953, "mse": 0.24357936609728986, "N": 8817, "over_prob": 0.0, "under_prob": 0.02915140415140416, "over_counts": {"0": 6552}, "under_counts": {"0": 6361, "1": 190, "2": 1}, "avg_over_mag": 0.0, "avg_under_mag": 1.0052356020942408, "avg_over": 0.0, "avg_under": 1.0052356020942408}], [[0.65, 0.7000000000000001], {"acc": 0.6807389326528348, "nll": 0.642295668053323, "mse": 0.2224028491197373, "N": 18026, "over_prob": 0.0, "under_prob": 0.05109713058155596, "over_counts": {"0": 13034}, "under_counts": {"0": 12368, "1": 646, "2": 19, "3": 1}, "avg_over_mag": 0.0, "avg_under_mag": 1.0315315315315314, "avg_over": 0.0, "avg_under": 1.0315315315315314}], [[0.7000000000000001, 0.75], {"acc": 0.7208431775643582, "nll": 0.6073434646622949, "mse": 0.20525014746126652, "N": 32591, "over_prob": 0.0, "under_prob": 0.09772887738291358, "over_counts": {"0": 16996}, "under_counts": {"0": 15335, "1": 1537, "2": 116, "3": 7, "4": 1}, "avg_over_mag": 0.0, "avg_under_mag": 1.0800722456351595, "avg_over": 0.0, "avg_under": 1.0800722456351595}], [[0.75, 0.8], {"acc": 0.7761546301428648, "nll": 0.5476307941003139, "mse": 0.17762871060654944, "N": 55927, "over_prob": 0.0, "under_prob": 0.2287934383768616, "over_counts": {"0": 18532}, "under_counts": {"0": 14292, "1": 3347, "2": 652, "3": 142, "4": 51, "5": 28, "6": 12, "7": 4, "8": 2, "10": 1, "9": 1}, "avg_over_mag": 0.0, "avg_under_mag": 1.310377358490566, "avg_over": 0.0, "avg_under": 1.310377358490566}], [[0.8, 0.8500000000000001], {"acc": 0.8250492787384643, "nll": 0.48055285835305533, "mse": 0.1488006487492497, "N": 89288, "over_prob": 0.0, "under_prob": 0.451062416998672, "over_counts": {"0": 15060}, "under_counts": {"0": 8267, "1": 3853, "2": 1418, "3": 600, "4": 291, "5": 194, "6": 131, "7": 82, "9": 63, "8": 57, "10": 26, "11": 20, "13": 16, "12": 9, "14": 6, "15": 5, "16": 4, "19": 4, "24": 3, "17": 2, "18": 2, "20": 2, "22": 2, "34": 1, "28": 1, "29": 1}, "avg_over_mag": 0.0, "avg_under_mag": 2.1224790225231858, "avg_over": 0.0, "avg_under": 2.1224790225231858}], [[0.8500000000000001, 0.9], {"acc": 0.8695452123795224, "nll": 0.40920278940188615, "mse": 0.11905171370581923, "N": 41294, "over_prob": 0.8669154228855721, "under_prob": 0.0, "over_counts": {"1": 1737, "2": 1113, "0": 856, "3": 646, "4": 502, "5": 366, "6": 245, "7": 173, "8": 128, "9": 88, "10": 66, "11": 57, "13": 55, "12": 40, "17": 33, "14": 31, "15": 29, "19": 24, "22": 20, "18": 17, "16": 15, "20": 15, "21": 15, "29": 14, "23": 13, "28": 9, "26": 8, "27": 8, "30": 8, "31": 7, "24": 7, "46": 6, "35": 5, "37": 5, "25": 5, "42": 5, "34": 5, "57": 4, "41": 4, "38": 4, "39": 4, "32": 3, "33": 3, "48": 2, "40": 2, "54": 2, "67": 2, "60": 2, "62": 2, "56": 2, "50": 2, "92": 1, "43": 1, "90": 1, "63": 1, "89": 1, "36": 1, "91": 1, "44": 1, "66": 1, "81": 1, "145": 1, "53": 1, "55": 1, "65": 1, "85": 1, "45": 1, "100": 1, "75": 1}, "under_counts": {"0": 6432}, "avg_over_mag": 4.741571018651363, "avg_under_mag": 0.0, "avg_over": 4.741571018651363, "avg_under": 0.0}], [[0.9, 0.9500000000000001], {"acc": 0.9089480301760269, "nll": 0.33238180448180227, "mse": 0.08858182405828544, "N": 9544, "over_prob": 0.6277641277641277, "under_prob": 0.0, "over_counts": {"0": 606, "1": 402, "2": 206, "3": 146, "4": 79, "5": 49, "6": 28, "7": 27, "8": 15, "10": 10, "9": 9, "14": 9, "11": 8, "12": 8, "13": 4, "16": 3, "21": 3, "19": 3, "22": 2, "17": 2, "18": 2, "34": 1,