{"auc": 0.6585096453144911, "over_prob": 0.48246968026460857, "under_prob": 0.1814773980154355, "over_counts": {"0": 2347, "1": 988, "2": 436, "3": 227, "4": 128, "5": 88, "6": 86, "7": 57, "8": 47, "9": 25, "10": 16, "11": 14, "15": 9, "13": 8, "12": 7, "14": 5, "18": 5, "17": 5, "20": 4, "22": 4, "16": 4, "19": 4, "29": 3, "21": 3, "32": 2, "23": 2, "40": 1, "37": 1, "27": 1, "41": 1, "42": 1, "43": 1, "31": 1, "46": 1, "36": 1, "25": 1, "54": 1}, "under_counts": {"0": 3712, "1": 426, "2": 179, "3": 88, "4": 42, "5": 30, "6": 20, "7": 8, "10": 6, "9": 5, "8": 3, "14": 3, "12": 3, "20": 2, "17": 2, "15": 2, "50": 1, "18": 1, "22": 1, "13": 1}, "avg_over_mag": 3.1448811700182815, "avg_under_mag": 2.376670716889429, "avg_over": 3.1448811700182815, "avg_under": 2.376670716889429, "acc": 0.7825464949928469, "nll": 0.5002029418878849, "mse": 0.16217707449357474, "metrics_by_prob": [[[0.0, 0.05], {"acc": 0.8333333333333334, "nll": 0.5450419788567037, "mse": 0.1791769627452937, "N": 6, "over_prob": 0.0, "under_prob": 0.0, "over_counts": {"0": 4}, "under_counts": {"0": 4}, "avg_over_mag": 0.0, "avg_under_mag": 0.0, "avg_over": 0.0, "avg_under": 0.0}], [[0.05, 0.1], {"acc": 0.75, "nll": 0.6036601238744097, "mse": 0.20466795241670366, "N": 20, "over_prob": 0.0, "under_prob": 0.0, "over_counts": {"0": 14}, "under_counts": {"0": 14}, "avg_over_mag": 0.0, "avg_under_mag": 0.0, "avg_over": 0.0, "avg_under": 0.0}], [[0.1, 0.15000000000000002], {"acc": 0.5263157894736842, "nll": 0.811826252216106, "mse": 0.2960596765879282, "N": 38, "over_prob": 0.0, "under_prob": 0.03448275862068961, "over_counts": {"0": 29}, "under_counts": {"0": 28, "1": 1}, "avg_over_mag": 0.0, "avg_under_mag": 1.0, "avg_over": 0.0, "avg_under": 1.0}], [[0.15000000000000002, 0.2], {"acc": 0.5689655172413793, "nll": 0.7539922612454977, "mse": 0.27314936954027114, "N": 58, "over_prob": 0.0, "under_prob": 0.018867924528301883, "over_counts": {"0": 53}, "under_counts": {"0": 52, "3": 1}, "avg_over_mag": 0.0, "avg_under_mag": 3.0, "avg_over": 0.0, "avg_under": 3.0}], [[0.2, 0.25], {"acc": 0.45977011494252873, "nll": 0.8060970958305209, "mse": 0.29993867385397943, "N": 87, "over_prob": 0.0, "under_prob": 0.013157894736842146, "over_counts": {"0": 76}, "under_counts": {"0": 75, "1": 1}, "avg_over_mag": 0.0, "avg_under_mag": 1.0, "avg_over": 0.0, "avg_under": 1.0}], [[0.25, 0.30000000000000004], {"acc": 0.37333333333333335, "nll": 0.8615297547558771, "mse": 0.32368139250362343, "N": 150, "over_prob": 0.0, "under_prob": 0.03100775193798455, "over_counts": {"0": 129}, "under_counts": {"0": 125, "1": 4}, "avg_over_mag": 0.0, "avg_under_mag": 1.0, "avg_over": 0.0, "avg_under": 1.0}], [[0.30000000000000004, 0.35000000000000003], {"acc": 0.42641509433962266, "nll": 0.839830350072402, "mse": 0.3149559500038291, "N": 265, "over_prob": 0.0, "under_prob": 0.0267857142857143, "over_counts": {"0": 224}, "under_counts": {"0": 218, "1": 6}, "avg_over_mag": 0.0, "avg_under_mag": 1.0, "avg_over": 0.0, "avg_under": 1.0}], [[0.35000000000000003, 0.4], {"acc": 0.4422535211267606, "nll": 0.8359127162658894, "mse": 0.3129908672883823, "N": 355, "over_prob": 0.0, "under_prob": 0.010309278350515427, "over_counts": {"0": 291}, "under_counts": {"0": 288, "1": 3}, "avg_over_mag": 0.0, "avg_under_mag": 1.0, "avg_over": 0.0, "avg_under": 1.0}], [[0.4, 0.45], {"acc": 0.45546558704453444, "nll": 0.8181225433883432, "mse": 0.30592190853693635, "N": 494, "over_prob": 0.0, "under_prob": 0.0025316455696202667, "over_counts": {"0": 395}, "under_counts": {"0": 394, "1": 1}, "avg_over_mag": 0.0, "avg_under_mag": 1.0, "avg_over": 0.0, "avg_under": 1.0}], [[0.45, 0.5], {"acc": 0.4846153846153846, "nll": 0.7902649217721853, "mse": 0.2917585226682154, "N": 650, "over_prob": 0.0, "under_prob": 0.025490196078431393, "over_counts": {"0": 510}, "under_counts": {"0": 497, "1": 13}, "avg_over_mag": 0.0, "avg_under_mag": 1.0, "avg_over": 0.0, "avg_under": 1.0}], [[0.5, 0.55], {"acc": 0.5451680672268907, "nll": 0.7592884349126602, "mse": 0.2762482062076115, "N": 952, "over_prob": 0.0, "under_prob": 0.032167832167832144, "over_counts": {"0": 715}, "under_counts": {"0": 692, "1": 20, "2": 2, "3": 1}, "avg_over_mag": 0.0, "avg_under_mag": 1.173913043478261, "avg_over": 0.0, "avg_under": 1.173913043478261}], [[0.55, 0.6000000000000001], {"acc": 0.5644787644787644, "nll": 0.7381548876147154, "mse": 0.2671099731367307, "N": 1295, "over_prob": 0.0, "under_prob": 0.022935779816513735, "over_counts": {"0": 872}, "under_counts": {"0": 852, "1": 14, "2": 5, "3": 1}, "avg_over_mag": 0.0, "avg_under_mag": 1.35, "avg_over": 0.0, "avg_under": 1.35}], [[0.6000000000000001, 0.65], {"acc": 0.6191811553561414, "nll": 0.7116465569908612, "mse": 0.2536895394151697, "N": 1783, "over_prob": 0.0, "under_prob": 0.041884816753926746, "over_counts": {"0": 1146}, "under_counts": {"0": 1098, "1": 42, "2": 3, "3": 3}, "avg_over_mag": 0.0, "avg_under_mag": 1.1875, "avg_over": 0.0, "avg_under": 1.1875}], [[0.65, 0.7000000000000001], {"acc": 0.6830337571240684, "nll": 0.6393738723114873, "mse": 0.22101290410762373, "N": 2281, "over_prob": 0.0, "under_prob": 0.07888631090487241, "over_counts": {"0": 1293}, "under_counts": {"0": 1191, "1": 85, "2": 12, "3": 3, "5": 1, "6": 1}, "avg_over_mag": 0.0, "avg_under_mag": 1.2647058823529411, "avg_over": 0.0, "avg_under": 1.2647058823529411}], [[0.7000000000000001, 0.75], {"acc": 0.7254487856388595, "nll": 0.5955384216541918, "mse": 0.20132162139765628, "N": 2841, "over_prob": 0.0, "under_prob": 0.11089619600257894, "over_counts": {"0": 1551}, "under_counts": {"0": 1379, "1": 135, "2": 24, "3": 6, "4": 4, "5": 2, "7": 1}, "avg_over_mag": 0.0, "avg_under_mag": 1.3604651162790697, "avg_over": 0.0, "avg_under": 1.3604651162790697}], [[0.75, 0.8], {"acc": 0.7658469945355191, "nll": 0.5555896012204448, "mse": 0.1830649256002658, "N": 3660, "over_prob": 0.0, "under_prob": 0.1825221238938053, "over_counts": {"0": 1808}, "under_counts": {"0": 1478, "1": 247, "2": 45, "3": 18, "5": 8, "4": 5, "6": 4, "7": 2, "10": 1}, "avg_over_mag": 0.0, "avg_under_mag": 1.5121212121212122, "avg_over": 0.0, "avg_under": 1.5121212121212122}], [[0.8, 0.8500000000000001], {"acc": 0.8366197183098592, "nll": 0.46289062786266405, "mse": 0.14300094995352414, "N": 4615, "over_prob": 0.0, "under_prob": 0.27574750830564787, "over_counts": {"0": 2107}, "under_counts": {"0": 1526, "1": 386, "2": 115, "3": 39, "4": 27, "5": 7, "8": 2, "6": 2, "7": 1, "9": 1, "31": 1}, "avg_over_mag": 0.0, "avg_under_mag": 1.6368330464716008, "avg_over": 0.0, "avg_under": 1.6368330464716008}], [[0.8500000000000001, 0.9], {"acc": 0.877890841813136, "nll": 0.3982164615109871, "mse": 0.11614268404608123, "N": 5405, "over_prob": 0.7838709677419355, "under_prob": 0.0, "over_counts": {"1": 944, "0": 469, "2": 373, "3": 160, "4": 78, "5": 57, "6": 32, "8": 19, "7": 13, "9": 6, "11": 5, "10": 4, "13": 3, "17": 2, "20": 1, "23": 1, "12": 1, "14": 1, "16": 1}, "under_counts": {"0": 2170}, "avg_over_mag": 2.062904174015285, "avg_under_mag": 0.0, "avg_over": 2.062904174015285, "avg_under": 0.0}], [[0.9, 0.9500000000000001], {"acc": 0.919604097933669, "nll": 0.3161487446568028, "mse": 0.08414946997911378, "N": 5759, "over_prob": 0.6284829721362228, "under_prob": 0.0, "over_counts": {"0": 720, "1": 684, "2": 249, "3": 110, "4": 57, "5": 46, "6": 19, "7": 14, "9": 8, "11": 7, "8": 7, "10": 6, "17": 3, "13": 2, "24": 2, "16": 1, "18": 1, "19": 1, "23": 1}, "under_counts": {"0": 1938}, "avg_over_mag": 2.174055829228243, "avg_under_mag": 0.0, "avg_over": 2.174055829228243, "avg_under": 0.0}], [[0.9500000000000001, 1.0], {"acc": 0.9593267882187938, "nll": 0.2178774760647596, "mse": 0.049606041191045794, "N": 2139, "over_prob": 0.32675709001233044, "under_prob": 0.0, "over_counts": {"0": 546, "1": 160, "2": 32, "3": 19, "4": 13, "6": 8, "5": 8, "8": 5, "9": 5, "12": 3, "18": 2, "10": 2, "7": 2, "24": 1, "16": 1, "15": 1, "32": 1, "11": 1, "14": 1}, "under_counts": {"0": 811}, "avg_over_mag": 2.732075471698113,