{"auc": 0.6501418873504782, "over_prob": 0.08953488372093021, "under_prob": 0.007235142118863003, "over_counts": {"0": 14094, "1": 628, "2": 287, "3": 152, "4": 89, "5": 63, "6": 41, "7": 34, "8": 25, "10": 16, "9": 15, "12": 8, "11": 7, "13": 7, "14": 4, "17": 2, "16": 1, "25": 1, "39": 1, "23": 1, "24": 1, "19": 1, "18": 1, "21": 1}, "under_counts": {"0": 15368, "1": 57, "2": 26, "5": 9, "3": 7, "4": 6, "7": 2, "13": 2, "6": 1, "10": 1, "14": 1}, "avg_over_mag": 2.7756132756132756, "avg_under_mag": 2.4017857142857144, "avg_over": 2.7756132756132756, "avg_under": 2.4017857142857144, "acc": 0.6142362591094801, "nll": 0.6509261971913752, "mse": 0.22995814596596825, "metrics_by_prob": [[[0.0, 0.05], {"acc": 0.9127686472819216, "nll": 0.29602960395104794, "mse": 0.08144113488867524, "N": 1582, "over_prob": 0.0, "under_prob": 0.0, "over_counts": {"0": 288}, "under_counts": {"0": 288}, "avg_over_mag": 0.0, "avg_under_mag": 0.0, "avg_over": 0.0, "avg_under": 0.0}], [[0.05, 0.1], {"acc": 0.8619582664526485, "nll": 0.4460639578917599, "mse": 0.1367514409458749, "N": 1246, "over_prob": 0.0, "under_prob": 0.0, "over_counts": {"0": 418}, "under_counts": {"0": 418}, "avg_over_mag": 0.0, "avg_under_mag": 0.0, "avg_over": 0.0, "avg_under": 0.0}], [[0.1, 0.15000000000000002], {"acc": 0.7992125984251969, "nll": 0.5258046069429787, "mse": 0.17007651405827662, "N": 1524, "over_prob": 0.0, "under_prob": 0.0, "over_counts": {"0": 634}, "under_counts": {"0": 634}, "avg_over_mag": 0.0, "avg_under_mag": 0.0, "avg_over": 0.0, "avg_under": 0.0}], [[0.15000000000000002, 0.2], {"acc": 0.7040441176470589, "nll": 0.6035156297515296, "mse": 0.20631704508681203, "N": 2176, "over_prob": 0.0, "under_prob": 0.0, "over_counts": {"0": 1039}, "under_counts": {"0": 1039}, "avg_over_mag": 0.0, "avg_under_mag": 0.0, "avg_over": 0.0, "avg_under": 0.0}], [[0.2, 0.25], {"acc": 0.6563262460787731, "nll": 0.6295869671643841, "mse": 0.21935453899391202, "N": 2869, "over_prob": 0.0, "under_prob": 0.0, "over_counts": {"0": 1430}, "under_counts": {"0": 1430}, "avg_over_mag": 0.0, "avg_under_mag": 0.0, "avg_over": 0.0, "avg_under": 0.0}], [[0.25, 0.30000000000000004], {"acc": 0.5741389375364857, "nll": 0.6742124945210918, "mse": 0.2404514861726537, "N": 3426, "over_prob": 0.0, "under_prob": 0.0, "over_counts": {"0": 1920}, "under_counts": {"0": 1920}, "avg_over_mag": 0.0, "avg_under_mag": 0.0, "avg_over": 0.0, "avg_under": 0.0}], [[0.30000000000000004, 0.35000000000000003], {"acc": 0.5515533543448897, "nll": 0.6844854997252954, "mse": 0.24554331361553752, "N": 4442, "over_prob": 0.0, "under_prob": 0.0, "over_counts": {"0": 2399}, "under_counts": {"0": 2399}, "avg_over_mag": 0.0, "avg_under_mag": 0.0, "avg_over": 0.0, "avg_under": 0.0}], [[0.35000000000000003, 0.4], {"acc": 0.5217620217620218, "nll": 0.7031346576689685, "mse": 0.25449405356312016, "N": 5698, "over_prob": 0.0, "under_prob": 0.0, "over_counts": {"0": 3003}, "under_counts": {"0": 3003}, "avg_over_mag": 0.0, "avg_under_mag": 0.0, "avg_over": 0.0, "avg_under": 0.0}], [[0.4, 0.45], {"acc": 0.4962857142857143, "nll": 0.7145071736686033, "mse": 0.25993074165001595, "N": 7000, "over_prob": 0.0, "under_prob": 0.0, "over_counts": {"0": 3731}, "under_counts": {"0": 3731}, "avg_over_mag": 0.0, "avg_under_mag": 0.0, "avg_over": 0.0, "avg_under": 0.0}], [[0.45, 0.5], {"acc": 0.4995026112907237, "nll": 0.7159799891148378, "mse": 0.2606487145536361, "N": 8042, "over_prob": 0.0, "under_prob": 0.0, "over_counts": {"0": 4162}, "under_counts": {"0": 4162}, "avg_over_mag": 0.0, "avg_under_mag": 0.0, "avg_over": 0.0, "avg_under": 0.0}], [[0.5, 0.55], {"acc": 0.518565063406832, "nll": 0.7107204129945289, "mse": 0.2579894579542671, "N": 8753, "over_prob": 0.0, "under_prob": 0.0, "over_counts": {"0": 4426}, "under_counts": {"0": 4426}, "avg_over_mag": 0.0, "avg_under_mag": 0.0, "avg_over": 0.0, "avg_under": 0.0}], [[0.55, 0.6000000000000001], {"acc": 0.5411336568151742, "nll": 0.7001589733430532, "mse": 0.2527147841642496, "N": 9068, "over_prob": 0.0, "under_prob": 0.00044375416019526437, "over_counts": {"0": 4507}, "under_counts": {"0": 4505, "1": 2}, "avg_over_mag": 0.0, "avg_under_mag": 1.0, "avg_over": 0.0, "avg_under": 1.0}], [[0.6000000000000001, 0.65], {"acc": 0.5732545649838883, "nll": 0.6845988479316522, "mse": 0.24529600441833285, "N": 9310, "over_prob": 0.0, "under_prob": 0.0010991426687183559, "over_counts": {"0": 4549}, "under_counts": {"0": 4544, "1": 4, "2": 1}, "avg_over_mag": 0.0, "avg_under_mag": 1.2, "avg_over": 0.0, "avg_under": 1.2}], [[0.65, 0.7000000000000001], {"acc": 0.6212383258388101, "nll": 0.6652310695619992, "mse": 0.23587651609357252, "N": 8673, "over_prob": 0.0, "under_prob": 0.001680268843014865, "over_counts": {"0": 4166}, "under_counts": {"0": 4159, "1": 5, "2": 1, "4": 1}, "avg_over_mag": 0.0, "avg_under_mag": 1.5714285714285714, "avg_over": 0.0, "avg_under": 1.5714285714285714}], [[0.7000000000000001, 0.75], {"acc": 0.6777895014508045, "nll": 0.6350035607472964, "mse": 0.22133220935590664, "N": 7582, "over_prob": 0.0, "under_prob": 0.004745951982132901, "over_counts": {"0": 3582}, "under_counts": {"0": 3565, "1": 11, "2": 3, "5": 2, "3": 1}, "avg_over_mag": 0.0, "avg_under_mag": 1.7647058823529411, "avg_over": 0.0, "avg_under": 1.7647058823529411}], [[0.75, 0.8], {"acc": 0.7388169752580698, "nll": 0.5904545732444604, "mse": 0.20051306852758888, "N": 6103, "over_prob": 0.0, "under_prob": 0.015261879986125604, "over_counts": {"0": 2883}, "under_counts": {"0": 2839, "1": 28, "2": 11, "3": 2, "5": 2, "4": 1}, "avg_over_mag": 0.0, "avg_under_mag": 1.5909090909090908, "avg_over": 0.0, "avg_under": 1.5909090909090908}], [[0.8, 0.8500000000000001], {"acc": 0.7928195746627029, "nll": 0.5541028390276818, "mse": 0.18349882246548554, "N": 4373, "over_prob": 0.0, "under_prob": 0.04373177842565601, "over_counts": {"0": 2058}, "under_counts": {"0": 1968, "1": 59, "2": 16, "3": 7, "4": 4, "5": 3, "7": 1}, "avg_over_mag": 0.0, "avg_under_mag": 1.6666666666666667, "avg_over": 0.0, "avg_under": 1.6666666666666667}], [[0.8500000000000001, 0.9], {"acc": 0.8489392831016825, "nll": 0.4926510465028694, "mse": 0.15642066723979872, "N": 2734, "over_prob": 0.9504065040650407, "under_prob": 0.0, "over_counts": {"1": 612, "2": 265, "3": 117, "4": 64, "0": 61, "5": 38, "6": 29, "7": 16, "8": 10, "9": 7, "10": 5, "11": 1, "24": 1, "22": 1, "17": 1, "14": 1, "13": 1}, "under_counts": {"0": 1230}, "avg_over_mag": 2.1548331907613343, "avg_under_mag": 0.0, "avg_over": 2.1548331907613343, "avg_under": 0.0}], [[0.9, 0.9500000000000001], {"acc": 0.9107276819204801, "nll": 0.41244278499292153, "mse": 0.12169099113454579, "N": 1333, "over_prob": 0.9140893470790378, "under_prob": 0.0, "over_counts": {"1": 272, "2": 125, "3": 59, "0": 50, "4": 29, "5": 19, "6": 13, "8": 7, "7": 3, "12": 2, "17": 1, "9": 1, "10": 1}, "under_counts": {"0": 582}, "avg_over_mag": 2.1146616541353382, "avg_under_mag": 0.0, "avg_over": 2.1146616541353382, "avg_under": 0.0}], [[0.9500000000000001, 1.0], {"acc": 0.8988326848249028, "nll": 0.3927550697201019, "mse": 0.11482057542676803, "N": 257, "over_prob": 0.821656050955414, "under_prob": 0.0, "over_counts": {"1": 89, "0": 28, "2": 22, "3": 9, "4": 4, "5": 3, "6": 2}, "under_counts": {"0": 157}, "avg_over_mag": 1.573643410852713, "avg_under_mag": 0.0, "avg_over": 1.573643410852713, "avg_under": 0.0}]]}