{"auc": 0.6415070512545101, "over_prob": 0.4197898998741588, "under_prob": 0.03715051704327843, "over_counts": {"0": 21209, "1": 5880, "2": 3156, "3": 1900, "4": 1173, "5": 832, "6": 542, "7": 397, "8": 303, "9": 217, "10": 174, "11": 167, "12": 112, "13": 81, "17": 48, "14": 47, "15": 45, "16": 34, "18": 27, "19": 25, "21": 23, "22": 19, "20": 16, "25": 12, "23": 12, "26": 9, "24": 9, "29": 9, "28": 7, "30": 6, "33": 6, "27": 6, "34": 5, "31": 5, "37": 4, "50": 3, "45": 3, "35": 3, "56": 3, "32": 3, "39": 3, "43": 2, "40": 2, "49": 2, "41": 2, "36": 2, "59": 1, "63": 1, "69": 1, "51": 1, "46": 1, "70": 1, "48": 1, "156": 1, "113": 1}, "under_counts": {"0": 35196, "1": 679, "2": 268, "3": 156, "4": 87, "5": 50, "6": 24, "7": 21, "8": 10, "9": 10, "13": 8, "12": 7, "10": 5, "11": 5, "15": 4, "19": 3, "17": 3, "14": 3, "28": 2, "20": 2, "16": 1, "34": 1, "24": 1, "23": 1, "21": 1, "30": 1, "18": 1, "26": 1, "83": 1, "48": 1, "31": 1}, "avg_over_mag": 3.4122515477354187, "avg_under_mag": 2.7209131075110458, "avg_over": 3.4122515477354187, "avg_under": 2.7209131075110458, "acc": 0.7056857957165645, "nll": 0.5849363168545644, "mse": 0.19919480976918105, "metrics_by_prob": [[[0.0, 0.05], {"acc": 0.579172610556348, "nll": 0.6462659272544053, "mse": 0.23301525830105196, "N": 701, "over_prob": 0.0, "under_prob": 0.0, "over_counts": {"0": 337}, "under_counts": {"0": 337}, "avg_over_mag": 0.0, "avg_under_mag": 0.0, "avg_over": 0.0, "avg_under": 0.0}], [[0.05, 0.1], {"acc": 0.4633333333333333, "nll": 0.7733907240016246, "mse": 0.28573296535184045, "N": 1200, "over_prob": 0.0, "under_prob": 0.016602809706257937, "over_counts": {"0": 783}, "under_counts": {"0": 770, "1": 13}, "avg_over_mag": 0.0, "avg_under_mag": 1.0, "avg_over": 0.0, "avg_under": 1.0}], [[0.1, 0.15000000000000002], {"acc": 0.43723723723723723, "nll": 0.7843892928427978, "mse": 0.2919580808956042, "N": 1665, "over_prob": 0.0, "under_prob": 0.006156552330694787, "over_counts": {"0": 1137}, "under_counts": {"0": 1130, "1": 6, "2": 1}, "avg_over_mag": 0.0, "avg_under_mag": 1.1428571428571428, "avg_over": 0.0, "avg_under": 1.1428571428571428}], [[0.15000000000000002, 0.2], {"acc": 0.3948051948051948, "nll": 0.8115100927580892, "mse": 0.3042744702080889, "N": 2310, "over_prob": 0.0, "under_prob": 0.004923076923076919, "over_counts": {"0": 1625}, "under_counts": {"0": 1617, "1": 7, "2": 1}, "avg_over_mag": 0.0, "avg_under_mag": 1.125, "avg_over": 0.0, "avg_under": 1.125}], [[0.2, 0.25], {"acc": 0.39269981120201386, "nll": 0.8163606075119124, "mse": 0.30628859654431945, "N": 3178, "over_prob": 0.0, "under_prob": 0.008992805755395739, "over_counts": {"0": 2224}, "under_counts": {"0": 2204, "1": 19, "2": 1}, "avg_over_mag": 0.0, "avg_under_mag": 1.05, "avg_over": 0.0, "avg_under": 1.05}], [[0.25, 0.30000000000000004], {"acc": 0.40004929751047574, "nll": 0.8080549713298179, "mse": 0.30264944589767273, "N": 4057, "over_prob": 0.0, "under_prob": 0.006509945750452051, "over_counts": {"0": 2765}, "under_counts": {"0": 2747, "1": 17, "2": 1}, "avg_over_mag": 0.0, "avg_under_mag": 1.0555555555555556, "avg_over": 0.0, "avg_under": 1.0555555555555556}], [[0.30000000000000004, 0.35000000000000003], {"acc": 0.40939597315436244, "nll": 0.8077989333385258, "mse": 0.3023258840376062, "N": 5066, "over_prob": 0.0, "under_prob": 0.007851119511485871, "over_counts": {"0": 3439}, "under_counts": {"0": 3412, "1": 24, "2": 3}, "avg_over_mag": 0.0, "avg_under_mag": 1.1111111111111112, "avg_over": 0.0, "avg_under": 1.1111111111111112}], [[0.35000000000000003, 0.4], {"acc": 0.4168137333547248, "nll": 0.8031740044310897, "mse": 0.30009593897263814, "N": 6233, "over_prob": 0.0, "under_prob": 0.00652331481034063, "over_counts": {"0": 4139}, "under_counts": {"0": 4112, "1": 26, "2": 1}, "avg_over_mag": 0.0, "avg_under_mag": 1.037037037037037, "avg_over": 0.0, "avg_under": 1.037037037037037}], [[0.4, 0.45], {"acc": 0.44984725050916496, "nll": 0.7879408368849912, "mse": 0.29280647449460084, "N": 7856, "over_prob": 0.0, "under_prob": 0.010611122027903375, "over_counts": {"0": 5089}, "under_counts": {"0": 5035, "1": 53, "2": 1}, "avg_over_mag": 0.0, "avg_under_mag": 1.0185185185185186, "avg_over": 0.0, "avg_under": 1.0185185185185186}], [[0.45, 0.5], {"acc": 0.48241361526560084, "nll": 0.7654839274384635, "mse": 0.2823261495674163, "N": 9695, "over_prob": 0.0, "under_prob": 0.007389162561576401, "over_counts": {"0": 6090}, "under_counts": {"0": 6045, "1": 42, "2": 1, "3": 1, "4": 1}, "avg_over_mag": 0.0, "avg_under_mag": 1.1333333333333333, "avg_over": 0.0, "avg_under": 1.1333333333333333}], [[0.5, 0.55], {"acc": 0.5343575185772731, "nll": 0.7390332761209888, "mse": 0.26965996251803737, "N": 11977, "over_prob": 0.0, "under_prob": 0.006746523475148036, "over_counts": {"0": 7263}, "under_counts": {"0": 7214, "1": 45, "2": 3, "3": 1}, "avg_over_mag": 0.0, "avg_under_mag": 1.1020408163265305, "avg_over": 0.0, "avg_under": 1.1020408163265305}], [[0.55, 0.6000000000000001], {"acc": 0.5696847753185781, "nll": 0.7151056606216539, "mse": 0.2582550287296978, "N": 14910, "over_prob": 0.0, "under_prob": 0.008962868117797673, "over_counts": {"0": 8591}, "under_counts": {"0": 8514, "1": 71, "2": 4, "11": 1, "3": 1}, "avg_over_mag": 0.0, "avg_under_mag": 1.2077922077922079, "avg_over": 0.0, "avg_under": 1.2077922077922079}], [[0.6000000000000001, 0.65], {"acc": 0.6092820964545255, "nll": 0.688388278916897, "mse": 0.24557123125837357, "N": 18164, "over_prob": 0.0, "under_prob": 0.012870012870012881, "over_counts": {"0": 10101}, "under_counts": {"0": 9971, "1": 114, "2": 14, "15": 1, "3": 1}, "avg_over_mag": 0.0, "avg_under_mag": 1.2307692307692308, "avg_over": 0.0, "avg_under": 1.2307692307692308}], [[0.65, 0.7000000000000001], {"acc": 0.6677949273400127, "nll": 0.6464593764763662, "mse": 0.22567619431712382, "N": 22158, "over_prob": 0.0, "under_prob": 0.016161616161616155, "over_counts": {"0": 11385}, "under_counts": {"0": 11201, "1": 150, "2": 22, "3": 11, "17": 1}, "avg_over_mag": 0.0, "avg_under_mag": 1.326086956521739, "avg_over": 0.0, "avg_under": 1.326086956521739}], [[0.7000000000000001, 0.75], {"acc": 0.7154620653516488, "nll": 0.6045809492227309, "mse": 0.20653896174254088, "N": 26717, "over_prob": 0.0, "under_prob": 0.025495530509133335, "over_counts": {"0": 12865}, "under_counts": {"0": 12537, "1": 247, "2": 57, "3": 14, "4": 4, "5": 3, "15": 1, "6": 1, "7": 1}, "avg_over_mag": 0.0, "avg_under_mag": 1.4085365853658536, "avg_over": 0.0, "avg_under": 1.4085365853658536}], [[0.75, 0.8], {"acc": 0.7656692406692407, "nll": 0.5574824920841668, "mse": 0.18489536263092268, "N": 31080, "over_prob": 0.0, "under_prob": 0.03537434294644126, "over_counts": {"0": 14078}, "under_counts": {"0": 13580, "1": 362, "2": 74, "3": 35, "5": 8, "4": 6, "6": 3, "11": 2, "9": 2, "7": 1, "12": 1, "13": 1, "10": 1, "8": 1, "15": 1}, "avg_over_mag": 0.0, "avg_under_mag": 1.6104417670682731, "avg_over": 0.0, "avg_under": 1.6104417670682731}], [[0.8, 0.8500000000000001], {"acc": 0.8175956979299179, "nll": 0.5008050072658773, "mse": 0.15939164202312495, "N": 34588, "over_prob": 0.0, "under_prob": 0.056342872867363836, "over_counts": {"0": 14536}, "under_counts": {"0": 13717, "1": 522, "2": 134, "3": 65, "4": 42, "5": 12, "6": 11, "7": 11, "8": 3, "12": 3, "13": 3, "10": 3, "9": 2, "14": 2, "18": 2, "35": 1, "16": 1, "17": 1, "11": 1}, "avg_over_mag": 0.0, "avg_under_mag": 2.0097680097680097, "avg_over": 0.0, "avg_under": 2.0097680097680097}], [[0.8500000000000001, 0.9], {"acc": 0.8689948590675413, "nll": 0.4341523855632478, "mse": 0.1303597944274908, "N": 33846, "over_prob": 0.9413457281983179, "under_prob": 0.0, "over_counts": {"1": 6381, "2": 2779, "3": 1404, "0": 795, "4": 781, "5": 455, "6": 270, "7": 189, "8": 142, "9": 85, "10": 64, "11": 48, "12": 26, "13": 22, "14": 18, "15": 17, "16": 17, "17": 12, "19": 9, "18": 9, "21": 7, "24": 4, "22": 3, "20": 3, "27": 2, "33": 2, "30": 1, "100": 1, "55": 1, "37": 1, "28": 1, "43": 1, "29": 1, "26": 1, "49": 1, "73": 1},