{"auc": 0.7056879763502424, "over_prob": 0.016253869969040213, "under_prob": 0.006132412479161742, "over_counts": {"0": 16523, "1": 196, "2": 51, "3": 15, "4": 6, "6": 2, "5": 1, "11": 1, "7": 1}, "under_counts": {"0": 16693, "1": 77, "2": 18, "3": 5, "4": 2, "5": 1}, "avg_over_mag": 1.4725274725274726, "avg_under_mag": 1.3689320388349515, "avg_over": 1.4725274725274726, "avg_under": 1.3689320388349515, "acc": 0.6823957513768686, "nll": 0.593833036197645, "mse": 0.20405109334276275, "metrics_by_prob": [[[0.0, 0.05], {"acc": 0.9702380952380952, "nll": 0.13869710977664762, "mse": 0.029862040998574046, "N": 504, "over_prob": 0.0, "under_prob": 0.0, "over_counts": {"0": 170}, "under_counts": {"0": 170}, "avg_over_mag": 0.0, "avg_under_mag": 0.0, "avg_over": 0.0, "avg_under": 0.0}], [[0.05, 0.1], {"acc": 0.9134142341751393, "nll": 0.29560700562451936, "mse": 0.07963194163385696, "N": 3049, "over_prob": 0.0, "under_prob": 0.0, "over_counts": {"0": 981}, "under_counts": {"0": 981}, "avg_over_mag": 0.0, "avg_under_mag": 0.0, "avg_over": 0.0, "avg_under": 0.0}], [[0.1, 0.15000000000000002], {"acc": 0.881013470173188, "nll": 0.3728096339487887, "mse": 0.10715567847465657, "N": 6236, "over_prob": 0.0, "under_prob": 0.0, "over_counts": {"0": 2090}, "under_counts": {"0": 2090}, "avg_over_mag": 0.0, "avg_under_mag": 0.0, "avg_over": 0.0, "avg_under": 0.0}], [[0.15000000000000002, 0.2], {"acc": 0.8256744398719708, "nll": 0.46969275375994907, "mse": 0.146328055655692, "N": 8748, "over_prob": 0.0, "under_prob": 0.0, "over_counts": {"0": 3135}, "under_counts": {"0": 3135}, "avg_over_mag": 0.0, "avg_under_mag": 0.0, "avg_over": 0.0, "avg_under": 0.0}], [[0.2, 0.25], {"acc": 0.7740276148362061, "nll": 0.5409883241222052, "mse": 0.17750042256683177, "N": 11081, "over_prob": 0.0, "under_prob": 0.0, "over_counts": {"0": 4183}, "under_counts": {"0": 4183}, "avg_over_mag": 0.0, "avg_under_mag": 0.0, "avg_over": 0.0, "avg_under": 0.0}], [[0.25, 0.30000000000000004], {"acc": 0.7244773519163763, "nll": 0.594810865319578, "mse": 0.20217909378203197, "N": 11480, "over_prob": 0.0, "under_prob": 0.0, "over_counts": {"0": 4728}, "under_counts": {"0": 4728}, "avg_over_mag": 0.0, "avg_under_mag": 0.0, "avg_over": 0.0, "avg_under": 0.0}], [[0.30000000000000004, 0.35000000000000003], {"acc": 0.6689152725310308, "nll": 0.6384426309126346, "mse": 0.22292409454043519, "N": 11118, "over_prob": 0.0, "under_prob": 0.0, "over_counts": {"0": 4947}, "under_counts": {"0": 4947}, "avg_over_mag": 0.0, "avg_under_mag": 0.0, "avg_over": 0.0, "avg_under": 0.0}], [[0.35000000000000003, 0.4], {"acc": 0.6140833988985052, "nll": 0.6688140846853469, "mse": 0.23778387528557526, "N": 10168, "over_prob": 0.0, "under_prob": 0.0002059732234809264, "over_counts": {"0": 4855}, "under_counts": {"0": 4854, "1": 1}, "avg_over_mag": 0.0, "avg_under_mag": 1.0, "avg_over": 0.0, "avg_under": 1.0}], [[0.4, 0.45], {"acc": 0.5581874356333677, "nll": 0.6922001679644921, "mse": 0.2492274640378619, "N": 8739, "over_prob": 0.0, "under_prob": 0.0, "over_counts": {"0": 4412}, "under_counts": {"0": 4412}, "avg_over_mag": 0.0, "avg_under_mag": 0.0, "avg_over": 0.0, "avg_under": 0.0}], [[0.45, 0.5], {"acc": 0.5122674575357239, "nll": 0.7006714888993106, "mse": 0.2536011112666835, "N": 7418, "over_prob": 0.0, "under_prob": 0.0002520161290322509, "over_counts": {"0": 3968}, "under_counts": {"0": 3967, "1": 1}, "avg_over_mag": 0.0, "avg_under_mag": 1.0, "avg_over": 0.0, "avg_under": 1.0}], [[0.5, 0.55], {"acc": 0.5079804560260587, "nll": 0.7011513213389464, "mse": 0.25385422575677746, "N": 6140, "over_prob": 0.0, "under_prob": 0.0005805515239477588, "over_counts": {"0": 3445}, "under_counts": {"0": 3443, "1": 2}, "avg_over_mag": 0.0, "avg_under_mag": 1.0, "avg_over": 0.0, "avg_under": 1.0}], [[0.55, 0.6000000000000001], {"acc": 0.5414364640883977, "nll": 0.690329255669544, "mse": 0.24855549906584848, "N": 4706, "over_prob": 0.0, "under_prob": 0.0, "over_counts": {"0": 2819}, "under_counts": {"0": 2819}, "avg_over_mag": 0.0, "avg_under_mag": 0.0, "avg_over": 0.0, "avg_under": 0.0}], [[0.6000000000000001, 0.65], {"acc": 0.600747198007472, "nll": 0.6741817497033046, "mse": 0.2405352343369212, "N": 4015, "over_prob": 0.0, "under_prob": 0.0004103405826836326, "over_counts": {"0": 2437}, "under_counts": {"0": 2436, "1": 1}, "avg_over_mag": 0.0, "avg_under_mag": 1.0, "avg_over": 0.0, "avg_under": 1.0}], [[0.65, 0.7000000000000001], {"acc": 0.6517159361196059, "nll": 0.6553415592139119, "mse": 0.2310880144920175, "N": 2943, "over_prob": 0.0, "under_prob": 0.002651113467656452, "over_counts": {"0": 1886}, "under_counts": {"0": 1881, "1": 5}, "avg_over_mag": 0.0, "avg_under_mag": 1.0, "avg_over": 0.0, "avg_under": 1.0}], [[0.7000000000000001, 0.75], {"acc": 0.7079136690647482, "nll": 0.6069077338747619, "mse": 0.20823391911693678, "N": 2085, "over_prob": 0.0, "under_prob": 0.007122507122507171, "over_counts": {"0": 1404}, "under_counts": {"0": 1394, "1": 9, "2": 1}, "avg_over_mag": 0.0, "avg_under_mag": 1.1, "avg_over": 0.0, "avg_under": 1.1}], [[0.75, 0.8], {"acc": 0.780040733197556, "nll": 0.5466710894983399, "mse": 0.17993477813260655, "N": 1473, "over_prob": 0.0, "under_prob": 0.02131979695431474, "over_counts": {"0": 985}, "under_counts": {"0": 964, "1": 19, "3": 1, "4": 1}, "avg_over_mag": 0.0, "avg_under_mag": 1.2380952380952381, "avg_over": 0.0, "avg_under": 1.2380952380952381}], [[0.8, 0.8500000000000001], {"acc": 0.8150609080841639, "nll": 0.4918008957358513, "mse": 0.15574298330252184, "N": 903, "over_prob": 0.0, "under_prob": 0.12363067292644758, "over_counts": {"0": 639}, "under_counts": {"0": 560, "1": 66, "2": 11, "3": 2}, "avg_over_mag": 0.0, "avg_under_mag": 1.1898734177215189, "avg_over": 0.0, "avg_under": 1.1898734177215189}], [[0.8500000000000001, 0.9], {"acc": 0.8998242530755711, "nll": 0.3434811908924971, "mse": 0.0954136822618083, "N": 569, "over_prob": 0.6898395721925134, "under_prob": 0.0, "over_counts": {"1": 191, "0": 116, "2": 46, "3": 14, "5": 3, "4": 2, "11": 1, "6": 1}, "under_counts": {"0": 374}, "avg_over_mag": 1.4147286821705427, "avg_under_mag": 0.0, "avg_over": 1.4147286821705427, "avg_under": 0.0}], [[0.9, 0.9500000000000001], {"acc": 0.8828125, "nll": 0.3784633116470266, "mse": 0.10638087825926369, "N": 256, "over_prob": 0.18617021276595747, "under_prob": 0.0, "over_counts": {"0": 153, "1": 33, "2": 2}, "under_counts": {"0": 188}, "avg_over_mag": 1.0571428571428572, "avg_under_mag": 0.0, "avg_over": 1.0571428571428572, "avg_under": 0.0}], [[0.9500000000000001, 1.0], {"acc": 0.9387755102040817, "nll": 0.2272273905326796, "mse": 0.057553920002962666, "N": 49, "over_prob": 0.0, "under_prob": 0.0, "over_counts": {"0": 41}, "under_counts": {"0": 41}, "avg_over_mag": 0.0, "avg_under_mag": 0.0, "avg_over": 0.0, "avg_under": 0.0}]]}