{"auc": 0.6335278233700079, "over_prob": 0.027950225625598235, "under_prob": 0.03268152604950092, "over_counts": {"0": 35543, "1": 886, "2": 80, "3": 21, "4": 16, "5": 11, "6": 5, "8": 1, "9": 1, "7": 1}, "under_counts": {"0": 35370, "1": 930, "2": 93, "3": 74, "4": 62, "5": 25, "6": 7, "12": 1, "8": 1, "7": 1, "9": 1}, "avg_over_mag": 1.25440313111546, "avg_under_mag": 1.4970711297071129, "avg_over": 1.25440313111546, "avg_under": 1.4970711297071129, "acc": 0.7870614928151725, "nll": 0.4992840671567716, "mse": 0.1612113400523561, "metrics_by_prob": [[[0.0, 0.05], {"acc": NaN, "nll": NaN, "mse": NaN, "N": 0}], [[0.05, 0.1], {"acc": 0.8333333333333334, "nll": 0.45065190394573773, "mse": 0.1389144867250731, "N": 6, "over_prob": 0.0, "under_prob": 0.0, "over_counts": {"0": 6}, "under_counts": {"0": 6}, "avg_over_mag": 0.0, "avg_under_mag": 0.0, "avg_over": 0.0, "avg_under": 0.0}], [[0.1, 0.15000000000000002], {"acc": NaN, "nll": NaN, "mse": NaN, "N": 0}], [[0.15000000000000002, 0.2], {"acc": 0.8392857142857143, "nll": 0.42871488909482675, "mse": 0.13177713352464065, "N": 56, "over_prob": 0.0, "under_prob": 0.0, "over_counts": {"0": 56}, "under_counts": {"0": 56}, "avg_over_mag": 0.0, "avg_under_mag": 0.0, "avg_over": 0.0, "avg_under": 0.0}], [[0.2, 0.25], {"acc": 0.7923497267759563, "nll": 0.5238693073141808, "mse": 0.16901763837665562, "N": 183, "over_prob": 0.0, "under_prob": 0.0, "over_counts": {"0": 183}, "under_counts": {"0": 183}, "avg_over_mag": 0.0, "avg_under_mag": 0.0, "avg_over": 0.0, "avg_under": 0.0}], [[0.25, 0.30000000000000004], {"acc": 0.7789473684210526, "nll": 0.5536725967845529, "mse": 0.18263432823329281, "N": 95, "over_prob": 0.0, "under_prob": 0.0, "over_counts": {"0": 95}, "under_counts": {"0": 95}, "avg_over_mag": 0.0, "avg_under_mag": 0.0, "avg_over": 0.0, "avg_under": 0.0}], [[0.30000000000000004, 0.35000000000000003], {"acc": 0.6486486486486487, "nll": 0.6570540307609777, "mse": 0.2310249153022227, "N": 37, "over_prob": 0.0, "under_prob": 0.0, "over_counts": {"0": 37}, "under_counts": {"0": 37}, "avg_over_mag": 0.0, "avg_under_mag": 0.0, "avg_over": 0.0, "avg_under": 0.0}], [[0.35000000000000003, 0.4], {"acc": 0.5833333333333334, "nll": 0.6781080605474644, "mse": 0.2425730703890781, "N": 156, "over_prob": 0.0, "under_prob": 0.0, "over_counts": {"0": 154}, "under_counts": {"0": 154}, "avg_over_mag": 0.0, "avg_under_mag": 0.0, "avg_over": 0.0, "avg_under": 0.0}], [[0.4, 0.45], {"acc": 0.5675675675675675, "nll": 0.6854246212796107, "mse": 0.24616575732516197, "N": 666, "over_prob": 0.0, "under_prob": 0.0, "over_counts": {"0": 662}, "under_counts": {"0": 662}, "avg_over_mag": 0.0, "avg_under_mag": 0.0, "avg_over": 0.0, "avg_under": 0.0}], [[0.45, 0.5], {"acc": 0.5334394904458599, "nll": 0.6898215806628948, "mse": 0.24834042612458812, "N": 628, "over_prob": 0.0, "under_prob": 0.0, "over_counts": {"0": 627}, "under_counts": {"0": 627}, "avg_over_mag": 0.0, "avg_under_mag": 0.0, "avg_over": 0.0, "avg_under": 0.0}], [[0.5, 0.55], {"acc": 0.526791089704997, "nll": 0.692572168277983, "mse": 0.24969931882712362, "N": 1661, "over_prob": 0.0, "under_prob": 0.0, "over_counts": {"0": 1651}, "under_counts": {"0": 1651}, "avg_over_mag": 0.0, "avg_under_mag": 0.0, "avg_over": 0.0, "avg_under": 0.0}], [[0.55, 0.6000000000000001], {"acc": 0.5634312473392933, "nll": 0.6857982157792506, "mse": 0.24632457368098643, "N": 4698, "over_prob": 0.0, "under_prob": 0.0, "over_counts": {"0": 4254}, "under_counts": {"0": 4254}, "avg_over_mag": 0.0, "avg_under_mag": 0.0, "avg_over": 0.0, "avg_under": 0.0}], [[0.6000000000000001, 0.65], {"acc": 0.6232907930720146, "nll": 0.6626485682411146, "mse": 0.234901084057739, "N": 8776, "over_prob": 0.0, "under_prob": 0.0, "over_counts": {"0": 6534}, "under_counts": {"0": 6534}, "avg_over_mag": 0.0, "avg_under_mag": 0.0, "avg_over": 0.0, "avg_under": 0.0}], [[0.65, 0.7000000000000001], {"acc": 0.6744367176634214, "nll": 0.6305932452952548, "mse": 0.21939665687599336, "N": 17975, "over_prob": 0.0, "under_prob": 0.0, "over_counts": {"0": 13102}, "under_counts": {"0": 13102}, "avg_over_mag": 0.0, "avg_under_mag": 0.0, "avg_over": 0.0, "avg_under": 0.0}], [[0.7000000000000001, 0.75], {"acc": 0.7245217499147366, "nll": 0.5879323092258267, "mse": 0.1993073864769105, "N": 32253, "over_prob": 0.0, "under_prob": 0.0, "over_counts": {"0": 16914}, "under_counts": {"0": 16914}, "avg_over_mag": 0.0, "avg_under_mag": 0.0, "avg_over": 0.0, "avg_under": 0.0}], [[0.75, 0.8], {"acc": 0.7750821839819287, "nll": 0.5327247240909776, "mse": 0.1742121891337469, "N": 54451, "over_prob": 0.0, "under_prob": 0.001130004304778276, "over_counts": {"0": 18584}, "under_counts": {"0": 18563, "1": 21}, "avg_over_mag": 0.0, "avg_under_mag": 1.0, "avg_over": 0.0, "avg_under": 1.0}], [[0.8, 0.8500000000000001], {"acc": 0.8248760888726091, "nll": 0.463363862965313, "mse": 0.14429586388116789, "N": 87361, "over_prob": 0.0, "under_prob": 0.07783081410766379, "over_counts": {"0": 15084}, "under_counts": {"0": 13910, "1": 909, "2": 93, "3": 74, "4": 62, "5": 25, "6": 7, "12": 1, "8": 1, "7": 1, "9": 1}, "avg_over_mag": 0.0, "avg_under_mag": 1.505962521294719, "avg_over": 0.0, "avg_under": 1.505962521294719}], [[0.8500000000000001, 0.9], {"acc": 0.8734585273499462, "nll": 0.3786032139393472, "mse": 0.11026636330202796, "N": 39086, "over_prob": 0.1607142857142857, "under_prob": 0.0, "over_counts": {"0": 5311, "1": 883, "2": 80, "3": 20, "4": 16, "5": 11, "6": 5, "8": 1, "7": 1}, "under_counts": {"0": 6328}, "avg_over_mag": 1.2458210422812193, "avg_under_mag": 0.0, "avg_over": 1.2458210422812193, "avg_under": 0.0}], [[0.9, 0.9500000000000001], {"acc": 0.9131271944727603, "nll": 0.2951316177080748, "mse": 0.0792900453340268, "N": 8829, "over_prob": 0.003687768899815591, "under_prob": 0.0, "over_counts": {"0": 1621, "1": 3, "2": 2, "3": 1}, "under_counts": {"0": 1627}, "avg_over_mag": 1.6666666666666667, "avg_under_mag": 0.0, "avg_over": 1.6666666666666667, "avg_under": 0.0}], [[0.9500000000000001, 1.0], {"acc": 0.9607843137254902, "nll": 0.1761053253509557, "mse": 0.039178355165115766, "N": 918, "over_prob": 0.005154639175257714, "under_prob": 0.0, "over_counts": {"0": 193, "5": 1}, "under_counts": {"0": 194}, "avg_over_mag": 5.0, "avg_under_mag": 0.0, "avg_over": 5.0, "avg_under": 0.0}]]}