{"auc": 0.6594328532193362, "over_prob": 0.055917435073174815, "under_prob": 0.08408764063953977, "over_counts": {"0": 11160, "1": 587, "2": 26, "3": 16, "5": 14, "4": 12, "6": 4, "7": 2}, "under_counts": {"0": 10827, "1": 887, "2": 75, "3": 21, "4": 10, "5": 1}, "avg_over_mag": 1.275340393343419, "avg_under_mag": 1.1519114688128773, "avg_over": 1.275340393343419, "avg_under": 1.1519114688128773, "acc": 0.8073329495638312, "nll": 0.46622566695015943, "mse": 0.1480216835677555, "metrics_by_prob": [[[0.0, 0.05], {"acc": NaN, "nll": NaN, "mse": NaN, "N": 0}], [[0.05, 0.1], {"acc": NaN, "nll": NaN, "mse": NaN, "N": 0}], [[0.1, 0.15000000000000002], {"acc": NaN, "nll": NaN, "mse": NaN, "N": 0}], [[0.15000000000000002, 0.2], {"acc": NaN, "nll": NaN, "mse": NaN, "N": 0}], [[0.2, 0.25], {"acc": NaN, "nll": NaN, "mse": NaN, "N": 0}], [[0.25, 0.30000000000000004], {"acc": NaN, "nll": NaN, "mse": NaN, "N": 0}], [[0.30000000000000004, 0.35000000000000003], {"acc": 0.7, "nll": 0.6135197746185508, "mse": 0.21117490435483377, "N": 230, "over_prob": 0.0, "under_prob": 0.0, "over_counts": {"0": 230}, "under_counts": {"0": 230}, "avg_over_mag": 0.0, "avg_under_mag": 0.0, "avg_over": 0.0, "avg_under": 0.0}], [[0.35000000000000003, 0.4], {"acc": 0.6923076923076923, "nll": 0.6252283057413934, "mse": 0.21664475590487914, "N": 26, "over_prob": 0.0, "under_prob": 0.0, "over_counts": {"0": 26}, "under_counts": {"0": 26}, "avg_over_mag": 0.0, "avg_under_mag": 0.0, "avg_over": 0.0, "avg_under": 0.0}], [[0.4, 0.45], {"acc": 0.5427509293680297, "nll": 0.6886374875366298, "mse": 0.2477520625037926, "N": 269, "over_prob": 0.0, "under_prob": 0.0, "over_counts": {"0": 269}, "under_counts": {"0": 269}, "avg_over_mag": 0.0, "avg_under_mag": 0.0, "avg_over": 0.0, "avg_under": 0.0}], [[0.45, 0.5], {"acc": 0.4855072463768116, "nll": 0.6954404586254145, "mse": 0.2511456396071759, "N": 276, "over_prob": 0.0, "under_prob": 0.0, "over_counts": {"0": 276}, "under_counts": {"0": 276}, "avg_over_mag": 0.0, "avg_under_mag": 0.0, "avg_over": 0.0, "avg_under": 0.0}], [[0.5, 0.55], {"acc": 0.5305164319248826, "nll": 0.6923428094436099, "mse": 0.24959684021463496, "N": 213, "over_prob": 0.0, "under_prob": 0.0, "over_counts": {"0": 213}, "under_counts": {"0": 213}, "avg_over_mag": 0.0, "avg_under_mag": 0.0, "avg_over": 0.0, "avg_under": 0.0}], [[0.55, 0.6000000000000001], {"acc": 0.6095836606441477, "nll": 0.667553654004758, "mse": 0.23732464651791774, "N": 1273, "over_prob": 0.0, "under_prob": 0.0, "over_counts": {"0": 1273}, "under_counts": {"0": 1273}, "avg_over_mag": 0.0, "avg_under_mag": 0.0, "avg_over": 0.0, "avg_under": 0.0}], [[0.6000000000000001, 0.65], {"acc": 0.6215780998389694, "nll": 0.663678708596941, "mse": 0.23540294198680606, "N": 1863, "over_prob": 0.0, "under_prob": 0.0, "over_counts": {"0": 1704}, "under_counts": {"0": 1704}, "avg_over_mag": 0.0, "avg_under_mag": 0.0, "avg_over": 0.0, "avg_under": 0.0}], [[0.65, 0.7000000000000001], {"acc": 0.6690856313497823, "nll": 0.6352075328044829, "mse": 0.22157524541087156, "N": 3445, "over_prob": 0.0, "under_prob": 0.0, "over_counts": {"0": 3072}, "under_counts": {"0": 3072}, "avg_over_mag": 0.0, "avg_under_mag": 0.0, "avg_over": 0.0, "avg_under": 0.0}], [[0.7000000000000001, 0.75], {"acc": 0.7342462703184146, "nll": 0.5786781298203041, "mse": 0.19500815428900578, "N": 8982, "over_prob": 0.0, "under_prob": 0.0, "over_counts": {"0": 5307}, "under_counts": {"0": 5307}, "avg_over_mag": 0.0, "avg_under_mag": 0.0, "avg_over": 0.0, "avg_under": 0.0}], [[0.75, 0.8], {"acc": 0.7798091630854396, "nll": 0.5265445395956956, "mse": 0.1714946835704189, "N": 13729, "over_prob": 0.0, "under_prob": 0.0, "over_counts": {"0": 6328}, "under_counts": {"0": 6328}, "avg_over_mag": 0.0, "avg_under_mag": 0.0, "avg_over": 0.0, "avg_under": 0.0}], [[0.8, 0.8500000000000001], {"acc": 0.828356621036953, "nll": 0.45843228095035077, "mse": 0.1421719367961874, "N": 14099, "over_prob": 0.0, "under_prob": 0.17493840197113697, "over_counts": {"0": 5682}, "under_counts": {"0": 4688, "1": 887, "2": 75, "3": 21, "4": 10, "5": 1}, "avg_over_mag": 0.0, "avg_under_mag": 1.1519114688128773, "avg_over": 0.0, "avg_under": 1.1519114688128773}], [[0.8500000000000001, 0.9], {"acc": 0.8748028539241457, "nll": 0.3774204725706774, "mse": 0.10958206866023575, "N": 13315, "over_prob": 0.1385163453478625, "under_prob": 0.0, "over_counts": {"0": 4111, "1": 587, "2": 26, "3": 16, "5": 14, "4": 12, "6": 4, "7": 2}, "under_counts": {"0": 4772}, "avg_over_mag": 1.275340393343419, "avg_under_mag": 0.0, "avg_over": 1.275340393343419, "avg_under": 0.0}], [[0.9, 0.9500000000000001], {"acc": 0.9200915730949526, "nll": 0.2782164778165974, "mse": 0.07347294747679921, "N": 9173, "over_prob": 0.0, "under_prob": 0.0, "over_counts": {"0": 2831}, "under_counts": {"0": 2831}, "avg_over_mag": 0.0, "avg_under_mag": 0.0, "avg_over": 0.0, "avg_under": 0.0}], [[0.9500000000000001, 1.0], {"acc": 0.9544392523364486, "nll": 0.18959924324212582, "mse": 0.043746802359153084, "N": 856, "over_prob": 0.0, "under_prob": 0.0, "over_counts": {"0": 320}, "under_counts": {"0": 320}, "avg_over_mag": 0.0, "avg_under_mag": 0.0, "avg_over": 0.0, "avg_under": 0.0}]]}