{"auc": 0.6763694312900781, "over_prob": 0.4110671936758893, "under_prob": 0.055335968379446654, "over_counts": {"0": 2086, "1": 573, "2": 282, "3": 163, "4": 114, "5": 91, "6": 59, "7": 44, "8": 27, "10": 21, "9": 20, "11": 11, "14": 9, "12": 9, "17": 6, "13": 6, "15": 4, "24": 3, "18": 3, "22": 2, "21": 2, "19": 2, "29": 1, "45": 1, "64": 1, "26": 1, "28": 1}, "under_counts": {"0": 3346, "1": 121, "2": 39, "3": 11, "4": 10, "5": 6, "6": 6, "11": 1, "12": 1, "9": 1}, "avg_over_mag": 3.3255494505494507, "avg_under_mag": 1.8877551020408163, "avg_over": 3.3255494505494507, "avg_under": 1.8877551020408163, "acc": 0.6900529351347081, "nll": 0.5940069088089253, "mse": 0.2036285251111416, "metrics_by_prob": [[[0.0, 0.05], {"acc": 0.8937728937728938, "nll": 0.39776750574614095, "mse": 0.1161929731999667, "N": 273, "over_prob": 0.0, "under_prob": 0.0, "over_counts": {"0": 59}, "under_counts": {"0": 59}, "avg_over_mag": 0.0, "avg_under_mag": 0.0, "avg_over": 0.0, "avg_under": 0.0}], [[0.05, 0.1], {"acc": 0.6879699248120301, "nll": 0.6007882258822314, "mse": 0.20704292856096715, "N": 266, "over_prob": 0.0, "under_prob": 0.0, "over_counts": {"0": 95}, "under_counts": {"0": 95}, "avg_over_mag": 0.0, "avg_under_mag": 0.0, "avg_over": 0.0, "avg_under": 0.0}], [[0.1, 0.15000000000000002], {"acc": 0.5835694050991501, "nll": 0.6780370282479424, "mse": 0.24223721356615588, "N": 353, "over_prob": 0.0, "under_prob": 0.0, "over_counts": {"0": 178}, "under_counts": {"0": 178}, "avg_over_mag": 0.0, "avg_under_mag": 0.0, "avg_over": 0.0, "avg_under": 0.0}], [[0.15000000000000002, 0.2], {"acc": 0.5432692307692307, "nll": 0.7214736192291754, "mse": 0.26180660492270497, "N": 416, "over_prob": 0.0, "under_prob": 0.008620689655172376, "over_counts": {"0": 232}, "under_counts": {"0": 230, "1": 2}, "avg_over_mag": 0.0, "avg_under_mag": 1.0, "avg_over": 0.0, "avg_under": 1.0}], [[0.2, 0.25], {"acc": 0.47751605995717344, "nll": 0.7439917099884706, "mse": 0.2730516641323941, "N": 467, "over_prob": 0.0, "under_prob": 0.0, "over_counts": {"0": 291}, "under_counts": {"0": 291}, "avg_over_mag": 0.0, "avg_under_mag": 0.0, "avg_over": 0.0, "avg_under": 0.0}], [[0.25, 0.30000000000000004], {"acc": 0.4826388888888889, "nll": 0.7535537744601579, "mse": 0.27744805186418653, "N": 576, "over_prob": 0.0, "under_prob": 0.002645502645502673, "over_counts": {"0": 378}, "under_counts": {"0": 377, "1": 1}, "avg_over_mag": 0.0, "avg_under_mag": 1.0, "avg_over": 0.0, "avg_under": 1.0}], [[0.30000000000000004, 0.35000000000000003], {"acc": 0.44871794871794873, "nll": 0.779315366421608, "mse": 0.2893556764191184, "N": 624, "over_prob": 0.0, "under_prob": 0.0024691358024691024, "over_counts": {"0": 405}, "under_counts": {"0": 404, "1": 1}, "avg_over_mag": 0.0, "avg_under_mag": 1.0, "avg_over": 0.0, "avg_under": 1.0}], [[0.35000000000000003, 0.4], {"acc": 0.4385733157199472, "nll": 0.7840353054681465, "mse": 0.2918782594479707, "N": 757, "over_prob": 0.0, "under_prob": 0.0, "over_counts": {"0": 452}, "under_counts": {"0": 452}, "avg_over_mag": 0.0, "avg_under_mag": 0.0, "avg_over": 0.0, "avg_under": 0.0}], [[0.4, 0.45], {"acc": 0.4627720504009164, "nll": 0.7546139745607833, "mse": 0.2785260250241876, "N": 873, "over_prob": 0.0, "under_prob": 0.0018382352941176405, "over_counts": {"0": 544}, "under_counts": {"0": 543, "1": 1}, "avg_over_mag": 0.0, "avg_under_mag": 1.0, "avg_over": 0.0, "avg_under": 1.0}], [[0.45, 0.5], {"acc": 0.4933712121212121, "nll": 0.7429813611661287, "mse": 0.27205025549109585, "N": 1056, "over_prob": 0.0, "under_prob": 0.004672897196261627, "over_counts": {"0": 642}, "under_counts": {"0": 639, "1": 2, "2": 1}, "avg_over_mag": 0.0, "avg_under_mag": 1.3333333333333333, "avg_over": 0.0, "avg_under": 1.3333333333333333}], [[0.5, 0.55], {"acc": 0.5065466448445172, "nll": 0.7517962616689727, "mse": 0.27568371903828465, "N": 1222, "over_prob": 0.0, "under_prob": 0.008130081300813052, "over_counts": {"0": 738}, "under_counts": {"0": 732, "1": 5, "2": 1}, "avg_over_mag": 0.0, "avg_under_mag": 1.1666666666666667, "avg_over": 0.0, "avg_under": 1.1666666666666667}], [[0.55, 0.6000000000000001], {"acc": 0.5554794520547945, "nll": 0.7142685801671423, "mse": 0.258217987604381, "N": 1460, "over_prob": 0.0, "under_prob": 0.011737089201877882, "over_counts": {"0": 852}, "under_counts": {"0": 842, "1": 10}, "avg_over_mag": 0.0, "avg_under_mag": 1.0, "avg_over": 0.0, "avg_under": 1.0}], [[0.6000000000000001, 0.65], {"acc": 0.6027397260273972, "nll": 0.6802738932448723, "mse": 0.24221160601752262, "N": 1679, "over_prob": 0.0, "under_prob": 0.01041666666666663, "over_counts": {"0": 960}, "under_counts": {"0": 950, "1": 7, "2": 2, "3": 1}, "avg_over_mag": 0.0, "avg_under_mag": 1.4, "avg_over": 0.0, "avg_under": 1.4}], [[0.65, 0.7000000000000001], {"acc": 0.6374745417515275, "nll": 0.665567292321087, "mse": 0.2345282222164249, "N": 1964, "over_prob": 0.0, "under_prob": 0.030583873957367946, "over_counts": {"0": 1079}, "under_counts": {"0": 1046, "1": 30, "2": 3}, "avg_over_mag": 0.0, "avg_under_mag": 1.0909090909090908, "avg_over": 0.0, "avg_under": 1.0909090909090908}], [[0.7000000000000001, 0.75], {"acc": 0.7001344688480502, "nll": 0.6165398697464022, "mse": 0.2121247365230478, "N": 2231, "over_prob": 0.0, "under_prob": 0.03731343283582089, "over_counts": {"0": 1206}, "under_counts": {"0": 1161, "1": 42, "2": 2, "3": 1}, "avg_over_mag": 0.0, "avg_under_mag": 1.0888888888888888, "avg_over": 0.0, "avg_under": 1.0888888888888888}], [[0.75, 0.8], {"acc": 0.7468146321413892, "nll": 0.5768541856417737, "mse": 0.19350172001806332, "N": 2433, "over_prob": 0.0, "under_prob": 0.046801872074882955, "over_counts": {"0": 1282}, "under_counts": {"0": 1222, "1": 49, "2": 8, "4": 2, "8": 1}, "avg_over_mag": 0.0, "avg_under_mag": 1.35, "avg_over": 0.0, "avg_under": 1.35}], [[0.8, 0.8500000000000001], {"acc": 0.8027656477438136, "nll": 0.5190535617301321, "mse": 0.16793911529214153, "N": 2748, "over_prob": 0.0, "under_prob": 0.0858849887976102, "over_counts": {"0": 1339}, "under_counts": {"0": 1224, "1": 88, "2": 14, "3": 6, "4": 5, "5": 2}, "avg_over_mag": 0.0, "avg_under_mag": 1.4260869565217391, "avg_over": 0.0, "avg_under": 1.4260869565217391}], [[0.8500000000000001, 0.9], {"acc": 0.8552631578947368, "nll": 0.4528888050484866, "mse": 0.1388607410152959, "N": 2888, "over_prob": 0.9117876658860266, "under_prob": 0.0, "over_counts": {"1": 574, "2": 262, "3": 148, "0": 113, "4": 85, "5": 35, "6": 23, "8": 12, "7": 12, "9": 7, "10": 3, "11": 2, "12": 2, "18": 1, "17": 1, "31": 1}, "under_counts": {"0": 1281}, "avg_over_mag": 2.208904109589041, "avg_under_mag": 0.0, "avg_over": 2.208904109589041, "avg_under": 0.0}], [[0.9, 0.9500000000000001], {"acc": 0.9257445940432476, "nll": 0.34570589583317385, "mse": 0.09380561549636252, "N": 2451, "over_prob": 0.8132942326490713, "under_prob": 0.0, "over_counts": {"1": 420, "0": 191, "2": 178, "3": 97, "4": 54, "5": 24, "6": 21, "7": 13, "8": 6, "10": 5, "9": 4, "20": 2, "12": 2, "15": 1, "17": 1, "16": 1, "25": 1, "28": 1, "13": 1}, "under_counts": {"0": 1023}, "avg_over_mag": 2.3221153846153846, "avg_under_mag": 0.0, "avg_over": 2.3221153846153846, "avg_under": 0.0}], [[0.9500000000000001, 1.0], {"acc": 0.9584055459272097, "nll": 0.264559069478858, "mse": 0.06327434114884861, "N": 577, "over_prob": 0.576158940397351, "under_prob": 0.0, "over_counts": {"0": 128, "1": 121, "2": 25, "3": 12, "6": 5, "9": 3, "4": 2, "14": 2, "7": 2, "5": 1, "11": 1}, "under_counts": {"0": 302}, "avg_over_mag": 1.896551724137931, "avg_under_mag": 0.0, "avg_over": 1.896551724137931, "avg_under": 0.0}]]}