{"over_prob": 0.29587803500846976, "under_prob": 0.4754376058723885, "over_counts": {"0": 2494, "1": 546, "2": 213, "3": 135, "4": 56, "5": 33, "6": 25, "7": 15, "8": 10, "12": 3, "9": 3, "13": 2, "14": 2, "10": 1, "15": 1, "18": 1, "50": 1, "11": 1}, "under_counts": {"0": 1858, "1": 895, "2": 366, "3": 182, "4": 93, "5": 59, "6": 30, "7": 19, "8": 11, "10": 8, "9": 7, "11": 4, "15": 3, "13": 2, "12": 1, "14": 1, "20": 1, "25": 1, "31": 1}, "avg_over_mag": 2.2156488549618323, "avg_under_mag": 2.138361045130641, "avg_over": 2.2156488549618323, "avg_under": 2.138361045130641, "acc": 0.6824681994153433, "auc": 0.6776369636463302, "nll": 0.6823817632698533, "mse": 0.21523521098828277, "metrics_by_prob": [[[0.0, 0.05], {"acc": 0.9487179487179487, "nll": 0.2895042583186655, "mse": 0.07710019065074643, "N": 273, "over_prob": 0.0, "under_prob": 0.05084745762711862, "over_counts": {"0": 59}, "under_counts": {"0": 56, "1": 3}, "avg_over_mag": 0.0, "avg_under_mag": 1.0, "avg_over": 0.0, "avg_under": 1.0}], [[0.05, 0.1], {"acc": 0.6729323308270677, "nll": 0.580786383600554, "mse": 0.20067152401690627, "N": 266, "over_prob": 0.0, "under_prob": 0.052631578947368474, "over_counts": {"0": 95}, "under_counts": {"0": 90, "1": 5}, "avg_over_mag": 0.0, "avg_under_mag": 1.0, "avg_over": 0.0, "avg_under": 1.0}], [[0.1, 0.15000000000000002], {"acc": 0.6487252124645893, "nll": 0.6684836566203901, "mse": 0.21752846030256542, "N": 353, "over_prob": 0.0, "under_prob": 0.0674157303370787, "over_counts": {"0": 178}, "under_counts": {"0": 166, "1": 9, "2": 3}, "avg_over_mag": 0.0, "avg_under_mag": 1.25, "avg_over": 0.0, "avg_under": 1.25}], [[0.15000000000000002, 0.2], {"acc": 0.6490384615384616, "nll": 0.7673355274886222, "mse": 0.24374386192496422, "N": 416, "over_prob": 0.0, "under_prob": 0.07758620689655171, "over_counts": {"0": 232}, "under_counts": {"0": 214, "1": 14, "2": 3, "3": 1}, "avg_over_mag": 0.0, "avg_under_mag": 1.2777777777777777, "avg_over": 0.0, "avg_under": 1.2777777777777777}], [[0.2, 0.25], {"acc": 0.5845824411134903, "nll": 0.8292054003941255, "mse": 0.2633669400724416, "N": 467, "over_prob": 0.0, "under_prob": 0.08591065292096223, "over_counts": {"0": 291}, "under_counts": {"0": 266, "1": 24, "2": 1}, "avg_over_mag": 0.0, "avg_under_mag": 1.04, "avg_over": 0.0, "avg_under": 1.04}], [[0.25, 0.30000000000000004], {"acc": 0.546875, "nll": 0.83144990721842, "mse": 0.28355000514729595, "N": 576, "over_prob": 0.0, "under_prob": 0.08730158730158732, "over_counts": {"0": 378}, "under_counts": {"0": 345, "1": 30, "2": 2, "3": 1}, "avg_over_mag": 0.0, "avg_under_mag": 1.121212121212121, "avg_over": 0.0, "avg_under": 1.121212121212121}], [[0.30000000000000004, 0.35000000000000003], {"acc": 0.5352564102564102, "nll": 0.8241057356129627, "mse": 0.28428251918941927, "N": 624, "over_prob": 0.0, "under_prob": 0.0864197530864198, "over_counts": {"0": 405}, "under_counts": {"0": 370, "1": 33, "3": 1, "2": 1}, "avg_over_mag": 0.0, "avg_under_mag": 1.0857142857142856, "avg_over": 0.0, "avg_under": 1.0857142857142856}], [[0.35000000000000003, 0.4], {"acc": 0.523117569352708, "nll": 0.844795413228193, "mse": 0.28398425383421066, "N": 757, "over_prob": 0.0, "under_prob": 0.10176991150442483, "over_counts": {"0": 452}, "under_counts": {"0": 406, "1": 41, "2": 4, "4": 1}, "avg_over_mag": 0.0, "avg_under_mag": 1.1521739130434783, "avg_over": 0.0, "avg_under": 1.1521739130434783}], [[0.4, 0.45], {"acc": 0.4925544100801833, "nll": 0.8852732812224002, "mse": 0.2997246141429367, "N": 873, "over_prob": 0.0, "under_prob": 0.11764705882352944, "over_counts": {"0": 544}, "under_counts": {"0": 480, "1": 60, "2": 3, "3": 1}, "avg_over_mag": 0.0, "avg_under_mag": 1.078125, "avg_over": 0.0, "avg_under": 1.078125}], [[0.45, 0.5], {"acc": 0.4791666666666667, "nll": 0.8961828403972759, "mse": 0.3055418531442971, "N": 1056, "over_prob": 0.0, "under_prob": 0.14641744548286606, "over_counts": {"0": 642}, "under_counts": {"0": 548, "1": 86, "2": 7, "3": 1}, "avg_over_mag": 0.0, "avg_under_mag": 1.0957446808510638, "avg_over": 0.0, "avg_under": 1.0957446808510638}], [[0.5, 0.55], {"acc": 0.5180032733224222, "nll": 0.8737475334902269, "mse": 0.2990063344256832, "N": 1222, "over_prob": 0.0, "under_prob": 0.13685636856368566, "over_counts": {"0": 738}, "under_counts": {"0": 637, "1": 86, "2": 14, "4": 1}, "avg_over_mag": 0.0, "avg_under_mag": 1.1683168316831682, "avg_over": 0.0, "avg_under": 1.1683168316831682}], [[0.55, 0.6000000000000001], {"acc": 0.5280821917808219, "nll": 0.8386186664945112, "mse": 0.2812009736409745, "N": 1460, "over_prob": 0.0, "under_prob": 0.1901408450704225, "over_counts": {"0": 852}, "under_counts": {"0": 690, "1": 146, "2": 12, "3": 2, "6": 1, "7": 1}, "avg_over_mag": 0.0, "avg_under_mag": 1.1666666666666667, "avg_over": 0.0, "avg_under": 1.1666666666666667}], [[0.6000000000000001, 0.65], {"acc": 0.5759380583680762, "nll": 0.7898713913099094, "mse": 0.2640569021420094, "N": 1679, "over_prob": 0.0, "under_prob": 0.22187500000000004, "over_counts": {"0": 960}, "under_counts": {"0": 747, "1": 188, "2": 20, "3": 4, "5": 1}, "avg_over_mag": 0.0, "avg_under_mag": 1.1502347417840375, "avg_over": 0.0, "avg_under": 1.1502347417840375}], [[0.65, 0.7000000000000001], {"acc": 0.5972505091649695, "nll": 0.8074641547778301, "mse": 0.2616446051163616, "N": 1964, "over_prob": 0.0, "under_prob": 0.2947173308619092, "over_counts": {"0": 1079}, "under_counts": {"0": 761, "1": 279, "2": 30, "3": 6, "4": 3}, "avg_over_mag": 0.0, "avg_under_mag": 1.1603773584905661, "avg_over": 0.0, "avg_under": 1.1603773584905661}], [[0.7000000000000001, 0.75], {"acc": 0.6629314208874943, "nll": 0.7325183921584806, "mse": 0.23583692628591874, "N": 2231, "over_prob": 0.0, "under_prob": 0.3565505804311775, "over_counts": {"0": 1206}, "under_counts": {"0": 776, "1": 367, "2": 50, "3": 9, "4": 2, "5": 1, "6": 1}, "avg_over_mag": 0.0, "avg_under_mag": 1.1930232558139535, "avg_over": 0.0, "avg_under": 1.1930232558139535}], [[0.75, 0.8], {"acc": 0.706124126592684, "nll": 0.6953000567642439, "mse": 0.2156398440619319, "N": 2433, "over_prob": 0.0, "under_prob": 0.4321372854914196, "over_counts": {"0": 1282}, "under_counts": {"0": 728, "1": 435, "2": 94, "3": 20, "4": 4, "5": 1}, "avg_over_mag": 0.0, "avg_under_mag": 1.2707581227436824, "avg_over": 0.0, "avg_under": 1.2707581227436824}], [[0.8, 0.8500000000000001], {"acc": 0.7820232896652111, "nll": 0.6072353260322466, "mse": 0.1775905537308559, "N": 2748, "over_prob": 0.0, "under_prob": 0.5653472740851382, "over_counts": {"0": 1339}, "under_counts": {"0": 582, "1": 541, "2": 146, "3": 41, "4": 21, "5": 3, "7": 2, "6": 2, "10": 1}, "avg_over_mag": 0.0, "avg_under_mag": 1.441215323645971, "avg_over": 0.0, "avg_under": 1.441215323645971}], [[0.8500000000000001, 0.9], {"acc": 0.8351800554016621, "nll": 0.5260324516328356, "mse": 0.143574633910627, "N": 2888, "over_prob": 0.6221701795472288, "under_prob": 0.0, "over_counts": {"1": 489, "0": 484, "2": 161, "3": 77, "4": 31, "5": 21, "6": 7, "7": 5, "9": 2, "16": 1, "11": 1, "27": 1, "8": 1}, "under_counts": {"0": 1281}, "avg_over_mag": 1.7917189460476788, "avg_under_mag": 0.0, "avg_over": 1.7917189460476788, "avg_under": 0.0}], [[0.9, 0.9500000000000001], {"acc": 0.9102407180742554, "nll": 0.368323167633827, "mse": 0.08912229651733213, "N": 2451, "over_prob": 0.5063538611925709, "under_prob": 0.0, "over_counts": {"0": 505, "1": 351, "2": 110, "3": 28, "4": 16, "5": 8, "7": 2, "8": 1, "21": 1, "6": 1}, "under_counts": {"0": 1023}, "avg_over_mag": 1.5598455598455598, "avg_under_mag": 0.0, "avg_over": 1.5598455598455598, "avg_under": 0.0}], [[0.9500000000000001, 1.0], {"acc": 0.9566724436741768, "nll": 0.21713781482064756, "mse": 0.0481613131287948, "N": 577, "over_prob": 0.22847682119205293, "under_prob": 0.0, "over_counts": {"0": 233, "1": 55, "2": 13, "5": 1}, "under_counts": {"0": 302}, "avg_over_mag": 1.2463768115942029, "avg_under_mag": 0.0, "avg_over": 1.2463768115942029, "avg_under": 0.0}]]}