{"over_prob": 0.2822899697463347, "under_prob": 0.43239469397253893, "over_counts": {"0": 3084, "1": 639, "2": 269, "3": 133, "4": 72, "5": 33, "7": 16, "6": 15, "8": 9, "9": 7, "10": 5, "12": 3, "14": 3, "13": 3, "11": 2, "15": 2, "25": 1, "21": 1}, "under_counts": {"0": 2439, "1": 1030, "2": 375, "3": 198, "4": 109, "5": 53, "6": 27, "7": 25, "8": 9, "10": 9, "9": 8, "11": 6, "14": 3, "20": 2, "12": 2, "13": 2}, "avg_over_mag": 2.169002473206925, "avg_under_mag": 2.068891280947255, "avg_over": 2.169002473206925, "avg_under": 2.068891280947255, "acc": 0.6936897617748682, "auc": 0.6916056727605813, "nll": 0.6903452140288507, "mse": 0.21149467951618098, "metrics_by_prob": [[[0.0, 0.05], {"acc": 0.9092920353982301, "nll": 0.29667424816860277, "mse": 0.07201859347626227, "N": 452, "over_prob": 0.0, "under_prob": 0.02631578947368418, "over_counts": {"0": 76}, "under_counts": {"0": 74, "1": 2}, "avg_over_mag": 0.0, "avg_under_mag": 1.0, "avg_over": 0.0, "avg_under": 1.0}], [[0.05, 0.1], {"acc": 0.7423728813559322, "nll": 0.6010809960308919, "mse": 0.18204312886186763, "N": 295, "over_prob": 0.0, "under_prob": 0.06521739130434778, "over_counts": {"0": 138}, "under_counts": {"0": 129, "1": 7, "5": 1, "3": 1}, "avg_over_mag": 0.0, "avg_under_mag": 1.6666666666666667, "avg_over": 0.0, "avg_under": 1.6666666666666667}], [[0.1, 0.15000000000000002], {"acc": 0.7455470737913485, "nll": 0.6623059354134976, "mse": 0.19191587843985786, "N": 393, "over_prob": 0.0, "under_prob": 0.045454545454545414, "over_counts": {"0": 220}, "under_counts": {"0": 210, "1": 9, "4": 1}, "avg_over_mag": 0.0, "avg_under_mag": 1.3, "avg_over": 0.0, "avg_under": 1.3}], [[0.15000000000000002, 0.2], {"acc": 0.6235827664399093, "nll": 0.7877035479807051, "mse": 0.24131268839018172, "N": 441, "over_prob": 0.0, "under_prob": 0.05514705882352944, "over_counts": {"0": 272}, "under_counts": {"0": 257, "1": 12, "2": 3}, "avg_over_mag": 0.0, "avg_under_mag": 1.2, "avg_over": 0.0, "avg_under": 1.2}], [[0.2, 0.25], {"acc": 0.5795677799607073, "nll": 0.866662029357987, "mse": 0.2691021979733449, "N": 509, "over_prob": 0.0, "under_prob": 0.045592705167173286, "over_counts": {"0": 329}, "under_counts": {"0": 314, "1": 12, "2": 2, "4": 1}, "avg_over_mag": 0.0, "avg_under_mag": 1.3333333333333333, "avg_over": 0.0, "avg_under": 1.3333333333333333}], [[0.25, 0.30000000000000004], {"acc": 0.5682210708117443, "nll": 0.7950647487712681, "mse": 0.2670073210538831, "N": 579, "over_prob": 0.0, "under_prob": 0.058375634517766506, "over_counts": {"0": 394}, "under_counts": {"0": 371, "1": 21, "2": 2}, "avg_over_mag": 0.0, "avg_under_mag": 1.0869565217391304, "avg_over": 0.0, "avg_under": 1.0869565217391304}], [[0.30000000000000004, 0.35000000000000003], {"acc": 0.5190058479532164, "nll": 0.8124361354679707, "mse": 0.2762712429290904, "N": 684, "over_prob": 0.0, "under_prob": 0.09327548806941433, "over_counts": {"0": 461}, "under_counts": {"0": 418, "1": 40, "2": 3}, "avg_over_mag": 0.0, "avg_under_mag": 1.069767441860465, "avg_over": 0.0, "avg_under": 1.069767441860465}], [[0.35000000000000003, 0.4], {"acc": 0.5, "nll": 0.968251270752921, "mse": 0.3110980216843456, "N": 750, "over_prob": 0.0, "under_prob": 0.09999999999999998, "over_counts": {"0": 510}, "under_counts": {"0": 459, "1": 46, "2": 4, "3": 1}, "avg_over_mag": 0.0, "avg_under_mag": 1.1176470588235294, "avg_over": 0.0, "avg_under": 1.1176470588235294}], [[0.4, 0.45], {"acc": 0.5158124318429662, "nll": 0.8891879850560144, "mse": 0.2947044665352642, "N": 917, "over_prob": 0.0, "under_prob": 0.10064935064935066, "over_counts": {"0": 616}, "under_counts": {"0": 554, "1": 58, "2": 4}, "avg_over_mag": 0.0, "avg_under_mag": 1.064516129032258, "avg_over": 0.0, "avg_under": 1.064516129032258}], [[0.45, 0.5], {"acc": 0.48677766895200786, "nll": 0.9047662243183937, "mse": 0.30017581622799494, "N": 1021, "over_prob": 0.0, "under_prob": 0.1339285714285714, "over_counts": {"0": 672}, "under_counts": {"0": 582, "1": 86, "2": 4}, "avg_over_mag": 0.0, "avg_under_mag": 1.0444444444444445, "avg_over": 0.0, "avg_under": 1.0444444444444445}], [[0.5, 0.55], {"acc": 0.49303405572755415, "nll": 0.9060928355068104, "mse": 0.30297300817767964, "N": 1292, "over_prob": 0.0, "under_prob": 0.17870257037943693, "over_counts": {"0": 817}, "under_counts": {"0": 671, "1": 137, "2": 7, "3": 2}, "avg_over_mag": 0.0, "avg_under_mag": 1.0753424657534247, "avg_over": 0.0, "avg_under": 1.0753424657534247}], [[0.55, 0.6000000000000001], {"acc": 0.5336021505376344, "nll": 0.8720908182452186, "mse": 0.28713919441838714, "N": 1488, "over_prob": 0.0, "under_prob": 0.19037199124726478, "over_counts": {"0": 914}, "under_counts": {"0": 740, "1": 158, "2": 13, "3": 2, "4": 1}, "avg_over_mag": 0.0, "avg_under_mag": 1.1149425287356323, "avg_over": 0.0, "avg_under": 1.1149425287356323}], [[0.6000000000000001, 0.65], {"acc": 0.57, "nll": 0.8623457386744238, "mse": 0.2827780125611751, "N": 1700, "over_prob": 0.0, "under_prob": 0.24077669902912624, "over_counts": {"0": 1030}, "under_counts": {"0": 782, "1": 230, "2": 16, "3": 1, "4": 1}, "avg_over_mag": 0.0, "avg_under_mag": 1.0846774193548387, "avg_over": 0.0, "avg_under": 1.0846774193548387}], [[0.65, 0.7000000000000001], {"acc": 0.6148946594806467, "nll": 0.8118331215769553, "mse": 0.2610914241834686, "N": 2041, "over_prob": 0.0, "under_prob": 0.27571669477234406, "over_counts": {"0": 1186}, "under_counts": {"0": 859, "1": 283, "2": 34, "3": 8, "6": 1, "4": 1}, "avg_over_mag": 0.0, "avg_under_mag": 1.1773700305810397, "avg_over": 0.0, "avg_under": 1.1773700305810397}], [[0.7000000000000001, 0.75], {"acc": 0.6560891938250428, "nll": 0.7769734619601145, "mse": 0.2434946410962333, "N": 2332, "over_prob": 0.0, "under_prob": 0.315946348733234, "over_counts": {"0": 1342}, "under_counts": {"0": 918, "1": 350, "2": 58, "3": 11, "4": 3, "6": 1, "5": 1}, "avg_over_mag": 0.0, "avg_under_mag": 1.2311320754716981, "avg_over": 0.0, "avg_under": 1.2311320754716981}], [[0.75, 0.8], {"acc": 0.7162523900573614, "nll": 0.706376574192348, "mse": 0.21689498852339012, "N": 2615, "over_prob": 0.0, "under_prob": 0.4299583911234397, "over_counts": {"0": 1442}, "under_counts": {"0": 822, "1": 479, "2": 105, "3": 23, "4": 12, "5": 1}, "avg_over_mag": 0.0, "avg_under_mag": 1.3080645161290323, "avg_over": 0.0, "avg_under": 1.3080645161290323}], [[0.8, 0.8500000000000001], {"acc": 0.7638658253072069, "nll": 0.6770976104778051, "mse": 0.18812812301644774, "N": 3011, "over_prob": 0.0, "under_prob": 0.5272952853598014, "over_counts": {"0": 1612}, "under_counts": {"0": 762, "1": 650, "2": 136, "3": 45, "4": 12, "5": 6, "15": 1}, "avg_over_mag": 0.0, "avg_under_mag": 1.3529411764705883, "avg_over": 0.0, "avg_under": 1.3529411764705883}], [[0.8500000000000001, 0.9], {"acc": 0.847887323943662, "nll": 0.5035856200944232, "mse": 0.13491827402269033, "N": 3195, "over_prob": 0.5976638546398443, "under_prob": 0.0, "over_counts": {"0": 620, "1": 584, "2": 187, "3": 80, "4": 34, "5": 21, "6": 7, "8": 4, "10": 2, "7": 1, "9": 1}, "under_counts": {"0": 1541}, "avg_over_mag": 1.6818675352877308, "avg_under_mag": 0.0, "avg_over": 1.6818675352877308, "avg_under": 0.0}], [[0.9, 0.9500000000000001], {"acc": 0.9116936874784408, "nll": 0.34682310226721175, "mse": 0.08440365322511884, "N": 2899, "over_prob": 0.47478991596638653, "under_prob": 0.0, "over_counts": {"0": 625, "1": 383, "2": 103, "3": 36, "4": 25, "5": 7, "6": 3, "8": 2, "7": 2, "10": 2, "24": 1, "9": 1}, "under_counts": {"0": 1190}, "avg_over_mag": 1.6513274336283186, "avg_under_mag": 0.0, "avg_over": 1.6513274336283186, "avg_under": 0.0}], [[0.9500000000000001, 1.0], {"acc": 0.9545970488081725, "nll": 0.2678165168866898, "mse": 0.053160298928074286, "N": 881, "over_prob": 0.2702702702702703, "under_prob": 0.0, "over_counts": {"0": 297, "1": 89, "2": 9, "3": 8, "5": 2, "4": 2}, "under_counts": {"0": 407}, "avg_over_mag": 1.3545454545454545, "avg_under_mag": 0.0, "avg_over": 1.3545454545454545, "avg_under": 0.0}]]}