{"auc": 0.6871246108649618, "over_prob": 0.4065627181754713, "under_prob": 0.05259483360484063, "over_counts": {"0": 2550, "1": 734, "2": 313, "3": 204, "4": 141, "5": 113, "6": 67, "7": 47, "11": 22, "9": 22, "8": 21, "12": 10, "10": 7, "13": 6, "14": 4, "16": 4, "18": 4, "33": 3, "15": 2, "19": 2, "37": 2, "24": 2, "27": 2, "17": 2, "26": 1, "32": 1, "31": 1, "21": 1, "30": 1, "20": 1, "41": 1, "28": 1, "36": 1, "49": 1, "25": 1, "22": 1, "55": 1}, "under_counts": {"0": 4071, "1": 151, "2": 39, "3": 17, "4": 5, "5": 5, "8": 3, "6": 3, "7": 1, "9": 1, "20": 1}, "avg_over_mag": 3.2587292501431024, "avg_under_mag": 1.7831858407079646, "avg_over": 3.2587292501431024, "avg_under": 1.7831858407079646, "acc": 0.6972540461902164, "nll": 0.5837663069671232, "mse": 0.19919017027493532, "metrics_by_prob": [[[0.0, 0.05], {"acc": 0.8407079646017699, "nll": 0.36824649662365366, "mse": 0.11207018679175443, "N": 452, "over_prob": 0.0, "under_prob": 0.0, "over_counts": {"0": 76}, "under_counts": {"0": 76}, "avg_over_mag": 0.0, "avg_under_mag": 0.0, "avg_over": 0.0, "avg_under": 0.0}], [[0.05, 0.1], {"acc": 0.6203389830508474, "nll": 0.6269713108563578, "mse": 0.219102164090721, "N": 295, "over_prob": 0.0, "under_prob": 0.0, "over_counts": {"0": 138}, "under_counts": {"0": 138}, "avg_over_mag": 0.0, "avg_under_mag": 0.0, "avg_over": 0.0, "avg_under": 0.0}], [[0.1, 0.15000000000000002], {"acc": 0.5826972010178118, "nll": 0.6877674016642082, "mse": 0.24427363694989424, "N": 393, "over_prob": 0.0, "under_prob": 0.018181818181818188, "over_counts": {"0": 220}, "under_counts": {"0": 216, "1": 4}, "avg_over_mag": 0.0, "avg_under_mag": 1.0, "avg_over": 0.0, "avg_under": 1.0}], [[0.15000000000000002, 0.2], {"acc": 0.4875283446712018, "nll": 0.748415117584071, "mse": 0.2742444566619678, "N": 441, "over_prob": 0.0, "under_prob": 0.003676470588235281, "over_counts": {"0": 272}, "under_counts": {"0": 271, "1": 1}, "avg_over_mag": 0.0, "avg_under_mag": 1.0, "avg_over": 0.0, "avg_under": 1.0}], [[0.2, 0.25], {"acc": 0.4911591355599214, "nll": 0.7577782188788889, "mse": 0.2787097943339175, "N": 509, "over_prob": 0.0, "under_prob": 0.003039513677811523, "over_counts": {"0": 329}, "under_counts": {"0": 328, "1": 1}, "avg_over_mag": 0.0, "avg_under_mag": 1.0, "avg_over": 0.0, "avg_under": 1.0}], [[0.25, 0.30000000000000004], {"acc": 0.46459412780656306, "nll": 0.7422161969688849, "mse": 0.27262997418423746, "N": 579, "over_prob": 0.0, "under_prob": 0.0, "over_counts": {"0": 394}, "under_counts": {"0": 394}, "avg_over_mag": 0.0, "avg_under_mag": 0.0, "avg_over": 0.0, "avg_under": 0.0}], [[0.30000000000000004, 0.35000000000000003], {"acc": 0.47953216374269003, "nll": 0.7487706182202176, "mse": 0.2748240206171856, "N": 684, "over_prob": 0.0, "under_prob": 0.004338394793926281, "over_counts": {"0": 461}, "under_counts": {"0": 459, "1": 2}, "avg_over_mag": 0.0, "avg_under_mag": 1.0, "avg_over": 0.0, "avg_under": 1.0}], [[0.35000000000000003, 0.4], {"acc": 0.44533333333333336, "nll": 0.777585850383822, "mse": 0.28874295595410465, "N": 750, "over_prob": 0.0, "under_prob": 0.0, "over_counts": {"0": 510}, "under_counts": {"0": 510}, "avg_over_mag": 0.0, "avg_under_mag": 0.0, "avg_over": 0.0, "avg_under": 0.0}], [[0.4, 0.45], {"acc": 0.46455834242093785, "nll": 0.7572527330913791, "mse": 0.2792551336120614, "N": 917, "over_prob": 0.0, "under_prob": 0.0, "over_counts": {"0": 616}, "under_counts": {"0": 616}, "avg_over_mag": 0.0, "avg_under_mag": 0.0, "avg_over": 0.0, "avg_under": 0.0}], [[0.45, 0.5], {"acc": 0.4720861900097943, "nll": 0.754583318318473, "mse": 0.27778842083703675, "N": 1021, "over_prob": 0.0, "under_prob": 0.005952380952380931, "over_counts": {"0": 672}, "under_counts": {"0": 668, "1": 4}, "avg_over_mag": 0.0, "avg_under_mag": 1.0, "avg_over": 0.0, "avg_under": 1.0}], [[0.5, 0.55], {"acc": 0.5007739938080495, "nll": 0.7510797118306898, "mse": 0.2747895664607452, "N": 1292, "over_prob": 0.0, "under_prob": 0.008567931456548328, "over_counts": {"0": 817}, "under_counts": {"0": 810, "1": 7}, "avg_over_mag": 0.0, "avg_under_mag": 1.0, "avg_over": 0.0, "avg_under": 1.0}], [[0.55, 0.6000000000000001], {"acc": 0.5342741935483871, "nll": 0.7403400662408413, "mse": 0.26987962933891946, "N": 1488, "over_prob": 0.0, "under_prob": 0.006564551422319487, "over_counts": {"0": 914}, "under_counts": {"0": 908, "1": 6}, "avg_over_mag": 0.0, "avg_under_mag": 1.0, "avg_over": 0.0, "avg_under": 1.0}], [[0.6000000000000001, 0.65], {"acc": 0.6147058823529412, "nll": 0.6832618394852098, "mse": 0.24289279987845344, "N": 1700, "over_prob": 0.0, "under_prob": 0.01650485436893201, "over_counts": {"0": 1030}, "under_counts": {"0": 1013, "1": 17}, "avg_over_mag": 0.0, "avg_under_mag": 1.0, "avg_over": 0.0, "avg_under": 1.0}], [[0.65, 0.7000000000000001], {"acc": 0.6550710436060755, "nll": 0.6501464091581727, "mse": 0.2280113437086341, "N": 2041, "over_prob": 0.0, "under_prob": 0.024451939291736946, "over_counts": {"0": 1186}, "under_counts": {"0": 1157, "1": 28, "3": 1}, "avg_over_mag": 0.0, "avg_under_mag": 1.0689655172413792, "avg_over": 0.0, "avg_under": 1.0689655172413792}], [[0.7000000000000001, 0.75], {"acc": 0.6826758147512865, "nll": 0.623465313225349, "mse": 0.21555933381652406, "N": 2332, "over_prob": 0.0, "under_prob": 0.03129657228017879, "over_counts": {"0": 1342}, "under_counts": {"0": 1300, "1": 37, "2": 3, "7": 1, "3": 1}, "avg_over_mag": 0.0, "avg_under_mag": 1.2619047619047619, "avg_over": 0.0, "avg_under": 1.2619047619047619}], [[0.75, 0.8], {"acc": 0.7537284894837476, "nll": 0.5639771789213316, "mse": 0.18803622578149903, "N": 2615, "over_prob": 0.0, "under_prob": 0.05131761442441052, "over_counts": {"0": 1442}, "under_counts": {"0": 1368, "1": 62, "2": 6, "3": 4, "6": 1, "4": 1}, "avg_over_mag": 0.0, "avg_under_mag": 1.2972972972972974, "avg_over": 0.0, "avg_under": 1.2972972972972974}], [[0.8, 0.8500000000000001], {"acc": 0.7887744935237463, "nll": 0.5368610462101817, "mse": 0.17536704087513502, "N": 3011, "over_prob": 0.0, "under_prob": 0.08002481389578164, "over_counts": {"0": 1612}, "under_counts": {"0": 1483, "1": 99, "2": 18, "3": 6, "4": 3, "5": 2, "6": 1}, "avg_over_mag": 0.0, "avg_under_mag": 1.4031007751937985, "avg_over": 0.0, "avg_under": 1.4031007751937985}], [[0.8500000000000001, 0.9], {"acc": 0.8685446009389671, "nll": 0.4358805161512146, "mse": 0.13162857832432065, "N": 3195, "over_prob": 0.9195327709279688, "under_prob": 0.0, "over_counts": {"1": 774, "2": 305, "3": 153, "0": 124, "4": 79, "5": 45, "6": 24, "7": 13, "8": 9, "10": 5, "9": 3, "13": 2, "15": 2, "16": 1, "14": 1, "11": 1}, "under_counts": {"0": 1541}, "avg_over_mag": 2.021877205363444, "avg_under_mag": 0.0, "avg_over": 2.021877205363444, "avg_under": 0.0}], [[0.9, 0.9500000000000001], {"acc": 0.9292859606760953, "nll": 0.3412432907507825, "mse": 0.09177545354906677, "N": 2899, "over_prob": 0.8100840336134454, "under_prob": 0.0, "over_counts": {"1": 483, "0": 226, "2": 204, "3": 126, "4": 59, "5": 28, "6": 19, "7": 9, "10": 8, "9": 6, "8": 5, "12": 4, "16": 2, "18": 2, "15": 2, "13": 2, "26": 1, "34": 1, "27": 1, "17": 1, "21": 1}, "under_counts": {"0": 1190}, "avg_over_mag": 2.378630705394191, "avg_under_mag": 0.0, "avg_over": 2.378630705394191, "avg_under": 0.0}], [[0.9500000000000001, 1.0], {"acc": 0.9580022701475596, "nll": 0.2674782609597315, "mse": 0.06425899700931556, "N": 881, "over_prob": 0.5405405405405406, "under_prob": 0.0, "over_counts": {"0": 187, "1": 155, "2": 22, "3": 14, "7": 5, "9": 4, "4": 3, "8": 3, "10": 3, "19": 2, "6": 2, "15": 2, "13": 1, "5": 1, "30": 1, "12": 1, "17": 1}, "under_counts": {"0": 407}, "avg_over_mag": 2.4318181818181817, "avg_under_mag": 0.0, "avg_over": 2.4318181818181817, "avg_under": 0.0}]]}