{"over_prob": 0.21995783555867887, "under_prob": 0.5640665261185289, "over_counts": {"0": 3330, "1": 597, "2": 183, "3": 75, "4": 34, "5": 18, "6": 16, "7": 5, "8": 4, "10": 2, "11": 2, "9": 2, "12": 1}, "under_counts": {"0": 1861, "1": 1146, "2": 502, "3": 295, "4": 161, "5": 87, "6": 57, "7": 42, "8": 33, "9": 20, "10": 20, "13": 8, "11": 8, "12": 5, "19": 4, "16": 4, "15": 2, "20": 2, "21": 2, "18": 2, "17": 2, "23": 1, "43": 1, "25": 1, "27": 1, "14": 1, "28": 1}, "avg_over_mag": 1.7561235356762512, "avg_under_mag": 2.5448504983388704, "avg_over": 1.7561235356762512, "avg_under": 2.5448504983388704, "acc": 0.6860502635069731, "auc": 0.6720747025325676, "nll": 0.8247387396108271, "mse": 0.22451360026933556, "metrics_by_prob": [[[0.0, 0.05], {"acc": 0.9026845637583892, "nll": 0.32167191240843074, "mse": 0.08826212113788078, "N": 298, "over_prob": 0.0, "under_prob": 0.044117647058823484, "over_counts": {"0": 68}, "under_counts": {"0": 65, "1": 2, "2": 1}, "avg_over_mag": 0.0, "avg_under_mag": 1.3333333333333333, "avg_over": 0.0, "avg_under": 1.3333333333333333}], [[0.05, 0.1], {"acc": 0.7230215827338129, "nll": 0.6872238863112333, "mse": 0.20179621865890726, "N": 278, "over_prob": 0.0, "under_prob": 0.0692307692307692, "over_counts": {"0": 130}, "under_counts": {"0": 121, "1": 6, "3": 2, "2": 1}, "avg_over_mag": 0.0, "avg_under_mag": 1.5555555555555556, "avg_over": 0.0, "avg_under": 1.5555555555555556}], [[0.1, 0.15000000000000002], {"acc": 0.7047619047619048, "nll": 0.881162074653166, "mse": 0.219893716662643, "N": 315, "over_prob": 0.0, "under_prob": 0.11560693641618502, "over_counts": {"0": 173}, "under_counts": {"0": 153, "1": 16, "2": 3, "3": 1}, "avg_over_mag": 0.0, "avg_under_mag": 1.25, "avg_over": 0.0, "avg_under": 1.25}], [[0.15000000000000002, 0.2], {"acc": 0.6214833759590793, "nll": 0.9331229221252285, "mse": 0.27178514254373415, "N": 391, "over_prob": 0.0, "under_prob": 0.12083333333333335, "over_counts": {"0": 240}, "under_counts": {"0": 211, "1": 27, "2": 2}, "avg_over_mag": 0.0, "avg_under_mag": 1.0689655172413792, "avg_over": 0.0, "avg_under": 1.0689655172413792}], [[0.2, 0.25], {"acc": 0.5681341719077568, "nll": 0.9701103822943477, "mse": 0.2923370637176996, "N": 477, "over_prob": 0.0, "under_prob": 0.12624584717607978, "over_counts": {"0": 301}, "under_counts": {"0": 263, "1": 35, "2": 3}, "avg_over_mag": 0.0, "avg_under_mag": 1.0789473684210527, "avg_over": 0.0, "avg_under": 1.0789473684210527}], [[0.25, 0.30000000000000004], {"acc": 0.5180722891566265, "nll": 1.0424012418147806, "mse": 0.3163523437283255, "N": 581, "over_prob": 0.0, "under_prob": 0.1412742382271468, "over_counts": {"0": 361}, "under_counts": {"0": 310, "1": 48, "2": 3}, "avg_over_mag": 0.0, "avg_under_mag": 1.0588235294117647, "avg_over": 0.0, "avg_under": 1.0588235294117647}], [[0.30000000000000004, 0.35000000000000003], {"acc": 0.4978102189781022, "nll": 1.1210089653237576, "mse": 0.3392154016803762, "N": 685, "over_prob": 0.0, "under_prob": 0.16781609195402303, "over_counts": {"0": 435}, "under_counts": {"0": 362, "1": 63, "2": 6, "3": 3, "4": 1}, "avg_over_mag": 0.0, "avg_under_mag": 1.2054794520547945, "avg_over": 0.0, "avg_under": 1.2054794520547945}], [[0.35000000000000003, 0.4], {"acc": 0.5163727959697733, "nll": 1.06659882570086, "mse": 0.30979478555183293, "N": 794, "over_prob": 0.0, "under_prob": 0.1785714285714286, "over_counts": {"0": 504}, "under_counts": {"0": 414, "1": 81, "2": 6, "3": 3}, "avg_over_mag": 0.0, "avg_under_mag": 1.1333333333333333, "avg_over": 0.0, "avg_under": 1.1333333333333333}], [[0.4, 0.45], {"acc": 0.5100105374077977, "nll": 1.0430295548015496, "mse": 0.3226982466256348, "N": 949, "over_prob": 0.0, "under_prob": 0.20563847429519067, "over_counts": {"0": 603}, "under_counts": {"0": 479, "1": 108, "2": 14, "3": 2}, "avg_over_mag": 0.0, "avg_under_mag": 1.1451612903225807, "avg_over": 0.0, "avg_under": 1.1451612903225807}], [[0.45, 0.5], {"acc": 0.5177935943060499, "nll": 1.0077515044055474, "mse": 0.3172969729003705, "N": 1124, "over_prob": 0.0, "under_prob": 0.2060518731988472, "over_counts": {"0": 694}, "under_counts": {"0": 551, "1": 125, "2": 14, "4": 2, "5": 1, "3": 1}, "avg_over_mag": 0.0, "avg_under_mag": 1.1818181818181819, "avg_over": 0.0, "avg_under": 1.1818181818181819}], [[0.5, 0.55], {"acc": 0.4973014649190439, "nll": 1.0321140919829688, "mse": 0.31317939644398446, "N": 1297, "over_prob": 0.0, "under_prob": 0.2781211372064277, "over_counts": {"0": 809}, "under_counts": {"0": 584, "1": 196, "2": 22, "3": 4, "4": 3}, "avg_over_mag": 0.0, "avg_under_mag": 1.1733333333333333, "avg_over": 0.0, "avg_under": 1.1733333333333333}], [[0.55, 0.6000000000000001], {"acc": 0.5285714285714286, "nll": 0.986730643938643, "mse": 0.30532259542693635, "N": 1610, "over_prob": 0.0, "under_prob": 0.273469387755102, "over_counts": {"0": 980}, "under_counts": {"0": 712, "1": 235, "2": 28, "3": 3, "4": 2}, "avg_over_mag": 0.0, "avg_under_mag": 1.1492537313432836, "avg_over": 0.0, "avg_under": 1.1492537313432836}], [[0.6000000000000001, 0.65], {"acc": 0.5651483050847458, "nll": 0.9755154660600146, "mse": 0.29313288100464324, "N": 1888, "over_prob": 0.0, "under_prob": 0.34224598930481287, "over_counts": {"0": 1122}, "under_counts": {"0": 738, "1": 325, "2": 44, "3": 7, "4": 6, "5": 1, "8": 1}, "avg_over_mag": 0.0, "avg_under_mag": 1.2265625, "avg_over": 0.0, "avg_under": 1.2265625}], [[0.65, 0.7000000000000001], {"acc": 0.6123136123136124, "nll": 0.9255449655859697, "mse": 0.268852122258918, "N": 2079, "over_prob": 0.0, "under_prob": 0.4207468879668049, "over_counts": {"0": 1205}, "under_counts": {"0": 698, "1": 415, "2": 74, "3": 10, "4": 5, "5": 2, "6": 1}, "avg_over_mag": 0.0, "avg_under_mag": 1.2406311637080867, "avg_over": 0.0, "avg_under": 1.2406311637080867}], [[0.7000000000000001, 0.75], {"acc": 0.6555102040816326, "nll": 0.914908347316102, "mse": 0.2530244440520549, "N": 2450, "over_prob": 0.0, "under_prob": 0.5104693140794223, "over_counts": {"0": 1385}, "under_counts": {"0": 678, "1": 566, "2": 90, "3": 35, "4": 10, "5": 4, "6": 2}, "avg_over_mag": 0.0, "avg_under_mag": 1.3055162659123054, "avg_over": 0.0, "avg_under": 1.3055162659123054}], [[0.75, 0.8], {"acc": 0.7140724150802539, "nll": 0.802052830916204, "mse": 0.21899314515735704, "N": 2679, "over_prob": 0.0, "under_prob": 0.5684790089470062, "over_counts": {"0": 1453}, "under_counts": {"0": 627, "1": 617, "2": 136, "3": 41, "4": 18, "5": 8, "6": 2, "8": 2, "7": 1, "11": 1}, "avg_over_mag": 0.0, "avg_under_mag": 1.4164648910411621, "avg_over": 0.0, "avg_under": 1.4164648910411621}], [[0.8, 0.8500000000000001], {"acc": 0.772172236503856, "nll": 0.8050161566130635, "mse": 0.18814138125364438, "N": 3112, "over_prob": 0.0, "under_prob": 0.6851385390428212, "over_counts": {"0": 1588}, "under_counts": {"1": 734, "0": 500, "2": 224, "3": 65, "4": 33, "5": 18, "6": 7, "7": 5, "9": 1, "8": 1}, "avg_over_mag": 0.0, "avg_under_mag": 1.5560661764705883, "avg_over": 0.0, "avg_under": 1.5560661764705883}], [[0.8500000000000001, 0.9], {"acc": 0.8381160324391765, "nll": 0.6448447145863664, "mse": 0.1406754624348731, "N": 3206, "over_prob": 0.4536489151873767, "under_prob": 0.0, "over_counts": {"0": 831, "1": 491, "2": 122, "3": 45, "4": 18, "5": 9, "8": 3, "6": 2}, "under_counts": {"0": 1521}, "avg_over_mag": 1.482608695652174, "avg_under_mag": 0.0, "avg_over": 1.482608695652174, "avg_under": 0.0}], [[0.9, 0.9500000000000001], {"acc": 0.9071956960322798, "nll": 0.47695960053178865, "mse": 0.08547595065463215, "N": 2974, "over_prob": 0.32576985413290116, "under_prob": 0.0, "over_counts": {"0": 832, "1": 309, "2": 59, "3": 18, "4": 7, "5": 5, "6": 2, "8": 1, "7": 1}, "under_counts": {"0": 1234}, "avg_over_mag": 1.3955223880597014, "avg_under_mag": 0.0, "avg_over": 1.3955223880597014, "avg_under": 0.0}], [[0.9500000000000001, 1.0], {"acc": 0.9475920679886686, "nll": 0.2760101809538123, "mse": 0.04605288379565947, "N": 706, "over_prob": 0.13740458015267176, "under_prob": 0.0,