{"over_prob": 0.14505815201064332, "under_prob": 0.14505815201064332, "over_counts": {"0": 19921, "1": 2224, "2": 610, "3": 418, "4": 60, "5": 26, "6": 25, "7": 8, "8": 6, "10": 1, "14": 1, "9": 1}, "under_counts": {"0": 17591, "1": 2014, "2": 1796, "3": 860, "4": 459, "5": 266, "6": 146, "7": 75, "8": 32, "10": 26, "14": 18, "9": 8}, "avg_over_mag": 1.584319526627219, "avg_under_mag": 1.584319526627219, "avg_over": 1.584319526627219, "avg_under": 1.584319526627219, "acc": 0.660210865827869, "auc": 0.6509852564365772, "nll": 0.6393370291451207, "mse": 0.22091924609855781, "metrics_by_prob": [[[0.0, 0.05], {"acc": 0.621301775147929, "nll": 0.6476853737149124, "mse": 0.22844068935031092, "N": 338, "over_prob": 0.0, "under_prob": 0.0, "over_counts": {"0": 39}, "under_counts": {"0": 39}, "avg_over_mag": 0.0, "avg_under_mag": 0.0, "avg_over": 0.0, "avg_under": 0.0}], [[0.05, 0.1], {"acc": 0.6035502958579881, "nll": 0.6489371276967407, "mse": 0.22870506424588152, "N": 507, "over_prob": 0.0, "under_prob": 0.0, "over_counts": {"0": 95}, "under_counts": {"0": 93}, "avg_over_mag": 0.0, "avg_under_mag": 0.0, "avg_over": 0.0, "avg_under": 0.0}], [[0.1, 0.15000000000000002], {"acc": 0.6005830903790087, "nll": 0.6650723001451457, "mse": 0.23624910715255953, "N": 686, "over_prob": 0.0, "under_prob": 0.0, "over_counts": {"0": 163}, "under_counts": {"0": 162}, "avg_over_mag": 0.0, "avg_under_mag": 0.0, "avg_over": 0.0, "avg_under": 0.0}], [[0.15000000000000002, 0.2], {"acc": 0.5729166666666666, "nll": 0.6874616397177699, "mse": 0.24620789416977232, "N": 960, "over_prob": 0.0, "under_prob": 0.0, "over_counts": {"0": 280}, "under_counts": {"0": 276}, "avg_over_mag": 0.0, "avg_under_mag": 0.0, "avg_over": 0.0, "avg_under": 0.0}], [[0.2, 0.25], {"acc": 0.509090909090909, "nll": 0.7362737848260212, "mse": 0.26843372184192715, "N": 1320, "over_prob": 0.0, "under_prob": 0.0, "over_counts": {"0": 429}, "under_counts": {"0": 421}, "avg_over_mag": 0.0, "avg_under_mag": 0.0, "avg_over": 0.0, "avg_under": 0.0}], [[0.25, 0.30000000000000004], {"acc": 0.5166578529878372, "nll": 0.7405973443422765, "mse": 0.26945505474816983, "N": 1891, "over_prob": 0.0, "under_prob": 0.0, "over_counts": {"0": 680}, "under_counts": {"0": 673}, "avg_over_mag": 0.0, "avg_under_mag": 0.0, "avg_over": 0.0, "avg_under": 0.0}], [[0.30000000000000004, 0.35000000000000003], {"acc": 0.475, "nll": 0.7781712553292253, "mse": 0.28672667016535663, "N": 2960, "over_prob": 0.0, "under_prob": 0.0, "over_counts": {"0": 1055}, "under_counts": {"0": 1038}, "avg_over_mag": 0.0, "avg_under_mag": 0.0, "avg_over": 0.0, "avg_under": 0.0}], [[0.35000000000000003, 0.4], {"acc": 0.46206581352833637, "nll": 0.7897729243754147, "mse": 0.29196298413571653, "N": 4376, "over_prob": 0.0, "under_prob": 0.0, "over_counts": {"0": 1558}, "under_counts": {"0": 1507}, "avg_over_mag": 0.0, "avg_under_mag": 0.0, "avg_over": 0.0, "avg_under": 0.0}], [[0.4, 0.45], {"acc": 0.46221704394141144, "nll": 0.7963111069346552, "mse": 0.2945494538220137, "N": 6008, "over_prob": 0.0, "under_prob": 0.0, "over_counts": {"0": 2182}, "under_counts": {"0": 2099}, "avg_over_mag": 0.0, "avg_under_mag": 0.0, "avg_over": 0.0, "avg_under": 0.0}], [[0.45, 0.5], {"acc": 0.48085796233944383, "nll": 0.7818394342226963, "mse": 0.28809844705973, "N": 8019, "over_prob": 0.0, "under_prob": 0.0, "over_counts": {"0": 2922}, "under_counts": {"0": 2789}, "avg_over_mag": 0.0, "avg_under_mag": 0.0, "avg_over": 0.0, "avg_under": 0.0}], [[0.5, 0.55], {"acc": 0.5148484848484849, "nll": 0.7631557153842597, "mse": 0.278940439457058, "N": 9900, "over_prob": 0.0, "under_prob": 0.0, "over_counts": {"0": 3684}, "under_counts": {"0": 3454}, "avg_over_mag": 0.0, "avg_under_mag": 0.0, "avg_over": 0.0, "avg_under": 0.0}], [[0.55, 0.6000000000000001], {"acc": 0.5607641811142905, "nll": 0.7373260647711133, "mse": 0.2659450416146591, "N": 11882, "over_prob": 0.0, "under_prob": 0.0, "over_counts": {"0": 4575}, "under_counts": {"0": 4195}, "avg_over_mag": 0.0, "avg_under_mag": 0.0, "avg_over": 0.0, "avg_under": 0.0}], [[0.6000000000000001, 0.65], {"acc": 0.6118431132220009, "nll": 0.7064743068521505, "mse": 0.250871893408394, "N": 13054, "over_prob": 0.0, "under_prob": 0.0, "over_counts": {"0": 5289}, "under_counts": {"0": 4641}, "avg_over_mag": 0.0, "avg_under_mag": 0.0, "avg_over": 0.0, "avg_under": 0.0}], [[0.65, 0.7000000000000001], {"acc": 0.6636610219192142, "nll": 0.6673525472217096, "mse": 0.23138578409511795, "N": 13641, "over_prob": 0.0, "under_prob": 0.0, "over_counts": {"0": 5801}, "under_counts": {"0": 4759}, "avg_over_mag": 0.0, "avg_under_mag": 0.0, "avg_over": 0.0, "avg_under": 0.0}], [[0.7000000000000001, 0.75], {"acc": 0.7154528806874207, "nll": 0.6231336020237291, "mse": 0.21050402258082884, "N": 14198, "over_prob": 0.0, "under_prob": 0.0, "over_counts": {"0": 6283}, "under_counts": {"0": 4685}, "avg_over_mag": 0.0, "avg_under_mag": 0.0, "avg_over": 0.0, "avg_under": 0.0}], [[0.75, 0.8], {"acc": 0.7672092853492956, "nll": 0.5718948081806617, "mse": 0.18595073943443627, "N": 13699, "over_prob": 0.0, "under_prob": 0.0, "over_counts": {"0": 6293}, "under_counts": {"0": 4010}, "avg_over_mag": 0.0, "avg_under_mag": 0.0, "avg_over": 0.0, "avg_under": 0.0}], [[0.8, 0.8500000000000001], {"acc": 0.8224953202571824, "nll": 0.4964398533216757, "mse": 0.1531086804753122, "N": 12287, "over_prob": 0.0, "under_prob": 0.0, "over_counts": {"0": 5842}, "under_counts": {"0": 2864}, "avg_over_mag": 0.0, "avg_under_mag": 0.0, "avg_over": 0.0, "avg_under": 0.0}], [[0.8500000000000001, 0.9], {"acc": 0.8695113131521851, "nll": 0.4196162947403161, "mse": 0.12082933972596568, "N": 9679, "over_prob": 0.5444023569023568, "under_prob": 0.5444023569023568, "over_counts": {"0": 2165, "1": 1710, "2": 497, "3": 277, "4": 45, "5": 24, "6": 20, "8": 6, "7": 5, "10": 1, "12": 1, "9": 1}, "under_counts": {"0": 4752}, "avg_over_mag": 1.5728643216080402, "avg_under_mag": 1.5728643216080402, "avg_over": 1.5728643216080402, "avg_under": 1.5728643216080402}], [[0.9, 0.9500000000000001], {"acc": 0.9233988355167394, "nll": 0.29397371033890213, "mse": 0.07623052261814421, "N": 5496, "over_prob": 0.3744326777609682, "under_prob": 0.3744326777609682, "over_counts": {"0": 1654, "1": 818, "2": 119, "3": 43, "4": 7, "6": 2, "5": 1}, "under_counts": {"0": 2644}, "avg_over_mag": 1.2424242424242424, "avg_under_mag": 1.2424242424242424, "avg_over": 1.2424242424242424, "avg_under": 1.2424242424242424}], [[0.9500000000000001, 1.0], {"acc": 0.9640933572710951, "nll": 0.17214060542803802, "mse": 0.03843002668295783, "N": 557, "over_prob": 0.1702786377708978, "under_prob": 0.1702786377708978, "over_counts": {"0": 268, "1": 54, "2": 1}, "under_counts": {"0": 323}, "avg_over_mag": 1.018181818181818, "avg_under_mag": 1.018181818181818, "avg_over": 1.018181818181818, "avg_under": 1.018181818181818}]]}