{"auc": 0.6369451627508014, "over_prob": 0.0008602435150873999, "under_prob": 0.0014557967178401299, "over_counts": {"0": 15099, "1": 7, "3": 3, "2": 2, "4": 1}, "under_counts": {"0": 15090, "1": 9, "2": 6, "4": 4, "3": 3}, "avg_over_mag": 1.8461538461538463, "avg_under_mag": 2.090909090909091, "avg_over": 1.8461538461538463, "avg_under": 2.090909090909091, "acc": 0.6021991528213683, "nll": 0.6588813156616186, "mse": 0.233519539887168, "metrics_by_prob": [[[0.0, 0.05], {"acc": 0.9666666666666667, "nll": 0.15382208764403588, "mse": 0.032688557017876506, "N": 30, "over_prob": 0.0, "under_prob": 0.0, "over_counts": {"0": 8}, "under_counts": {"0": 8}, "avg_over_mag": 0.0, "avg_under_mag": 0.0, "avg_over": 0.0, "avg_under": 0.0}], [[0.05, 0.1], {"acc": 0.92, "nll": 0.28424329867315906, "mse": 0.07434905850106896, "N": 50, "over_prob": 0.0, "under_prob": 0.0, "over_counts": {"0": 15}, "under_counts": {"0": 15}, "avg_over_mag": 0.0, "avg_under_mag": 0.0, "avg_over": 0.0, "avg_under": 0.0}], [[0.1, 0.15000000000000002], {"acc": 0.8680089485458613, "nll": 0.39345617615884554, "mse": 0.11528350886822271, "N": 447, "over_prob": 0.0, "under_prob": 0.0, "over_counts": {"0": 63}, "under_counts": {"0": 63}, "avg_over_mag": 0.0, "avg_under_mag": 0.0, "avg_over": 0.0, "avg_under": 0.0}], [[0.15000000000000002, 0.2], {"acc": 0.8381294964028777, "nll": 0.44372167656811423, "mse": 0.13600398963994992, "N": 278, "over_prob": 0.0, "under_prob": 0.0, "over_counts": {"0": 101}, "under_counts": {"0": 101}, "avg_over_mag": 0.0, "avg_under_mag": 0.0, "avg_over": 0.0, "avg_under": 0.0}], [[0.2, 0.25], {"acc": 0.8004115226337448, "nll": 0.5041525288221026, "mse": 0.1613052219201593, "N": 486, "over_prob": 0.0, "under_prob": 0.0, "over_counts": {"0": 159}, "under_counts": {"0": 159}, "avg_over_mag": 0.0, "avg_under_mag": 0.0, "avg_over": 0.0, "avg_under": 0.0}], [[0.25, 0.30000000000000004], {"acc": 0.7222222222222222, "nll": 0.5891062111204562, "mse": 0.199920273185362, "N": 2250, "over_prob": 0.0, "under_prob": 0.0, "over_counts": {"0": 496}, "under_counts": {"0": 496}, "avg_over_mag": 0.0, "avg_under_mag": 0.0, "avg_over": 0.0, "avg_under": 0.0}], [[0.30000000000000004, 0.35000000000000003], {"acc": 0.6735915492957747, "nll": 0.6326084514513657, "mse": 0.22031237811271603, "N": 2840, "over_prob": 0.0, "under_prob": 0.0, "over_counts": {"0": 1103}, "under_counts": {"0": 1103}, "avg_over_mag": 0.0, "avg_under_mag": 0.0, "avg_over": 0.0, "avg_under": 0.0}], [[0.35000000000000003, 0.4], {"acc": 0.6120689655172413, "nll": 0.6678012360363947, "mse": 0.23743153337736758, "N": 5104, "over_prob": 0.0, "under_prob": 0.0, "over_counts": {"0": 1932}, "under_counts": {"0": 1932}, "avg_over_mag": 0.0, "avg_under_mag": 0.0, "avg_over": 0.0, "avg_under": 0.0}], [[0.4, 0.45], {"acc": 0.5718982101546329, "nll": 0.6820442194489703, "mse": 0.24447548721857432, "N": 8213, "over_prob": 0.0, "under_prob": 0.0, "over_counts": {"0": 2502}, "under_counts": {"0": 2502}, "avg_over_mag": 0.0, "avg_under_mag": 0.0, "avg_over": 0.0, "avg_under": 0.0}], [[0.45, 0.5], {"acc": 0.5257911392405064, "nll": 0.691645011118855, "mse": 0.24924903575004717, "N": 12640, "over_prob": 0.0, "under_prob": 0.0, "over_counts": {"0": 3509}, "under_counts": {"0": 3509}, "avg_over_mag": 0.0, "avg_under_mag": 0.0, "avg_over": 0.0, "avg_under": 0.0}], [[0.5, 0.55], {"acc": 0.5274208712002507, "nll": 0.690903010761593, "mse": 0.24887940505652112, "N": 15955, "over_prob": 0.0, "under_prob": 0.0, "over_counts": {"0": 3329}, "under_counts": {"0": 3329}, "avg_over_mag": 0.0, "avg_under_mag": 0.0, "avg_over": 0.0, "avg_under": 0.0}], [[0.55, 0.6000000000000001], {"acc": 0.5803115343381472, "nll": 0.6799624603128769, "mse": 0.24343974247431233, "N": 15857, "over_prob": 0.0, "under_prob": 0.0, "over_counts": {"0": 2987}, "under_counts": {"0": 2987}, "avg_over_mag": 0.0, "avg_under_mag": 0.0, "avg_over": 0.0, "avg_under": 0.0}], [[0.6000000000000001, 0.65], {"acc": 0.6168613601376438, "nll": 0.6652297789457247, "mse": 0.23617844675760083, "N": 11043, "over_prob": 0.0, "under_prob": 0.0, "over_counts": {"0": 2862}, "under_counts": {"0": 2862}, "avg_over_mag": 0.0, "avg_under_mag": 0.0, "avg_over": 0.0, "avg_under": 0.0}], [[0.65, 0.7000000000000001], {"acc": 0.672866963202588, "nll": 0.6321742692168282, "mse": 0.22013579214720444, "N": 7419, "over_prob": 0.0, "under_prob": 0.0, "over_counts": {"0": 2261}, "under_counts": {"0": 2261}, "avg_over_mag": 0.0, "avg_under_mag": 0.0, "avg_over": 0.0, "avg_under": 0.0}], [[0.7000000000000001, 0.75], {"acc": 0.7085963003264418, "nll": 0.6040346136216693, "mse": 0.20673329059505172, "N": 4595, "over_prob": 0.0, "under_prob": 0.0, "over_counts": {"0": 1404}, "under_counts": {"0": 1404}, "avg_over_mag": 0.0, "avg_under_mag": 0.0, "avg_over": 0.0, "avg_under": 0.0}], [[0.75, 0.8], {"acc": 0.7730039384174723, "nll": 0.5360626527748784, "mse": 0.17562335974950496, "N": 2793, "over_prob": 0.0, "under_prob": 0.0, "over_counts": {"0": 810}, "under_counts": {"0": 810}, "avg_over_mag": 0.0, "avg_under_mag": 0.0, "avg_over": 0.0, "avg_under": 0.0}], [[0.8, 0.8500000000000001], {"acc": 0.8276797829036635, "nll": 0.46156721021819747, "mse": 0.1432390172840645, "N": 737, "over_prob": 0.0, "under_prob": 0.08365019011406849, "over_counts": {"0": 263}, "under_counts": {"0": 241, "1": 9, "2": 6, "4": 4, "3": 3}, "avg_over_mag": 0.0, "avg_under_mag": 2.090909090909091, "avg_over": 0.0, "avg_under": 2.090909090909091}], [[0.8500000000000001, 0.9], {"acc": 0.8615384615384616, "nll": 0.4063061071856282, "mse": 0.12017429418759962, "N": 260, "over_prob": 0.1585365853658537, "under_prob": 0.0, "over_counts": {"0": 69, "1": 7, "3": 3, "2": 2, "4": 1}, "under_counts": {"0": 82}, "avg_over_mag": 1.8461538461538463, "avg_under_mag": 0.0, "avg_over": 1.8461538461538463, "avg_under": 0.0}], [[0.9, 0.9500000000000001], {"acc": 0.8921568627450981, "nll": 0.35273956320713296, "mse": 0.0979628186628918, "N": 102, "over_prob": 0.0, "under_prob": 0.0, "over_counts": {"0": 26}, "under_counts": {"0": 26}, "avg_over_mag": 0.0, "avg_under_mag": 0.0, "avg_over": 0.0, "avg_under": 0.0}], [[0.9500000000000001, 1.0], {"acc": 0.9259259259259259, "nll": 0.26873921088897257, "mse": 0.06903244598665288, "N": 27, "over_prob": 0.0, "under_prob": 0.0, "over_counts": {"0": 3}, "under_counts": {"0": 3}, "avg_over_mag": 0.0, "avg_under_mag": 0.0, "avg_over": 0.0, "avg_under": 0.0}]]}