{"over_prob": 0.2903858731196861, "under_prob": 0.3400915631131458, "over_counts": {"0": 3255, "1": 455, "2": 267, "3": 166, "4": 112, "5": 98, "6": 42, "7": 34, "8": 30, "9": 24, "10": 17, "15": 12, "13": 12, "11": 12, "12": 8, "18": 6, "16": 5, "21": 4, "14": 4, "37": 2, "32": 2, "19": 2, "39": 2, "26": 2, "23": 2, "20": 1, "51": 1, "17": 1, "35": 1, "74": 1, "41": 1, "71": 1, "31": 1, "28": 1, "25": 1, "102": 1, "34": 1}, "under_counts": {"0": 3027, "1": 906, "2": 309, "3": 159, "4": 74, "5": 47, "6": 26, "7": 12, "9": 7, "8": 7, "11": 4, "12": 3, "10": 2, "15": 1, "16": 1, "14": 1, "13": 1}, "avg_over_mag": 3.9894894894894897, "avg_under_mag": 1.9544871794871794, "avg_over": 3.9894894894894897, "avg_under": 1.9544871794871794, "acc": 0.7770406047653983, "auc": 0.5661632634599847, "nll": 0.5608491654191983, "mse": 0.1787716372926062, "metrics_by_prob": [[[0.0, 0.05], {"acc": 0.0, "nll": 0.7854201853373654, "mse": 0.29601424626031303, "N": 1, "over_prob": 0.0, "under_prob": 0.0, "over_counts": {"0": 1}, "under_counts": {"0": 1}, "avg_over_mag": 0.0, "avg_under_mag": 0.0, "avg_over": 0.0, "avg_under": 0.0}], [[0.05, 0.1], {"acc": NaN, "nll": NaN, "mse": NaN, "N": 0}], [[0.1, 0.15000000000000002], {"acc": 0.8666666666666667, "nll": 0.45770647910030926, "mse": 0.14700686083157807, "N": 15, "over_prob": 0.0, "under_prob": 0.0, "over_counts": {"0": 15}, "under_counts": {"0": 15}, "avg_over_mag": 0.0, "avg_under_mag": 0.0, "avg_over": 0.0, "avg_under": 0.0}], [[0.15000000000000002, 0.2], {"acc": NaN, "nll": NaN, "mse": NaN, "N": 0}], [[0.2, 0.25], {"acc": 0.7333333333333333, "nll": 0.5821813667601143, "mse": 0.19366864392360886, "N": 15, "over_prob": 0.0, "under_prob": 0.06666666666666665, "over_counts": {"0": 15}, "under_counts": {"0": 14, "1": 1}, "avg_over_mag": 0.0, "avg_under_mag": 1.0, "avg_over": 0.0, "avg_under": 1.0}], [[0.25, 0.30000000000000004], {"acc": 0.5555555555555556, "nll": 0.7115832354044095, "mse": 0.2572566925172759, "N": 27, "over_prob": 0.0, "under_prob": 0.0, "over_counts": {"0": 27}, "under_counts": {"0": 27}, "avg_over_mag": 0.0, "avg_under_mag": 0.0, "avg_over": 0.0, "avg_under": 0.0}], [[0.30000000000000004, 0.35000000000000003], {"acc": 0.4375, "nll": 0.9121262395990111, "mse": 0.3082768466410686, "N": 32, "over_prob": 0.0, "under_prob": 0.03125, "over_counts": {"0": 32}, "under_counts": {"0": 31, "1": 1}, "avg_over_mag": 0.0, "avg_under_mag": 1.0, "avg_over": 0.0, "avg_under": 1.0}], [[0.35000000000000003, 0.4], {"acc": 0.4214876033057851, "nll": 0.7893900265939231, "mse": 0.2925298417073904, "N": 121, "over_prob": 0.0, "under_prob": 0.04958677685950408, "over_counts": {"0": 121}, "under_counts": {"0": 115, "1": 6}, "avg_over_mag": 0.0, "avg_under_mag": 1.0, "avg_over": 0.0, "avg_under": 1.0}], [[0.4, 0.45], {"acc": 0.43820224719101125, "nll": 0.9024766024530766, "mse": 0.3171823117196162, "N": 89, "over_prob": 0.0, "under_prob": 0.0714285714285714, "over_counts": {"0": 84}, "under_counts": {"0": 78, "1": 6}, "avg_over_mag": 0.0, "avg_under_mag": 1.0, "avg_over": 0.0, "avg_under": 1.0}], [[0.45, 0.5], {"acc": 0.5422222222222223, "nll": 0.7124535493098946, "mse": 0.257417941060757, "N": 225, "over_prob": 0.0, "under_prob": 0.0045045045045044585, "over_counts": {"0": 222}, "under_counts": {"0": 221, "1": 1}, "avg_over_mag": 0.0, "avg_under_mag": 1.0, "avg_over": 0.0, "avg_under": 1.0}], [[0.5, 0.55], {"acc": 0.5483870967741935, "nll": 0.7651965625331716, "mse": 0.2731510380425545, "N": 341, "over_prob": 0.0, "under_prob": 0.05014749262536877, "over_counts": {"0": 339}, "under_counts": {"0": 322, "1": 17}, "avg_over_mag": 0.0, "avg_under_mag": 1.0, "avg_over": 0.0, "avg_under": 1.0}], [[0.55, 0.6000000000000001], {"acc": 0.527007299270073, "nll": 0.7327864026409656, "mse": 0.2617353510403356, "N": 685, "over_prob": 0.0, "under_prob": 0.06101694915254241, "over_counts": {"0": 590}, "under_counts": {"0": 554, "1": 35, "2": 1}, "avg_over_mag": 0.0, "avg_under_mag": 1.0277777777777777, "avg_over": 0.0, "avg_under": 1.0277777777777777}], [[0.6000000000000001, 0.65], {"acc": 0.6053249804228661, "nll": 0.7229245455160258, "mse": 0.24784324283639703, "N": 1277, "over_prob": 0.0, "under_prob": 0.11325028312570784, "over_counts": {"0": 883}, "under_counts": {"0": 783, "1": 97, "2": 3}, "avg_over_mag": 0.0, "avg_under_mag": 1.03, "avg_over": 0.0, "avg_under": 1.03}], [[0.65, 0.7000000000000001], {"acc": 0.6591778202676865, "nll": 0.7130517939412074, "mse": 0.24170727378207493, "N": 2092, "over_prob": 0.0, "under_prob": 0.13813813813813813, "over_counts": {"0": 1332}, "under_counts": {"0": 1148, "1": 166, "2": 16, "4": 2}, "avg_over_mag": 0.0, "avg_under_mag": 1.1195652173913044, "avg_over": 0.0, "avg_under": 1.1195652173913044}], [[0.7000000000000001, 0.75], {"acc": 0.7146304675716441, "nll": 0.64528988074967, "mse": 0.21434532985178537, "N": 3315, "over_prob": 0.0, "under_prob": 0.1875, "over_counts": {"0": 1776}, "under_counts": {"0": 1443, "1": 288, "2": 29, "3": 7, "6": 3, "4": 2, "5": 2, "10": 1, "7": 1}, "avg_over_mag": 0.0, "avg_under_mag": 1.2612612612612613, "avg_over": 0.0, "avg_under": 1.2612612612612613}], [[0.75, 0.8], {"acc": 0.7679959869576123, "nll": 0.5790893107817534, "mse": 0.1892145527992174, "N": 7974, "over_prob": 0.0, "under_prob": 0.30732177263969174, "over_counts": {"0": 2076}, "under_counts": {"0": 1438, "1": 493, "2": 109, "3": 24, "4": 6, "5": 3, "6": 2, "12": 1}, "avg_over_mag": 0.0, "avg_under_mag": 1.3260188087774294, "avg_over": 0.0, "avg_under": 1.3260188087774294}], [[0.8, 0.8500000000000001], {"acc": 0.8160442600276625, "nll": 0.5366546070474391, "mse": 0.16567135466579483, "N": 6507, "over_prob": 0.0, "under_prob": 0.45506257110352677, "over_counts": {"0": 1758}, "under_counts": {"0": 958, "1": 504, "2": 157, "3": 74, "4": 25, "5": 12, "6": 10, "7": 9, "9": 3, "8": 3, "10": 2, "11": 1}, "avg_over_mag": 0.0, "avg_under_mag": 1.75625, "avg_over": 0.0, "avg_under": 1.75625}], [[0.8500000000000001, 0.9], {"acc": 0.8666991394706933, "nll": 0.45775832319009063, "mse": 0.13305667444996724, "N": 6159, "over_prob": 0.785427807486631, "under_prob": 0.0, "over_counts": {"1": 462, "0": 321, "2": 239, "3": 155, "4": 83, "5": 63, "6": 45, "7": 37, "9": 17, "8": 14, "10": 11, "11": 8, "13": 8, "12": 5, "14": 4, "32": 3, "18": 3, "16": 2, "15": 2, "102": 1, "41": 1, "28": 1, "37": 1, "31": 1, "54": 1, "51": 1, "74": 1, "35": 1, "23": 1, "20": 1, "39": 1, "26": 1, "21": 1}, "under_counts": {"0": 1496}, "avg_over_mag": 3.4536170212765955, "avg_under_mag": 0.0, "avg_over": 3.4536170212765955, "avg_under": 0.0}], [[0.9, 0.9500000000000001], {"acc": 0.9064458370635631, "nll": 0.3880785291702447, "mse": 0.10402911667952026, "N": 2234, "over_prob": 0.6604361370716512, "under_prob": 0.0, "over_counts": {"0": 218, "1": 186, "2": 97, "3": 53, "4": 23, "5": 22, "6": 9, "7": 8, "9": 5, "12": 4, "8": 4, "10": 3, "11": 3, "17": 2, "15": 1, "27": 1, "14": 1, "19": 1, "23": 1}, "under_counts": {"0": 642}, "avg_over_mag": 2.7617924528301887, "avg_under_mag": 0.0, "avg_over": 2.7617924528301887, "avg_under": 0.0}], [[0.9500000000000001, 1.0], {"acc": 0.9504132231404959, "nll": 0.28670535511387263, "mse": 0.07047690762580873, "N": 242, "over_prob": 0.4642857142857143, "under_prob": 0.0, "over_counts": {"0": 60, "1": 35, "2": 8, "3": 6, "4": 1, "5": 1, "7": 1}, "under_counts": {"0": 112}, "avg_over_mag": 1.6346153846153846, "avg_under_mag": 0.0, "avg_over": 1.6346153846153846, "avg_under": 0.0}]]}