{"over_prob": 0.08734780307040757, "under_prob": 0.024748544203282208, "over_counts": {"0": 13792, "1": 566, "2": 292, "3": 155, "4": 103, "5": 63, "6": 52, "7": 24, "8": 21, "9": 16, "10": 5, "12": 5, "11": 5, "16": 3, "14": 2, "13": 2, "20": 1, "17": 1, "21": 1, "24": 1, "18": 1, "22": 1}, "under_counts": {"0": 14738, "1": 271, "2": 58, "3": 23, "4": 15, "6": 4, "5": 3}, "avg_over_mag": 2.668939393939394, "avg_under_mag": 1.4839572192513368, "avg_over": 2.668939393939394, "avg_under": 1.4839572192513368, "acc": 0.6137106863024823, "auc": 0.6507422864559577, "nll": 0.6469095043878793, "mse": 0.2289935646731595, "metrics_by_prob": [[[0.0, 0.05], {"acc": 0.9640382711976245, "nll": 0.10186906349098766, "mse": 0.025192012911324415, "N": 3031, "over_prob": 0.0, "under_prob": 0.0, "over_counts": {"0": 440}, "under_counts": {"0": 440}, "avg_over_mag": 0.0, "avg_under_mag": 0.0, "avg_over": 0.0, "avg_under": 0.0}], [[0.05, 0.1], {"acc": 0.8935762224352828, "nll": 0.38729148264318414, "mse": 0.10739572783493995, "N": 1043, "over_prob": 0.0, "under_prob": 0.0, "over_counts": {"0": 392}, "under_counts": {"0": 392}, "avg_over_mag": 0.0, "avg_under_mag": 0.0, "avg_over": 0.0, "avg_under": 0.0}], [[0.1, 0.15000000000000002], {"acc": 0.8216432865731463, "nll": 0.507872864473615, "mse": 0.16442437817676517, "N": 1497, "over_prob": 0.0, "under_prob": 0.0, "over_counts": {"0": 626}, "under_counts": {"0": 626}, "avg_over_mag": 0.0, "avg_under_mag": 0.0, "avg_over": 0.0, "avg_under": 0.0}], [[0.15000000000000002, 0.2], {"acc": 0.7280568239472349, "nll": 0.597789439989482, "mse": 0.20127391586704196, "N": 1971, "over_prob": 0.0, "under_prob": 0.0020554984583761593, "over_counts": {"0": 973}, "under_counts": {"0": 971, "1": 2}, "avg_over_mag": 0.0, "avg_under_mag": 1.0, "avg_over": 0.0, "avg_under": 1.0}], [[0.2, 0.25], {"acc": 0.6502712477396022, "nll": 0.6621555471322625, "mse": 0.23142169574981183, "N": 2765, "over_prob": 0.0, "under_prob": 0.0014503263234227903, "over_counts": {"0": 1379}, "under_counts": {"0": 1377, "1": 2}, "avg_over_mag": 0.0, "avg_under_mag": 1.0, "avg_over": 0.0, "avg_under": 1.0}], [[0.25, 0.30000000000000004], {"acc": 0.5822967891235175, "nll": 0.6858772749532235, "mse": 0.24483458724042323, "N": 3457, "over_prob": 0.0, "under_prob": 0.001626016260162566, "over_counts": {"0": 1845}, "under_counts": {"0": 1842, "1": 3}, "avg_over_mag": 0.0, "avg_under_mag": 1.0, "avg_over": 0.0, "avg_under": 1.0}], [[0.30000000000000004, 0.35000000000000003], {"acc": 0.5217980573751977, "nll": 0.7093716401237671, "mse": 0.2560720061249374, "N": 4427, "over_prob": 0.0, "under_prob": 0.0012782275244993535, "over_counts": {"0": 2347}, "under_counts": {"0": 2344, "1": 3}, "avg_over_mag": 0.0, "avg_under_mag": 1.0, "avg_over": 0.0, "avg_under": 1.0}], [[0.35000000000000003, 0.4], {"acc": 0.5123890532544378, "nll": 0.7046692935655235, "mse": 0.25473425702235364, "N": 5408, "over_prob": 0.0, "under_prob": 0.0013976240391334604, "over_counts": {"0": 2862}, "under_counts": {"0": 2858, "1": 4}, "avg_over_mag": 0.0, "avg_under_mag": 1.0, "avg_over": 0.0, "avg_under": 1.0}], [[0.4, 0.45], {"acc": 0.48935508935508937, "nll": 0.7120130898368383, "mse": 0.25825646291654725, "N": 6435, "over_prob": 0.0, "under_prob": 0.0029036004645760505, "over_counts": {"0": 3444}, "under_counts": {"0": 3434, "1": 10}, "avg_over_mag": 0.0, "avg_under_mag": 1.0, "avg_over": 0.0, "avg_under": 1.0}], [[0.45, 0.5], {"acc": 0.48952777416417326, "nll": 0.7150713901416522, "mse": 0.25995285585774525, "N": 7687, "over_prob": 0.0, "under_prob": 0.0032737345756735925, "over_counts": {"0": 3971}, "under_counts": {"0": 3958, "1": 13}, "avg_over_mag": 0.0, "avg_under_mag": 1.0, "avg_over": 0.0, "avg_under": 1.0}], [[0.5, 0.55], {"acc": 0.5140442455878698, "nll": 0.7095763252170487, "mse": 0.2571163727081648, "N": 8046, "over_prob": 0.0, "under_prob": 0.00433734939759034, "over_counts": {"0": 4150}, "under_counts": {"0": 4132, "1": 17, "2": 1}, "avg_over_mag": 0.0, "avg_under_mag": 1.0555555555555556, "avg_over": 0.0, "avg_under": 1.0555555555555556}], [[0.55, 0.6000000000000001], {"acc": 0.544441810855653, "nll": 0.6960851884650247, "mse": 0.25060816321181495, "N": 8438, "over_prob": 0.0, "under_prob": 0.00851161720726934, "over_counts": {"0": 4347}, "under_counts": {"0": 4310, "1": 34, "2": 3}, "avg_over_mag": 0.0, "avg_under_mag": 1.0810810810810811, "avg_over": 0.0, "avg_under": 1.0810810810810811}], [[0.6000000000000001, 0.65], {"acc": 0.5761225444340505, "nll": 0.6852431276846336, "mse": 0.245398201899907, "N": 8552, "over_prob": 0.0, "under_prob": 0.011995386389850093, "over_counts": {"0": 4335}, "under_counts": {"0": 4283, "1": 45, "2": 5, "3": 2}, "avg_over_mag": 0.0, "avg_under_mag": 1.1730769230769231, "avg_over": 0.0, "avg_under": 1.1730769230769231}], [[0.65, 0.7000000000000001], {"acc": 0.623894356546655, "nll": 0.6727495076233841, "mse": 0.23897491636768892, "N": 8027, "over_prob": 0.0, "under_prob": 0.017879948914431676, "over_counts": {"0": 3915}, "under_counts": {"0": 3845, "1": 58, "2": 7, "3": 5}, "avg_over_mag": 0.0, "avg_under_mag": 1.2428571428571429, "avg_over": 0.0, "avg_under": 1.2428571428571429}], [[0.7000000000000001, 0.75], {"acc": 0.6734169994295494, "nll": 0.6473348266962666, "mse": 0.2267884260935323, "N": 7012, "over_prob": 0.0, "under_prob": 0.023885814156714202, "over_counts": {"0": 3433}, "under_counts": {"0": 3351, "1": 73, "2": 8, "3": 1}, "avg_over_mag": 0.0, "avg_under_mag": 1.1219512195121952, "avg_over": 0.0, "avg_under": 1.1219512195121952}], [[0.75, 0.8], {"acc": 0.7087763561001982, "nll": 0.6162309900155619, "mse": 0.2125481917121162, "N": 5549, "over_prob": 0.0, "under_prob": 0.03017394391196304, "over_counts": {"0": 2817}, "under_counts": {"0": 2732, "1": 73, "2": 10, "3": 1, "6": 1}, "avg_over_mag": 0.0, "avg_under_mag": 1.2, "avg_over": 0.0, "avg_under": 1.2}], [[0.8, 0.8500000000000001], {"acc": 0.7748625687156422, "nll": 0.5802090298090521, "mse": 0.19509293018718366, "N": 4002, "over_prob": 0.0, "under_prob": 0.04648760330578516, "over_counts": {"0": 1936}, "under_counts": {"0": 1846, "1": 73, "2": 11, "3": 4, "5": 2}, "avg_over_mag": 0.0, "avg_under_mag": 1.3, "avg_over": 0.0, "avg_under": 1.3}], [[0.8500000000000001, 0.9], {"acc": 0.829813160032494, "nll": 0.5368187348140219, "mse": 0.17550899598641867, "N": 2462, "over_prob": 0.9706643658326143, "under_prob": 0.0, "over_counts": {"1": 600, "2": 237, "3": 122, "4": 73, "5": 36, "0": 34, "6": 24, "7": 12, "8": 9, "9": 7, "10": 2, "20": 1, "15": 1, "13": 1}, "under_counts": {"0": 1159}, "avg_over_mag": 2.082666666666667, "avg_under_mag": 0.0, "avg_over": 2.082666666666667, "avg_under": 0.0}], [[0.9, 0.9500000000000001], {"acc": 0.8666061705989111, "nll": 0.4718865747956662, "mse": 0.1482239103493873, "N": 1102, "over_prob": 0.9555555555555556, "under_prob": 0.0, "over_counts": {"1": 270, "2": 141, "3": 49, "4": 28, "0": 24, "6": 8, "5": 7, "8": 5, "7": 3, "9": 3, "12": 2}, "under_counts": {"0": 540}, "avg_over_mag": 1.949612403100775, "avg_under_mag": 0.0, "avg_over": 1.949612403100775, "avg_under": 0.0}], [[0.9500000000000001, 1.0], {"acc": 0.8511627906976744, "nll": 0.4738733160600565, "mse": 0.14991474058221388, "N": 215, "over_prob": 0.8896551724137931, "under_prob": 0.0, "over_counts": {"1": 94, "2": 27, "0": 16, "3": 6, "4": 2}, "under_counts": {"0": 145}, "avg_over_mag": 1.3488372093023255, "avg_under_mag": 0.0, "avg_over": 1.3488372093023255, "avg_under": 0.0}]]}