{"over_prob": 0.09315245478036172, "under_prob": 0.013372093023255816, "over_counts": {"0": 14038, "1": 632, "2": 309, "3": 152, "4": 98, "5": 60, "6": 51, "7": 39, "8": 28, "9": 16, "10": 16, "12": 11, "11": 8, "13": 8, "16": 2, "18": 2, "14": 2, "25": 1, "39": 1, "23": 1, "28": 1, "24": 1, "19": 1, "17": 1, "21": 1}, "under_counts": {"0": 15273, "1": 163, "2": 30, "3": 8, "5": 3, "4": 2, "9": 1}, "avg_over_mag": 2.8578363384188625, "avg_under_mag": 1.3478260869565217, "avg_over": 2.8578363384188625, "avg_under": 1.3478260869565217, "acc": 0.6143610109053862, "auc": 0.6483698443754019, "nll": 0.6520614571087888, "mse": 0.23071827656832702, "metrics_by_prob": [[[0.0, 0.05], {"acc": 0.938685208596713, "nll": 0.1773511608759422, "mse": 0.04639401599987238, "N": 1582, "over_prob": 0.0, "under_prob": 0.0, "over_counts": {"0": 288}, "under_counts": {"0": 288}, "avg_over_mag": 0.0, "avg_under_mag": 0.0, "avg_over": 0.0, "avg_under": 0.0}], [[0.05, 0.1], {"acc": 0.8619582664526485, "nll": 0.42265984957966374, "mse": 0.1265570075583825, "N": 1246, "over_prob": 0.0, "under_prob": 0.0, "over_counts": {"0": 418}, "under_counts": {"0": 418}, "avg_over_mag": 0.0, "avg_under_mag": 0.0, "avg_over": 0.0, "avg_under": 0.0}], [[0.1, 0.15000000000000002], {"acc": 0.7906824146981627, "nll": 0.5499443993085226, "mse": 0.18050458657140447, "N": 1524, "over_prob": 0.0, "under_prob": 0.0, "over_counts": {"0": 634}, "under_counts": {"0": 634}, "avg_over_mag": 0.0, "avg_under_mag": 0.0, "avg_over": 0.0, "avg_under": 0.0}], [[0.15000000000000002, 0.2], {"acc": 0.6815257352941176, "nll": 0.6319610426980611, "mse": 0.2185568842111494, "N": 2176, "over_prob": 0.0, "under_prob": 0.0009624639076034613, "over_counts": {"0": 1039}, "under_counts": {"0": 1038, "1": 1}, "avg_over_mag": 0.0, "avg_under_mag": 1.0, "avg_over": 0.0, "avg_under": 1.0}], [[0.2, 0.25], {"acc": 0.5925409550365981, "nll": 0.6681970185051579, "mse": 0.2369325522852128, "N": 2869, "over_prob": 0.0, "under_prob": 0.0006993006993006867, "over_counts": {"0": 1430}, "under_counts": {"0": 1429, "1": 1}, "avg_over_mag": 0.0, "avg_under_mag": 1.0, "avg_over": 0.0, "avg_under": 1.0}], [[0.25, 0.30000000000000004], {"acc": 0.527729130180969, "nll": 0.6922882382372215, "mse": 0.24930458577606832, "N": 3426, "over_prob": 0.0, "under_prob": 0.0005208333333333037, "over_counts": {"0": 1920}, "under_counts": {"0": 1919, "1": 1}, "avg_over_mag": 0.0, "avg_under_mag": 1.0, "avg_over": 0.0, "avg_under": 1.0}], [[0.30000000000000004, 0.35000000000000003], {"acc": 0.510355695632598, "nll": 0.6961877715071886, "mse": 0.2513409650282515, "N": 4442, "over_prob": 0.0, "under_prob": 0.0, "over_counts": {"0": 2399}, "under_counts": {"0": 2399}, "avg_over_mag": 0.0, "avg_under_mag": 0.0, "avg_over": 0.0, "avg_under": 0.0}], [[0.35000000000000003, 0.4], {"acc": 0.4835029835029835, "nll": 0.708180568131995, "mse": 0.2571280763141418, "N": 5698, "over_prob": 0.0, "under_prob": 0.0003330003330003217, "over_counts": {"0": 3003}, "under_counts": {"0": 3002, "1": 1}, "avg_over_mag": 0.0, "avg_under_mag": 1.0, "avg_over": 0.0, "avg_under": 1.0}], [[0.4, 0.45], {"acc": 0.47985714285714287, "nll": 0.7071115092847478, "mse": 0.25658266265668483, "N": 7000, "over_prob": 0.0, "under_prob": 0.0002680246582685841, "over_counts": {"0": 3731}, "under_counts": {"0": 3730, "1": 1}, "avg_over_mag": 0.0, "avg_under_mag": 1.0, "avg_over": 0.0, "avg_under": 1.0}], [[0.45, 0.5], {"acc": 0.4843322556577966, "nll": 0.7096030512759679, "mse": 0.2576262870746782, "N": 8042, "over_prob": 0.0, "under_prob": 0.0024026910139356428, "over_counts": {"0": 4162}, "under_counts": {"0": 4152, "1": 10}, "avg_over_mag": 0.0, "avg_under_mag": 1.0, "avg_over": 0.0, "avg_under": 1.0}], [[0.5, 0.55], {"acc": 0.5283902661944476, "nll": 0.6995618383944312, "mse": 0.2528431738311035, "N": 8753, "over_prob": 0.0, "under_prob": 0.0018075011296881938, "over_counts": {"0": 4426}, "under_counts": {"0": 4418, "1": 8}, "avg_over_mag": 0.0, "avg_under_mag": 1.0, "avg_over": 0.0, "avg_under": 1.0}], [[0.55, 0.6000000000000001], {"acc": 0.556682840758712, "nll": 0.691125348155152, "mse": 0.2485266965661638, "N": 9068, "over_prob": 0.0, "under_prob": 0.003550033281562004, "over_counts": {"0": 4507}, "under_counts": {"0": 4491, "1": 15, "3": 1}, "avg_over_mag": 0.0, "avg_under_mag": 1.125, "avg_over": 0.0, "avg_under": 1.125}], [[0.6000000000000001, 0.65], {"acc": 0.5952738990332975, "nll": 0.6791210016680678, "mse": 0.2427511805499734, "N": 9310, "over_prob": 0.0, "under_prob": 0.005495713343592001, "over_counts": {"0": 4549}, "under_counts": {"0": 4524, "1": 24, "2": 1}, "avg_over_mag": 0.0, "avg_under_mag": 1.04, "avg_over": 0.0, "avg_under": 1.04}], [[0.65, 0.7000000000000001], {"acc": 0.6409546869595296, "nll": 0.6636678986617003, "mse": 0.23502799847567477, "N": 8673, "over_prob": 0.0, "under_prob": 0.006721075372059571, "over_counts": {"0": 4166}, "under_counts": {"0": 4138, "1": 25, "2": 2, "3": 1}, "avg_over_mag": 0.0, "avg_under_mag": 1.1428571428571428, "avg_over": 0.0, "avg_under": 1.1428571428571428}], [[0.7000000000000001, 0.75], {"acc": 0.7033764178317067, "nll": 0.6376416298682286, "mse": 0.2225355686028222, "N": 7582, "over_prob": 0.0, "under_prob": 0.012841987716359582, "over_counts": {"0": 3582}, "under_counts": {"0": 3536, "1": 41, "2": 5}, "avg_over_mag": 0.0, "avg_under_mag": 1.108695652173913, "avg_over": 0.0, "avg_under": 1.108695652173913}], [[0.75, 0.8], {"acc": 0.7524168441749959, "nll": 0.6055338164043728, "mse": 0.20741587730551447, "N": 6103, "over_prob": 0.0, "under_prob": 0.01699618453000351, "over_counts": {"0": 2883}, "under_counts": {"0": 2834, "1": 43, "2": 5, "3": 1}, "avg_over_mag": 0.0, "avg_under_mag": 1.1428571428571428, "avg_over": 0.0, "avg_under": 1.1428571428571428}], [[0.8, 0.8500000000000001], {"acc": 0.802881317173565, "nll": 0.569564341392741, "mse": 0.1905557518203029, "N": 4373, "over_prob": 0.0, "under_prob": 0.03158406219630705, "over_counts": {"0": 2058}, "under_counts": {"0": 1993, "1": 58, "2": 6, "3": 1}, "avg_over_mag": 0.0, "avg_under_mag": 1.123076923076923, "avg_over": 0.0, "avg_under": 1.123076923076923}], [[0.8500000000000001, 0.9], {"acc": 0.8675932699341624, "nll": 0.5251998416659488, "mse": 0.16975532915336716, "N": 2734, "over_prob": 0.9845528455284552, "under_prob": 0.0, "over_counts": {"1": 611, "2": 290, "3": 128, "4": 66, "5": 41, "6": 30, "0": 19, "7": 15, "8": 11, "9": 7, "10": 5, "15": 1, "11": 1, "24": 1, "22": 1, "17": 1, "14": 1, "13": 1}, "under_counts": {"0": 1230}, "avg_over_mag": 2.184971098265896, "avg_under_mag": 0.0, "avg_over": 2.184971098265896, "avg_under": 0.0}], [[0.9, 0.9500000000000001], {"acc": 0.9309827456864216, "nll": 0.44282796327276364, "mse": 0.13361055138244146, "N": 1333, "over_prob": 0.9776632302405498, "under_prob": 0.0, "over_counts": {"1": 290, "2": 130, "3": 61, "4": 31, "5": 23, "0": 13, "6": 12, "8": 8, "7": 5, "9": 3, "10": 2, "12": 2, "13": 1, "17": 1}, "under_counts": {"0": 582}, "avg_over_mag": 2.186291739894552, "avg_under_mag": 0.0, "avg_over": 2.186291739894552, "avg_under": 0.0}], [[0.9500000000000001, 1.0], {"acc": 0.9416342412451362, "nll": 0.439662026887743, "mse": 0.13261982062398323, "N": 257, "over_prob": 0.9554140127388535, "under_prob": 0.0, "over_counts": {"1": 106, "2": 24, "3": 11, "0": 7, "4": 4, "5": 4, "8": 1}, "under_counts": {"0": 157}, "avg_over_mag": 1.54, "avg_under_mag": 0.0, "avg_over": 1.54, "avg_under": 0.0}]]}