{"over_prob": 0.21922271352106115, "under_prob": 0.5762159646264836, "over_counts": {"0": 3355, "1": 457, "2": 191, "3": 108, "4": 48, "5": 37, "6": 35, "7": 14, "8": 12, "10": 9, "9": 6, "11": 4, "12": 3, "14": 3, "15": 3, "13": 2, "16": 2, "41": 1, "20": 1, "32": 1, "31": 1, "27": 1, "17": 1, "18": 1, "26": 1}, "under_counts": {"0": 1821, "1": 1153, "2": 517, "3": 311, "4": 170, "5": 100, "6": 62, "7": 38, "8": 36, "10": 18, "9": 13, "11": 8, "12": 7, "14": 6, "20": 5, "13": 5, "15": 5, "19": 4, "18": 3, "21": 3, "17": 3, "16": 3, "22": 2, "23": 2, "24": 1, "27": 1}, "avg_over_mag": 2.680467091295117, "avg_under_mag": 2.605815831987076, "avg_over": 2.680467091295117, "avg_under": 2.605815831987076, "acc": 0.7802509547190398, "auc": 0.5710183141198594, "nll": 0.5798732352051207, "mse": 0.17522993743373325, "metrics_by_prob": [[[0.0, 0.05], {"acc": NaN, "nll": NaN, "mse": NaN, "N": 0}], [[0.05, 0.1], {"acc": NaN, "nll": NaN, "mse": NaN, "N": 0}], [[0.1, 0.15000000000000002], {"acc": 0.75, "nll": 0.47278024027687726, "mse": 0.15837726299041516, "N": 8, "over_prob": 0.0, "under_prob": 0.0, "over_counts": {"0": 8}, "under_counts": {"0": 8}, "avg_over_mag": 0.0, "avg_under_mag": 0.0, "avg_over": 0.0, "avg_under": 0.0}], [[0.15000000000000002, 0.2], {"acc": 0.0, "nll": 1.1592368950895504, "mse": 0.46497456763366296, "N": 2, "over_prob": 0.0, "under_prob": 0.0, "over_counts": {"0": 1}, "under_counts": {"0": 1}, "avg_over_mag": 0.0, "avg_under_mag": 0.0, "avg_over": 0.0, "avg_under": 0.0}], [[0.2, 0.25], {"acc": 0.875, "nll": 0.40458212171304186, "mse": 0.1264741896447255, "N": 8, "over_prob": 0.0, "under_prob": 0.125, "over_counts": {"0": 8}, "under_counts": {"0": 7, "1": 1}, "avg_over_mag": 0.0, "avg_under_mag": 1.0, "avg_over": 0.0, "avg_under": 1.0}], [[0.25, 0.30000000000000004], {"acc": 0.5, "nll": 0.7158727841379097, "mse": 0.26069253540554843, "N": 24, "over_prob": 0.0, "under_prob": 0.04166666666666663, "over_counts": {"0": 24}, "under_counts": {"0": 23, "1": 1}, "avg_over_mag": 0.0, "avg_under_mag": 1.0, "avg_over": 0.0, "avg_under": 1.0}], [[0.30000000000000004, 0.35000000000000003], {"acc": 0.47619047619047616, "nll": 0.86710018725862, "mse": 0.31371563415075143, "N": 21, "over_prob": 0.0, "under_prob": 0.09523809523809523, "over_counts": {"0": 21}, "under_counts": {"0": 19, "1": 2}, "avg_over_mag": 0.0, "avg_under_mag": 1.0, "avg_over": 0.0, "avg_under": 1.0}], [[0.35000000000000003, 0.4], {"acc": 0.5, "nll": 0.7860837415628711, "mse": 0.2876991663547321, "N": 118, "over_prob": 0.0, "under_prob": 0.05084745762711862, "over_counts": {"0": 118}, "under_counts": {"0": 112, "1": 6}, "avg_over_mag": 0.0, "avg_under_mag": 1.0, "avg_over": 0.0, "avg_under": 1.0}], [[0.4, 0.45], {"acc": 0.42857142857142855, "nll": 0.8506870023255139, "mse": 0.3055164092656247, "N": 63, "over_prob": 0.0, "under_prob": 0.050000000000000044, "over_counts": {"0": 60}, "under_counts": {"0": 57, "1": 3}, "avg_over_mag": 0.0, "avg_under_mag": 1.0, "avg_over": 0.0, "avg_under": 1.0}], [[0.45, 0.5], {"acc": 0.47959183673469385, "nll": 0.9127050119797844, "mse": 0.3161447842897636, "N": 196, "over_prob": 0.0, "under_prob": 0.08247422680412375, "over_counts": {"0": 194}, "under_counts": {"0": 178, "1": 16}, "avg_over_mag": 0.0, "avg_under_mag": 1.0, "avg_over": 0.0, "avg_under": 1.0}], [[0.5, 0.55], {"acc": 0.49174917491749176, "nll": 0.8324137430970178, "mse": 0.29154002961323056, "N": 303, "over_prob": 0.0, "under_prob": 0.1495016611295681, "over_counts": {"0": 301}, "under_counts": {"0": 256, "1": 45}, "avg_over_mag": 0.0, "avg_under_mag": 1.0, "avg_over": 0.0, "avg_under": 1.0}], [[0.55, 0.6000000000000001], {"acc": 0.5760233918128655, "nll": 0.7975090452253915, "mse": 0.26774809132654875, "N": 684, "over_prob": 0.0, "under_prob": 0.18600682593856654, "over_counts": {"0": 586}, "under_counts": {"0": 477, "1": 107, "2": 2}, "avg_over_mag": 0.0, "avg_under_mag": 1.018348623853211, "avg_over": 0.0, "avg_under": 1.018348623853211}], [[0.6000000000000001, 0.65], {"acc": 0.6262785208497246, "nll": 0.7431363042629421, "mse": 0.2526218444736722, "N": 1271, "over_prob": 0.0, "under_prob": 0.2425683709869203, "over_counts": {"0": 841}, "under_counts": {"0": 637, "1": 197, "2": 7}, "avg_over_mag": 0.0, "avg_under_mag": 1.0343137254901962, "avg_over": 0.0, "avg_under": 1.0343137254901962}], [[0.65, 0.7000000000000001], {"acc": 0.6725025746652935, "nll": 0.7386860528412538, "mse": 0.23801219638858123, "N": 1942, "over_prob": 0.0, "under_prob": 0.3314516129032258, "over_counts": {"0": 1240}, "under_counts": {"0": 829, "1": 384, "2": 18, "3": 4, "5": 2, "8": 2, "4": 1}, "avg_over_mag": 0.0, "avg_under_mag": 1.1240875912408759, "avg_over": 0.0, "avg_under": 1.1240875912408759}], [[0.7000000000000001, 0.75], {"acc": 0.7319247276328822, "nll": 0.6656725799927227, "mse": 0.2104301281844468, "N": 3029, "over_prob": 0.0, "under_prob": 0.41587112171837703, "over_counts": {"0": 1676}, "under_counts": {"0": 979, "1": 595, "2": 69, "3": 15, "4": 10, "5": 4, "6": 3, "9": 1}, "avg_over_mag": 0.0, "avg_under_mag": 1.2410329985652797, "avg_over": 0.0, "avg_under": 1.2410329985652797}], [[0.75, 0.8], {"acc": 0.7697654213727194, "nll": 0.6020024768631329, "mse": 0.1875224588394503, "N": 6906, "over_prob": 0.0, "under_prob": 0.6104621635347892, "over_counts": {"0": 1969}, "under_counts": {"1": 800, "0": 767, "2": 209, "3": 96, "4": 40, "5": 21, "6": 17, "8": 7, "7": 3, "10": 3, "13": 2, "14": 2, "9": 1, "15": 1}, "avg_over_mag": 0.0, "avg_under_mag": 1.7121464226289518, "avg_over": 0.0, "avg_under": 1.7121464226289518}], [[0.8, 0.8500000000000001], {"acc": 0.81787126932758, "nll": 0.5589246793084302, "mse": 0.16073396515711078, "N": 5562, "over_prob": 0.0, "under_prob": 0.7401234567901235, "over_counts": {"0": 1620}, "under_counts": {"1": 660, "0": 421, "2": 265, "3": 126, "4": 43, "6": 25, "5": 22, "8": 11, "7": 11, "13": 7, "14": 4, "15": 4, "10": 4, "17": 4, "9": 3, "16": 3, "18": 2, "11": 2, "19": 2, "20": 1}, "avg_over_mag": 0.0, "avg_under_mag": 2.227689741451209, "avg_over": 0.0, "avg_under": 2.227689741451209}], [[0.8500000000000001, 0.9], {"acc": 0.8718984420080784, "nll": 0.4618460357902629, "mse": 0.12091998230511485, "N": 5199, "over_prob": 0.5974796145292809, "under_prob": 0.0, "over_counts": {"0": 543, "1": 410, "2": 180, "3": 80, "4": 43, "5": 32, "6": 29, "7": 9, "8": 5, "10": 3, "9": 3, "15": 2, "31": 1, "41": 1, "12": 1, "14": 1, "13": 1, "16": 1, "27": 1, "17": 1, "32": 1, "26": 1}, "under_counts": {"0": 1349}, "avg_over_mag": 2.400744416873449, "avg_under_mag": 0.0, "avg_over": 2.400744416873449, "avg_under": 0.0}], [[0.9, 0.9500000000000001], {"acc": 0.9103092783505154, "nll": 0.3479550652556179, "mse": 0.08667077083066319, "N": 1940, "over_prob": 0.45931283905967446, "under_prob": 0.0, "over_counts": {"0": 299, "1": 145, "2": 43, "3": 25, "4": 15, "5": 11, "6": 5, "10": 4, "8": 3, "7": 1, "9": 1, "16": 1}, "under_counts": {"0": 553}, "avg_over_mag": 2.1535433070866143, "avg_under_mag": 0.0, "avg_over": 2.1535433070866143, "avg_under": 0.0}], [[0.9500000000000001, 1.0], {"acc": 0.9680365296803652, "nll": 0.1744883200995139, "mse": 0.039841903627713685, "N": 219, "over_prob": 0.2989690721649485, "under_prob": 0.0, "over_counts": {"0": 68, "1": 20, "2": 6, "3": 2, "5": 1}, "under_counts": {"0": 97}, "avg_over_mag": 1.4827586206896552, "avg_under_mag": 0.0, "avg_over": 1.4827586206896552, "avg_under": 0.0}]]}