{"auc": 0.6699766181968505, "over_prob": 0.4087608339189506, "under_prob": 0.05130007027406891, "over_counts": {"0": 2524, "1": 749, "2": 292, "3": 198, "4": 125, "5": 107, "6": 72, "7": 62, "8": 32, "9": 26, "10": 16, "11": 12, "13": 9, "14": 8, "12": 6, "15": 6, "17": 4, "18": 4, "27": 3, "19": 2, "20": 2, "16": 2, "47": 1, "51": 1, "37": 1, "29": 1, "46": 1, "23": 1, "22": 1, "55": 1}, "under_counts": {"0": 4050, "1": 131, "2": 50, "3": 13, "4": 8, "5": 7, "6": 4, "7": 3, "8": 2, "9": 1}, "avg_over_mag": 3.23323782234957, "avg_under_mag": 1.8584474885844748, "avg_over": 3.23323782234957, "avg_under": 1.8584474885844748, "acc": 0.6895636898146489, "nll": 0.5923001093277811, "mse": 0.2029436828485037, "metrics_by_prob": [[[0.0, 0.05], {"acc": 0.8624161073825504, "nll": 0.39743774546673205, "mse": 0.11931747694587597, "N": 298, "over_prob": 0.0, "under_prob": 0.0, "over_counts": {"0": 68}, "under_counts": {"0": 68}, "avg_over_mag": 0.0, "avg_under_mag": 0.0, "avg_over": 0.0, "avg_under": 0.0}], [[0.05, 0.1], {"acc": 0.6546762589928058, "nll": 0.6100842368382591, "mse": 0.2117814121792668, "N": 278, "over_prob": 0.0, "under_prob": 0.0, "over_counts": {"0": 130}, "under_counts": {"0": 130}, "avg_over_mag": 0.0, "avg_under_mag": 0.0, "avg_over": 0.0, "avg_under": 0.0}], [[0.1, 0.15000000000000002], {"acc": 0.5650793650793651, "nll": 0.683700796711997, "mse": 0.24354226625365882, "N": 315, "over_prob": 0.0, "under_prob": 0.0, "over_counts": {"0": 173}, "under_counts": {"0": 173}, "avg_over_mag": 0.0, "avg_under_mag": 0.0, "avg_over": 0.0, "avg_under": 0.0}], [[0.15000000000000002, 0.2], {"acc": 0.5191815856777494, "nll": 0.7323221783242525, "mse": 0.2669439447066262, "N": 391, "over_prob": 0.0, "under_prob": 0.008333333333333304, "over_counts": {"0": 240}, "under_counts": {"0": 238, "1": 2}, "avg_over_mag": 0.0, "avg_under_mag": 1.0, "avg_over": 0.0, "avg_under": 1.0}], [[0.2, 0.25], {"acc": 0.44863731656184486, "nll": 0.7604607015269269, "mse": 0.2811378584012321, "N": 477, "over_prob": 0.0, "under_prob": 0.0, "over_counts": {"0": 301}, "under_counts": {"0": 301}, "avg_over_mag": 0.0, "avg_under_mag": 0.0, "avg_over": 0.0, "avg_under": 0.0}], [[0.25, 0.30000000000000004], {"acc": 0.45438898450946646, "nll": 0.7572420311941729, "mse": 0.27969321831440214, "N": 581, "over_prob": 0.0, "under_prob": 0.005540166204986097, "over_counts": {"0": 361}, "under_counts": {"0": 359, "1": 2}, "avg_over_mag": 0.0, "avg_under_mag": 1.0, "avg_over": 0.0, "avg_under": 1.0}], [[0.30000000000000004, 0.35000000000000003], {"acc": 0.43503649635036495, "nll": 0.7654715221654037, "mse": 0.2838071620614043, "N": 685, "over_prob": 0.0, "under_prob": 0.0045977011494252595, "over_counts": {"0": 435}, "under_counts": {"0": 433, "1": 2}, "avg_over_mag": 0.0, "avg_under_mag": 1.0, "avg_over": 0.0, "avg_under": 1.0}], [[0.35000000000000003, 0.4], {"acc": 0.44836272040302266, "nll": 0.7658365870046148, "mse": 0.2837063204253077, "N": 794, "over_prob": 0.0, "under_prob": 0.001984126984126977, "over_counts": {"0": 504}, "under_counts": {"0": 503, "1": 1}, "avg_over_mag": 0.0, "avg_under_mag": 1.0, "avg_over": 0.0, "avg_under": 1.0}], [[0.4, 0.45], {"acc": 0.46680716543730244, "nll": 0.7580600004519557, "mse": 0.279847088709199, "N": 949, "over_prob": 0.0, "under_prob": 0.0033167495854062867, "over_counts": {"0": 603}, "under_counts": {"0": 601, "1": 2}, "avg_over_mag": 0.0, "avg_under_mag": 1.0, "avg_over": 0.0, "avg_under": 1.0}], [[0.45, 0.5], {"acc": 0.4697508896797153, "nll": 0.7634246422885856, "mse": 0.28162807250529687, "N": 1124, "over_prob": 0.0, "under_prob": 0.0057636887608069065, "over_counts": {"0": 694}, "under_counts": {"0": 690, "1": 3, "2": 1}, "avg_over_mag": 0.0, "avg_under_mag": 1.25, "avg_over": 0.0, "avg_under": 1.25}], [[0.5, 0.55], {"acc": 0.5150346954510409, "nll": 0.7470749204196294, "mse": 0.27331835197431475, "N": 1297, "over_prob": 0.0, "under_prob": 0.013597033374536438, "over_counts": {"0": 809}, "under_counts": {"0": 798, "1": 10, "2": 1}, "avg_over_mag": 0.0, "avg_under_mag": 1.0909090909090908, "avg_over": 0.0, "avg_under": 1.0909090909090908}], [[0.55, 0.6000000000000001], {"acc": 0.5490683229813664, "nll": 0.718758146104167, "mse": 0.26029777983028807, "N": 1610, "over_prob": 0.0, "under_prob": 0.006122448979591799, "over_counts": {"0": 980}, "under_counts": {"0": 974, "1": 6}, "avg_over_mag": 0.0, "avg_under_mag": 1.0, "avg_over": 0.0, "avg_under": 1.0}], [[0.6000000000000001, 0.65], {"acc": 0.5810381355932204, "nll": 0.7053038268073795, "mse": 0.2533468979607791, "N": 1888, "over_prob": 0.0, "under_prob": 0.016042780748663055, "over_counts": {"0": 1122}, "under_counts": {"0": 1104, "1": 16, "4": 1, "2": 1}, "avg_over_mag": 0.0, "avg_under_mag": 1.2222222222222223, "avg_over": 0.0, "avg_under": 1.2222222222222223}], [[0.65, 0.7000000000000001], {"acc": 0.6358826358826358, "nll": 0.6660890647320699, "mse": 0.23516865044715368, "N": 2079, "over_prob": 0.0, "under_prob": 0.025726141078838194, "over_counts": {"0": 1205}, "under_counts": {"0": 1174, "1": 29, "2": 2}, "avg_over_mag": 0.0, "avg_under_mag": 1.064516129032258, "avg_over": 0.0, "avg_under": 1.064516129032258}], [[0.7000000000000001, 0.75], {"acc": 0.6787755102040817, "nll": 0.6328444640873963, "mse": 0.21937061223308274, "N": 2450, "over_prob": 0.0, "under_prob": 0.028880866425992746, "over_counts": {"0": 1385}, "under_counts": {"0": 1345, "1": 34, "2": 5, "4": 1}, "avg_over_mag": 0.0, "avg_under_mag": 1.2, "avg_over": 0.0, "avg_under": 1.2}], [[0.75, 0.8], {"acc": 0.7543859649122807, "nll": 0.5748770361965444, "mse": 0.19226611350882628, "N": 2679, "over_prob": 0.0, "under_prob": 0.0454232622161046, "over_counts": {"0": 1453}, "under_counts": {"0": 1387, "1": 53, "2": 8, "3": 4, "4": 1}, "avg_over_mag": 0.0, "avg_under_mag": 1.2878787878787878, "avg_over": 0.0, "avg_under": 1.2878787878787878}], [[0.8, 0.8500000000000001], {"acc": 0.8004498714652957, "nll": 0.5213854931657897, "mse": 0.16867251553295076, "N": 3112, "over_prob": 0.0, "under_prob": 0.08564231738035266, "over_counts": {"0": 1588}, "under_counts": {"0": 1452, "1": 101, "2": 25, "3": 6, "4": 2, "5": 2}, "avg_over_mag": 0.0, "avg_under_mag": 1.375, "avg_over": 0.0, "avg_under": 1.375}], [[0.8500000000000001, 0.9], {"acc": 0.8577666874610106, "nll": 0.4505761863688285, "mse": 0.13779278168441547, "N": 3206, "over_prob": 0.8941485864562788, "under_prob": 0.0, "over_counts": {"1": 705, "2": 304, "3": 166, "0": 161, "4": 80, "5": 40, "6": 23, "7": 19, "9": 8, "8": 6, "13": 3, "10": 2, "15": 1, "11": 1, "18": 1, "12": 1}, "under_counts": {"0": 1521}, "avg_over_mag": 2.086029411764706, "avg_under_mag": 0.0, "avg_over": 2.086029411764706, "avg_under": 0.0}], [[0.9, 0.9500000000000001], {"acc": 0.9196368527236046, "nll": 0.3500623530925557, "mse": 0.09592052139744285, "N": 2974, "over_prob": 0.8241491085899514, "under_prob": 0.0, "over_counts": {"1": 537, "0": 217, "2": 194, "3": 107, "4": 76, "5": 38, "6": 25, "7": 11, "8": 8, "10": 6, "12": 3, "13": 2, "26": 1, "39": 1, "44": 1, "9": 1, "24": 1, "16": 1, "17": 1, "25": 1, "19": 1, "11": 1}, "under_counts": {"0": 1234}, "avg_over_mag": 2.343166175024582, "avg_under_mag": 0.0, "avg_over": 2.343166175024582, "avg_under": 0.0}], [[0.9500000000000001, 1.0], {"acc": 0.9631728045325779, "nll": 0.2512139716821752, "mse": 0.0587795390022841, "N": 706, "over_prob": 0.5877862595419847, "under_prob": 0.0, "over_counts": {"0": 162, "1": 160, "2": 34, "3": 19, "7": 4, "5": 4, "9": 3, "6": 2, "4": 2, "11": 1, "19": 1, "12": 1}, "under_counts": {"0": 393}, "avg_over_mag": 1.826839826839827, "avg_under_mag": 0.0, "avg_over": 1.826839826839827, "avg_under": 0.0}]]}