{"auc": 0.6417273584145855, "over_prob": 0.4907534059200087, "under_prob": 0.1290966788860316, "over_counts": {"0": 18615, "1": 6804, "2": 3778, "3": 2141, "4": 1409, "5": 915, "6": 607, "7": 445, "8": 371, "9": 273, "10": 213, "12": 153, "11": 142, "13": 121, "14": 73, "15": 69, "16": 56, "21": 40, "18": 37, "17": 36, "20": 30, "19": 27, "24": 22, "22": 19, "23": 19, "25": 16, "26": 14, "27": 13, "28": 9, "30": 9, "29": 7, "31": 6, "32": 6, "33": 6, "37": 5, "40": 5, "34": 4, "38": 4, "49": 3, "36": 3, "50": 3, "71": 2, "46": 2, "42": 2, "48": 2, "47": 2, "43": 2, "52": 2, "39": 2, "53": 1, "86": 1, "103": 1, "62": 1, "41": 1, "60": 1, "55": 1, "35": 1, "65": 1, "57": 1}, "under_counts": {"0": 31835, "1": 2143, "2": 971, "3": 545, "4": 282, "5": 198, "6": 114, "7": 91, "8": 65, "9": 52, "10": 43, "11": 27, "14": 23, "13": 23, "12": 20, "15": 19, "16": 17, "19": 10, "18": 8, "23": 8, "21": 7, "17": 7, "20": 7, "22": 4, "27": 3, "35": 3, "30": 3, "38": 3, "25": 3, "28": 2, "29": 2, "33": 2, "40": 2, "24": 2, "36": 1, "64": 1, "53": 1, "31": 1, "26": 1, "44": 1, "90": 1, "37": 1, "34": 1, "39": 1}, "avg_over_mag": 3.4969061820614304, "avg_under_mag": 3.0792540792540795, "avg_over": 3.4969061820614304, "avg_under": 3.0792540792540795, "acc": 0.7864556952455831, "nll": 0.4980548084274289, "mse": 0.1608234657838517, "metrics_by_prob": [[[0.0, 0.05], {"acc": 0.42955326460481097, "nll": 0.8524267365163762, "mse": 0.3204822145944005, "N": 291, "over_prob": 0.0, "under_prob": 0.021276595744680882, "over_counts": {"0": 94}, "under_counts": {"0": 92, "1": 2}, "avg_over_mag": 0.0, "avg_under_mag": 1.0, "avg_over": 0.0, "avg_under": 1.0}], [[0.05, 0.1], {"acc": 0.2711864406779661, "nll": 1.003235725766812, "mse": 0.3793290777339504, "N": 295, "over_prob": 0.0, "under_prob": 0.07335907335907332, "over_counts": {"0": 259}, "under_counts": {"0": 240, "1": 17, "2": 2}, "avg_over_mag": 0.0, "avg_under_mag": 1.105263157894737, "avg_over": 0.0, "avg_under": 1.105263157894737}], [[0.1, 0.15000000000000002], {"acc": 0.2711864406779661, "nll": 0.9629111429047563, "mse": 0.36977433374036206, "N": 472, "over_prob": 0.0, "under_prob": 0.012658227848101222, "over_counts": {"0": 395}, "under_counts": {"0": 390, "1": 5}, "avg_over_mag": 0.0, "avg_under_mag": 1.0, "avg_over": 0.0, "avg_under": 1.0}], [[0.15000000000000002, 0.2], {"acc": 0.27692307692307694, "nll": 0.9646110187835414, "mse": 0.3711032174672515, "N": 650, "over_prob": 0.0, "under_prob": 0.016129032258064502, "over_counts": {"0": 558}, "under_counts": {"0": 549, "1": 8, "2": 1}, "avg_over_mag": 0.0, "avg_under_mag": 1.1111111111111112, "avg_over": 0.0, "avg_under": 1.1111111111111112}], [[0.2, 0.25], {"acc": 0.34717784877529284, "nll": 0.9141309421971838, "mse": 0.3467797348979286, "N": 939, "over_prob": 0.0, "under_prob": 0.025301204819277112, "over_counts": {"0": 830}, "under_counts": {"0": 809, "1": 15, "2": 6}, "avg_over_mag": 0.0, "avg_under_mag": 1.2857142857142858, "avg_over": 0.0, "avg_under": 1.2857142857142858}], [[0.25, 0.30000000000000004], {"acc": 0.35714285714285715, "nll": 0.8955983970067862, "mse": 0.3390309982538962, "N": 1218, "over_prob": 0.0, "under_prob": 0.022058823529411797, "over_counts": {"0": 1088}, "under_counts": {"0": 1064, "1": 20, "2": 4}, "avg_over_mag": 0.0, "avg_under_mag": 1.1666666666666667, "avg_over": 0.0, "avg_under": 1.1666666666666667}], [[0.30000000000000004, 0.35000000000000003], {"acc": 0.3730769230769231, "nll": 0.889025316141677, "mse": 0.33538782076041496, "N": 1560, "over_prob": 0.0, "under_prob": 0.027066569129480578, "over_counts": {"0": 1367}, "under_counts": {"0": 1330, "1": 32, "2": 5}, "avg_over_mag": 0.0, "avg_under_mag": 1.135135135135135, "avg_over": 0.0, "avg_under": 1.135135135135135}], [[0.35000000000000003, 0.4], {"acc": 0.4039671020803096, "nll": 0.8655765365842302, "mse": 0.3249139638173465, "N": 2067, "over_prob": 0.0, "under_prob": 0.025125628140703515, "over_counts": {"0": 1791}, "under_counts": {"0": 1746, "1": 45}, "avg_over_mag": 0.0, "avg_under_mag": 1.0, "avg_over": 0.0, "avg_under": 1.0}], [[0.4, 0.45], {"acc": 0.4449280214261801, "nll": 0.8408464914021195, "mse": 0.31328348610319867, "N": 2987, "over_prob": 0.0, "under_prob": 0.023019898556379204, "over_counts": {"0": 2563}, "under_counts": {"0": 2504, "1": 55, "2": 3, "3": 1}, "avg_over_mag": 0.0, "avg_under_mag": 1.0847457627118644, "avg_over": 0.0, "avg_under": 1.0847457627118644}], [[0.45, 0.5], {"acc": 0.4842653384650215, "nll": 0.7988639665406994, "mse": 0.29487120695530167, "N": 4417, "over_prob": 0.0, "under_prob": 0.02993844432008952, "over_counts": {"0": 3574}, "under_counts": {"0": 3467, "1": 104, "2": 3}, "avg_over_mag": 0.0, "avg_under_mag": 1.02803738317757, "avg_over": 0.0, "avg_under": 1.02803738317757}], [[0.5, 0.55], {"acc": 0.5195578231292517, "nll": 0.7786373889667754, "mse": 0.28513284370311487, "N": 5880, "over_prob": 0.0, "under_prob": 0.030052264808362317, "over_counts": {"0": 4592}, "under_counts": {"0": 4454, "1": 130, "2": 8}, "avg_over_mag": 0.0, "avg_under_mag": 1.0579710144927537, "avg_over": 0.0, "avg_under": 1.0579710144927537}], [[0.55, 0.6000000000000001], {"acc": 0.5735525202465853, "nll": 0.7417413809547363, "mse": 0.2680766956878082, "N": 8273, "over_prob": 0.0, "under_prob": 0.029783693843594028, "over_counts": {"0": 6010}, "under_counts": {"0": 5831, "1": 157, "2": 19, "3": 3}, "avg_over_mag": 0.0, "avg_under_mag": 1.1396648044692737, "avg_over": 0.0, "avg_under": 1.1396648044692737}], [[0.6000000000000001, 0.65], {"acc": 0.6268034069181296, "nll": 0.6957256755311719, "mse": 0.24678363004691384, "N": 11506, "over_prob": 0.0, "under_prob": 0.038712921065862216, "over_counts": {"0": 7956}, "under_counts": {"0": 7648, "1": 258, "2": 38, "3": 8, "5": 3, "4": 1}, "avg_over_mag": 0.0, "avg_under_mag": 1.224025974025974, "avg_over": 0.0, "avg_under": 1.224025974025974}], [[0.65, 0.7000000000000001], {"acc": 0.6763674398572571, "nll": 0.6525251069112841, "mse": 0.22677457715557797, "N": 16253, "over_prob": 0.0, "under_prob": 0.0546572760638826, "over_counts": {"0": 10081}, "under_counts": {"0": 9530, "1": 444, "2": 70, "3": 23, "4": 8, "5": 3, "9": 1, "7": 1, "6": 1}, "avg_over_mag": 0.0, "avg_under_mag": 1.3103448275862069, "avg_over": 0.0, "avg_under": 1.3103448275862069}], [[0.7000000000000001, 0.75], {"acc": 0.7306727775856106, "nll": 0.5971002061401097, "mse": 0.20176055544251997, "N": 23128, "over_prob": 0.0, "under_prob": 0.07850260622334548, "over_counts": {"0": 12662}, "under_counts": {"0": 11668, "1": 712, "2": 180, "3": 66, "4": 16, "6": 9, "5": 6, "7": 2, "12": 1, "9": 1, "8": 1}, "avg_over_mag": 0.0, "avg_under_mag": 1.4698189134808852, "avg_over": 0.0, "avg_under": 1.4698189134808852}], [[0.75, 0.8], {"acc": 0.7759956256265379, "nll": 0.5440547545352673, "mse": 0.1778983856604106, "N": 32919, "over_prob": 0.0, "under_prob": 0.12620717026061645, "over_counts": {"0": 15118}, "under_counts": {"0": 13210, "1": 1274, "2": 341, "3": 125, "4": 64, "5": 36, "6": 23, "7": 15, "8": 14, "9": 6, "11": 3, "13": 2, "15": 2, "10": 1, "25": 1, "16": 1}, "avg_over_mag": 0.0, "avg_under_mag": 1.7379454926624738, "avg_over": 0.0, "avg_under": 1.7379454926624738}], [[0.8, 0.8500000000000001], {"acc": 0.824237108997279, "nll": 0.4763803936781687, "mse": 0.14895802123074856, "N": 44469, "over_prob": 0.0, "under_prob": 0.2036304398417501, "over_counts": {"0": 17188}, "under_counts": {"0": 13688, "1": 1948, "2": 746, "3": 317, "4": 157, "5": 95, "6": 59, "7": 36, "8": 28, "10": 25, "9": 18, "11": 18, "14": 11, "12": 9, "15": 6, "16": 4, "20": 4, "32": 3, "13": 2, "18": 2, "17": 2, "28": 1, "30": 1, "29": 1, "21": 1, "24": 1, "58": 1, "34": 1, "33": 1, "46": 1, "26": 1}, "avg_over_mag": 0.0, "avg_under_mag": 2.271714285714286, "avg_over": 0.0, "avg_under": 2.271714285714286}], [[0.8500000000000001, 0.9], {"acc": 0.8748262798179983, "nll": 0.39565685740307144, "mse": 0.11551346568933861, "N": 52527, "over_prob": 0.8438330828805918, "under_prob": 0.0,