{"auc": 0.7182869586957508, "over_prob": 0.23189929376246698, "under_prob": 0.22507951911154245, "over_counts": {"0": 28495, "1": 5698, "2": 1681, "3": 624, "4": 263, "5": 142, "6": 72, "7": 55, "8": 23, "10": 14, "9": 13, "11": 5, "12": 4, "13": 3, "15": 2, "18": 1, "25": 1, "19": 1, "16": 1}, "under_counts": {"0": 28748, "1": 5757, "2": 1512, "3": 553, "4": 243, "5": 96, "6": 73, "8": 33, "7": 32, "9": 17, "10": 11, "12": 6, "11": 6, "13": 4, "17": 2, "14": 2, "18": 1, "15": 1, "16": 1}, "avg_over_mag": 1.6508194815761943, "avg_under_mag": 1.6026347305389221, "avg_over": 1.6508194815761943, "avg_under": 1.6026347305389221, "acc": 0.7998167207620327, "nll": 0.46282675968657605, "mse": 0.14781158333579134, "metrics_by_prob": [[[0.0, 0.05], {"acc": 0.9571428571428572, "nll": 0.17610774309048827, "mse": 0.04092795020477099, "N": 140, "over_prob": 0.0, "under_prob": 0.0, "over_counts": {"0": 77}, "under_counts": {"0": 77}, "avg_over_mag": 0.0, "avg_under_mag": 0.0, "avg_over": 0.0, "avg_under": 0.0}], [[0.05, 0.1], {"acc": 0.9209809264305178, "nll": 0.26979387586064874, "mse": 0.07176072563188712, "N": 367, "over_prob": 0.0, "under_prob": 0.0, "over_counts": {"0": 299}, "under_counts": {"0": 299}, "avg_over_mag": 0.0, "avg_under_mag": 0.0, "avg_over": 0.0, "avg_under": 0.0}], [[0.1, 0.15000000000000002], {"acc": 0.8822355289421158, "nll": 0.37303818390638666, "mse": 0.10644022654275682, "N": 501, "over_prob": 0.0, "under_prob": 0.0, "over_counts": {"0": 393}, "under_counts": {"0": 393}, "avg_over_mag": 0.0, "avg_under_mag": 0.0, "avg_over": 0.0, "avg_under": 0.0}], [[0.15000000000000002, 0.2], {"acc": 0.836231884057971, "nll": 0.45690689321248307, "mse": 0.1407952700402659, "N": 690, "over_prob": 0.0, "under_prob": 0.0, "over_counts": {"0": 583}, "under_counts": {"0": 583}, "avg_over_mag": 0.0, "avg_under_mag": 0.0, "avg_over": 0.0, "avg_under": 0.0}], [[0.2, 0.25], {"acc": 0.7925101214574899, "nll": 0.5286258865955306, "mse": 0.170945198717236, "N": 988, "over_prob": 0.0, "under_prob": 0.0, "over_counts": {"0": 847}, "under_counts": {"0": 847}, "avg_over_mag": 0.0, "avg_under_mag": 0.0, "avg_over": 0.0, "avg_under": 0.0}], [[0.25, 0.30000000000000004], {"acc": 0.7166023166023165, "nll": 0.5975471791117132, "mse": 0.20369787320073068, "N": 1295, "over_prob": 0.0, "under_prob": 0.0, "over_counts": {"0": 1124}, "under_counts": {"0": 1124}, "avg_over_mag": 0.0, "avg_under_mag": 0.0, "avg_over": 0.0, "avg_under": 0.0}], [[0.30000000000000004, 0.35000000000000003], {"acc": 0.6593860684769776, "nll": 0.6476517836266855, "mse": 0.22713847336732848, "N": 1694, "over_prob": 0.0, "under_prob": 0.0, "over_counts": {"0": 1469}, "under_counts": {"0": 1469}, "avg_over_mag": 0.0, "avg_under_mag": 0.0, "avg_over": 0.0, "avg_under": 0.0}], [[0.35000000000000003, 0.4], {"acc": 0.6132326820603907, "nll": 0.6711675194605232, "mse": 0.23893788994514054, "N": 2252, "over_prob": 0.0, "under_prob": 0.0, "over_counts": {"0": 1949}, "under_counts": {"0": 1949}, "avg_over_mag": 0.0, "avg_under_mag": 0.0, "avg_over": 0.0, "avg_under": 0.0}], [[0.4, 0.45], {"acc": 0.5652173913043478, "nll": 0.6862719145761765, "mse": 0.24640912175205928, "N": 3105, "over_prob": 0.0, "under_prob": 0.0, "over_counts": {"0": 2630}, "under_counts": {"0": 2630}, "avg_over_mag": 0.0, "avg_under_mag": 0.0, "avg_over": 0.0, "avg_under": 0.0}], [[0.45, 0.5], {"acc": 0.5149517306333883, "nll": 0.6998618321389419, "mse": 0.2531953583641292, "N": 4247, "over_prob": 0.0, "under_prob": 0.0, "over_counts": {"0": 3490}, "under_counts": {"0": 3490}, "avg_over_mag": 0.0, "avg_under_mag": 0.0, "avg_over": 0.0, "avg_under": 0.0}], [[0.5, 0.55], {"acc": 0.5129102115608862, "nll": 0.701320702955775, "mse": 0.253809753216059, "N": 6003, "over_prob": 0.0, "under_prob": 0.0, "over_counts": {"0": 4715}, "under_counts": {"0": 4715}, "avg_over_mag": 0.0, "avg_under_mag": 0.0, "avg_over": 0.0, "avg_under": 0.0}], [[0.55, 0.6000000000000001], {"acc": 0.5647086914995224, "nll": 0.6895905869723021, "mse": 0.24787938844725949, "N": 8376, "over_prob": 0.0, "under_prob": 0.0, "over_counts": {"0": 6086}, "under_counts": {"0": 6086}, "avg_over_mag": 0.0, "avg_under_mag": 0.0, "avg_over": 0.0, "avg_under": 0.0}], [[0.6000000000000001, 0.65], {"acc": 0.6193641864825705, "nll": 0.6713211202042658, "mse": 0.23865689465128573, "N": 11733, "over_prob": 0.0, "under_prob": 0.0007489701660217118, "over_counts": {"0": 8011}, "under_counts": {"0": 8005, "1": 6}, "avg_over_mag": 0.0, "avg_under_mag": 1.0, "avg_over": 0.0, "avg_under": 1.0}], [[0.65, 0.7000000000000001], {"acc": 0.6734938315965984, "nll": 0.6378740429709925, "mse": 0.22240045917205647, "N": 16698, "over_prob": 0.0, "under_prob": 0.004287245444801746, "over_counts": {"0": 10263}, "under_counts": {"0": 10219, "1": 43, "2": 1}, "avg_over_mag": 0.0, "avg_under_mag": 1.0227272727272727, "avg_over": 0.0, "avg_under": 1.0227272727272727}], [[0.7000000000000001, 0.75], {"acc": 0.7307300509337861, "nll": 0.5874289558388931, "mse": 0.198524056754237, "N": 23560, "over_prob": 0.0, "under_prob": 0.020159399906235387, "over_counts": {"0": 12798}, "under_counts": {"0": 12540, "1": 247, "2": 9, "3": 2}, "avg_over_mag": 0.0, "avg_under_mag": 1.050387596899225, "avg_over": 0.0, "avg_under": 1.050387596899225}], [[0.75, 0.8], {"acc": 0.777517286405318, "nll": 0.5354025021012926, "mse": 0.17477542795227444, "N": 33697, "over_prob": 0.0, "under_prob": 0.0932679274511069, "over_counts": {"0": 15493}, "under_counts": {"0": 14048, "1": 1283, "2": 133, "3": 23, "5": 3, "4": 3}, "avg_over_mag": 0.0, "avg_under_mag": 1.1384083044982698, "avg_over": 0.0, "avg_under": 1.1384083044982698}], [[0.8, 0.8500000000000001], {"acc": 0.8259448373106587, "nll": 0.46643727840800947, "mse": 0.14498607137987501, "N": 46807, "over_prob": 0.0, "under_prob": 0.42378359986389924, "over_counts": {"0": 17634}, "under_counts": {"0": 10161, "1": 5321, "2": 1319, "3": 438, "4": 191, "5": 76, "6": 51, "7": 25, "8": 19, "9": 11, "11": 6, "12": 6, "10": 4, "16": 3, "13": 2, "14": 1}, "avg_over_mag": 0.0, "avg_under_mag": 1.5274989963869932, "avg_over": 0.0, "avg_under": 1.5274989963869932}], [[0.8500000000000001, 0.9], {"acc": 0.8745197057854869, "nll": 0.380610679922069, "mse": 0.11043018766703316, "N": 54654, "over_prob": 0.46106234526221024, "under_prob": 0.0, "over_counts": {"0": 9578, "1": 5525, "2": 1587, "3": 549, "4": 240, "5": 126, "6": 70, "7": 40, "8": 20, "10": 12, "9": 11, "13": 4, "11": 4, "12": 2, "18": 1, "21": 1, "19": 1, "15": 1}, "under_counts": {"0": 17772}, "avg_over_mag": 1.6119111545032951, "avg_under_mag": 0.0, "avg_over": 1.6119111545032951, "avg_under": 0.0}], [[0.9, 0.9500000000000001], {"acc": 0.9237353913024194, "nll": 0.2717238240788505, "mse": 0.0708797393031874, "N": 45093, "over_prob": 0.0667063728409768, "under_prob": 0.0, "over_counts": {"0": 12536, "1": 818, "2": 66, "3": 9, "4": 2, "5": 1}, "under_counts": {"0": 13432}, "avg_over_mag": 1.1049107142857142, "avg_under_mag": 0.0, "avg_over": 1.1049107142857142, "avg_under": 0.0}], [[0.9500000000000001, 1.0], {"acc": 0.9649970830902576, "nll": 0.15431715745019836, "mse": 0.034056860179256146, "N": 11999, "over_prob": 0.0008580008580008069, "under_prob": 0.0, "over_counts": {"0": 4658, "1": 4}, "under_counts": {"0": 4662}, "avg_over_mag": 1.0, "avg_under_mag": 0.0, "avg_over": 1.0, "avg_under": 0.0}]]}