{"auc": 0.6520521975406968, "over_prob": 0.04239868821738113, "under_prob": 0.08292340126493325, "over_counts": {"0": 4088, "1": 116, "2": 37, "3": 14, "4": 5, "5": 5, "6": 3, "9": 1}, "under_counts": {"0": 3915, "1": 292, "2": 38, "4": 15, "3": 7, "5": 1, "6": 1}, "avg_over_mag": 1.6795580110497237, "avg_under_mag": 1.2994350282485876, "avg_over": 1.6795580110497237, "avg_under": 1.2994350282485876, "acc": 0.7893736779837235, "nll": 0.49194306250969433, "mse": 0.15857624604625428, "metrics_by_prob": [[[0.0, 0.05], {"acc": NaN, "nll": NaN, "mse": NaN, "N": 0}], [[0.05, 0.1], {"acc": NaN, "nll": NaN, "mse": NaN, "N": 0}], [[0.1, 0.15000000000000002], {"acc": 0.8571428571428571, "nll": 0.41802364106633966, "mse": 0.12406242288427971, "N": 14, "over_prob": 0.0, "under_prob": 0.0, "over_counts": {"0": 14}, "under_counts": {"0": 14}, "avg_over_mag": 0.0, "avg_under_mag": 0.0, "avg_over": 0.0, "avg_under": 0.0}], [[0.15000000000000002, 0.2], {"acc": 0.5, "nll": 0.7750565724670655, "mse": 0.2894370922848777, "N": 2, "over_prob": 0.0, "under_prob": 0.0, "over_counts": {"0": 1}, "under_counts": {"0": 1}, "avg_over_mag": 0.0, "avg_under_mag": 0.0, "avg_over": 0.0, "avg_under": 0.0}], [[0.2, 0.25], {"acc": 1.0, "nll": 0.25916205117638047, "mse": 0.05249240181589159, "N": 11, "over_prob": 0.0, "under_prob": 0.0, "over_counts": {"0": 11}, "under_counts": {"0": 11}, "avg_over_mag": 0.0, "avg_under_mag": 0.0, "avg_over": 0.0, "avg_under": 0.0}], [[0.25, 0.30000000000000004], {"acc": 0.68, "nll": 0.6355169380869422, "mse": 0.22068611811327943, "N": 25, "over_prob": 0.0, "under_prob": 0.0, "over_counts": {"0": 25}, "under_counts": {"0": 25}, "avg_over_mag": 0.0, "avg_under_mag": 0.0, "avg_over": 0.0, "avg_under": 0.0}], [[0.30000000000000004, 0.35000000000000003], {"acc": 0.7, "nll": 0.6282113664748282, "mse": 0.21752367458565053, "N": 20, "over_prob": 0.0, "under_prob": 0.0, "over_counts": {"0": 20}, "under_counts": {"0": 20}, "avg_over_mag": 0.0, "avg_under_mag": 0.0, "avg_over": 0.0, "avg_under": 0.0}], [[0.35000000000000003, 0.4], {"acc": 0.5794392523364486, "nll": 0.6816236166546388, "mse": 0.24410816514916686, "N": 107, "over_prob": 0.0, "under_prob": 0.0, "over_counts": {"0": 107}, "under_counts": {"0": 107}, "avg_over_mag": 0.0, "avg_under_mag": 0.0, "avg_over": 0.0, "avg_under": 0.0}], [[0.4, 0.45], {"acc": 0.5789473684210527, "nll": 0.6814698766054448, "mse": 0.24420625401301882, "N": 57, "over_prob": 0.0, "under_prob": 0.0, "over_counts": {"0": 55}, "under_counts": {"0": 55}, "avg_over_mag": 0.0, "avg_under_mag": 0.0, "avg_over": 0.0, "avg_under": 0.0}], [[0.45, 0.5], {"acc": 0.5333333333333333, "nll": 0.6866529408770692, "mse": 0.24670528969682742, "N": 195, "over_prob": 0.0, "under_prob": 0.0, "over_counts": {"0": 194}, "under_counts": {"0": 194}, "avg_over_mag": 0.0, "avg_under_mag": 0.0, "avg_over": 0.0, "avg_under": 0.0}], [[0.5, 0.55], {"acc": 0.5391849529780565, "nll": 0.689697832031256, "mse": 0.24829904350572793, "N": 319, "over_prob": 0.0, "under_prob": 0.0, "over_counts": {"0": 318}, "under_counts": {"0": 318}, "avg_over_mag": 0.0, "avg_under_mag": 0.0, "avg_over": 0.0, "avg_under": 0.0}], [[0.55, 0.6000000000000001], {"acc": 0.5712121212121212, "nll": 0.6858208757476942, "mse": 0.24629350250902152, "N": 660, "over_prob": 0.0, "under_prob": 0.0, "over_counts": {"0": 553}, "under_counts": {"0": 553}, "avg_over_mag": 0.0, "avg_under_mag": 0.0, "avg_over": 0.0, "avg_under": 0.0}], [[0.6000000000000001, 0.65], {"acc": 0.6325852036575229, "nll": 0.6610026911557557, "mse": 0.2340394719533203, "N": 1203, "over_prob": 0.0, "under_prob": 0.0, "over_counts": {"0": 795}, "under_counts": {"0": 795}, "avg_over_mag": 0.0, "avg_under_mag": 0.0, "avg_over": 0.0, "avg_under": 0.0}], [[0.65, 0.7000000000000001], {"acc": 0.6861009890681936, "nll": 0.6218186501308254, "mse": 0.2151800779692527, "N": 1921, "over_prob": 0.0, "under_prob": 0.0, "over_counts": {"0": 1225}, "under_counts": {"0": 1225}, "avg_over_mag": 0.0, "avg_under_mag": 0.0, "avg_over": 0.0, "avg_under": 0.0}], [[0.7000000000000001, 0.75], {"acc": 0.7412587412587412, "nll": 0.5727179932373009, "mse": 0.19216386768931562, "N": 3003, "over_prob": 0.0, "under_prob": 0.0, "over_counts": {"0": 1659}, "under_counts": {"0": 1659}, "avg_over_mag": 0.0, "avg_under_mag": 0.0, "avg_over": 0.0, "avg_under": 0.0}], [[0.75, 0.8], {"acc": 0.7745361846763914, "nll": 0.533460131026698, "mse": 0.1745488383002286, "N": 7061, "over_prob": 0.0, "under_prob": 0.0005202913631633388, "over_counts": {"0": 1922}, "under_counts": {"0": 1921, "1": 1}, "avg_over_mag": 0.0, "avg_under_mag": 1.0, "avg_over": 0.0, "avg_under": 1.0}], [[0.8, 0.8500000000000001], {"acc": 0.8228892399508513, "nll": 0.4656583756527408, "mse": 0.1453726597342701, "N": 5697, "over_prob": 0.0, "under_prob": 0.22056074766355138, "over_counts": {"0": 1605}, "under_counts": {"0": 1251, "1": 292, "2": 38, "4": 14, "3": 8, "5": 1, "6": 1}, "avg_over_mag": 0.0, "avg_under_mag": 1.2966101694915255, "avg_over": 0.0, "avg_under": 1.2966101694915255}], [[0.8500000000000001, 0.9], {"acc": 0.8759391254093624, "nll": 0.3745922115208742, "mse": 0.10860388928442477, "N": 5191, "over_prob": 0.13407407407407412, "under_prob": 0.0, "over_counts": {"0": 1169, "1": 116, "2": 37, "3": 14, "4": 5, "5": 5, "6": 3, "9": 1}, "under_counts": {"0": 1350}, "avg_over_mag": 1.6795580110497237, "avg_under_mag": 0.0, "avg_over": 1.6795580110497237, "avg_under": 0.0}], [[0.9, 0.9500000000000001], {"acc": 0.9131034482758621, "nll": 0.2958459050326058, "mse": 0.07938666919585693, "N": 2175, "over_prob": 0.0, "under_prob": 0.0, "over_counts": {"0": 596}, "under_counts": {"0": 596}, "avg_over_mag": 0.0, "avg_under_mag": 0.0, "avg_over": 0.0, "avg_under": 0.0}], [[0.9500000000000001, 1.0], {"acc": 0.9482758620689655, "nll": 0.20504087288852665, "mse": 0.049197319368765674, "N": 232, "over_prob": 0.0, "under_prob": 0.0, "over_counts": {"0": 105}, "under_counts": {"0": 105}, "avg_over_mag": 0.0, "avg_under_mag": 0.0, "avg_over": 0.0, "avg_under": 0.0}]]}