{"over_prob": 0.011848059061681404, "under_prob": 0.031495594189092646, "over_counts": {"0": 16597, "1": 152, "2": 36, "3": 6, "4": 4, "8": 1}, "under_counts": {"0": 16267, "1": 412, "2": 71, "3": 19, "4": 14, "5": 6, "15": 2, "8": 2, "7": 1, "6": 1, "22": 1}, "avg_over_mag": 1.3366834170854272, "avg_under_mag": 1.4706994328922496, "avg_over": 1.3366834170854272, "avg_under": 1.4706994328922496, "acc": 0.676485051140834, "auc": 0.6894619875852432, "nll": 0.6053131849327632, "mse": 0.20859153638816766, "metrics_by_prob": [[[0.0, 0.05], {"acc": 0.9702380952380952, "nll": 0.1612215979019189, "mse": 0.03423979757304082, "N": 504, "over_prob": 0.0, "under_prob": 0.0, "over_counts": {"0": 170}, "under_counts": {"0": 170}, "avg_over_mag": 0.0, "avg_under_mag": 0.0, "avg_over": 0.0, "avg_under": 0.0}], [[0.05, 0.1], {"acc": 0.9140701869465399, "nll": 0.30719884986836626, "mse": 0.08250668488365946, "N": 3049, "over_prob": 0.0, "under_prob": 0.0, "over_counts": {"0": 981}, "under_counts": {"0": 981}, "avg_over_mag": 0.0, "avg_under_mag": 0.0, "avg_over": 0.0, "avg_under": 0.0}], [[0.1, 0.15000000000000002], {"acc": 0.881013470173188, "nll": 0.385345966410439, "mse": 0.11133423410749493, "N": 6236, "over_prob": 0.0, "under_prob": 0.0, "over_counts": {"0": 2090}, "under_counts": {"0": 2090}, "avg_over_mag": 0.0, "avg_under_mag": 0.0, "avg_over": 0.0, "avg_under": 0.0}], [[0.15000000000000002, 0.2], {"acc": 0.8259030635573845, "nll": 0.4833132974527581, "mse": 0.1511436567301467, "N": 8748, "over_prob": 0.0, "under_prob": 0.0, "over_counts": {"0": 3135}, "under_counts": {"0": 3135}, "avg_over_mag": 0.0, "avg_under_mag": 0.0, "avg_over": 0.0, "avg_under": 0.0}], [[0.2, 0.25], {"acc": 0.7731251692085552, "nll": 0.5502162905884271, "mse": 0.18139081674938154, "N": 11081, "over_prob": 0.0, "under_prob": 0.0, "over_counts": {"0": 4183}, "under_counts": {"0": 4183}, "avg_over_mag": 0.0, "avg_under_mag": 0.0, "avg_over": 0.0, "avg_under": 0.0}], [[0.25, 0.30000000000000004], {"acc": 0.7224738675958188, "nll": 0.6061012896284738, "mse": 0.2068996174014332, "N": 11480, "over_prob": 0.0, "under_prob": 0.0, "over_counts": {"0": 4728}, "under_counts": {"0": 4728}, "avg_over_mag": 0.0, "avg_under_mag": 0.0, "avg_over": 0.0, "avg_under": 0.0}], [[0.30000000000000004, 0.35000000000000003], {"acc": 0.6617197337650657, "nll": 0.6477188244236392, "mse": 0.2268692580747456, "N": 11118, "over_prob": 0.0, "under_prob": 0.0, "over_counts": {"0": 4947}, "under_counts": {"0": 4947}, "avg_over_mag": 0.0, "avg_under_mag": 0.0, "avg_over": 0.0, "avg_under": 0.0}], [[0.35000000000000003, 0.4], {"acc": 0.6033634933123525, "nll": 0.677136676769606, "mse": 0.24144696526092244, "N": 10168, "over_prob": 0.0, "under_prob": 0.0, "over_counts": {"0": 4855}, "under_counts": {"0": 4855}, "avg_over_mag": 0.0, "avg_under_mag": 0.0, "avg_over": 0.0, "avg_under": 0.0}], [[0.4, 0.45], {"acc": 0.5540679711637487, "nll": 0.6994017899219951, "mse": 0.2522949053798402, "N": 8739, "over_prob": 0.0, "under_prob": 0.0004533091568449388, "over_counts": {"0": 4412}, "under_counts": {"0": 4410, "1": 2}, "avg_over_mag": 0.0, "avg_under_mag": 1.0, "avg_over": 0.0, "avg_under": 1.0}], [[0.45, 0.5], {"acc": 0.5099757346993798, "nll": 0.709982831534567, "mse": 0.2578130881328963, "N": 7418, "over_prob": 0.0, "under_prob": 0.0005040322580645018, "over_counts": {"0": 3968}, "under_counts": {"0": 3966, "1": 2}, "avg_over_mag": 0.0, "avg_under_mag": 1.0, "avg_over": 0.0, "avg_under": 1.0}], [[0.5, 0.55], {"acc": 0.5021172638436482, "nll": 0.7161733975232142, "mse": 0.26059831006502887, "N": 6140, "over_prob": 0.0, "under_prob": 0.0017416545718432763, "over_counts": {"0": 3445}, "under_counts": {"0": 3439, "1": 4, "2": 2}, "avg_over_mag": 0.0, "avg_under_mag": 1.3333333333333333, "avg_over": 0.0, "avg_under": 1.3333333333333333}], [[0.55, 0.6000000000000001], {"acc": 0.5361240968975776, "nll": 0.7038087449447886, "mse": 0.2541031516393832, "N": 4706, "over_prob": 0.0, "under_prob": 0.005321035828307896, "over_counts": {"0": 2819}, "under_counts": {"0": 2804, "1": 13, "3": 2}, "avg_over_mag": 0.0, "avg_under_mag": 1.2666666666666666, "avg_over": 0.0, "avg_under": 1.2666666666666666}], [[0.6000000000000001, 0.65], {"acc": 0.5673723536737235, "nll": 0.689815565500932, "mse": 0.24727687376606938, "N": 4015, "over_prob": 0.0, "under_prob": 0.013130898645876132, "over_counts": {"0": 2437}, "under_counts": {"0": 2405, "1": 28, "2": 3, "5": 1}, "avg_over_mag": 0.0, "avg_under_mag": 1.21875, "avg_over": 0.0, "avg_under": 1.21875}], [[0.65, 0.7000000000000001], {"acc": 0.6275908936459396, "nll": 0.6669776504562669, "mse": 0.2353158591366209, "N": 2943, "over_prob": 0.0, "under_prob": 0.0328738069989396, "over_counts": {"0": 1886}, "under_counts": {"0": 1824, "1": 56, "4": 2, "3": 1, "2": 1, "5": 1, "7": 1}, "avg_over_mag": 0.0, "avg_under_mag": 1.3064516129032258, "avg_over": 0.0, "avg_under": 1.3064516129032258}], [[0.7000000000000001, 0.75], {"acc": 0.6829736211031175, "nll": 0.6305967270607077, "mse": 0.21790954483376576, "N": 2085, "over_prob": 0.0, "under_prob": 0.08048433048433046, "over_counts": {"0": 1404}, "under_counts": {"0": 1291, "1": 101, "2": 7, "3": 4, "4": 1}, "avg_over_mag": 0.0, "avg_under_mag": 1.1592920353982301, "avg_over": 0.0, "avg_under": 1.1592920353982301}], [[0.75, 0.8], {"acc": 0.7732518669382213, "nll": 0.5697653872502535, "mse": 0.18774447253934717, "N": 1473, "over_prob": 0.0, "under_prob": 0.17360406091370562, "over_counts": {"0": 985}, "under_counts": {"0": 814, "1": 146, "2": 18, "4": 4, "3": 3}, "avg_over_mag": 0.0, "avg_under_mag": 1.2105263157894737, "avg_over": 0.0, "avg_under": 1.2105263157894737}], [[0.8, 0.8500000000000001], {"acc": 0.813953488372093, "nll": 0.5135354243547701, "mse": 0.16114275916824322, "N": 903, "over_prob": 0.0, "under_prob": 0.36463223787167454, "over_counts": {"0": 639}, "under_counts": {"0": 406, "1": 192, "2": 29, "3": 9, "4": 3}, "avg_over_mag": 0.0, "avg_under_mag": 1.240343347639485, "avg_over": 0.0, "avg_under": 1.240343347639485}], [[0.8500000000000001, 0.9], {"acc": 0.8980667838312829, "nll": 0.35472121928400613, "mse": 0.09846273267477682, "N": 569, "over_prob": 0.4919786096256684, "under_prob": 0.0, "over_counts": {"0": 190, "1": 142, "2": 32, "3": 7, "4": 2, "8": 1}, "under_counts": {"0": 374}, "avg_over_mag": 1.3206521739130435, "avg_under_mag": 0.0, "avg_over": 1.3206521739130435, "avg_under": 0.0}], [[0.9, 0.9500000000000001], {"acc": 0.8828125, "nll": 0.40493587737362374, "mse": 0.10854929447208733, "N": 256, "over_prob": 0.11702127659574468, "under_prob": 0.0, "over_counts": {"0": 166, "1": 21, "2": 1}, "under_counts": {"0": 188}, "avg_over_mag": 1.0454545454545454, "avg_under_mag": 0.0, "avg_over": 1.0454545454545454, "avg_under": 0.0}], [[0.9500000000000001, 1.0], {"acc": 0.9387755102040817, "nll": 0.2833692406535901, "mse": 0.0613572823023227, "N": 49, "over_prob": 0.0, "under_prob": 0.0, "over_counts": {"0": 41}, "under_counts": {"0": 41}, "avg_over_mag": 0.0, "avg_under_mag": 0.0, "avg_over": 0.0, "avg_under": 0.0}]]}