{"auc": 0.6467106069644242, "over_prob": 0.413472424389455, "under_prob": 0.03633619063022264, "over_counts": {"0": 21759, "1": 5918, "2": 2997, "3": 1875, "4": 1202, "5": 863, "6": 642, "7": 398, "8": 271, "9": 230, "10": 162, "11": 147, "12": 110, "13": 84, "15": 68, "14": 59, "16": 42, "17": 29, "21": 29, "19": 23, "18": 22, "22": 19, "24": 16, "20": 13, "29": 11, "26": 9, "25": 8, "23": 7, "39": 7, "28": 6, "31": 6, "54": 5, "27": 5, "37": 4, "34": 4, "30": 4, "33": 4, "47": 4, "32": 3, "44": 3, "38": 3, "55": 3, "42": 3, "46": 2, "35": 2, "51": 2, "49": 2, "111": 1, "90": 1, "40": 1, "43": 1, "45": 1, "57": 1, "58": 1, "64": 1, "60": 1, "50": 1, "48": 1, "36": 1, "79": 1}, "under_counts": {"0": 35750, "1": 636, "2": 284, "3": 184, "4": 75, "5": 55, "6": 31, "7": 20, "9": 13, "8": 11, "11": 7, "10": 5, "15": 4, "23": 3, "13": 3, "19": 2, "16": 2, "12": 2, "38": 2, "46": 2, "24": 1, "32": 1, "17": 1, "22": 1, "27": 1, "28": 1, "45": 1}, "avg_over_mag": 3.4647630223613013, "avg_under_mag": 2.6810089020771515, "avg_over": 3.4647630223613013, "avg_under": 2.6810089020771515, "acc": 0.7028466697578304, "nll": 0.585759777546387, "mse": 0.19964815978201467, "metrics_by_prob": [[[0.0, 0.05], {"acc": 0.6647465437788018, "nll": 0.5597318184992066, "mse": 0.19358204371049623, "N": 868, "over_prob": 0.0, "under_prob": 0.002915451895043719, "over_counts": {"0": 343}, "under_counts": {"0": 342, "1": 1}, "avg_over_mag": 0.0, "avg_under_mag": 1.0, "avg_over": 0.0, "avg_under": 1.0}], [[0.05, 0.1], {"acc": 0.486404833836858, "nll": 0.7514869057827077, "mse": 0.2763693934190848, "N": 1324, "over_prob": 0.0, "under_prob": 0.011378002528445008, "over_counts": {"0": 791}, "under_counts": {"0": 782, "1": 9}, "avg_over_mag": 0.0, "avg_under_mag": 1.0, "avg_over": 0.0, "avg_under": 1.0}], [[0.1, 0.15000000000000002], {"acc": 0.4202597402597403, "nll": 0.777772193905169, "mse": 0.28945618829549163, "N": 1925, "over_prob": 0.0, "under_prob": 0.003361344537815114, "over_counts": {"0": 1190}, "under_counts": {"0": 1186, "1": 4}, "avg_over_mag": 0.0, "avg_under_mag": 1.0, "avg_over": 0.0, "avg_under": 1.0}], [[0.15000000000000002, 0.2], {"acc": 0.3893877551020408, "nll": 0.8007778002034949, "mse": 0.299714410031511, "N": 2450, "over_prob": 0.0, "under_prob": 0.003618817852834688, "over_counts": {"0": 1658}, "under_counts": {"0": 1652, "1": 6}, "avg_over_mag": 0.0, "avg_under_mag": 1.0, "avg_over": 0.0, "avg_under": 1.0}], [[0.2, 0.25], {"acc": 0.3851063829787234, "nll": 0.8161946930482138, "mse": 0.3065499664631384, "N": 3290, "over_prob": 0.0, "under_prob": 0.007582515611061602, "over_counts": {"0": 2242}, "under_counts": {"0": 2225, "1": 17}, "avg_over_mag": 0.0, "avg_under_mag": 1.0, "avg_over": 0.0, "avg_under": 1.0}], [[0.25, 0.30000000000000004], {"acc": 0.39454378725355344, "nll": 0.8088260689846815, "mse": 0.3033306563828876, "N": 4362, "over_prob": 0.0, "under_prob": 0.004105371193978802, "over_counts": {"0": 2923}, "under_counts": {"0": 2911, "1": 12}, "avg_over_mag": 0.0, "avg_under_mag": 1.0, "avg_over": 0.0, "avg_under": 1.0}], [[0.30000000000000004, 0.35000000000000003], {"acc": 0.4217674418604651, "nll": 0.7971977212908183, "mse": 0.29782412526429625, "N": 5375, "over_prob": 0.0, "under_prob": 0.004749930148086112, "over_counts": {"0": 3579}, "under_counts": {"0": 3562, "1": 17}, "avg_over_mag": 0.0, "avg_under_mag": 1.0, "avg_over": 0.0, "avg_under": 1.0}], [[0.35000000000000003, 0.4], {"acc": 0.4218726814067369, "nll": 0.8058714972556978, "mse": 0.3012279963309457, "N": 6739, "over_prob": 0.0, "under_prob": 0.006604418127989065, "over_counts": {"0": 4391}, "under_counts": {"0": 4362, "1": 29}, "avg_over_mag": 0.0, "avg_under_mag": 1.0, "avg_over": 0.0, "avg_under": 1.0}], [[0.4, 0.45], {"acc": 0.444590555887627, "nll": 0.7863112728424649, "mse": 0.29227635229905985, "N": 8365, "over_prob": 0.0, "under_prob": 0.0062053403535163865, "over_counts": {"0": 5318}, "under_counts": {"0": 5285, "1": 32, "2": 1}, "avg_over_mag": 0.0, "avg_under_mag": 1.0303030303030303, "avg_over": 0.0, "avg_under": 1.0303030303030303}], [[0.45, 0.5], {"acc": 0.4808036602347324, "nll": 0.7675041710553989, "mse": 0.2834136122225856, "N": 10054, "over_prob": 0.0, "under_prob": 0.0068701070458540014, "over_counts": {"0": 6259}, "under_counts": {"0": 6216, "1": 39, "2": 4}, "avg_over_mag": 0.0, "avg_under_mag": 1.0930232558139534, "avg_over": 0.0, "avg_under": 1.0930232558139534}], [[0.5, 0.55], {"acc": 0.5237906423473434, "nll": 0.7403355610726956, "mse": 0.2704810880636122, "N": 12610, "over_prob": 0.0, "under_prob": 0.006028131279303461, "over_counts": {"0": 7465}, "under_counts": {"0": 7420, "1": 43, "3": 1, "2": 1}, "avg_over_mag": 0.0, "avg_under_mag": 1.0666666666666667, "avg_over": 0.0, "avg_under": 1.0666666666666667}], [[0.55, 0.6000000000000001], {"acc": 0.5581546458739441, "nll": 0.7205959642804506, "mse": 0.2608862570240466, "N": 15390, "over_prob": 0.0, "under_prob": 0.008286979225791802, "over_counts": {"0": 8809}, "under_counts": {"0": 8736, "1": 67, "2": 5, "3": 1}, "avg_over_mag": 0.0, "avg_under_mag": 1.095890410958904, "avg_over": 0.0, "avg_under": 1.095890410958904}], [[0.6000000000000001, 0.65], {"acc": 0.6150013252054068, "nll": 0.6859163468833814, "mse": 0.24431613632192759, "N": 18865, "over_prob": 0.0, "under_prob": 0.012383900928792602, "over_counts": {"0": 10336}, "under_counts": {"0": 10208, "1": 116, "2": 7, "4": 3, "3": 2}, "avg_over_mag": 0.0, "avg_under_mag": 1.15625, "avg_over": 0.0, "avg_under": 1.15625}], [[0.65, 0.7000000000000001], {"acc": 0.6639089516305537, "nll": 0.6473515031634787, "mse": 0.22636960047659524, "N": 22845, "over_prob": 0.0, "under_prob": 0.016247648366683798, "over_counts": {"0": 11694}, "under_counts": {"0": 11504, "1": 152, "2": 26, "3": 10, "4": 2}, "avg_over_mag": 0.0, "avg_under_mag": 1.2736842105263158, "avg_over": 0.0, "avg_under": 1.2736842105263158}], [[0.7000000000000001, 0.75], {"acc": 0.7133420918181155, "nll": 0.6066610584276367, "mse": 0.20737150516216374, "N": 27402, "over_prob": 0.0, "under_prob": 0.023387829246139913, "over_counts": {"0": 13212}, "under_counts": {"0": 12903, "1": 239, "2": 52, "3": 10, "8": 3, "4": 3, "6": 2}, "avg_over_mag": 0.0, "avg_under_mag": 1.3624595469255663, "avg_over": 0.0, "avg_under": 1.3624595469255663}], [[0.75, 0.8], {"acc": 0.7675366286123122, "nll": 0.5559077512796323, "mse": 0.18410984762974997, "N": 32147, "over_prob": 0.0, "under_prob": 0.037280853717691076, "over_counts": {"0": 14431}, "under_counts": {"0": 13893, "1": 396, "2": 99, "3": 22, "4": 8, "5": 5, "6": 3, "14": 2, "9": 1, "8": 1, "12": 1}, "avg_over_mag": 0.0, "avg_under_mag": 1.4721189591078068, "avg_over": 0.0, "avg_under": 1.4721189591078068}], [[0.8, 0.8500000000000001], {"acc": 0.8189007291082445, "nll": 0.4968937195859997, "mse": 0.1578088797839407, "N": 35660, "over_prob": 0.0, "under_prob": 0.05756123894999665, "over_counts": {"0": 14819}, "under_counts": {"0": 13966, "1": 535, "2": 160, "3": 68, "4": 34, "5": 18, "7": 9, "8": 7, "6": 5, "12": 2, "9": 2, "13": 2, "16": 2, "18": 2, "22": 1, "19": 1, "11": 1, "30": 1, "24": 1, "14": 1, "17": 1}, "avg_over_mag": 0.0, "avg_under_mag": 2.0011723329425557, "avg_over": 0.0, "avg_under": 2.0011723329425557}], [[0.8500000000000001, 0.9], {"acc": 0.8694143040485358, "nll": 0.43355038653465056, "mse": 0.1300824445569586, "N": 34284, "over_prob": 0.9395454879752887, "under_prob": 0.0, "over_counts": {"1": 6371, "2": 2763, "3": 1402, "0": 822, "4": 784, "5": 459, "6": 299, "7": 178, "8": 146, "9": 86, "10": 73, "11": 39, "12": 36, "14": 25, "13": 23, "15": 15, "16": 15, "18": 11, "17": 6, "23": 5, "30": 5, "19": 5, "20": 5, "25": 4, "24": 3, "21": 2, "26": 2, "22": 2, "33": 2, "31": 1, "29": 1, "36": 1, "71": 1, "38": 1, "35": 1, "28": 1, "34": 1, "48": 1}, "under_counts": {"0": 13597}, "avg_over_mag": 2.403679060665362, "avg_under_mag": 0.0, "avg_over": 2.403679060665362, "avg_under": 0.0}], [[0.9, 0.9500000000000001], {"acc": 0.9180045389594015,