{"over_prob": 0.2710355538299406, "under_prob": 0.2840978423650785, "over_counts": {"0": 26285, "1": 5308, "2": 2124, "3": 974, "4": 486, "5": 321, "6": 188, "7": 115, "8": 62, "9": 50, "10": 36, "11": 29, "12": 19, "15": 15, "14": 13, "16": 9, "13": 7, "19": 5, "17": 5, "18": 2, "24": 1, "21": 1, "25": 1, "27": 1, "22": 1}, "under_counts": {"0": 25814, "1": 6061, "2": 2157, "3": 908, "4": 428, "5": 232, "6": 145, "7": 95, "8": 61, "9": 52, "10": 24, "11": 22, "12": 12, "14": 7, "16": 6, "15": 6, "17": 3, "20": 3, "13": 3, "22": 3, "26": 2, "25": 2, "23": 2, "27": 2, "18": 2, "21": 1, "37": 1, "39": 1, "19": 1, "31": 1, "28": 1}, "avg_over_mag": 2.1272894709915073, "avg_under_mag": 1.9524599765716517, "avg_over": 2.1272894709915073, "avg_under": 1.9524599765716517, "acc": 0.7235342859032362, "auc": 0.6986735767218711, "nll": 0.5657244200219216, "mse": 0.18859113803126318, "metrics_by_prob": [[[0.0, 0.05], {"acc": 0.9380022962112514, "nll": 0.22550682860974428, "mse": 0.06101639727785023, "N": 871, "over_prob": 0.0, "under_prob": 0.0, "over_counts": {"0": 311}, "under_counts": {"0": 311}, "avg_over_mag": 0.0, "avg_under_mag": 0.0, "avg_over": 0.0, "avg_under": 0.0}], [[0.05, 0.1], {"acc": 0.8340016038492382, "nll": 0.4068013361137748, "mse": 0.12291775288664764, "N": 1247, "over_prob": 0.0, "under_prob": 0.0051948051948051965, "over_counts": {"0": 770}, "under_counts": {"0": 766, "1": 4}, "avg_over_mag": 0.0, "avg_under_mag": 1.0, "avg_over": 0.0, "avg_under": 1.0}], [[0.1, 0.15000000000000002], {"acc": 0.7559456398640997, "nll": 0.52359946134988, "mse": 0.1684912307334189, "N": 1766, "over_prob": 0.0, "under_prob": 0.003478260869565264, "over_counts": {"0": 1150}, "under_counts": {"0": 1146, "1": 4}, "avg_over_mag": 0.0, "avg_under_mag": 1.0, "avg_over": 0.0, "avg_under": 1.0}], [[0.15000000000000002, 0.2], {"acc": 0.6860053144375554, "nll": 0.605338114939999, "mse": 0.20437585150938437, "N": 2258, "over_prob": 0.0, "under_prob": 0.005607476635513975, "over_counts": {"0": 1605}, "under_counts": {"0": 1596, "1": 9}, "avg_over_mag": 0.0, "avg_under_mag": 1.0, "avg_over": 0.0, "avg_under": 1.0}], [[0.2, 0.25], {"acc": 0.6233243967828418, "nll": 0.6570492232757471, "mse": 0.22853231524109016, "N": 2984, "over_prob": 0.0, "under_prob": 0.007684918347742542, "over_counts": {"0": 2082}, "under_counts": {"0": 2066, "1": 16}, "avg_over_mag": 0.0, "avg_under_mag": 1.0, "avg_over": 0.0, "avg_under": 1.0}], [[0.25, 0.30000000000000004], {"acc": 0.5854033290653009, "nll": 0.6983371336706843, "mse": 0.24802876378505007, "N": 3905, "over_prob": 0.0, "under_prob": 0.006751687921980443, "over_counts": {"0": 2666}, "under_counts": {"0": 2648, "1": 18}, "avg_over_mag": 0.0, "avg_under_mag": 1.0, "avg_over": 0.0, "avg_under": 1.0}], [[0.30000000000000004, 0.35000000000000003], {"acc": 0.5402020202020202, "nll": 0.7174179887517398, "mse": 0.2580916053308599, "N": 4950, "over_prob": 0.0, "under_prob": 0.012030075187969946, "over_counts": {"0": 3325}, "under_counts": {"0": 3285, "1": 39, "2": 1}, "avg_over_mag": 0.0, "avg_under_mag": 1.025, "avg_over": 0.0, "avg_under": 1.025}], [[0.35000000000000003, 0.4], {"acc": 0.4926691102965678, "nll": 0.7560253732041172, "mse": 0.2747647027045436, "N": 6002, "over_prob": 0.0, "under_prob": 0.013823747222907912, "over_counts": {"0": 4051}, "under_counts": {"0": 3995, "1": 54, "2": 2}, "avg_over_mag": 0.0, "avg_under_mag": 1.0357142857142858, "avg_over": 0.0, "avg_under": 1.0357142857142858}], [[0.4, 0.45], {"acc": 0.4824337057477453, "nll": 0.7565954026725769, "mse": 0.2764410122298912, "N": 7429, "over_prob": 0.0, "under_prob": 0.017659137577002104, "over_counts": {"0": 4870}, "under_counts": {"0": 4784, "1": 84, "2": 2}, "avg_over_mag": 0.0, "avg_under_mag": 1.0232558139534884, "avg_over": 0.0, "avg_under": 1.0232558139534884}], [[0.45, 0.5], {"acc": 0.49626986701265, "nll": 0.7504999553314253, "mse": 0.27309187074873326, "N": 9249, "over_prob": 0.0, "under_prob": 0.025290498974709474, "over_counts": {"0": 5852}, "under_counts": {"0": 5704, "1": 139, "2": 8, "5": 1}, "avg_over_mag": 0.0, "avg_under_mag": 1.0810810810810811, "avg_over": 0.0, "avg_under": 1.0810810810810811}], [[0.5, 0.55], {"acc": 0.5104220499569336, "nll": 0.7510466355361082, "mse": 0.27285876998587316, "N": 11610, "over_prob": 0.0, "under_prob": 0.03301161001538677, "over_counts": {"0": 7149}, "under_counts": {"0": 6913, "1": 219, "2": 16, "4": 1}, "avg_over_mag": 0.0, "avg_under_mag": 1.0805084745762712, "avg_over": 0.0, "avg_under": 1.0805084745762712}], [[0.55, 0.6000000000000001], {"acc": 0.5564194158436646, "nll": 0.7258862370444675, "mse": 0.2605083120455396, "N": 14277, "over_prob": 0.0, "under_prob": 0.04404918228482746, "over_counts": {"0": 8377}, "under_counts": {"0": 8008, "1": 333, "2": 33, "3": 3}, "avg_over_mag": 0.0, "avg_under_mag": 1.1056910569105691, "avg_over": 0.0, "avg_under": 1.1056910569105691}], [[0.6000000000000001, 0.65], {"acc": 0.6077210460772104, "nll": 0.6970049234501686, "mse": 0.24649052156972218, "N": 17666, "over_prob": 0.0, "under_prob": 0.07167547783651895, "over_counts": {"0": 9836}, "under_counts": {"0": 9131, "1": 642, "2": 54, "3": 7, "5": 1, "6": 1}, "avg_over_mag": 0.0, "avg_under_mag": 1.1092198581560284, "avg_over": 0.0, "avg_under": 1.1092198581560284}], [[0.65, 0.7000000000000001], {"acc": 0.6559063997744573, "nll": 0.6677831729361234, "mse": 0.23167525070130085, "N": 21282, "over_prob": 0.0, "under_prob": 0.1047330421606204, "over_counts": {"0": 11219}, "under_counts": {"0": 10044, "1": 1052, "2": 99, "3": 16, "4": 7, "5": 1}, "avg_over_mag": 0.0, "avg_under_mag": 1.1327659574468085, "avg_over": 0.0, "avg_under": 1.1327659574468085}], [[0.7000000000000001, 0.75], {"acc": 0.7121433515342613, "nll": 0.6222240813894284, "mse": 0.21036265239218868, "N": 26006, "over_prob": 0.0, "under_prob": 0.16340181557572864, "over_counts": {"0": 12558}, "under_counts": {"0": 10506, "1": 1722, "2": 246, "3": 56, "4": 16, "5": 6, "7": 3, "6": 2, "12": 1}, "avg_over_mag": 0.0, "avg_under_mag": 1.2285575048732944, "avg_over": 0.0, "avg_under": 1.2285575048732944}], [[0.75, 0.8], {"acc": 0.7646423309870682, "nll": 0.5704617590244754, "mse": 0.18649090534168744, "N": 30545, "over_prob": 0.0, "under_prob": 0.2627295642779979, "over_counts": {"0": 13885}, "under_counts": {"0": 10237, "1": 2899, "2": 519, "3": 131, "4": 53, "5": 19, "6": 11, "7": 5, "9": 3, "8": 3, "13": 2, "10": 1, "16": 1, "12": 1}, "avg_over_mag": 0.0, "avg_under_mag": 1.3303179824561404, "avg_over": 0.0, "avg_under": 1.3303179824561404}], [[0.8, 0.8500000000000001], {"acc": 0.8193309880150259, "nll": 0.5030253223237159, "mse": 0.15637523651313298, "N": 33542, "over_prob": 0.0, "under_prob": 0.42738243861839365, "over_counts": {"0": 14418}, "under_counts": {"0": 8256, "1": 4383, "2": 1076, "3": 382, "4": 144, "5": 76, "6": 38, "7": 26, "8": 12, "9": 10, "11": 3, "17": 2, "15": 2, "16": 2, "14": 2, "22": 1, "10": 1, "12": 1, "19": 1}, "avg_over_mag": 0.0, "avg_under_mag": 1.5340798442064265, "avg_over": 0.0, "avg_under": 1.5340798442064265}], [[0.8500000000000001, 0.9], {"acc": 0.875034448969593, "nll": 0.40425599316509025, "mse": 0.11624363824918975, "N": 32657, "over_prob": 0.6390735898393725, "under_prob": 0.0, "over_counts": {"1": 5134, "0": 4831, "2": 1830, "3": 731, "4": 364, "5": 174, "6": 124, "7": 57, "8": 38, "9": 32, "10": 23, "11": 12, "12": 9, "14": 8, "13": 6, "15": 3, "17": 2, "19": 2, "22": 2, "16": 2, "18": 1}, "under_counts": {"0": 13385}, "avg_over_mag": 1.8610007014262333, "avg_under_mag": 0.0, "avg_over": 1.8610007014262333, "avg_under": 0.0}], [[0.9, 0.9500000000000001], {"acc": 0.9209683785798869, "nll": 0.29780705669112983, "mse": 0.07724636042052196, "N": 22801, "over_prob": 0.3576462691576239, "under_prob": 0.0, "over_counts": {"0": 5742, "1": 2328, "2": 561, "3": 184, "4": 54, "5": 32, "6": 17, "7": 9, "8": 5, "12": 2, "10": 2, "9": 2, "11": 1}, "under_counts": {"0": 8939}, "avg_over_mag": 1.4563653425086018, "avg_under_mag": 0.0,