{"over_prob": 0.3682678311499272, "under_prob": 0.34592161302496094, "over_counts": {"0": 23436, "1": 6564, "2": 2888, "3": 1477, "4": 800, "5": 543, "6": 342, "7": 245, "8": 163, "9": 124, "10": 76, "11": 67, "12": 64, "13": 51, "14": 45, "16": 27, "18": 27, "15": 25, "17": 22, "19": 17, "22": 12, "21": 11, "20": 10, "25": 6, "27": 6, "24": 6, "23": 5, "29": 4, "28": 3, "26": 3, "30": 2, "42": 2, "34": 2, "44": 2, "32": 2, "45": 2, "37": 2, "31": 2, "47": 1, "60": 1, "55": 1, "48": 1, "33": 1, "75": 1, "53": 1, "43": 1, "39": 1, "51": 1, "49": 1, "77": 1, "62": 1}, "under_counts": {"0": 24265, "1": 7863, "2": 2790, "3": 1103, "4": 480, "5": 242, "6": 145, "7": 87, "8": 48, "9": 28, "10": 13, "11": 11, "12": 6, "16": 5, "13": 5, "14": 3, "17": 2, "18": 1, "15": 1}, "avg_over_mag": 2.726321182842922, "avg_under_mag": 1.7590586768487493, "avg_over": 2.726321182842922, "avg_under": 1.7590586768487493, "acc": 0.7915837589768492, "auc": 0.678483752298574, "nll": 0.49594694948667506, "mse": 0.15621012155063194, "metrics_by_prob": [[[0.0, 0.05], {"acc": 0.9285714285714286, "nll": 0.25908581655972884, "mse": 0.05963151333499497, "N": 140, "over_prob": 0.0, "under_prob": 0.012987012987012991, "over_counts": {"0": 77}, "under_counts": {"0": 76, "1": 1}, "avg_over_mag": 0.0, "avg_under_mag": 1.0, "avg_over": 0.0, "avg_under": 1.0}], [[0.05, 0.1], {"acc": 0.9046321525885559, "nll": 0.3214342355409314, "mse": 0.0876043648938173, "N": 367, "over_prob": 0.0, "under_prob": 0.0, "over_counts": {"0": 299}, "under_counts": {"0": 299}, "avg_over_mag": 0.0, "avg_under_mag": 0.0, "avg_over": 0.0, "avg_under": 0.0}], [[0.1, 0.15000000000000002], {"acc": 0.8502994011976048, "nll": 0.44020651749718503, "mse": 0.13111662620851486, "N": 501, "over_prob": 0.0, "under_prob": 0.0, "over_counts": {"0": 393}, "under_counts": {"0": 393}, "avg_over_mag": 0.0, "avg_under_mag": 0.0, "avg_over": 0.0, "avg_under": 0.0}], [[0.15000000000000002, 0.2], {"acc": 0.8014492753623188, "nll": 0.49053402329436707, "mse": 0.15521902389407186, "N": 690, "over_prob": 0.0, "under_prob": 0.0, "over_counts": {"0": 583}, "under_counts": {"0": 583}, "avg_over_mag": 0.0, "avg_under_mag": 0.0, "avg_over": 0.0, "avg_under": 0.0}], [[0.2, 0.25], {"acc": 0.7246963562753036, "nll": 0.5932305612134939, "mse": 0.19764437358800582, "N": 988, "over_prob": 0.0, "under_prob": 0.0035419126328217754, "over_counts": {"0": 847}, "under_counts": {"0": 844, "1": 3}, "avg_over_mag": 0.0, "avg_under_mag": 1.0, "avg_over": 0.0, "avg_under": 1.0}], [[0.25, 0.30000000000000004], {"acc": 0.6416988416988417, "nll": 0.6590141564657674, "mse": 0.23012083127224053, "N": 1295, "over_prob": 0.0, "under_prob": 0.001779359430605032, "over_counts": {"0": 1124}, "under_counts": {"0": 1122, "1": 2}, "avg_over_mag": 0.0, "avg_under_mag": 1.0, "avg_over": 0.0, "avg_under": 1.0}], [[0.30000000000000004, 0.35000000000000003], {"acc": 0.5531286894923259, "nll": 0.718964403645336, "mse": 0.2576182674831803, "N": 1694, "over_prob": 0.0, "under_prob": 0.003403675970047648, "over_counts": {"0": 1469}, "under_counts": {"0": 1464, "1": 5}, "avg_over_mag": 0.0, "avg_under_mag": 1.0, "avg_over": 0.0, "avg_under": 1.0}], [[0.35000000000000003, 0.4], {"acc": 0.5190941385435168, "nll": 0.7455370190970293, "mse": 0.26943311296914396, "N": 2252, "over_prob": 0.0, "under_prob": 0.005130836326321164, "over_counts": {"0": 1949}, "under_counts": {"0": 1939, "1": 9, "2": 1}, "avg_over_mag": 0.0, "avg_under_mag": 1.1, "avg_over": 0.0, "avg_under": 1.1}], [[0.4, 0.45], {"acc": 0.5030595813204509, "nll": 0.7518142202390362, "mse": 0.2741799051724832, "N": 3105, "over_prob": 0.0, "under_prob": 0.00798479087452475, "over_counts": {"0": 2630}, "under_counts": {"0": 2609, "1": 21}, "avg_over_mag": 0.0, "avg_under_mag": 1.0, "avg_over": 0.0, "avg_under": 1.0}], [[0.45, 0.5], {"acc": 0.5022368730868848, "nll": 0.7423247410857375, "mse": 0.27064933073305, "N": 4247, "over_prob": 0.0, "under_prob": 0.012320916905444124, "over_counts": {"0": 3490}, "under_counts": {"0": 3447, "1": 41, "2": 2}, "avg_over_mag": 0.0, "avg_under_mag": 1.0465116279069768, "avg_over": 0.0, "avg_under": 1.0465116279069768}], [[0.5, 0.55], {"acc": 0.5209062135598868, "nll": 0.7438811262154849, "mse": 0.2700187603067328, "N": 6003, "over_prob": 0.0, "under_prob": 0.018239660657476175, "over_counts": {"0": 4715}, "under_counts": {"0": 4629, "1": 83, "2": 2, "3": 1}, "avg_over_mag": 0.0, "avg_under_mag": 1.0465116279069768, "avg_over": 0.0, "avg_under": 1.0465116279069768}], [[0.55, 0.6000000000000001], {"acc": 0.5525310410697231, "nll": 0.7351927702780464, "mse": 0.2635375404400958, "N": 8376, "over_prob": 0.0, "under_prob": 0.03532697995399281, "over_counts": {"0": 6086}, "under_counts": {"0": 5871, "1": 208, "2": 7}, "avg_over_mag": 0.0, "avg_under_mag": 1.0325581395348837, "avg_over": 0.0, "avg_under": 1.0325581395348837}], [[0.6000000000000001, 0.65], {"acc": 0.6053865166624052, "nll": 0.7002308630431295, "mse": 0.2483307919712315, "N": 11733, "over_prob": 0.0, "under_prob": 0.052427911621520384, "over_counts": {"0": 8011}, "under_counts": {"0": 7591, "1": 403, "2": 16, "3": 1}, "avg_over_mag": 0.0, "avg_under_mag": 1.042857142857143, "avg_over": 0.0, "avg_under": 1.042857142857143}], [[0.65, 0.7000000000000001], {"acc": 0.6588214157384118, "nll": 0.6656122119101326, "mse": 0.23058833971722098, "N": 16698, "over_prob": 0.0, "under_prob": 0.0881808438078534, "over_counts": {"0": 10263}, "under_counts": {"0": 9358, "1": 846, "2": 54, "3": 5}, "avg_over_mag": 0.0, "avg_under_mag": 1.0707182320441988, "avg_over": 0.0, "avg_under": 1.0707182320441988}], [[0.7000000000000001, 0.75], {"acc": 0.7191850594227505, "nll": 0.6191734791882927, "mse": 0.20690705997584746, "N": 23560, "over_prob": 0.0, "under_prob": 0.1550242225347711, "over_counts": {"0": 12798}, "under_counts": {"0": 10814, "1": 1787, "2": 168, "3": 22, "4": 6, "5": 1}, "avg_over_mag": 0.0, "avg_under_mag": 1.1179435483870968, "avg_over": 0.0, "avg_under": 1.1179435483870968}], [[0.75, 0.8], {"acc": 0.7697421135412648, "nll": 0.5641224189068157, "mse": 0.18212890439761895, "N": 33697, "over_prob": 0.0, "under_prob": 0.2820628671012716, "over_counts": {"0": 15493}, "under_counts": {"0": 11123, "1": 3690, "2": 549, "3": 86, "4": 28, "5": 11, "6": 5, "7": 1}, "avg_over_mag": 0.0, "avg_under_mag": 1.2013729977116705, "avg_over": 0.0, "avg_under": 1.2013729977116705}], [[0.8, 0.8500000000000001], {"acc": 0.8208173991069712, "nll": 0.4971218145056099, "mse": 0.1523283714381462, "N": 46807, "over_prob": 0.0, "under_prob": 0.4954633095157083, "over_counts": {"0": 17634}, "under_counts": {"0": 8897, "1": 6109, "2": 1649, "3": 537, "4": 210, "5": 110, "6": 61, "7": 22, "8": 16, "9": 12, "10": 3, "12": 3, "16": 2, "11": 2, "15": 1}, "avg_over_mag": 0.0, "avg_under_mag": 1.5221471901110222, "avg_over": 0.0, "avg_under": 1.5221471901110222}], [[0.8500000000000001, 0.9], {"acc": 0.8720862150986204, "nll": 0.41526744320883235, "mse": 0.11764253658031171, "N": 54654, "over_prob": 0.6546815214944857, "under_prob": 0.0, "over_counts": {"1": 6391, "0": 6137, "2": 2401, "3": 1104, "4": 580, "5": 377, "6": 221, "7": 137, "8": 89, "9": 62, "10": 42, "12": 39, "11": 39, "13": 31, "15": 25, "14": 21, "16": 12, "17": 9, "20": 8, "19": 7, "22": 5, "18": 5, "25": 3, "24": 3, "27": 3, "35": 2, "29": 2, "39": 2, "44": 2, "26": 2, "23": 1, "57": 1, "42": 1, "30": 1, "28": 1, "36": 1, "50": 1, "31": 1, "21": 1, "47": 1, "52": 1}, "under_counts": {"0": 17772}, "avg_over_mag": 2.2761495487752472, "avg_under_mag": 0.0, "avg_over": 2.2761495487752472, "avg_under": 0.0}], [[0.9, 0.9500000000000001], {"acc": 0.9230922759630098, "nll": 0.3014039506827879, "mse": 0.07592938599337203, "N": 45093, "over_prob": 0.42502977963073263, "under_prob": 0.0, "over_counts": {"0": 7723, "1": 3704, "2": 1090, "3": 440, "4": 203, "5": 106, "6": 52, "7": 32, "8": 27, "10": 16, "9": 12, "11": 9, "12": 4, "13": 4, "19": 3, "18": 3, "14": 2, "16": 1, "20": 1}, "under_counts": {"0": 13432},