{"over_prob": 0.007096946973754736, "under_prob": 0.01854579539367973, "over_counts": {"0": 14830, "1": 31, "2": 22, "3": 14, "5": 12, "4": 9, "6": 6, "8": 5, "13": 2, "7": 2, "27": 1, "17": 1, "9": 1}, "under_counts": {"0": 14659, "1": 203, "2": 36, "3": 17, "4": 11, "7": 3, "5": 2, "11": 2, "13": 1, "10": 1, "8": 1}, "avg_over_mag": 3.6037735849056602, "avg_under_mag": 1.6389891696750902, "avg_over": 3.6037735849056602, "avg_under": 1.6389891696750902, "acc": 0.5881218999761745, "auc": 0.6136423482626655, "nll": 0.6704827574337656, "mse": 0.23882746433643662, "metrics_by_prob": [[[0.0, 0.05], {"acc": 0.9666666666666667, "nll": 0.17881313793085754, "mse": 0.04196892269916031, "N": 30, "over_prob": 0.0, "under_prob": 0.0, "over_counts": {"0": 6}, "under_counts": {"0": 6}, "avg_over_mag": 0.0, "avg_under_mag": 0.0, "avg_over": 0.0, "avg_under": 0.0}], [[0.05, 0.1], {"acc": 1.0, "nll": 0.1060675929584085, "mse": 0.019494559969216237, "N": 36, "over_prob": 0.0, "under_prob": 0.0, "over_counts": {"0": 9}, "under_counts": {"0": 9}, "avg_over_mag": 0.0, "avg_under_mag": 0.0, "avg_over": 0.0, "avg_under": 0.0}], [[0.1, 0.15000000000000002], {"acc": 0.8860465116279069, "nll": 0.37756964705062596, "mse": 0.10910194417757199, "N": 430, "over_prob": 0.0, "under_prob": 0.0, "over_counts": {"0": 62}, "under_counts": {"0": 62}, "avg_over_mag": 0.0, "avg_under_mag": 0.0, "avg_over": 0.0, "avg_under": 0.0}], [[0.15000000000000002, 0.2], {"acc": 0.8068669527896996, "nll": 0.5183785156579324, "mse": 0.16713573725642517, "N": 233, "over_prob": 0.0, "under_prob": 0.0, "over_counts": {"0": 103}, "under_counts": {"0": 103}, "avg_over_mag": 0.0, "avg_under_mag": 0.0, "avg_over": 0.0, "avg_under": 0.0}], [[0.2, 0.25], {"acc": 0.7613882863340564, "nll": 0.5767717015564408, "mse": 0.1937706299795342, "N": 461, "over_prob": 0.0, "under_prob": 0.0, "over_counts": {"0": 172}, "under_counts": {"0": 172}, "avg_over_mag": 0.0, "avg_under_mag": 0.0, "avg_over": 0.0, "avg_under": 0.0}], [[0.25, 0.30000000000000004], {"acc": 0.7204301075268817, "nll": 0.6029584624058033, "mse": 0.2061636806859582, "N": 2418, "over_prob": 0.0, "under_prob": 0.0, "over_counts": {"0": 503}, "under_counts": {"0": 503}, "avg_over_mag": 0.0, "avg_under_mag": 0.0, "avg_over": 0.0, "avg_under": 0.0}], [[0.30000000000000004, 0.35000000000000003], {"acc": 0.6393266475644699, "nll": 0.6600653670082166, "mse": 0.23333986437615328, "N": 2792, "over_prob": 0.0, "under_prob": 0.0, "over_counts": {"0": 1045}, "under_counts": {"0": 1045}, "avg_over_mag": 0.0, "avg_under_mag": 0.0, "avg_over": 0.0, "avg_under": 0.0}], [[0.35000000000000003, 0.4], {"acc": 0.5903636699280044, "nll": 0.6784167965301449, "mse": 0.24245634350991882, "N": 5417, "over_prob": 0.0, "under_prob": 0.0, "over_counts": {"0": 1938}, "under_counts": {"0": 1938}, "avg_over_mag": 0.0, "avg_under_mag": 0.0, "avg_over": 0.0, "avg_under": 0.0}], [[0.4, 0.45], {"acc": 0.5452596474511672, "nll": 0.6903527393090169, "mse": 0.24852028121146041, "N": 8396, "over_prob": 0.0, "under_prob": 0.0, "over_counts": {"0": 2489}, "under_counts": {"0": 2489}, "avg_over_mag": 0.0, "avg_under_mag": 0.0, "avg_over": 0.0, "avg_under": 0.0}], [[0.45, 0.5], {"acc": 0.503140703517588, "nll": 0.6991535240312232, "mse": 0.2528242927354605, "N": 12736, "over_prob": 0.0, "under_prob": 0.0, "over_counts": {"0": 3419}, "under_counts": {"0": 3419}, "avg_over_mag": 0.0, "avg_under_mag": 0.0, "avg_over": 0.0, "avg_under": 0.0}], [[0.5, 0.55], {"acc": 0.5172392524517363, "nll": 0.6967929330147434, "mse": 0.2516883203454103, "N": 16213, "over_prob": 0.0, "under_prob": 0.0015748031496063408, "over_counts": {"0": 3175}, "under_counts": {"0": 3170, "1": 5}, "avg_over_mag": 0.0, "avg_under_mag": 1.0, "avg_over": 0.0, "avg_under": 1.0}], [[0.55, 0.6000000000000001], {"acc": 0.5702669149596524, "nll": 0.6852955253213407, "mse": 0.2459049272485385, "N": 16110, "over_prob": 0.0, "under_prob": 0.002645502645502673, "over_counts": {"0": 3024}, "under_counts": {"0": 3016, "1": 8}, "avg_over_mag": 0.0, "avg_under_mag": 1.0, "avg_over": 0.0, "avg_under": 1.0}], [[0.6000000000000001, 0.65], {"acc": 0.604843001596594, "nll": 0.6767459476505692, "mse": 0.2415738231308025, "N": 11274, "over_prob": 0.0, "under_prob": 0.004946996466431042, "over_counts": {"0": 2830}, "under_counts": {"0": 2816, "1": 13, "2": 1}, "avg_over_mag": 0.0, "avg_under_mag": 1.0714285714285714, "avg_over": 0.0, "avg_under": 1.0714285714285714}], [[0.65, 0.7000000000000001], {"acc": 0.6642304385210662, "nll": 0.6509873047613199, "mse": 0.22884505161199137, "N": 6978, "over_prob": 0.0, "under_prob": 0.0159924741298213, "over_counts": {"0": 2126}, "under_counts": {"0": 2092, "1": 34}, "avg_over_mag": 0.0, "avg_under_mag": 1.0, "avg_over": 0.0, "avg_under": 1.0}], [[0.7000000000000001, 0.75], {"acc": 0.7044543429844098, "nll": 0.6250539941089989, "mse": 0.21590268621001224, "N": 4490, "over_prob": 0.0, "under_prob": 0.0610743193524651, "over_counts": {"0": 1359}, "under_counts": {"0": 1276, "1": 65, "2": 16, "4": 2}, "avg_over_mag": 0.0, "avg_under_mag": 1.2650602409638554, "avg_over": 0.0, "avg_under": 1.2650602409638554}], [[0.75, 0.8], {"acc": 0.7738095238095238, "nll": 0.5680810854604924, "mse": 0.18877153147340953, "N": 3024, "over_prob": 0.0, "under_prob": 0.1192443919716647, "over_counts": {"0": 847}, "under_counts": {"0": 746, "1": 65, "3": 11, "2": 11, "4": 6, "7": 3, "13": 1, "9": 1, "10": 1, "11": 1, "8": 1}, "avg_over_mag": 0.0, "avg_under_mag": 2.1386138613861387, "avg_over": 0.0, "avg_under": 2.1386138613861387}], [[0.8, 0.8500000000000001], {"acc": 0.805115712545676, "nll": 0.5296303720501169, "mse": 0.17133204136530497, "N": 821, "over_prob": 0.0, "under_prob": 0.17006802721088432, "over_counts": {"0": 294}, "under_counts": {"0": 244, "1": 37, "2": 6, "3": 6, "4": 1}, "avg_over_mag": 0.0, "avg_under_mag": 1.42, "avg_over": 0.0, "avg_under": 1.42}], [[0.8500000000000001, 0.9], {"acc": 0.8596491228070176, "nll": 0.480581484358175, "mse": 0.1489028480959059, "N": 342, "over_prob": 0.9519230769230769, "under_prob": 0.0, "over_counts": {"1": 33, "2": 22, "3": 12, "4": 9, "5": 8, "0": 5, "6": 5, "13": 3, "8": 3, "7": 2, "14": 1, "9": 1}, "under_counts": {"0": 104}, "avg_over_mag": 3.2222222222222223, "avg_under_mag": 0.0, "avg_over": 3.2222222222222223, "avg_under": 0.0}], [[0.9, 0.9500000000000001], {"acc": 0.9017857142857143, "nll": 0.34800264014248217, "mse": 0.09305205129943424, "N": 112, "over_prob": 0.6333333333333333, "under_prob": 0.0, "over_counts": {"0": 11, "1": 6, "3": 4, "2": 3, "4": 3, "6": 1, "13": 1, "8": 1}, "under_counts": {"0": 30}, "avg_over_mag": 3.3157894736842106, "avg_under_mag": 0.0, "avg_over": 3.3157894736842106, "avg_under": 0.0}], [[0.9500000000000001, 1.0], {"acc": 0.96, "nll": 0.17580398542102252, "mse": 0.039603585079018726, "N": 25, "over_prob": 0.0, "under_prob": 0.0, "over_counts": {"0": 3}, "under_counts": {"0": 3}, "avg_over_mag": 0.0, "avg_under_mag": 0.0, "avg_over": 0.0, "avg_under": 0.0}]]}