{"over_prob": 0.34227222739192964, "under_prob": 0.025378563573301705, "over_counts": {"0": 7775, "1": 1294, "2": 971, "3": 808, "4": 287, "5": 189, "6": 133, "7": 80, "8": 65, "9": 48, "11": 30, "10": 29, "13": 18, "12": 16, "15": 12, "14": 11, "20": 7, "25": 7, "22": 6, "19": 6, "17": 5, "16": 4, "18": 3, "26": 2, "21": 2, "30": 2, "62": 1, "23": 1, "41": 1, "27": 1, "37": 1, "40": 1, "34": 1, "33": 1, "38": 1, "42": 1, "24": 1}, "under_counts": {"0": 11521, "1": 225, "2": 58, "3": 13, "4": 2, "6": 1, "7": 1}, "avg_over_mag": 3.1542263964409294, "avg_under_mag": 1.3366666666666667, "avg_over": 3.1542263964409294, "avg_under": 1.3366666666666667, "acc": 0.7592879599698888, "auc": 0.6897800610076212, "nll": 0.5247917669117966, "mse": 0.17288018607025282, "metrics_by_prob": [[[0.0, 0.05], {"acc": 0.9545454545454546, "nll": 0.20588198174095027, "mse": 0.049148515710456746, "N": 110, "over_prob": 0.0, "under_prob": 0.0, "over_counts": {"0": 23}, "under_counts": {"0": 23}, "avg_over_mag": 0.0, "avg_under_mag": 0.0, "avg_over": 0.0, "avg_under": 0.0}], [[0.05, 0.1], {"acc": 0.9481865284974094, "nll": 0.26390996272381195, "mse": 0.06396599799689555, "N": 193, "over_prob": 0.0, "under_prob": 0.0, "over_counts": {"0": 66}, "under_counts": {"0": 66}, "avg_over_mag": 0.0, "avg_under_mag": 0.0, "avg_over": 0.0, "avg_under": 0.0}], [[0.1, 0.15000000000000002], {"acc": 0.8743169398907104, "nll": 0.40345777187523924, "mse": 0.11949511053871918, "N": 183, "over_prob": 0.0, "under_prob": 0.0, "over_counts": {"0": 91}, "under_counts": {"0": 91}, "avg_over_mag": 0.0, "avg_under_mag": 0.0, "avg_over": 0.0, "avg_under": 0.0}], [[0.15000000000000002, 0.2], {"acc": 0.8198198198198198, "nll": 0.48706273085721624, "mse": 0.15364207465388238, "N": 222, "over_prob": 0.0, "under_prob": 0.0, "over_counts": {"0": 116}, "under_counts": {"0": 116}, "avg_over_mag": 0.0, "avg_under_mag": 0.0, "avg_over": 0.0, "avg_under": 0.0}], [[0.2, 0.25], {"acc": 0.6689895470383276, "nll": 0.6319834195449338, "mse": 0.2190774132825758, "N": 287, "over_prob": 0.0, "under_prob": 0.0, "over_counts": {"0": 187}, "under_counts": {"0": 187}, "avg_over_mag": 0.0, "avg_under_mag": 0.0, "avg_over": 0.0, "avg_under": 0.0}], [[0.25, 0.30000000000000004], {"acc": 0.5296703296703297, "nll": 0.7032353771656665, "mse": 0.253372913984257, "N": 455, "over_prob": 0.0, "under_prob": 0.0, "over_counts": {"0": 284}, "under_counts": {"0": 284}, "avg_over_mag": 0.0, "avg_under_mag": 0.0, "avg_over": 0.0, "avg_under": 0.0}], [[0.30000000000000004, 0.35000000000000003], {"acc": 0.44579945799457993, "nll": 0.7564528350854879, "mse": 0.27954545554669663, "N": 738, "over_prob": 0.0, "under_prob": 0.0, "over_counts": {"0": 457}, "under_counts": {"0": 457}, "avg_over_mag": 0.0, "avg_under_mag": 0.0, "avg_over": 0.0, "avg_under": 0.0}], [[0.35000000000000003, 0.4], {"acc": 0.4381188118811881, "nll": 0.7535226437429102, "mse": 0.27881252175864596, "N": 808, "over_prob": 0.0, "under_prob": 0.0, "over_counts": {"0": 531}, "under_counts": {"0": 531}, "avg_over_mag": 0.0, "avg_under_mag": 0.0, "avg_over": 0.0, "avg_under": 0.0}], [[0.4, 0.45], {"acc": 0.4616132167152575, "nll": 0.7628131285478382, "mse": 0.28227422652111567, "N": 1029, "over_prob": 0.0, "under_prob": 0.0, "over_counts": {"0": 723}, "under_counts": {"0": 723}, "avg_over_mag": 0.0, "avg_under_mag": 0.0, "avg_over": 0.0, "avg_under": 0.0}], [[0.45, 0.5], {"acc": 0.4871611982881598, "nll": 0.7616878040865004, "mse": 0.28147434180960623, "N": 1402, "over_prob": 0.0, "under_prob": 0.0, "over_counts": {"0": 1010}, "under_counts": {"0": 1010}, "avg_over_mag": 0.0, "avg_under_mag": 0.0, "avg_over": 0.0, "avg_under": 0.0}], [[0.5, 0.55], {"acc": 0.5535233996772458, "nll": 0.7264477409966825, "mse": 0.2643849413334256, "N": 1859, "over_prob": 0.0, "under_prob": 0.0, "over_counts": {"0": 1357}, "under_counts": {"0": 1357}, "avg_over_mag": 0.0, "avg_under_mag": 0.0, "avg_over": 0.0, "avg_under": 0.0}], [[0.55, 0.6000000000000001], {"acc": 0.5747126436781609, "nll": 0.7250360727097361, "mse": 0.26303501442936333, "N": 2871, "over_prob": 0.0, "under_prob": 0.0, "over_counts": {"0": 2010}, "under_counts": {"0": 2010}, "avg_over_mag": 0.0, "avg_under_mag": 0.0, "avg_over": 0.0, "avg_under": 0.0}], [[0.6000000000000001, 0.65], {"acc": 0.6356137797185832, "nll": 0.6755736752703623, "mse": 0.23966534971834527, "N": 4122, "over_prob": 0.0, "under_prob": 0.00036416605972322547, "over_counts": {"0": 2746}, "under_counts": {"0": 2745, "1": 1}, "avg_over_mag": 0.0, "avg_under_mag": 1.0, "avg_over": 0.0, "avg_under": 1.0}], [[0.65, 0.7000000000000001], {"acc": 0.6726877404248202, "nll": 0.6425082441653821, "mse": 0.2241903725926273, "N": 5979, "over_prob": 0.0, "under_prob": 0.0008158825129180869, "over_counts": {"0": 3677}, "under_counts": {"0": 3674, "1": 3}, "avg_over_mag": 0.0, "avg_under_mag": 1.0, "avg_over": 0.0, "avg_under": 1.0}], [[0.7000000000000001, 0.75], {"acc": 0.7273262661955241, "nll": 0.5883332016728886, "mse": 0.19920397134186066, "N": 8490, "over_prob": 0.0, "under_prob": 0.0027536538868884186, "over_counts": {"0": 4721}, "under_counts": {"0": 4708, "1": 13}, "avg_over_mag": 0.0, "avg_under_mag": 1.0, "avg_over": 0.0, "avg_under": 1.0}], [[0.75, 0.8], {"acc": 0.7779435163086714, "nll": 0.5316896175822385, "mse": 0.1735714670822208, "N": 10056, "over_prob": 0.0, "under_prob": 0.010741791649777066, "over_counts": {"0": 4934}, "under_counts": {"0": 4881, "1": 53}, "avg_over_mag": 0.0, "avg_under_mag": 1.0, "avg_over": 0.0, "avg_under": 1.0}], [[0.8, 0.8500000000000001], {"acc": 0.8189345570630486, "nll": 0.47900386827209657, "mse": 0.15034401673670733, "N": 10024, "over_prob": 0.0, "under_prob": 0.06068181818181817, "over_counts": {"0": 4400}, "under_counts": {"0": 4133, "1": 217, "2": 41, "3": 7, "4": 1, "7": 1}, "avg_over_mag": 0.0, "avg_under_mag": 1.2397003745318351, "avg_over": 0.0, "avg_under": 1.2397003745318351}], [[0.8500000000000001, 0.9], {"acc": 0.8795583468395461, "nll": 0.38711402786708815, "mse": 0.11165710774545365, "N": 9872, "over_prob": 0.8840541948931735, "under_prob": 0.0, "over_counts": {"1": 1686, "2": 758, "0": 445, "3": 393, "4": 194, "5": 119, "6": 53, "7": 44, "8": 32, "9": 28, "11": 14, "10": 14, "13": 12, "14": 7, "12": 7, "15": 7, "17": 4, "19": 3, "18": 3, "21": 2, "16": 2, "20": 2, "30": 2, "33": 1, "34": 1, "25": 1, "23": 1, "22": 1, "28": 1, "24": 1}, "under_counts": {"0": 3838}, "avg_over_mag": 2.406424992631889, "avg_under_mag": 0.0, "avg_over": 2.406424992631889, "avg_under": 0.0}], [[0.9, 0.9500000000000001], {"acc": 0.9153122326775022, "nll": 0.3149410925845686, "mse": 0.08368050083105355, "N": 8183, "over_prob": 0.6936766376372586, "under_prob": 0.0, "over_counts": {"1": 841, "0": 809, "2": 474, "3": 235, "4": 108, "5": 61, "6": 37, "7": 23, "8": 15, "9": 10, "16": 4, "10": 4, "11": 3, "12": 3, "13": 3, "22": 2, "33": 1, "29": 1, "15": 1, "31": 1, "18": 1, "17": 1, "34": 1, "26": 1, "20": 1}, "under_counts": {"0": 2641}, "avg_over_mag": 2.3487991266375547, "avg_under_mag": 0.0, "avg_over": 2.3487991266375547, "avg_under": 0.0}], [[0.9500000000000001, 1.0], {"acc": 0.9653579676674365, "nll": 0.20446968551968123, "mse": 0.044039701309595614, "N": 866, "over_prob": 0.27639751552795033, "under_prob": 0.0, "over_counts": {"0": 233, "1": 37, "2": 20, "3": 10, "6": 4, "5": 4, "7": 3, "8": 3, "4": 2, "23": 1, "10": 1, "17": 1, "14": 1, "11": 1, "15": 1}, "under_counts": {"0": 322}, "avg_over_mag": 3.303370786516854, "avg_under_mag": 0.0, "avg_over": 3.303370786516854, "avg_under": 0.0}]]}