{"over_prob": 0.006489640390569207, "under_prob": 0.024767801857585092, "over_counts": {"0": 16687, "1": 33, "2": 25, "3": 14, "4": 12, "5": 6, "6": 4, "10": 3, "9": 3, "13": 2, "7": 2, "14": 2, "12": 1, "11": 1, "8": 1}, "under_counts": {"0": 16380, "1": 308, "2": 70, "3": 19, "4": 8, "5": 6, "6": 2, "7": 2, "8": 1}, "avg_over_mag": 3.5137614678899083, "avg_under_mag": 1.4447115384615385, "avg_over": 3.5137614678899083, "avg_under": 1.4447115384615385, "acc": 0.5914240755310779, "auc": 0.6171828219969079, "nll": 0.6690705299057146, "mse": 0.23808206133110504, "metrics_by_prob": [[[0.0, 0.05], {"acc": 0.972972972972973, "nll": 0.19348935377312923, "mse": 0.038059225015829645, "N": 37, "over_prob": 0.0, "under_prob": 0.0, "over_counts": {"0": 9}, "under_counts": {"0": 9}, "avg_over_mag": 0.0, "avg_under_mag": 0.0, "avg_over": 0.0, "avg_under": 0.0}], [[0.05, 0.1], {"acc": 0.9661016949152542, "nll": 0.21097604248708424, "mse": 0.04643056170885009, "N": 59, "over_prob": 0.0, "under_prob": 0.0, "over_counts": {"0": 13}, "under_counts": {"0": 13}, "avg_over_mag": 0.0, "avg_under_mag": 0.0, "avg_over": 0.0, "avg_under": 0.0}], [[0.1, 0.15000000000000002], {"acc": 0.8686567164179104, "nll": 0.41889780993457876, "mse": 0.1236536631502601, "N": 335, "over_prob": 0.0, "under_prob": 0.0, "over_counts": {"0": 69}, "under_counts": {"0": 69}, "avg_over_mag": 0.0, "avg_under_mag": 0.0, "avg_over": 0.0, "avg_under": 0.0}], [[0.15000000000000002, 0.2], {"acc": 0.8295454545454546, "nll": 0.4957522484069511, "mse": 0.15719342852654652, "N": 264, "over_prob": 0.0, "under_prob": 0.0, "over_counts": {"0": 111}, "under_counts": {"0": 111}, "avg_over_mag": 0.0, "avg_under_mag": 0.0, "avg_over": 0.0, "avg_under": 0.0}], [[0.2, 0.25], {"acc": 0.7484472049689441, "nll": 0.587873805025192, "mse": 0.19850404030728652, "N": 644, "over_prob": 0.0, "under_prob": 0.0, "over_counts": {"0": 198}, "under_counts": {"0": 198}, "avg_over_mag": 0.0, "avg_under_mag": 0.0, "avg_over": 0.0, "avg_under": 0.0}], [[0.25, 0.30000000000000004], {"acc": 0.7274079583488285, "nll": 0.6003482200111566, "mse": 0.20463349532943004, "N": 2689, "over_prob": 0.0, "under_prob": 0.0, "over_counts": {"0": 554}, "under_counts": {"0": 554}, "avg_over_mag": 0.0, "avg_under_mag": 0.0, "avg_over": 0.0, "avg_under": 0.0}], [[0.30000000000000004, 0.35000000000000003], {"acc": 0.6614294516327788, "nll": 0.6441480307260514, "mse": 0.2259110656394055, "N": 3246, "over_prob": 0.0, "under_prob": 0.0, "over_counts": {"0": 1166}, "under_counts": {"0": 1166}, "avg_over_mag": 0.0, "avg_under_mag": 0.0, "avg_over": 0.0, "avg_under": 0.0}], [[0.35000000000000003, 0.4], {"acc": 0.5898568651705248, "nll": 0.6785635535178324, "mse": 0.24264455201894933, "N": 5659, "over_prob": 0.0, "under_prob": 0.0, "over_counts": {"0": 2089}, "under_counts": {"0": 2089}, "avg_over_mag": 0.0, "avg_under_mag": 0.0, "avg_over": 0.0, "avg_under": 0.0}], [[0.4, 0.45], {"acc": 0.5484049012032233, "nll": 0.6907581996296541, "mse": 0.24868973343121084, "N": 9059, "over_prob": 0.0, "under_prob": 0.0007278020378457262, "over_counts": {"0": 2748}, "under_counts": {"0": 2746, "1": 2}, "avg_over_mag": 0.0, "avg_under_mag": 1.0, "avg_over": 0.0, "avg_under": 1.0}], [[0.45, 0.5], {"acc": 0.5038832837337591, "nll": 0.6984475627044, "mse": 0.252486610629452, "N": 13777, "over_prob": 0.0, "under_prob": 0.0, "over_counts": {"0": 3794}, "under_counts": {"0": 3794}, "avg_over_mag": 0.0, "avg_under_mag": 0.0, "avg_over": 0.0, "avg_under": 0.0}], [[0.5, 0.55], {"acc": 0.5159029944709038, "nll": 0.6979653731529172, "mse": 0.2521766933269571, "N": 18267, "over_prob": 0.0, "under_prob": 0.0016685205784204848, "over_counts": {"0": 3596}, "under_counts": {"0": 3590, "1": 6}, "avg_over_mag": 0.0, "avg_under_mag": 1.0, "avg_over": 0.0, "avg_under": 1.0}], [[0.55, 0.6000000000000001], {"acc": 0.569391052426319, "nll": 0.6876766829977387, "mse": 0.24700063556699817, "N": 17949, "over_prob": 0.0, "under_prob": 0.004156769596199483, "over_counts": {"0": 3368}, "under_counts": {"0": 3354, "1": 14}, "avg_over_mag": 0.0, "avg_under_mag": 1.0, "avg_over": 0.0, "avg_under": 1.0}], [[0.6000000000000001, 0.65], {"acc": 0.6098372133730089, "nll": 0.6757165127621267, "mse": 0.24089451488379482, "N": 11426, "over_prob": 0.0, "under_prob": 0.010184595798854224, "over_counts": {"0": 3142}, "under_counts": {"0": 3110, "1": 31, "2": 1}, "avg_over_mag": 0.0, "avg_under_mag": 1.03125, "avg_over": 0.0, "avg_under": 1.03125}], [[0.65, 0.7000000000000001], {"acc": 0.6682662729174357, "nll": 0.6477966514435254, "mse": 0.22715063622723047, "N": 8127, "over_prob": 0.0, "under_prob": 0.028913672036348648, "over_counts": {"0": 2421}, "under_counts": {"0": 2351, "1": 64, "2": 6}, "avg_over_mag": 0.0, "avg_under_mag": 1.0857142857142856, "avg_over": 0.0, "avg_under": 1.0857142857142856}], [[0.7000000000000001, 0.75], {"acc": 0.7250833642089662, "nll": 0.6080536617337309, "mse": 0.20808015390445597, "N": 5398, "over_prob": 0.0, "under_prob": 0.06894447834045148, "over_counts": {"0": 1639}, "under_counts": {"0": 1526, "1": 95, "2": 14, "3": 3, "6": 1}, "avg_over_mag": 0.0, "avg_under_mag": 1.2212389380530972, "avg_over": 0.0, "avg_under": 1.2212389380530972}], [[0.75, 0.8], {"acc": 0.7720430107526882, "nll": 0.5599731536090415, "mse": 0.1856200966494412, "N": 3255, "over_prob": 0.0, "under_prob": 0.15021929824561409, "over_counts": {"0": 912}, "under_counts": {"0": 775, "1": 94, "2": 23, "3": 12, "4": 4, "5": 3, "6": 1}, "avg_over_mag": 0.0, "avg_under_mag": 1.5547445255474452, "avg_over": 0.0, "avg_under": 1.5547445255474452}], [[0.8, 0.8500000000000001], {"acc": 0.8133616118769883, "nll": 0.5274785231277533, "mse": 0.16983168085853245, "N": 943, "over_prob": 0.0, "under_prob": 0.2429022082018928, "over_counts": {"0": 317}, "under_counts": {"0": 240, "1": 52, "2": 16, "3": 6, "4": 1, "7": 1, "6": 1}, "avg_over_mag": 0.0, "avg_under_mag": 1.5454545454545454, "avg_over": 0.0, "avg_under": 1.5454545454545454}], [[0.8500000000000001, 0.9], {"acc": 0.828978622327791, "nll": 0.5044374757367059, "mse": 0.1611496989669623, "N": 421, "over_prob": 0.9224137931034483, "under_prob": 0.0, "over_counts": {"1": 35, "2": 30, "4": 11, "3": 10, "0": 9, "5": 4, "9": 3, "6": 3, "13": 2, "7": 2, "10": 2, "14": 2, "12": 1, "11": 1, "8": 1}, "under_counts": {"0": 116}, "avg_over_mag": 3.2990654205607477, "avg_under_mag": 0.0, "avg_over": 3.2990654205607477, "avg_under": 0.0}], [[0.9, 0.9500000000000001], {"acc": 0.9134615384615384, "nll": 0.339544051573723, "mse": 0.09001905411351399, "N": 104, "over_prob": 0.4666666666666667, "under_prob": 0.0, "over_counts": {"0": 16, "1": 7, "2": 4, "3": 2, "8": 1}, "under_counts": {"0": 30}, "avg_over_mag": 2.0714285714285716, "avg_under_mag": 0.0, "avg_over": 2.0714285714285716, "avg_under": 0.0}], [[0.9500000000000001, 1.0], {"acc": 0.9047619047619048, "nll": 0.38382251135689044, "mse": 0.0947019985732066, "N": 21, "over_prob": 0.33333333333333337, "under_prob": 0.0, "over_counts": {"0": 2, "1": 1}, "under_counts": {"0": 3}, "avg_over_mag": 1.0, "avg_under_mag": 0.0, "avg_over": 1.0, "avg_under": 0.0}]]}