{"over_prob": 0.5415304120340092, "under_prob": 0.26422498364944413, "over_counts": {"0": 2103, "1": 886, "2": 475, "3": 282, "4": 211, "5": 146, "6": 98, "7": 87, "8": 63, "10": 38, "9": 36, "11": 30, "12": 23, "13": 15, "14": 13, "15": 10, "16": 9, "20": 8, "18": 8, "19": 7, "30": 4, "25": 3, "28": 3, "23": 2, "22": 2, "21": 2, "17": 2, "34": 2, "39": 2, "27": 2, "33": 2, "29": 2, "78": 1, "44": 1, "50": 1, "72": 1, "31": 1, "46": 1, "41": 1, "37": 1, "32": 1, "35": 1, "38": 1}, "under_counts": {"0": 3375, "1": 776, "2": 256, "3": 84, "4": 43, "5": 25, "7": 9, "6": 8, "9": 4, "8": 2, "17": 2, "14": 1, "10": 1, "12": 1}, "avg_over_mag": 3.8840579710144927, "avg_under_mag": 1.7079207920792079, "avg_over": 3.8840579710144927, "avg_under": 1.7079207920792079, "acc": 0.7315237153519824, "auc": 0.5771171482307227, "nll": 0.6046745465418223, "mse": 0.19947893540674685, "metrics_by_prob": [[[0.0, 0.05], {"acc": 0.6, "nll": 0.5886243633832604, "mse": 0.2053320341260946, "N": 5, "over_prob": 0.0, "under_prob": 0.0, "over_counts": {"0": 4}, "under_counts": {"0": 4}, "avg_over_mag": 0.0, "avg_under_mag": 0.0, "avg_over": 0.0, "avg_under": 0.0}], [[0.05, 0.1], {"acc": 0.5, "nll": 1.0486928453280613, "mse": 0.3611123639302704, "N": 10, "over_prob": 0.0, "under_prob": 0.0, "over_counts": {"0": 9}, "under_counts": {"0": 9}, "avg_over_mag": 0.0, "avg_under_mag": 0.0, "avg_over": 0.0, "avg_under": 0.0}], [[0.1, 0.15000000000000002], {"acc": 0.7948717948717948, "nll": 0.4259975200494854, "mse": 0.1356924596446278, "N": 39, "over_prob": 0.0, "under_prob": 0.0, "over_counts": {"0": 32}, "under_counts": {"0": 32}, "avg_over_mag": 0.0, "avg_under_mag": 0.0, "avg_over": 0.0, "avg_under": 0.0}], [[0.15000000000000002, 0.2], {"acc": 0.6578947368421053, "nll": 0.6374919782124698, "mse": 0.22197640957506262, "N": 76, "over_prob": 0.0, "under_prob": 0.0, "over_counts": {"0": 60}, "under_counts": {"0": 60}, "avg_over_mag": 0.0, "avg_under_mag": 0.0, "avg_over": 0.0, "avg_under": 0.0}], [[0.2, 0.25], {"acc": 0.5258620689655172, "nll": 0.8045674655621279, "mse": 0.26979707053119156, "N": 116, "over_prob": 0.0, "under_prob": 0.06999999999999995, "over_counts": {"0": 100}, "under_counts": {"0": 93, "1": 7}, "avg_over_mag": 0.0, "avg_under_mag": 1.0, "avg_over": 0.0, "avg_under": 1.0}], [[0.25, 0.30000000000000004], {"acc": 0.5225806451612903, "nll": 0.7342117290478329, "mse": 0.26189955366303724, "N": 155, "over_prob": 0.0, "under_prob": 0.021428571428571463, "over_counts": {"0": 140}, "under_counts": {"0": 137, "1": 3}, "avg_over_mag": 0.0, "avg_under_mag": 1.0, "avg_over": 0.0, "avg_under": 1.0}], [[0.30000000000000004, 0.35000000000000003], {"acc": 0.47924528301886793, "nll": 0.7858256785177169, "mse": 0.2839417992841659, "N": 265, "over_prob": 0.0, "under_prob": 0.06849315068493156, "over_counts": {"0": 219}, "under_counts": {"0": 204, "1": 15}, "avg_over_mag": 0.0, "avg_under_mag": 1.0, "avg_over": 0.0, "avg_under": 1.0}], [[0.35000000000000003, 0.4], {"acc": 0.47297297297297297, "nll": 0.7688182474434272, "mse": 0.2764321073606198, "N": 370, "over_prob": 0.0, "under_prob": 0.05980066445182719, "over_counts": {"0": 301}, "under_counts": {"0": 283, "1": 18}, "avg_over_mag": 0.0, "avg_under_mag": 1.0, "avg_over": 0.0, "avg_under": 1.0}], [[0.4, 0.45], {"acc": 0.4608879492600423, "nll": 0.8292426121879024, "mse": 0.29563898949715095, "N": 473, "over_prob": 0.0, "under_prob": 0.08785529715762275, "over_counts": {"0": 387}, "under_counts": {"0": 353, "1": 34}, "avg_over_mag": 0.0, "avg_under_mag": 1.0, "avg_over": 0.0, "avg_under": 1.0}], [[0.45, 0.5], {"acc": 0.470679012345679, "nll": 0.8058122173681084, "mse": 0.285222011565333, "N": 648, "over_prob": 0.0, "under_prob": 0.08349514563106797, "over_counts": {"0": 515}, "under_counts": {"0": 472, "1": 43}, "avg_over_mag": 0.0, "avg_under_mag": 1.0, "avg_over": 0.0, "avg_under": 1.0}], [[0.5, 0.55], {"acc": 0.5255319148936171, "nll": 0.8093752165959537, "mse": 0.27927845204061247, "N": 940, "over_prob": 0.0, "under_prob": 0.09899569583931134, "over_counts": {"0": 697}, "under_counts": {"0": 628, "1": 68, "2": 1}, "avg_over_mag": 0.0, "avg_under_mag": 1.0144927536231885, "avg_over": 0.0, "avg_under": 1.0144927536231885}], [[0.55, 0.6000000000000001], {"acc": 0.579033579033579, "nll": 0.7257200265643698, "mse": 0.25569214466171525, "N": 1221, "over_prob": 0.0, "under_prob": 0.11216056670602126, "over_counts": {"0": 847}, "under_counts": {"0": 752, "1": 91, "2": 4}, "avg_over_mag": 0.0, "avg_under_mag": 1.0421052631578946, "avg_over": 0.0, "avg_under": 1.0421052631578946}], [[0.6000000000000001, 0.65], {"acc": 0.5791594703511802, "nll": 0.7589137638743683, "mse": 0.26424484085658906, "N": 1737, "over_prob": 0.0, "under_prob": 0.12037037037037035, "over_counts": {"0": 1080}, "under_counts": {"0": 950, "1": 122, "2": 7, "5": 1}, "avg_over_mag": 0.0, "avg_under_mag": 1.0846153846153845, "avg_over": 0.0, "avg_under": 1.0846153846153845}], [[0.65, 0.7000000000000001], {"acc": 0.6381429221665909, "nll": 0.703980694673072, "mse": 0.24274014453214926, "N": 2197, "over_prob": 0.0, "under_prob": 0.1669291338582677, "over_counts": {"0": 1270}, "under_counts": {"0": 1058, "1": 189, "2": 17, "3": 5, "4": 1}, "avg_over_mag": 0.0, "avg_under_mag": 1.1415094339622642, "avg_over": 0.0, "avg_under": 1.1415094339622642}], [[0.7000000000000001, 0.75], {"acc": 0.675713782164258, "nll": 0.6816412891157535, "mse": 0.22860195764572486, "N": 2837, "over_prob": 0.0, "under_prob": 0.19437172774869105, "over_counts": {"0": 1528}, "under_counts": {"0": 1231, "1": 270, "2": 18, "3": 8, "4": 1}, "avg_over_mag": 0.0, "avg_under_mag": 1.1245791245791246, "avg_over": 0.0, "avg_under": 1.1245791245791246}], [[0.75, 0.8], {"acc": 0.7191073919107392, "nll": 0.6473903599818093, "mse": 0.2127194741600881, "N": 3585, "over_prob": 0.0, "under_prob": 0.21055586749017408, "over_counts": {"0": 1781}, "under_counts": {"0": 1406, "1": 314, "2": 43, "3": 14, "4": 3, "5": 1}, "avg_over_mag": 0.0, "avg_under_mag": 1.224, "avg_over": 0.0, "avg_under": 1.224}], [[0.8, 0.8500000000000001], {"acc": 0.7576659038901602, "nll": 0.59714391825945, "mse": 0.1951540504749309, "N": 4370, "over_prob": 0.0, "under_prob": 0.23615160349854225, "over_counts": {"0": 2058}, "under_counts": {"0": 1572, "1": 398, "2": 64, "3": 17, "4": 7}, "avg_over_mag": 0.0, "avg_under_mag": 1.2448559670781894, "avg_over": 0.0, "avg_under": 1.2448559670781894}], [[0.8500000000000001, 0.9], {"acc": 0.8101635514018691, "nll": 0.5338431040218984, "mse": 0.17001130998476988, "N": 5136, "over_prob": 0.8774464119291705, "under_prob": 0.0, "over_counts": {"1": 940, "2": 422, "0": 263, "3": 212, "4": 135, "5": 51, "6": 42, "8": 24, "7": 21, "9": 8, "10": 7, "12": 5, "11": 3, "18": 3, "13": 3, "17": 2, "14": 2, "27": 1, "15": 1, "28": 1}, "under_counts": {"0": 2146}, "avg_over_mag": 2.2655337227827936, "avg_under_mag": 0.0, "avg_over": 2.2655337227827936, "avg_under": 0.0}], [[0.9, 0.9500000000000001], {"acc": 0.8633754305396096, "nll": 0.46281332161258304, "mse": 0.14192958915386958, "N": 5226, "over_prob": 0.8397231096911608, "under_prob": 0.0, "over_counts": {"1": 736, "2": 328, "0": 301, "3": 190, "4": 102, "5": 81, "6": 38, "7": 31, "9": 19, "10": 11, "8": 10, "14": 6, "12": 4, "15": 4, "13": 3, "11": 3, "16": 3, "21": 2, "24": 2, "19": 1, "22": 1, "30": 1, "17": 1}, "under_counts": {"0": 1878}, "avg_over_mag": 2.5814838300570706, "avg_under_mag": 0.0, "avg_over": 2.5814838300570706, "avg_under": 0.0}], [[0.9500000000000001, 1.0], {"acc": 0.9203084832904884, "nll": 0.3742494294665742, "mse": 0.10648021803505857, "N": 1945, "over_prob": 0.76, "under_prob": 0.0, "over_counts": {"1": 365, "0": 186, "2": 112, "3": 42, "5": 13, "4": 13, "6": 8, "8": 8, "10": 7, "7": 6, "15": 3, "18": 3, "20": 2, "12": 2, "11": 1, "13": 1, "16": 1, "17": 1, "35": 1}, "under_counts": {"0": 775}, "avg_over_mag": 2.225806451612903, "avg_under_mag": 0.0, "avg_over": 2.225806451612903, "avg_under": 0.0}]]}