{"auc": 0.6322086712948409, "over_prob": 0.1826855946008843, "under_prob": 0.36304398417500583, "over_counts": {"0": 3512, "1": 446, "2": 196, "3": 77, "4": 31, "5": 10, "6": 7, "7": 4, "8": 3, "12": 3, "13": 2, "9": 2, "16": 1, "17": 1, "25": 1, "14": 1}, "under_counts": {"0": 2737, "1": 896, "2": 337, "3": 138, "4": 57, "5": 28, "6": 24, "7": 20, "8": 10, "9": 10, "10": 7, "11": 6, "14": 5, "16": 5, "13": 5, "15": 3, "18": 2, "19": 2, "17": 2, "20": 1, "22": 1, "12": 1}, "avg_over_mag": 1.8968152866242038, "avg_under_mag": 2.1564102564102563, "avg_over": 1.8968152866242038, "avg_under": 2.1564102564102563, "acc": 0.7900345517366794, "nll": 0.4973651968441942, "mse": 0.16015502865904482, "metrics_by_prob": [[[0.0, 0.05], {"acc": NaN, "nll": NaN, "mse": NaN, "N": 0}], [[0.05, 0.1], {"acc": NaN, "nll": NaN, "mse": NaN, "N": 0}], [[0.1, 0.15000000000000002], {"acc": 0.875, "nll": 0.3685467748589351, "mse": 0.10853717894745459, "N": 8, "over_prob": 0.0, "under_prob": 0.0, "over_counts": {"0": 8}, "under_counts": {"0": 8}, "avg_over_mag": 0.0, "avg_under_mag": 0.0, "avg_over": 0.0, "avg_under": 0.0}], [[0.15000000000000002, 0.2], {"acc": 0.5, "nll": 1.012895045347169, "mse": 0.3842205678255487, "N": 2, "over_prob": 0.0, "under_prob": 0.0, "over_counts": {"0": 1}, "under_counts": {"0": 1}, "avg_over_mag": 0.0, "avg_under_mag": 0.0, "avg_over": 0.0, "avg_under": 0.0}], [[0.2, 0.25], {"acc": 0.875, "nll": 0.3536339059012865, "mse": 0.09879408691099528, "N": 8, "over_prob": 0.0, "under_prob": 0.0, "over_counts": {"0": 8}, "under_counts": {"0": 8}, "avg_over_mag": 0.0, "avg_under_mag": 0.0, "avg_over": 0.0, "avg_under": 0.0}], [[0.25, 0.30000000000000004], {"acc": 0.75, "nll": 0.5933260988365694, "mse": 0.1998624894971837, "N": 24, "over_prob": 0.0, "under_prob": 0.0, "over_counts": {"0": 24}, "under_counts": {"0": 24}, "avg_over_mag": 0.0, "avg_under_mag": 0.0, "avg_over": 0.0, "avg_under": 0.0}], [[0.30000000000000004, 0.35000000000000003], {"acc": 0.6190476190476191, "nll": 0.6525207506195602, "mse": 0.23105935240429964, "N": 21, "over_prob": 0.0, "under_prob": 0.0, "over_counts": {"0": 21}, "under_counts": {"0": 21}, "avg_over_mag": 0.0, "avg_under_mag": 0.0, "avg_over": 0.0, "avg_under": 0.0}], [[0.35000000000000003, 0.4], {"acc": 0.5508474576271186, "nll": 0.7015754342284406, "mse": 0.2539825097280791, "N": 118, "over_prob": 0.0, "under_prob": 0.0, "over_counts": {"0": 118}, "under_counts": {"0": 118}, "avg_over_mag": 0.0, "avg_under_mag": 0.0, "avg_over": 0.0, "avg_under": 0.0}], [[0.4, 0.45], {"acc": 0.5238095238095238, "nll": 0.7407467193342793, "mse": 0.27176921347331223, "N": 63, "over_prob": 0.0, "under_prob": 0.0, "over_counts": {"0": 60}, "under_counts": {"0": 60}, "avg_over_mag": 0.0, "avg_under_mag": 0.0, "avg_over": 0.0, "avg_under": 0.0}], [[0.45, 0.5], {"acc": 0.4846938775510204, "nll": 0.7290287270422662, "mse": 0.26672986215417305, "N": 196, "over_prob": 0.0, "under_prob": 0.0, "over_counts": {"0": 194}, "under_counts": {"0": 194}, "avg_over_mag": 0.0, "avg_under_mag": 0.0, "avg_over": 0.0, "avg_under": 0.0}], [[0.5, 0.55], {"acc": 0.4884488448844885, "nll": 0.7105387456191699, "mse": 0.25785900378537385, "N": 303, "over_prob": 0.0, "under_prob": 0.0, "over_counts": {"0": 301}, "under_counts": {"0": 301}, "avg_over_mag": 0.0, "avg_under_mag": 0.0, "avg_over": 0.0, "avg_under": 0.0}], [[0.55, 0.6000000000000001], {"acc": 0.5833333333333334, "nll": 0.6914078608019756, "mse": 0.24795308056570056, "N": 684, "over_prob": 0.0, "under_prob": 0.0, "over_counts": {"0": 586}, "under_counts": {"0": 586}, "avg_over_mag": 0.0, "avg_under_mag": 0.0, "avg_over": 0.0, "avg_under": 0.0}], [[0.6000000000000001, 0.65], {"acc": 0.6176239181746657, "nll": 0.6716954116873225, "mse": 0.2384138756219968, "N": 1271, "over_prob": 0.0, "under_prob": 0.0047562425683710385, "over_counts": {"0": 841}, "under_counts": {"0": 837, "1": 4}, "avg_over_mag": 0.0, "avg_under_mag": 1.0, "avg_over": 0.0, "avg_under": 1.0}], [[0.65, 0.7000000000000001], {"acc": 0.6797116374871267, "nll": 0.6347744482445481, "mse": 0.2204786973114764, "N": 1942, "over_prob": 0.0, "under_prob": 0.032258064516129004, "over_counts": {"0": 1240}, "under_counts": {"0": 1200, "1": 40}, "avg_over_mag": 0.0, "avg_under_mag": 1.0, "avg_over": 0.0, "avg_under": 1.0}], [[0.7000000000000001, 0.75], {"acc": 0.7471112578408716, "nll": 0.5793918681362732, "mse": 0.19417452900562548, "N": 3029, "over_prob": 0.0, "under_prob": 0.09486873508353222, "over_counts": {"0": 1676}, "under_counts": {"0": 1517, "1": 151, "2": 6, "3": 1, "4": 1}, "avg_over_mag": 0.0, "avg_under_mag": 1.069182389937107, "avg_over": 0.0, "avg_under": 1.069182389937107}], [[0.75, 0.8], {"acc": 0.7770055024616276, "nll": 0.5414236236790019, "mse": 0.17693223118661097, "N": 6906, "over_prob": 0.0, "under_prob": 0.3199593702386998, "over_counts": {"0": 1969}, "under_counts": {"0": 1339, "1": 470, "2": 99, "3": 32, "5": 9, "4": 7, "9": 5, "7": 2, "10": 2, "6": 2, "11": 1, "8": 1}, "avg_over_mag": 0.0, "avg_under_mag": 1.5031746031746032, "avg_over": 0.0, "avg_under": 1.5031746031746032}], [[0.8, 0.8500000000000001], {"acc": 0.831175836030205, "nll": 0.46527752891341934, "mse": 0.14366712491048328, "N": 5562, "over_prob": 0.0, "under_prob": 0.6574074074074074, "over_counts": {"0": 1620}, "under_counts": {"1": 631, "0": 555, "2": 248, "3": 75, "4": 25, "5": 22, "6": 13, "7": 11, "9": 7, "10": 6, "8": 6, "14": 4, "16": 4, "13": 4, "15": 3, "20": 2, "18": 1, "11": 1, "17": 1, "12": 1}, "avg_over_mag": 0.0, "avg_under_mag": 2.068544600938967, "avg_over": 0.0, "avg_under": 2.068544600938967}], [[0.8500000000000001, 0.9], {"acc": 0.881130986728217, "nll": 0.3719412907263895, "mse": 0.10656437540740803, "N": 5199, "over_prob": 0.5507783543365457, "under_prob": 0.0, "over_counts": {"0": 606, "1": 418, "2": 195, "3": 70, "4": 30, "5": 10, "6": 6, "12": 3, "13": 2, "8": 2, "9": 2, "7": 1, "16": 1, "17": 1, "25": 1, "14": 1}, "under_counts": {"0": 1349}, "avg_over_mag": 1.882907133243607, "avg_under_mag": 0.0, "avg_over": 1.882907133243607, "avg_under": 0.0}], [[0.9, 0.9500000000000001], {"acc": 0.9195876288659793, "nll": 0.28450951960843407, "mse": 0.07471595824767258, "N": 1940, "over_prob": 0.1374321880650995, "under_prob": 0.0, "over_counts": {"0": 477, "1": 66, "2": 7, "3": 2, "4": 1}, "under_counts": {"0": 553}, "avg_over_mag": 1.1842105263157894, "avg_under_mag": 0.0, "avg_over": 1.1842105263157894, "avg_under": 0.0}], [[0.9500000000000001, 1.0], {"acc": 0.9771689497716894, "nll": 0.1127857670777983, "mse": 0.022780101432471857, "N": 219, "over_prob": 0.0, "under_prob": 0.0, "over_counts": {"0": 97}, "under_counts": {"0": 97}, "avg_over_mag": 0.0, "avg_under_mag": 0.0, "avg_over": 0.0, "avg_under": 0.0}]]}