{"over_prob": 0.21523548082697097, "under_prob": 0.07360384318435276, "over_counts": {"0": 9148, "1": 906, "2": 507, "3": 308, "4": 194, "5": 122, "6": 108, "7": 68, "9": 58, "8": 43, "10": 30, "13": 23, "12": 21, "14": 19, "11": 17, "16": 16, "15": 13, "21": 6, "24": 6, "19": 6, "17": 5, "25": 5, "26": 3, "20": 3, "22": 3, "46": 2, "23": 2, "18": 2, "32": 2, "28": 1, "38": 1, "40": 1, "49": 1, "36": 1, "43": 1, "37": 1, "50": 1, "59": 1, "31": 1, "30": 1}, "under_counts": {"0": 10799, "1": 724, "2": 113, "3": 19, "5": 1, "4": 1}, "avg_over_mag": 3.7672379434037464, "avg_under_mag": 1.1841491841491842, "avg_over": 3.7672379434037464, "avg_under": 1.1841491841491842, "acc": 0.8053294965753938, "auc": 0.6229722768503068, "nll": 0.47771660403880245, "mse": 0.15229584944273641, "metrics_by_prob": [[[0.0, 0.05], {"acc": NaN, "nll": NaN, "mse": NaN, "N": 0}], [[0.05, 0.1], {"acc": NaN, "nll": NaN, "mse": NaN, "N": 0}], [[0.1, 0.15000000000000002], {"acc": NaN, "nll": NaN, "mse": NaN, "N": 0}], [[0.15000000000000002, 0.2], {"acc": NaN, "nll": NaN, "mse": NaN, "N": 0}], [[0.2, 0.25], {"acc": NaN, "nll": NaN, "mse": NaN, "N": 0}], [[0.25, 0.30000000000000004], {"acc": NaN, "nll": NaN, "mse": NaN, "N": 0}], [[0.30000000000000004, 0.35000000000000003], {"acc": 0.2979591836734694, "nll": 0.9156334333176471, "mse": 0.3525909435450626, "N": 245, "over_prob": 0.0, "under_prob": 0.0, "over_counts": {"0": 245}, "under_counts": {"0": 245}, "avg_over_mag": 0.0, "avg_under_mag": 0.0, "avg_over": 0.0, "avg_under": 0.0}], [[0.35000000000000003, 0.4], {"acc": 0.4074074074074074, "nll": 0.9361635403217572, "mse": 0.3576137184108941, "N": 27, "over_prob": 0.0, "under_prob": 0.0, "over_counts": {"0": 27}, "under_counts": {"0": 27}, "avg_over_mag": 0.0, "avg_under_mag": 0.0, "avg_over": 0.0, "avg_under": 0.0}], [[0.4, 0.45], {"acc": 0.43356643356643354, "nll": 0.919246218358526, "mse": 0.349168898432522, "N": 286, "over_prob": 0.0, "under_prob": 0.0, "over_counts": {"0": 286}, "under_counts": {"0": 286}, "avg_over_mag": 0.0, "avg_under_mag": 0.0, "avg_over": 0.0, "avg_under": 0.0}], [[0.45, 0.5], {"acc": 0.47572815533980584, "nll": 0.8489543653067799, "mse": 0.31857845646508076, "N": 309, "over_prob": 0.0, "under_prob": 0.0, "over_counts": {"0": 309}, "under_counts": {"0": 309}, "avg_over_mag": 0.0, "avg_under_mag": 0.0, "avg_over": 0.0, "avg_under": 0.0}], [[0.5, 0.55], {"acc": 0.5069124423963134, "nll": 0.8362087082820748, "mse": 0.31157630046522733, "N": 217, "over_prob": 0.0, "under_prob": 0.0, "over_counts": {"0": 217}, "under_counts": {"0": 217}, "avg_over_mag": 0.0, "avg_under_mag": 0.0, "avg_over": 0.0, "avg_under": 0.0}], [[0.55, 0.6000000000000001], {"acc": 0.5803228285933897, "nll": 0.7528119358922828, "mse": 0.2737671873427682, "N": 1301, "over_prob": 0.0, "under_prob": 0.0, "over_counts": {"0": 1301}, "under_counts": {"0": 1301}, "avg_over_mag": 0.0, "avg_under_mag": 0.0, "avg_over": 0.0, "avg_under": 0.0}], [[0.6000000000000001, 0.65], {"acc": 0.634453781512605, "nll": 0.6936174412587587, "mse": 0.24687920726621956, "N": 1904, "over_prob": 0.0, "under_prob": 0.0, "over_counts": {"0": 1740}, "under_counts": {"0": 1740}, "avg_over_mag": 0.0, "avg_under_mag": 0.0, "avg_over": 0.0, "avg_under": 0.0}], [[0.65, 0.7000000000000001], {"acc": 0.6944604731679169, "nll": 0.6270093423945537, "mse": 0.21656447908933688, "N": 3466, "over_prob": 0.0, "under_prob": 0.0009746588693957392, "over_counts": {"0": 3078}, "under_counts": {"0": 3075, "1": 3}, "avg_over_mag": 0.0, "avg_under_mag": 1.0, "avg_over": 0.0, "avg_under": 1.0}], [[0.7000000000000001, 0.75], {"acc": 0.7330873308733087, "nll": 0.5827727382690396, "mse": 0.19661761180175233, "N": 8943, "over_prob": 0.0, "under_prob": 0.0005708848715508807, "over_counts": {"0": 5255}, "under_counts": {"0": 5252, "1": 3}, "avg_over_mag": 0.0, "avg_under_mag": 1.0, "avg_over": 0.0, "avg_under": 1.0}], [[0.75, 0.8], {"acc": 0.7823313782991203, "nll": 0.5259718359421319, "mse": 0.17097491379538596, "N": 13640, "over_prob": 0.0, "under_prob": 0.008162612035851446, "over_counts": {"0": 6248}, "under_counts": {"0": 6197, "1": 51}, "avg_over_mag": 0.0, "avg_under_mag": 1.0, "avg_over": 0.0, "avg_under": 1.0}], [[0.8, 0.8500000000000001], {"acc": 0.8282603865807598, "nll": 0.46369393164556366, "mse": 0.14394646973166517, "N": 13503, "over_prob": 0.0, "under_prob": 0.14933768825984395, "over_counts": {"0": 5511}, "under_counts": {"0": 4688, "1": 711, "2": 91, "3": 19, "5": 1, "4": 1}, "avg_over_mag": 0.0, "avg_under_mag": 1.1652490886998785, "avg_over": 0.0, "avg_under": 1.1652490886998785}], [[0.8500000000000001, 0.9], {"acc": 0.8702602517568925, "nll": 0.39545953406860695, "mse": 0.11571279467968083, "N": 12949, "over_prob": 0.5260572404955147, "under_prob": 0.0, "over_counts": {"0": 2219, "1": 907, "2": 558, "3": 312, "4": 204, "5": 104, "6": 97, "7": 76, "8": 41, "9": 37, "10": 37, "12": 16, "11": 15, "13": 12, "16": 7, "18": 6, "14": 6, "15": 5, "19": 4, "22": 3, "21": 3, "24": 2, "17": 2, "25": 2, "38": 1, "40": 1, "39": 1, "37": 1, "45": 1, "26": 1, "20": 1}, "under_counts": {"0": 4682}, "avg_over_mag": 3.213154689403167, "avg_under_mag": 0.0, "avg_over": 3.213154689403167, "avg_under": 0.0}], [[0.9, 0.9500000000000001], {"acc": 0.9246386406267241, "nll": 0.2783818382625915, "mse": 0.07251321811811794, "N": 9063, "over_prob": 0.13486370157819227, "under_prob": 0.0, "over_counts": {"0": 2412, "1": 130, "2": 77, "3": 44, "4": 30, "6": 18, "5": 15, "9": 11, "7": 10, "10": 8, "11": 5, "8": 4, "14": 4, "13": 4, "12": 3, "16": 2, "15": 1, "28": 1, "17": 1, "27": 1, "30": 1, "19": 1, "18": 1, "25": 1, "24": 1, "22": 1, "31": 1}, "under_counts": {"0": 2788}, "avg_over_mag": 3.9547872340425534, "avg_under_mag": 0.0, "avg_over": 3.9547872340425534, "avg_under": 0.0}], [[0.9500000000000001, 1.0], {"acc": 0.964367816091954, "nll": 0.17711233744930788, "mse": 0.038078526781305896, "N": 870, "over_prob": 0.0720461095100865, "under_prob": 0.0, "over_counts": {"0": 322, "1": 14, "2": 6, "3": 3, "4": 1, "12": 1}, "under_counts": {"0": 347}, "avg_over_mag": 2.04, "avg_under_mag": 0.0, "avg_over": 2.04, "avg_under": 0.0}]]}