{"acc": 0.7443570839441165, "auc": 0.758426542346543, "nll": 0.5348491801142569, "mse": 0.17476250230147328}