{"auc": 0.649010093692764, "over_prob": 0.4700239808153477, "under_prob": 0.15740135164595592, "over_counts": {"0": 2431, "1": 965, "2": 471, "3": 215, "4": 144, "5": 89, "6": 63, "7": 42, "8": 39, "9": 21, "10": 16, "11": 16, "12": 13, "13": 8, "21": 7, "15": 6, "18": 5, "16": 4, "24": 4, "19": 3, "14": 3, "34": 2, "27": 2, "17": 2, "28": 2, "31": 2, "23": 2, "20": 1, "30": 1, "50": 1, "41": 1, "36": 1, "33": 1, "22": 1, "29": 1, "32": 1, "25": 1}, "under_counts": {"0": 3865, "1": 370, "2": 149, "3": 89, "4": 42, "5": 25, "6": 10, "8": 6, "7": 4, "11": 4, "14": 3, "13": 3, "12": 3, "9": 3, "27": 2, "23": 2, "17": 1, "10": 1, "16": 1, "20": 1, "26": 1, "61": 1, "21": 1}, "avg_over_mag": 3.0454545454545454, "avg_under_mag": 2.5249307479224377, "avg_over": 3.0454545454545454, "avg_under": 2.5249307479224377, "acc": 0.7773276769481037, "nll": 0.5072693542288378, "mse": 0.16496900859743246, "metrics_by_prob": [[[0.0, 0.05], {"acc": 0.4, "nll": 0.6825096402519355, "mse": 0.25322087599461807, "N": 5, "over_prob": 0.0, "under_prob": 0.0, "over_counts": {"0": 4}, "under_counts": {"0": 4}, "avg_over_mag": 0.0, "avg_under_mag": 0.0, "avg_over": 0.0, "avg_under": 0.0}], [[0.05, 0.1], {"acc": 0.4, "nll": 0.6922957909013766, "mse": 0.24998459625554714, "N": 10, "over_prob": 0.0, "under_prob": 0.0, "over_counts": {"0": 9}, "under_counts": {"0": 9}, "avg_over_mag": 0.0, "avg_under_mag": 0.0, "avg_over": 0.0, "avg_under": 0.0}], [[0.1, 0.15000000000000002], {"acc": 0.4358974358974359, "nll": 0.727324145898907, "mse": 0.26904402155565943, "N": 39, "over_prob": 0.0, "under_prob": 0.0, "over_counts": {"0": 32}, "under_counts": {"0": 32}, "avg_over_mag": 0.0, "avg_under_mag": 0.0, "avg_over": 0.0, "avg_under": 0.0}], [[0.15000000000000002, 0.2], {"acc": 0.40789473684210525, "nll": 0.7718946307608774, "mse": 0.2866251738960896, "N": 76, "over_prob": 0.0, "under_prob": 0.0, "over_counts": {"0": 60}, "under_counts": {"0": 60}, "avg_over_mag": 0.0, "avg_under_mag": 0.0, "avg_over": 0.0, "avg_under": 0.0}], [[0.2, 0.25], {"acc": 0.45689655172413796, "nll": 0.7974623505031541, "mse": 0.29565393604228446, "N": 116, "over_prob": 0.0, "under_prob": 0.020000000000000018, "over_counts": {"0": 100}, "under_counts": {"0": 98, "1": 2}, "avg_over_mag": 0.0, "avg_under_mag": 1.0, "avg_over": 0.0, "avg_under": 1.0}], [[0.25, 0.30000000000000004], {"acc": 0.4064516129032258, "nll": 0.824584115468297, "mse": 0.3076834959082792, "N": 155, "over_prob": 0.0, "under_prob": 0.0357142857142857, "over_counts": {"0": 140}, "under_counts": {"0": 135, "1": 5}, "avg_over_mag": 0.0, "avg_under_mag": 1.0, "avg_over": 0.0, "avg_under": 1.0}], [[0.30000000000000004, 0.35000000000000003], {"acc": 0.3849056603773585, "nll": 0.8488834258447925, "mse": 0.320096595780079, "N": 265, "over_prob": 0.0, "under_prob": 0.0091324200913242, "over_counts": {"0": 219}, "under_counts": {"0": 217, "1": 2}, "avg_over_mag": 0.0, "avg_under_mag": 1.0, "avg_over": 0.0, "avg_under": 1.0}], [[0.35000000000000003, 0.4], {"acc": 0.4486486486486487, "nll": 0.7990479069588822, "mse": 0.29721131452911664, "N": 370, "over_prob": 0.0, "under_prob": 0.01661129568106312, "over_counts": {"0": 301}, "under_counts": {"0": 296, "1": 5}, "avg_over_mag": 0.0, "avg_under_mag": 1.0, "avg_over": 0.0, "avg_under": 1.0}], [[0.4, 0.45], {"acc": 0.4059196617336152, "nll": 0.8391014680243297, "mse": 0.3149281835912314, "N": 473, "over_prob": 0.0, "under_prob": 0.012919896640826822, "over_counts": {"0": 387}, "under_counts": {"0": 382, "1": 5}, "avg_over_mag": 0.0, "avg_under_mag": 1.0, "avg_over": 0.0, "avg_under": 1.0}], [[0.45, 0.5], {"acc": 0.4537037037037037, "nll": 0.799969222424405, "mse": 0.29706248049920253, "N": 648, "over_prob": 0.0, "under_prob": 0.01553398058252431, "over_counts": {"0": 515}, "under_counts": {"0": 507, "1": 8}, "avg_over_mag": 0.0, "avg_under_mag": 1.0, "avg_over": 0.0, "avg_under": 1.0}], [[0.5, 0.55], {"acc": 0.5255319148936171, "nll": 0.7612579408409024, "mse": 0.2780682452055059, "N": 940, "over_prob": 0.0, "under_prob": 0.031563845050215256, "over_counts": {"0": 697}, "under_counts": {"0": 675, "1": 20, "3": 1, "2": 1}, "avg_over_mag": 0.0, "avg_under_mag": 1.1363636363636365, "avg_over": 0.0, "avg_under": 1.1363636363636365}], [[0.55, 0.6000000000000001], {"acc": 0.5995085995085995, "nll": 0.7187792488829878, "mse": 0.2577476434062656, "N": 1221, "over_prob": 0.0, "under_prob": 0.030696576151121646, "over_counts": {"0": 847}, "under_counts": {"0": 821, "1": 22, "2": 4}, "avg_over_mag": 0.0, "avg_under_mag": 1.1538461538461537, "avg_over": 0.0, "avg_under": 1.1538461538461537}], [[0.6000000000000001, 0.65], {"acc": 0.6154289004029937, "nll": 0.7106457217839701, "mse": 0.25326837106913175, "N": 1737, "over_prob": 0.0, "under_prob": 0.0444444444444444, "over_counts": {"0": 1080}, "under_counts": {"0": 1032, "1": 43, "2": 4, "3": 1}, "avg_over_mag": 0.0, "avg_under_mag": 1.125, "avg_over": 0.0, "avg_under": 1.125}], [[0.65, 0.7000000000000001], {"acc": 0.6759217114246701, "nll": 0.6552098285900885, "mse": 0.22786023917593923, "N": 2197, "over_prob": 0.0, "under_prob": 0.06850393700787405, "over_counts": {"0": 1270}, "under_counts": {"0": 1183, "1": 62, "2": 15, "3": 7, "6": 3}, "avg_over_mag": 0.0, "avg_under_mag": 1.5057471264367817, "avg_over": 0.0, "avg_under": 1.5057471264367817}], [[0.7000000000000001, 0.75], {"acc": 0.7363412054987662, "nll": 0.5945491270246256, "mse": 0.20017325696663413, "N": 2837, "over_prob": 0.0, "under_prob": 0.10013089005235598, "over_counts": {"0": 1528}, "under_counts": {"0": 1375, "1": 112, "2": 28, "3": 4, "4": 3, "6": 3, "5": 2, "7": 1}, "avg_over_mag": 0.0, "avg_under_mag": 1.4836601307189543, "avg_over": 0.0, "avg_under": 1.4836601307189543}], [[0.75, 0.8], {"acc": 0.7827057182705718, "nll": 0.5413203912793093, "mse": 0.17652382335201278, "N": 3585, "over_prob": 0.0, "under_prob": 0.15609208309938238, "over_counts": {"0": 1781}, "under_counts": {"0": 1503, "1": 192, "2": 46, "3": 23, "4": 8, "6": 4, "5": 1, "10": 1, "8": 1, "9": 1, "17": 1}, "avg_over_mag": 0.0, "avg_under_mag": 1.6474820143884892, "avg_over": 0.0, "avg_under": 1.6474820143884892}], [[0.8, 0.8500000000000001], {"acc": 0.825629290617849, "nll": 0.4757445944090238, "mse": 0.14867936051383013, "N": 4370, "over_prob": 0.0, "under_prob": 0.24975704567541301, "over_counts": {"0": 2058}, "under_counts": {"0": 1544, "1": 344, "2": 97, "3": 40, "4": 17, "5": 7, "8": 2, "6": 1, "9": 1, "13": 1, "14": 1, "16": 1, "7": 1, "29": 1}, "avg_over_mag": 0.0, "avg_under_mag": 1.6945525291828794, "avg_over": 0.0, "avg_under": 1.6945525291828794}], [[0.8500000000000001, 0.9], {"acc": 0.875, "nll": 0.4039068950236264, "mse": 0.11834415462030261, "N": 5136, "over_prob": 0.7842497670083877, "under_prob": 0.0, "over_counts": {"1": 941, "0": 463, "2": 348, "3": 161, "4": 98, "5": 49, "6": 29, "8": 18, "7": 12, "9": 10, "10": 5, "13": 4, "11": 3, "12": 2, "18": 1, "14": 1, "17": 1}, "under_counts": {"0": 2146}, "avg_over_mag": 2.0540701128936423, "avg_under_mag": 0.0, "avg_over": 2.0540701128936423, "avg_under": 0.0}], [[0.9, 0.9500000000000001], {"acc": 0.9196326061997704, "nll": 0.32119010116978547, "mse": 0.08544603569531649, "N": 5226, "over_prob": 0.630457933972311, "under_prob": 0.0, "over_counts": {"0": 694, "1": 692, "2": 229, "3": 101, "4": 50, "5": 44, "6": 17, "7": 13, "9": 11, "8": 5, "10": 4, "11": 4, "14": 4, "13": 3, "17": 3, "15": 2, "12": 1, "21": 1}, "under_counts": {"0": 1878}, "avg_over_mag": 2.1097972972972974, "avg_under_mag": 0.0, "avg_over": 2.1097972972972974, "avg_under": 0.0}], [[0.9500000000000001, 1.0], {"acc": 0.957840616966581, "nll": 0.21766846043649427, "mse": 0.04946949885516529, "N": 1945, "over_prob": 0.3032258064516129, "under_prob": 0.0, "over_counts": {"0": 540, "1": 148, "2": 23, "3": 21, "4": 12, "7": 8, "6": 4, "11": 4, "8": 4, "9": 3, "5": 1, "10": 1, "20": 1, "17": 1, "16": 1, "24": 1, "13": 1, "18": 1}, "under_counts": {"0": 775}, "avg_over_mag": 2.6, "avg_under_mag": 0.0, "avg_over": 2.6,