{"auc": 0.6611632747619429, "over_prob": 0.060875632304203786, "under_prob": 0.07299843014128726, "over_counts": {"0": 10768, "1": 612, "2": 61, "4": 11, "3": 11, "10": 1, "5": 1, "15": 1}, "under_counts": {"0": 10629, "1": 739, "2": 62, "3": 26, "5": 5, "4": 5}, "avg_over_mag": 1.2048710601719197, "avg_under_mag": 1.1780167264038233, "avg_over": 1.2048710601719197, "avg_under": 1.1780167264038233, "acc": 0.8082890243712285, "nll": 0.464485544732652, "mse": 0.14739328162694998, "metrics_by_prob": [[[0.0, 0.05], {"acc": NaN, "nll": NaN, "mse": NaN, "N": 0}], [[0.05, 0.1], {"acc": NaN, "nll": NaN, "mse": NaN, "N": 0}], [[0.1, 0.15000000000000002], {"acc": NaN, "nll": NaN, "mse": NaN, "N": 0}], [[0.15000000000000002, 0.2], {"acc": NaN, "nll": NaN, "mse": NaN, "N": 0}], [[0.2, 0.25], {"acc": NaN, "nll": NaN, "mse": NaN, "N": 0}], [[0.25, 0.30000000000000004], {"acc": NaN, "nll": NaN, "mse": NaN, "N": 0}], [[0.30000000000000004, 0.35000000000000003], {"acc": 0.6460905349794238, "nll": 0.6483380920947331, "mse": 0.2279850574532528, "N": 243, "over_prob": 0.0, "under_prob": 0.0, "over_counts": {"0": 243}, "under_counts": {"0": 243}, "avg_over_mag": 0.0, "avg_under_mag": 0.0, "avg_over": 0.0, "avg_under": 0.0}], [[0.35000000000000003, 0.4], {"acc": 0.6285714285714286, "nll": 0.6605822703268426, "mse": 0.2338802569473457, "N": 35, "over_prob": 0.0, "under_prob": 0.0, "over_counts": {"0": 35}, "under_counts": {"0": 35}, "avg_over_mag": 0.0, "avg_under_mag": 0.0, "avg_over": 0.0, "avg_under": 0.0}], [[0.4, 0.45], {"acc": 0.5568181818181818, "nll": 0.6860462756994433, "mse": 0.246459464273514, "N": 264, "over_prob": 0.0, "under_prob": 0.0, "over_counts": {"0": 264}, "under_counts": {"0": 264}, "avg_over_mag": 0.0, "avg_under_mag": 0.0, "avg_over": 0.0, "avg_under": 0.0}], [[0.45, 0.5], {"acc": 0.5180327868852459, "nll": 0.6947272672185874, "mse": 0.2507880092965705, "N": 305, "over_prob": 0.0, "under_prob": 0.0, "over_counts": {"0": 305}, "under_counts": {"0": 305}, "avg_over_mag": 0.0, "avg_under_mag": 0.0, "avg_over": 0.0, "avg_under": 0.0}], [[0.5, 0.55], {"acc": 0.5377358490566038, "nll": 0.6917723855671228, "mse": 0.2493121759498327, "N": 212, "over_prob": 0.0, "under_prob": 0.0, "over_counts": {"0": 212}, "under_counts": {"0": 212}, "avg_over_mag": 0.0, "avg_under_mag": 0.0, "avg_over": 0.0, "avg_under": 0.0}], [[0.55, 0.6000000000000001], {"acc": 0.5981772990886496, "nll": 0.6719509379377173, "mse": 0.23950047900611285, "N": 1207, "over_prob": 0.0, "under_prob": 0.0, "over_counts": {"0": 1207}, "under_counts": {"0": 1207}, "avg_over_mag": 0.0, "avg_under_mag": 0.0, "avg_over": 0.0, "avg_under": 0.0}], [[0.6000000000000001, 0.65], {"acc": 0.6281038374717833, "nll": 0.660366865539504, "mse": 0.2337828253160811, "N": 1772, "over_prob": 0.0, "under_prob": 0.0, "over_counts": {"0": 1627}, "under_counts": {"0": 1627}, "avg_over_mag": 0.0, "avg_under_mag": 0.0, "avg_over": 0.0, "avg_under": 0.0}], [[0.65, 0.7000000000000001], {"acc": 0.6779508687837028, "nll": 0.6281879837304146, "mse": 0.21823369868751685, "N": 3338, "over_prob": 0.0, "under_prob": 0.0, "over_counts": {"0": 3014}, "under_counts": {"0": 3014}, "avg_over_mag": 0.0, "avg_under_mag": 0.0, "avg_over": 0.0, "avg_under": 0.0}], [[0.7000000000000001, 0.75], {"acc": 0.7379343057037827, "nll": 0.5750300268246584, "mse": 0.19332347820277515, "N": 8433, "over_prob": 0.0, "under_prob": 0.0, "over_counts": {"0": 5097}, "under_counts": {"0": 5097}, "avg_over_mag": 0.0, "avg_under_mag": 0.0, "avg_over": 0.0, "avg_under": 0.0}], [[0.75, 0.8], {"acc": 0.7782605261079074, "nll": 0.5288490431889826, "mse": 0.17249134995147813, "N": 12659, "over_prob": 0.0, "under_prob": 0.0, "over_counts": {"0": 6067}, "under_counts": {"0": 6067}, "avg_over_mag": 0.0, "avg_under_mag": 0.0, "avg_over": 0.0, "avg_under": 0.0}], [[0.8, 0.8500000000000001], {"acc": 0.8272291174902916, "nll": 0.45937857280470634, "mse": 0.14267213291918285, "N": 13133, "over_prob": 0.0, "under_prob": 0.1543141592920354, "over_counts": {"0": 5424}, "under_counts": {"0": 4587, "1": 739, "2": 62, "3": 26, "5": 5, "4": 5}, "avg_over_mag": 0.0, "avg_under_mag": 1.1780167264038233, "avg_over": 0.0, "avg_under": 1.1780167264038233}], [[0.8500000000000001, 0.9], {"acc": 0.8790918280071535, "nll": 0.3687767314113178, "mse": 0.10630053183202123, "N": 12861, "over_prob": 0.15101687581133705, "under_prob": 0.0, "over_counts": {"0": 3924, "1": 612, "2": 61, "4": 11, "3": 11, "10": 1, "5": 1, "15": 1}, "under_counts": {"0": 4622}, "avg_over_mag": 1.2048710601719197, "avg_under_mag": 0.0, "avg_over": 1.2048710601719197, "avg_under": 0.0}], [[0.9, 0.9500000000000001], {"acc": 0.916146601611256, "nll": 0.28625743223286004, "mse": 0.07654480313613, "N": 8813, "over_prob": 0.0, "under_prob": 0.0, "over_counts": {"0": 2716}, "under_counts": {"0": 2716}, "avg_over_mag": 0.0, "avg_under_mag": 0.0, "avg_over": 0.0, "avg_under": 0.0}], [[0.9500000000000001, 1.0], {"acc": 0.9592074592074592, "nll": 0.17231168347106632, "mse": 0.039247665273569134, "N": 858, "over_prob": 0.0, "under_prob": 0.0, "over_counts": {"0": 317}, "under_counts": {"0": 317}, "avg_over_mag": 0.0, "avg_under_mag": 0.0, "avg_over": 0.0, "avg_under": 0.0}]]}