{"auc": 0.6498405167772066, "over_prob": 0.08478209097404144, "under_prob": 0.007085020242915019, "over_counts": {"0": 15372, "1": 654, "2": 332, "3": 170, "4": 106, "5": 52, "6": 31, "7": 26, "8": 19, "10": 8, "9": 6, "11": 5, "14": 5, "13": 2, "12": 2, "29": 1, "19": 1, "21": 1, "18": 1, "20": 1, "15": 1}, "under_counts": {"0": 16677, "1": 50, "2": 21, "3": 17, "4": 13, "10": 3, "5": 3, "9": 3, "11": 2, "7": 2, "8": 2, "15": 1, "6": 1, "13": 1}, "avg_over_mag": 2.43188202247191, "avg_under_mag": 2.966386554621849, "avg_over": 2.43188202247191, "avg_under": 2.966386554621849, "acc": 0.6095790715971676, "nll": 0.6514417617801291, "mse": 0.23044307506045716, "metrics_by_prob": [[[0.0, 0.05], {"acc": 0.9283356907119283, "nll": 0.2564114789495274, "mse": 0.06860103644227863, "N": 2121, "over_prob": 0.0, "under_prob": 0.0, "over_counts": {"0": 345}, "under_counts": {"0": 345}, "avg_over_mag": 0.0, "avg_under_mag": 0.0, "avg_over": 0.0, "avg_under": 0.0}], [[0.05, 0.1], {"acc": 0.8482563619227145, "nll": 0.45207201740717134, "mse": 0.14026840251275174, "N": 1061, "over_prob": 0.0, "under_prob": 0.0, "over_counts": {"0": 373}, "under_counts": {"0": 373}, "avg_over_mag": 0.0, "avg_under_mag": 0.0, "avg_over": 0.0, "avg_under": 0.0}], [[0.1, 0.15000000000000002], {"acc": 0.7881802223522528, "nll": 0.5393062297403916, "mse": 0.17724582287916124, "N": 1709, "over_prob": 0.0, "under_prob": 0.0, "over_counts": {"0": 677}, "under_counts": {"0": 677}, "avg_over_mag": 0.0, "avg_under_mag": 0.0, "avg_over": 0.0, "avg_under": 0.0}], [[0.15000000000000002, 0.2], {"acc": 0.7148954332052924, "nll": 0.5929092503404404, "mse": 0.2017259537623276, "N": 2343, "over_prob": 0.0, "under_prob": 0.0, "over_counts": {"0": 1092}, "under_counts": {"0": 1092}, "avg_over_mag": 0.0, "avg_under_mag": 0.0, "avg_over": 0.0, "avg_under": 0.0}], [[0.2, 0.25], {"acc": 0.6608639587362991, "nll": 0.6257195707250269, "mse": 0.2174930952770232, "N": 3102, "over_prob": 0.0, "under_prob": 0.0, "over_counts": {"0": 1575}, "under_counts": {"0": 1575}, "avg_over_mag": 0.0, "avg_under_mag": 0.0, "avg_over": 0.0, "avg_under": 0.0}], [[0.25, 0.30000000000000004], {"acc": 0.5875875875875876, "nll": 0.6670048432074935, "mse": 0.23685899007655958, "N": 3996, "over_prob": 0.0, "under_prob": 0.0, "over_counts": {"0": 2125}, "under_counts": {"0": 2125}, "avg_over_mag": 0.0, "avg_under_mag": 0.0, "avg_over": 0.0, "avg_under": 0.0}], [[0.30000000000000004, 0.35000000000000003], {"acc": 0.5437823337804177, "nll": 0.6945311839519691, "mse": 0.2500700404408387, "N": 5219, "over_prob": 0.0, "under_prob": 0.0, "over_counts": {"0": 2722}, "under_counts": {"0": 2722}, "avg_over_mag": 0.0, "avg_under_mag": 0.0, "avg_over": 0.0, "avg_under": 0.0}], [[0.35000000000000003, 0.4], {"acc": 0.5111464968152867, "nll": 0.7045302976037126, "mse": 0.2551573956950266, "N": 6280, "over_prob": 0.0, "under_prob": 0.0, "over_counts": {"0": 3278}, "under_counts": {"0": 3278}, "avg_over_mag": 0.0, "avg_under_mag": 0.0, "avg_over": 0.0, "avg_under": 0.0}], [[0.4, 0.45], {"acc": 0.5081667320005226, "nll": 0.7105673734428126, "mse": 0.25805459160181776, "N": 7653, "over_prob": 0.0, "under_prob": 0.0, "over_counts": {"0": 3934}, "under_counts": {"0": 3934}, "avg_over_mag": 0.0, "avg_under_mag": 0.0, "avg_over": 0.0, "avg_under": 0.0}], [[0.45, 0.5], {"acc": 0.49492474623731186, "nll": 0.7200584079532213, "mse": 0.2625108664527938, "N": 8571, "over_prob": 0.0, "under_prob": 0.0, "over_counts": {"0": 4409}, "under_counts": {"0": 4409}, "avg_over_mag": 0.0, "avg_under_mag": 0.0, "avg_over": 0.0, "avg_under": 0.0}], [[0.5, 0.55], {"acc": 0.5053976646838511, "nll": 0.713996618487186, "mse": 0.25960344031239363, "N": 9078, "over_prob": 0.0, "under_prob": 0.00021199915200342812, "over_counts": {"0": 4717}, "under_counts": {"0": 4716, "1": 1}, "avg_over_mag": 0.0, "avg_under_mag": 1.0, "avg_over": 0.0, "avg_under": 1.0}], [[0.55, 0.6000000000000001], {"acc": 0.5312989863099592, "nll": 0.7041408172615297, "mse": 0.2548215258743144, "N": 9569, "over_prob": 0.0, "under_prob": 0.00040160642570286065, "over_counts": {"0": 4980}, "under_counts": {"0": 4978, "1": 2}, "avg_over_mag": 0.0, "avg_under_mag": 1.0, "avg_over": 0.0, "avg_under": 1.0}], [[0.6000000000000001, 0.65], {"acc": 0.5801318957395583, "nll": 0.6820898886230431, "mse": 0.24410208251792, "N": 9553, "over_prob": 0.0, "under_prob": 0.001451980916822193, "over_counts": {"0": 4821}, "under_counts": {"0": 4814, "1": 6, "2": 1}, "avg_over_mag": 0.0, "avg_under_mag": 1.1428571428571428, "avg_over": 0.0, "avg_under": 1.1428571428571428}], [[0.65, 0.7000000000000001], {"acc": 0.6230828643936887, "nll": 0.6647974721319502, "mse": 0.23560179807289278, "N": 9063, "over_prob": 0.0, "under_prob": 0.0024449877750610804, "over_counts": {"0": 4499}, "under_counts": {"0": 4488, "1": 7, "3": 3, "2": 1}, "avg_over_mag": 0.0, "avg_under_mag": 1.6363636363636365, "avg_over": 0.0, "avg_under": 1.6363636363636365}], [[0.7000000000000001, 0.75], {"acc": 0.6710577295621852, "nll": 0.6392563281056217, "mse": 0.22334645671439404, "N": 7743, "over_prob": 0.0, "under_prob": 0.0072053525476067914, "over_counts": {"0": 3886}, "under_counts": {"0": 3858, "1": 18, "2": 9, "3": 1}, "avg_over_mag": 0.0, "avg_under_mag": 1.3928571428571428, "avg_over": 0.0, "avg_under": 1.3928571428571428}], [[0.75, 0.8], {"acc": 0.7274059599413776, "nll": 0.5980991982327222, "mse": 0.20393253634310285, "N": 6141, "over_prob": 0.0, "under_prob": 0.018639328984156545, "over_counts": {"0": 3219}, "under_counts": {"0": 3159, "1": 33, "2": 17, "3": 5, "4": 2, "6": 2, "5": 1}, "avg_over_mag": 0.0, "avg_under_mag": 1.7833333333333334, "avg_over": 0.0, "avg_under": 1.7833333333333334}], [[0.8, 0.8500000000000001], {"acc": 0.7831242873432155, "nll": 0.5482702327551958, "mse": 0.18097848924685309, "N": 4385, "over_prob": 0.0, "under_prob": 0.03717135086128742, "over_counts": {"0": 2206}, "under_counts": {"0": 2124, "1": 43, "2": 21, "4": 5, "3": 5, "5": 3, "9": 2, "7": 2, "11": 1}, "avg_over_mag": 0.0, "avg_under_mag": 2.1707317073170733, "avg_over": 0.0, "avg_under": 2.1707317073170733}], [[0.8500000000000001, 0.9], {"acc": 0.8467956010618126, "nll": 0.48042112167099194, "mse": 0.1511330536465407, "N": 2637, "over_prob": 0.9516003122560499, "under_prob": 0.0, "over_counts": {"1": 663, "2": 299, "3": 117, "4": 73, "0": 62, "5": 25, "6": 17, "7": 11, "8": 4, "9": 3, "11": 2, "16": 1, "13": 1, "10": 1, "17": 1, "12": 1}, "under_counts": {"0": 1281}, "avg_over_mag": 1.933552091878589, "avg_under_mag": 0.0, "avg_over": 1.933552091878589, "avg_under": 0.0}], [[0.9, 0.9500000000000001], {"acc": 0.903173311635476, "nll": 0.4164163089013684, "mse": 0.123371605409964, "N": 1229, "over_prob": 0.8890784982935154, "under_prob": 0.0, "over_counts": {"1": 306, "2": 121, "0": 65, "3": 44, "4": 17, "5": 14, "6": 12, "12": 2, "8": 2, "11": 1, "7": 1, "9": 1}, "under_counts": {"0": 586}, "avg_over_mag": 1.836852207293666, "avg_under_mag": 0.0, "avg_over": 1.836852207293666, "avg_under": 0.0}], [[0.9500000000000001, 1.0], {"acc": 0.9383259911894273, "nll": 0.32139533481991495, "mse": 0.08956694557213321, "N": 227, "over_prob": 0.740506329113924, "under_prob": 0.0, "over_counts": {"1": 92, "0": 41, "2": 20, "3": 4, "5": 1}, "under_counts": {"0": 158}, "avg_over_mag": 1.2735042735042734, "avg_under_mag": 0.0, "avg_over": 1.2735042735042734, "avg_under": 0.0}]]}