{"auc": 0.6669426054765408, "over_prob": 0.17390545961974535, "under_prob": 0.06724228152799583, "over_counts": {"0": 9472, "1": 973, "2": 624, "3": 157, "4": 87, "5": 55, "6": 21, "8": 20, "7": 19, "9": 16, "10": 9, "13": 5, "14": 3, "11": 2, "19": 1, "16": 1, "12": 1}, "under_counts": {"0": 10695, "1": 458, "2": 152, "3": 71, "4": 39, "5": 20, "6": 9, "7": 5, "9": 5, "10": 4, "8": 4, "12": 1, "13": 1, "16": 1, "11": 1}, "avg_over_mag": 2.078234704112337, "avg_under_mag": 1.9312581063553826, "avg_over": 2.078234704112337, "avg_under": 1.9312581063553826, "acc": 0.7366410428328629, "nll": 0.5459219873559183, "mse": 0.18258859779331807, "metrics_by_prob": [[[0.0, 0.05], {"acc": 1.0, "nll": 0.3070663202641671, "mse": 0.07830590290914179, "N": 3, "over_prob": 0.0, "under_prob": 0.0, "over_counts": {"0": 2}, "under_counts": {"0": 2}, "avg_over_mag": 0.0, "avg_under_mag": 0.0, "avg_over": 0.0, "avg_under": 0.0}], [[0.05, 0.1], {"acc": 0.6875, "nll": 0.6274091912205232, "mse": 0.21907936134688183, "N": 16, "over_prob": 0.0, "under_prob": 0.0, "over_counts": {"0": 6}, "under_counts": {"0": 6}, "avg_over_mag": 0.0, "avg_under_mag": 0.0, "avg_over": 0.0, "avg_under": 0.0}], [[0.1, 0.15000000000000002], {"acc": 0.3953488372093023, "nll": 0.8347395116176086, "mse": 0.31459615061203205, "N": 43, "over_prob": 0.0, "under_prob": 0.0, "over_counts": {"0": 20}, "under_counts": {"0": 20}, "avg_over_mag": 0.0, "avg_under_mag": 0.0, "avg_over": 0.0, "avg_under": 0.0}], [[0.15000000000000002, 0.2], {"acc": 0.25, "nll": 0.8558737563787117, "mse": 0.32594980891625724, "N": 64, "over_prob": 0.0, "under_prob": 0.0, "over_counts": {"0": 49}, "under_counts": {"0": 49}, "avg_over_mag": 0.0, "avg_under_mag": 0.0, "avg_over": 0.0, "avg_under": 0.0}], [[0.2, 0.25], {"acc": 0.389937106918239, "nll": 0.8093263414068069, "mse": 0.3037848492426155, "N": 159, "over_prob": 0.0, "under_prob": 0.008620689655172376, "over_counts": {"0": 116}, "under_counts": {"0": 115, "1": 1}, "avg_over_mag": 0.0, "avg_under_mag": 1.0, "avg_over": 0.0, "avg_under": 1.0}], [[0.25, 0.30000000000000004], {"acc": 0.4984520123839009, "nll": 0.7295305857539286, "mse": 0.2664022393156339, "N": 323, "over_prob": 0.0, "under_prob": 0.0, "over_counts": {"0": 222}, "under_counts": {"0": 222}, "avg_over_mag": 0.0, "avg_under_mag": 0.0, "avg_over": 0.0, "avg_under": 0.0}], [[0.30000000000000004, 0.35000000000000003], {"acc": 0.47282608695652173, "nll": 0.7577842487675533, "mse": 0.278784176793177, "N": 552, "over_prob": 0.0, "under_prob": 0.00512820512820511, "over_counts": {"0": 390}, "under_counts": {"0": 388, "1": 2}, "avg_over_mag": 0.0, "avg_under_mag": 1.0, "avg_over": 0.0, "avg_under": 1.0}], [[0.35000000000000003, 0.4], {"acc": 0.47167630057803467, "nll": 0.7398522240480319, "mse": 0.2714551691093941, "N": 865, "over_prob": 0.0, "under_prob": 0.012544802867383464, "over_counts": {"0": 558}, "under_counts": {"0": 551, "1": 7}, "avg_over_mag": 0.0, "avg_under_mag": 1.0, "avg_over": 0.0, "avg_under": 1.0}], [[0.4, 0.45], {"acc": 0.4687264506405426, "nll": 0.7494753896472923, "mse": 0.27563444658845154, "N": 1327, "over_prob": 0.0, "under_prob": 0.005896226415094352, "over_counts": {"0": 848}, "under_counts": {"0": 843, "1": 5}, "avg_over_mag": 0.0, "avg_under_mag": 1.0, "avg_over": 0.0, "avg_under": 1.0}], [[0.45, 0.5], {"acc": 0.4862932061978546, "nll": 0.7431479526133608, "mse": 0.27236864129948285, "N": 1678, "over_prob": 0.0, "under_prob": 0.010073260073260037, "over_counts": {"0": 1092}, "under_counts": {"0": 1081, "1": 11}, "avg_over_mag": 0.0, "avg_under_mag": 1.0, "avg_over": 0.0, "avg_under": 1.0}], [[0.5, 0.55], {"acc": 0.5183547103051747, "nll": 0.7363943280246394, "mse": 0.26877433731613287, "N": 2261, "over_prob": 0.0, "under_prob": 0.01075991930060527, "over_counts": {"0": 1487}, "under_counts": {"0": 1471, "1": 14, "2": 1, "3": 1}, "avg_over_mag": 0.0, "avg_under_mag": 1.1875, "avg_over": 0.0, "avg_under": 1.1875}], [[0.55, 0.6000000000000001], {"acc": 0.5820395738203957, "nll": 0.6951300470242322, "mse": 0.24932388966787827, "N": 3285, "over_prob": 0.0, "under_prob": 0.01023255813953483, "over_counts": {"0": 2150}, "under_counts": {"0": 2128, "1": 20, "3": 1, "2": 1}, "avg_over_mag": 0.0, "avg_under_mag": 1.1363636363636365, "avg_over": 0.0, "avg_under": 1.1363636363636365}], [[0.6000000000000001, 0.65], {"acc": 0.61622852411509, "nll": 0.6797295221403444, "mse": 0.24206561031133536, "N": 4831, "over_prob": 0.0, "under_prob": 0.01641497045305318, "over_counts": {"0": 3046}, "under_counts": {"0": 2996, "1": 48, "2": 1, "3": 1}, "avg_over_mag": 0.0, "avg_under_mag": 1.06, "avg_over": 0.0, "avg_under": 1.06}], [[0.65, 0.7000000000000001], {"acc": 0.6653936545240893, "nll": 0.6476858334127144, "mse": 0.22660110637279815, "N": 6808, "over_prob": 0.0, "under_prob": 0.020388111029231104, "over_counts": {"0": 4071}, "under_counts": {"0": 3988, "1": 77, "2": 5, "3": 1}, "avg_over_mag": 0.0, "avg_under_mag": 1.0843373493975903, "avg_over": 0.0, "avg_under": 1.0843373493975903}], [[0.7000000000000001, 0.75], {"acc": 0.7289079229122055, "nll": 0.5928588881255391, "mse": 0.20097544394818026, "N": 9340, "over_prob": 0.0, "under_prob": 0.031100478468899517, "over_counts": {"0": 5016}, "under_counts": {"0": 4860, "1": 142, "2": 12, "3": 2}, "avg_over_mag": 0.0, "avg_under_mag": 1.1025641025641026, "avg_over": 0.0, "avg_under": 1.1025641025641026}], [[0.75, 0.8], {"acc": 0.7752671755725191, "nll": 0.5401863937007997, "mse": 0.1769758915935033, "N": 9825, "over_prob": 0.0, "under_prob": 0.04711838006230529, "over_counts": {"0": 5136}, "under_counts": {"0": 4894, "1": 206, "2": 25, "4": 5, "3": 5, "12": 1}, "avg_over_mag": 0.0, "avg_under_mag": 1.2520661157024793, "avg_over": 0.0, "avg_under": 1.2520661157024793}], [[0.8, 0.8500000000000001], {"acc": 0.8328449053201082, "nll": 0.464386653817111, "mse": 0.1437678042196054, "N": 8872, "over_prob": 0.0, "under_prob": 0.13999055712936737, "over_counts": {"0": 4236}, "under_counts": {"0": 3643, "1": 469, "2": 82, "3": 22, "4": 11, "5": 4, "7": 2, "9": 2, "6": 1}, "avg_over_mag": 0.0, "avg_under_mag": 1.3507588532883643, "avg_over": 0.0, "avg_under": 1.3507588532883643}], [[0.8500000000000001, 0.9], {"acc": 0.8762297261366658, "nll": 0.38221438505076555, "mse": 0.11100221665939908, "N": 7522, "over_prob": 0.5221040850587577, "under_prob": 0.0, "over_counts": {"0": 1708, "1": 959, "2": 551, "3": 145, "4": 78, "5": 49, "6": 23, "8": 17, "7": 17, "9": 14, "13": 6, "10": 4, "11": 2, "19": 1}, "under_counts": {"0": 3574}, "avg_over_mag": 1.9994640943193998, "avg_under_mag": 0.0, "avg_over": 1.9994640943193998, "avg_under": 0.0}], [[0.9, 0.9500000000000001], {"acc": 0.9207987815197157, "nll": 0.28387281242174245, "mse": 0.07454104056894702, "N": 5909, "over_prob": 0.10029876227059331, "under_prob": 0.0, "over_counts": {"0": 2108, "1": 140, "2": 56, "3": 19, "4": 8, "5": 8, "8": 2, "9": 1, "7": 1}, "under_counts": {"0": 2343}, "avg_over_mag": 1.7574468085106383, "avg_under_mag": 0.0, "avg_over": 1.7574468085106383, "avg_under": 0.0}], [[0.9500000000000001, 1.0], {"acc": 0.9533333333333334, "nll": 0.1934174716134811, "mse": 0.04511481763775452, "N": 450, "over_prob": 0.0, "under_prob": 0.0, "over_counts": {"0": 215}, "under_counts": {"0": 215}, "avg_over_mag": 0.0, "avg_under_mag": 0.0, "avg_over": 0.0, "avg_under": 0.0}]]}