{"over_prob": 0.5475192943770673, "under_prob": 0.3536934950385887, "over_counts": {"0": 2052, "1": 924, "2": 447, "3": 299, "4": 180, "5": 132, "6": 89, "7": 87, "8": 75, "9": 40, "10": 34, "11": 27, "13": 27, "12": 24, "17": 17, "15": 14, "14": 12, "18": 9, "19": 9, "16": 7, "26": 4, "22": 4, "23": 3, "20": 3, "36": 3, "45": 2, "39": 2, "21": 1, "33": 1, "70": 1, "48": 1, "29": 1, "27": 1, "43": 1, "41": 1, "30": 1}, "under_counts": {"0": 2931, "1": 936, "2": 342, "3": 154, "4": 66, "5": 38, "6": 30, "7": 11, "8": 6, "9": 5, "11": 5, "10": 4, "12": 2, "23": 2, "13": 1, "15": 1, "16": 1}, "avg_over_mag": 3.836085380587998, "avg_under_mag": 1.9295511221945136, "avg_over": 3.836085380587998, "avg_under": 1.9295511221945136, "acc": 0.7458375186436551, "auc": 0.5764105072947481, "nll": 0.5964517623614639, "mse": 0.19313174778012268, "metrics_by_prob": [[[0.0, 0.05], {"acc": 0.8333333333333334, "nll": 0.31785141334657696, "mse": 0.09087462051620565, "N": 6, "over_prob": 0.0, "under_prob": 0.0, "over_counts": {"0": 4}, "under_counts": {"0": 4}, "avg_over_mag": 0.0, "avg_under_mag": 0.0, "avg_over": 0.0, "avg_under": 0.0}], [[0.05, 0.1], {"acc": 0.7, "nll": 0.8080673217692101, "mse": 0.2694122490186396, "N": 20, "over_prob": 0.0, "under_prob": 0.0714285714285714, "over_counts": {"0": 14}, "under_counts": {"0": 13, "1": 1}, "avg_over_mag": 0.0, "avg_under_mag": 1.0, "avg_over": 0.0, "avg_under": 1.0}], [[0.1, 0.15000000000000002], {"acc": 0.5526315789473685, "nll": 0.9401096198863756, "mse": 0.3099809551327633, "N": 38, "over_prob": 0.0, "under_prob": 0.1724137931034483, "over_counts": {"0": 29}, "under_counts": {"0": 24, "1": 5}, "avg_over_mag": 0.0, "avg_under_mag": 1.0, "avg_over": 0.0, "avg_under": 1.0}], [[0.15000000000000002, 0.2], {"acc": 0.4827586206896552, "nll": 0.8280696520507829, "mse": 0.29274885648350835, "N": 58, "over_prob": 0.0, "under_prob": 0.07547169811320753, "over_counts": {"0": 53}, "under_counts": {"0": 49, "1": 4}, "avg_over_mag": 0.0, "avg_under_mag": 1.0, "avg_over": 0.0, "avg_under": 1.0}], [[0.2, 0.25], {"acc": 0.4482758620689655, "nll": 0.8764415639597144, "mse": 0.2990009969311164, "N": 87, "over_prob": 0.0, "under_prob": 0.09210526315789469, "over_counts": {"0": 76}, "under_counts": {"0": 69, "1": 7}, "avg_over_mag": 0.0, "avg_under_mag": 1.0, "avg_over": 0.0, "avg_under": 1.0}], [[0.25, 0.30000000000000004], {"acc": 0.43333333333333335, "nll": 0.970004166040272, "mse": 0.33642669857021457, "N": 150, "over_prob": 0.0, "under_prob": 0.13953488372093026, "over_counts": {"0": 129}, "under_counts": {"0": 111, "1": 17, "2": 1}, "avg_over_mag": 0.0, "avg_under_mag": 1.0555555555555556, "avg_over": 0.0, "avg_under": 1.0555555555555556}], [[0.30000000000000004, 0.35000000000000003], {"acc": 0.38113207547169814, "nll": 0.9090124220659594, "mse": 0.31629359000576374, "N": 265, "over_prob": 0.0, "under_prob": 0.0669642857142857, "over_counts": {"0": 224}, "under_counts": {"0": 209, "1": 15}, "avg_over_mag": 0.0, "avg_under_mag": 1.0, "avg_over": 0.0, "avg_under": 1.0}], [[0.35000000000000003, 0.4], {"acc": 0.4253521126760563, "nll": 0.9375766678379925, "mse": 0.3272235603199662, "N": 355, "over_prob": 0.0, "under_prob": 0.10996563573883167, "over_counts": {"0": 291}, "under_counts": {"0": 259, "1": 31, "2": 1}, "avg_over_mag": 0.0, "avg_under_mag": 1.03125, "avg_over": 0.0, "avg_under": 1.03125}], [[0.4, 0.45], {"acc": 0.4352226720647773, "nll": 0.8234391584077407, "mse": 0.2956161300422113, "N": 494, "over_prob": 0.0, "under_prob": 0.10886075949367091, "over_counts": {"0": 395}, "under_counts": {"0": 352, "1": 43}, "avg_over_mag": 0.0, "avg_under_mag": 1.0, "avg_over": 0.0, "avg_under": 1.0}], [[0.45, 0.5], {"acc": 0.4938461538461538, "nll": 0.8404048673531949, "mse": 0.2941085719181415, "N": 650, "over_prob": 0.0, "under_prob": 0.11764705882352944, "over_counts": {"0": 510}, "under_counts": {"0": 450, "1": 57, "2": 3}, "avg_over_mag": 0.0, "avg_under_mag": 1.05, "avg_over": 0.0, "avg_under": 1.05}], [[0.5, 0.55], {"acc": 0.5262605042016807, "nll": 0.8299863674807196, "mse": 0.2888909930991423, "N": 952, "over_prob": 0.0, "under_prob": 0.17902097902097902, "over_counts": {"0": 715}, "under_counts": {"0": 587, "1": 125, "2": 3}, "avg_over_mag": 0.0, "avg_under_mag": 1.0234375, "avg_over": 0.0, "avg_under": 1.0234375}], [[0.55, 0.6000000000000001], {"acc": 0.5536679536679536, "nll": 0.7814475824712122, "mse": 0.2718569452732743, "N": 1295, "over_prob": 0.0, "under_prob": 0.1674311926605505, "over_counts": {"0": 872}, "under_counts": {"0": 726, "1": 131, "2": 14, "3": 1}, "avg_over_mag": 0.0, "avg_under_mag": 1.1095890410958904, "avg_over": 0.0, "avg_under": 1.1095890410958904}], [[0.6000000000000001, 0.65], {"acc": 0.5888951205832866, "nll": 0.7574558275859989, "mse": 0.26050653516717875, "N": 1783, "over_prob": 0.0, "under_prob": 0.18673647469458987, "over_counts": {"0": 1146}, "under_counts": {"0": 932, "1": 195, "2": 14, "3": 2, "4": 2, "6": 1}, "avg_over_mag": 0.0, "avg_under_mag": 1.1355140186915889, "avg_over": 0.0, "avg_under": 1.1355140186915889}], [[0.65, 0.7000000000000001], {"acc": 0.6440157825515125, "nll": 0.7230857009066627, "mse": 0.24283946276896884, "N": 2281, "over_prob": 0.0, "under_prob": 0.20185614849187938, "over_counts": {"0": 1293}, "under_counts": {"0": 1032, "1": 226, "2": 24, "3": 8, "4": 2, "5": 1}, "avg_over_mag": 0.0, "avg_under_mag": 1.1915708812260537, "avg_over": 0.0, "avg_under": 1.1915708812260537}], [[0.7000000000000001, 0.75], {"acc": 0.6898979232664555, "nll": 0.6658369650266419, "mse": 0.2213931208277119, "N": 2841, "over_prob": 0.0, "under_prob": 0.2527401676337847, "over_counts": {"0": 1551}, "under_counts": {"0": 1159, "1": 335, "2": 43, "3": 10, "4": 3, "5": 1}, "avg_over_mag": 0.0, "avg_under_mag": 1.1938775510204083, "avg_over": 0.0, "avg_under": 1.1938775510204083}], [[0.75, 0.8], {"acc": 0.723224043715847, "nll": 0.6648836451037058, "mse": 0.2145879913206486, "N": 3660, "over_prob": 0.0, "under_prob": 0.2898230088495575, "over_counts": {"0": 1808}, "under_counts": {"0": 1284, "1": 416, "2": 81, "3": 20, "4": 6, "7": 1}, "avg_over_mag": 0.0, "avg_under_mag": 1.2767175572519085, "avg_over": 0.0, "avg_under": 1.2767175572519085}], [[0.8, 0.8500000000000001], {"acc": 0.781148429035753, "nll": 0.5785493263351476, "mse": 0.1854889837669259, "N": 4615, "over_prob": 0.0, "under_prob": 0.3345989558614143, "over_counts": {"0": 2107}, "under_counts": {"0": 1402, "1": 542, "2": 123, "3": 31, "4": 7, "6": 2}, "avg_over_mag": 0.0, "avg_under_mag": 1.3063829787234043, "avg_over": 0.0, "avg_under": 1.3063829787234043}], [[0.8500000000000001, 0.9], {"acc": 0.8347826086956521, "nll": 0.5087265786658719, "mse": 0.15698025239785351, "N": 5405, "over_prob": 0.8451612903225807, "under_prob": 0.0, "over_counts": {"1": 927, "2": 400, "0": 336, "3": 206, "4": 119, "5": 68, "6": 36, "7": 23, "8": 20, "9": 9, "10": 8, "11": 5, "12": 4, "17": 2, "13": 2, "18": 1, "24": 1, "15": 1, "21": 1, "16": 1}, "under_counts": {"0": 2170}, "avg_over_mag": 2.2442748091603053, "avg_under_mag": 0.0, "avg_over": 2.2442748091603053, "avg_under": 0.0}], [[0.9, 0.9500000000000001], {"acc": 0.8831394339295017, "nll": 0.42700681022371195, "mse": 0.12690239263564299, "N": 5759, "over_prob": 0.8163054695562435, "under_prob": 0.0, "over_counts": {"1": 733, "0": 356, "2": 322, "3": 185, "4": 114, "5": 78, "6": 50, "7": 30, "8": 20, "9": 11, "11": 10, "10": 10, "16": 3, "13": 3, "14": 2, "12": 2, "20": 2, "23": 2, "18": 1, "17": 1, "25": 1, "15": 1, "21": 1}, "under_counts": {"0": 1938}, "avg_over_mag": 2.5777496839443743, "avg_under_mag": 0.0, "avg_over": 2.5777496839443743, "avg_under": 0.0}], [[0.9500000000000001, 1.0], {"acc": 0.9331463300607761, "nll": 0.3454617052909896, "mse": 0.09416141470201486, "N": 2139, "over_prob": 0.720098643649815, "under_prob": 0.0, "over_counts": {"1": 323, "0": 227, "2": 127, "3": 42, "4": 32, "5": 15, "6": 13, "8": 9, "7": 6, "9": 4, "12": 3, "11": 3, "16": 2, "10": 1, "24": 1, "23": 1, "21": 1, "18": 1},