{"acc": 0.6945958757999526, "auc": 0.6906972887889375, "nll": 0.6250181562432131, "mse": 0.2067519344909439}