{"over_prob": 0.004822256568778993, "under_prob": 0.052488408037094314, "over_counts": {"0": 16097, "1": 27, "3": 14, "2": 14, "4": 6, "6": 3, "5": 3, "11": 2, "7": 2, "10": 2, "8": 2, "15": 1, "20": 1, "9": 1}, "under_counts": {"0": 15326, "1": 601, "2": 147, "3": 48, "4": 31, "5": 9, "6": 6, "8": 3, "11": 2, "7": 2}, "avg_over_mag": 3.4615384615384617, "avg_under_mag": 1.535924617196702, "avg_over": 3.4615384615384617, "avg_under": 1.535924617196702, "acc": 0.5909081169109454, "auc": 0.6146589774289468, "nll": 0.6718772603835117, "mse": 0.23906158406646208, "metrics_by_prob": [[[0.0, 0.05], {"acc": 1.0, "nll": 0.08572477171320342, "mse": 0.006992726267217779, "N": 15, "over_prob": 0.0, "under_prob": 0.0, "over_counts": {"0": 5}, "under_counts": {"0": 5}, "avg_over_mag": 0.0, "avg_under_mag": 0.0, "avg_over": 0.0, "avg_under": 0.0}], [[0.05, 0.1], {"acc": 0.9230769230769231, "nll": 0.29564682786604585, "mse": 0.08095708710845544, "N": 39, "over_prob": 0.0, "under_prob": 0.0, "over_counts": {"0": 8}, "under_counts": {"0": 8}, "avg_over_mag": 0.0, "avg_under_mag": 0.0, "avg_over": 0.0, "avg_under": 0.0}], [[0.1, 0.15000000000000002], {"acc": 0.8773006134969326, "nll": 0.37558772095498083, "mse": 0.10877575754845004, "N": 326, "over_prob": 0.0, "under_prob": 0.0, "over_counts": {"0": 58}, "under_counts": {"0": 58}, "avg_over_mag": 0.0, "avg_under_mag": 0.0, "avg_over": 0.0, "avg_under": 0.0}], [[0.15000000000000002, 0.2], {"acc": 0.8414096916299559, "nll": 0.4778697925395213, "mse": 0.14573429350000525, "N": 227, "over_prob": 0.0, "under_prob": 0.0, "over_counts": {"0": 101}, "under_counts": {"0": 101}, "avg_over_mag": 0.0, "avg_under_mag": 0.0, "avg_over": 0.0, "avg_under": 0.0}], [[0.2, 0.25], {"acc": 0.7676348547717843, "nll": 0.5425903188812512, "mse": 0.17882249937101724, "N": 482, "over_prob": 0.0, "under_prob": 0.0, "over_counts": {"0": 165}, "under_counts": {"0": 165}, "avg_over_mag": 0.0, "avg_under_mag": 0.0, "avg_over": 0.0, "avg_under": 0.0}], [[0.25, 0.30000000000000004], {"acc": 0.7145782145782146, "nll": 0.6050677224693543, "mse": 0.20704706631934497, "N": 2442, "over_prob": 0.0, "under_prob": 0.0, "over_counts": {"0": 525}, "under_counts": {"0": 525}, "avg_over_mag": 0.0, "avg_under_mag": 0.0, "avg_over": 0.0, "avg_under": 0.0}], [[0.30000000000000004, 0.35000000000000003], {"acc": 0.6621860629642731, "nll": 0.6425197104624477, "mse": 0.22503435494544705, "N": 2827, "over_prob": 0.0, "under_prob": 0.0, "over_counts": {"0": 1148}, "under_counts": {"0": 1148}, "avg_over_mag": 0.0, "avg_under_mag": 0.0, "avg_over": 0.0, "avg_under": 0.0}], [[0.35000000000000003, 0.4], {"acc": 0.5926402943882245, "nll": 0.6819779502200716, "mse": 0.24397910516067917, "N": 5435, "over_prob": 0.0, "under_prob": 0.0, "over_counts": {"0": 2010}, "under_counts": {"0": 2010}, "avg_over_mag": 0.0, "avg_under_mag": 0.0, "avg_over": 0.0, "avg_under": 0.0}], [[0.4, 0.45], {"acc": 0.5548245614035088, "nll": 0.6883488073950758, "mse": 0.24743695890488848, "N": 8208, "over_prob": 0.0, "under_prob": 0.0007399186089530607, "over_counts": {"0": 2703}, "under_counts": {"0": 2701, "1": 2}, "avg_over_mag": 0.0, "avg_under_mag": 1.0, "avg_over": 0.0, "avg_under": 1.0}], [[0.45, 0.5], {"acc": 0.5029308323563892, "nll": 0.7031301533401522, "mse": 0.2546878545980861, "N": 12795, "over_prob": 0.0, "under_prob": 0.0010709504685407767, "over_counts": {"0": 3735}, "under_counts": {"0": 3731, "1": 4}, "avg_over_mag": 0.0, "avg_under_mag": 1.0, "avg_over": 0.0, "avg_under": 1.0}], [[0.5, 0.55], {"acc": 0.5242993197278911, "nll": 0.6984144877094216, "mse": 0.25232528493385437, "N": 18375, "over_prob": 0.0, "under_prob": 0.005696382796923971, "over_counts": {"0": 3511}, "under_counts": {"0": 3491, "1": 19, "2": 1}, "avg_over_mag": 0.0, "avg_under_mag": 1.05, "avg_over": 0.0, "avg_under": 1.05}], [[0.55, 0.6000000000000001], {"acc": 0.579442200908632, "nll": 0.6875588808838206, "mse": 0.24665876076824392, "N": 15848, "over_prob": 0.0, "under_prob": 0.013286934514394222, "over_counts": {"0": 3161}, "under_counts": {"0": 3119, "1": 39, "2": 3}, "avg_over_mag": 0.0, "avg_under_mag": 1.0714285714285714, "avg_over": 0.0, "avg_under": 1.0714285714285714}], [[0.6000000000000001, 0.65], {"acc": 0.6116341940896802, "nll": 0.6778297781087005, "mse": 0.24120618953273842, "N": 10727, "over_prob": 0.0, "under_prob": 0.035329744279946174, "over_counts": {"0": 2972}, "under_counts": {"0": 2867, "1": 98, "4": 3, "2": 3, "3": 1}, "avg_over_mag": 0.0, "avg_under_mag": 1.1333333333333333, "avg_over": 0.0, "avg_under": 1.1333333333333333}], [[0.65, 0.7000000000000001], {"acc": 0.662834187560604, "nll": 0.6558917468324436, "mse": 0.22925104605329844, "N": 7219, "over_prob": 0.0, "under_prob": 0.08437499999999998, "over_counts": {"0": 2240}, "under_counts": {"0": 2051, "1": 165, "2": 18, "4": 2, "3": 2, "7": 1, "5": 1}, "avg_over_mag": 0.0, "avg_under_mag": 1.2010582010582012, "avg_over": 0.0, "avg_under": 1.2010582010582012}], [[0.7000000000000001, 0.75], {"acc": 0.7172185430463576, "nll": 0.6109528919373827, "mse": 0.2083951728097803, "N": 4530, "over_prob": 0.0, "under_prob": 0.15030467163168582, "over_counts": {"0": 1477}, "under_counts": {"0": 1255, "1": 167, "2": 37, "3": 11, "4": 5, "10": 1, "8": 1}, "avg_over_mag": 0.0, "avg_under_mag": 1.4054054054054055, "avg_over": 0.0, "avg_under": 1.4054054054054055}], [[0.75, 0.8], {"acc": 0.7645211930926217, "nll": 0.5637248755038211, "mse": 0.18546417154584782, "N": 2548, "over_prob": 0.0, "under_prob": 0.2767295597484277, "over_counts": {"0": 795}, "under_counts": {"0": 575, "1": 143, "2": 44, "3": 20, "4": 9, "11": 1, "8": 1, "5": 1, "6": 1}, "avg_over_mag": 0.0, "avg_under_mag": 1.6227272727272728, "avg_over": 0.0, "avg_under": 1.6227272727272728}], [[0.8, 0.8500000000000001], {"acc": 0.8040865384615384, "nll": 0.5144812780520002, "mse": 0.16340657272099846, "N": 832, "over_prob": 0.0, "under_prob": 0.42086330935251803, "over_counts": {"0": 278}, "under_counts": {"0": 161, "1": 57, "2": 41, "3": 9, "4": 6, "6": 2, "8": 1, "7": 1}, "avg_over_mag": 0.0, "avg_under_mag": 1.8547008547008548, "avg_over": 0.0, "avg_under": 1.8547008547008548}], [[0.8500000000000001, 0.9], {"acc": 0.8393351800554016, "nll": 0.4731206151306438, "mse": 0.14493534263490804, "N": 361, "over_prob": 0.7777777777777778, "under_prob": 0.0, "over_counts": {"1": 28, "0": 22, "2": 18, "3": 11, "4": 4, "6": 4, "5": 3, "10": 2, "8": 2, "11": 1, "15": 1, "20": 1, "9": 1, "7": 1}, "under_counts": {"0": 99}, "avg_over_mag": 3.2467532467532467, "avg_under_mag": 0.0, "avg_over": 3.2467532467532467, "avg_under": 0.0}], [[0.9, 0.9500000000000001], {"acc": 0.9615384615384616, "nll": 0.2046482802017229, "mse": 0.049787569183545356, "N": 78, "over_prob": 0.3913043478260869, "under_prob": 0.0, "over_counts": {"0": 14, "1": 5, "5": 1, "2": 1, "3": 1, "4": 1}, "under_counts": {"0": 23}, "avg_over_mag": 2.111111111111111, "avg_under_mag": 0.0, "avg_over": 2.111111111111111, "avg_under": 0.0}], [[0.9500000000000001, 1.0], {"acc": 0.9545454545454546, "nll": 0.15773639975871384, "mse": 0.04064396543333082, "N": 22, "over_prob": 0.33333333333333337, "under_prob": 0.0, "over_counts": {"0": 2, "1": 1}, "under_counts": {"0": 3}, "avg_over_mag": 1.0, "avg_under_mag": 0.0, "avg_over": 1.0, "avg_under": 0.0}]]}