{"auc": 0.6594120647552726, "over_prob": 0.056086625496996834, "under_prob": 0.0885711868708231, "over_counts": {"0": 11158, "1": 580, "2": 35, "3": 18, "5": 13, "4": 11, "6": 4, "7": 2}, "under_counts": {"0": 10774, "1": 938, "2": 77, "3": 21, "4": 10, "5": 1}, "avg_over_mag": 1.2835595776772248, "avg_under_mag": 1.146131805157593, "avg_over": 1.2835595776772248, "avg_under": 1.146131805157593, "acc": 0.8073477099292978, "nll": 0.46622707386426687, "mse": 0.14802282721257098, "metrics_by_prob": [[[0.0, 0.05], {"acc": NaN, "nll": NaN, "mse": NaN, "N": 0}], [[0.05, 0.1], {"acc": NaN, "nll": NaN, "mse": NaN, "N": 0}], [[0.1, 0.15000000000000002], {"acc": NaN, "nll": NaN, "mse": NaN, "N": 0}], [[0.15000000000000002, 0.2], {"acc": NaN, "nll": NaN, "mse": NaN, "N": 0}], [[0.2, 0.25], {"acc": NaN, "nll": NaN, "mse": NaN, "N": 0}], [[0.25, 0.30000000000000004], {"acc": NaN, "nll": NaN, "mse": NaN, "N": 0}], [[0.30000000000000004, 0.35000000000000003], {"acc": 0.7, "nll": 0.6134875689733784, "mse": 0.21116231028098348, "N": 230, "over_prob": 0.0, "under_prob": 0.0, "over_counts": {"0": 230}, "under_counts": {"0": 230}, "avg_over_mag": 0.0, "avg_under_mag": 0.0, "avg_over": 0.0, "avg_under": 0.0}], [[0.35000000000000003, 0.4], {"acc": 0.6923076923076923, "nll": 0.6288382445150974, "mse": 0.21835724209789759, "N": 26, "over_prob": 0.0, "under_prob": 0.0, "over_counts": {"0": 26}, "under_counts": {"0": 26}, "avg_over_mag": 0.0, "avg_under_mag": 0.0, "avg_over": 0.0, "avg_under": 0.0}], [[0.4, 0.45], {"acc": 0.5427509293680297, "nll": 0.6884401439443931, "mse": 0.24765438082185237, "N": 269, "over_prob": 0.0, "under_prob": 0.0, "over_counts": {"0": 269}, "under_counts": {"0": 269}, "avg_over_mag": 0.0, "avg_under_mag": 0.0, "avg_over": 0.0, "avg_under": 0.0}], [[0.45, 0.5], {"acc": 0.4855072463768116, "nll": 0.6954193463432549, "mse": 0.25113510479235657, "N": 276, "over_prob": 0.0, "under_prob": 0.0, "over_counts": {"0": 276}, "under_counts": {"0": 276}, "avg_over_mag": 0.0, "avg_under_mag": 0.0, "avg_over": 0.0, "avg_under": 0.0}], [[0.5, 0.55], {"acc": 0.5352112676056338, "nll": 0.6926360887700882, "mse": 0.24974241728918192, "N": 213, "over_prob": 0.0, "under_prob": 0.0, "over_counts": {"0": 213}, "under_counts": {"0": 213}, "avg_over_mag": 0.0, "avg_under_mag": 0.0, "avg_over": 0.0, "avg_under": 0.0}], [[0.55, 0.6000000000000001], {"acc": 0.6095836606441477, "nll": 0.6675262917853519, "mse": 0.23731173822673193, "N": 1273, "over_prob": 0.0, "under_prob": 0.0, "over_counts": {"0": 1273}, "under_counts": {"0": 1273}, "avg_over_mag": 0.0, "avg_under_mag": 0.0, "avg_over": 0.0, "avg_under": 0.0}], [[0.6000000000000001, 0.65], {"acc": 0.6215780998389694, "nll": 0.6636092368883747, "mse": 0.23536991294653972, "N": 1863, "over_prob": 0.0, "under_prob": 0.0, "over_counts": {"0": 1704}, "under_counts": {"0": 1704}, "avg_over_mag": 0.0, "avg_under_mag": 0.0, "avg_over": 0.0, "avg_under": 0.0}], [[0.65, 0.7000000000000001], {"acc": 0.6690856313497823, "nll": 0.6352253405290472, "mse": 0.22158322371737066, "N": 3445, "over_prob": 0.0, "under_prob": 0.0, "over_counts": {"0": 3072}, "under_counts": {"0": 3072}, "avg_over_mag": 0.0, "avg_under_mag": 0.0, "avg_over": 0.0, "avg_under": 0.0}], [[0.7000000000000001, 0.75], {"acc": 0.7342462703184146, "nll": 0.5787052921991659, "mse": 0.19501886289030704, "N": 8982, "over_prob": 0.0, "under_prob": 0.0, "over_counts": {"0": 5307}, "under_counts": {"0": 5307}, "avg_over_mag": 0.0, "avg_under_mag": 0.0, "avg_over": 0.0, "avg_under": 0.0}], [[0.75, 0.8], {"acc": 0.7798091630854396, "nll": 0.5265444040007563, "mse": 0.17149447505781504, "N": 13729, "over_prob": 0.0, "under_prob": 0.0, "over_counts": {"0": 6328}, "under_counts": {"0": 6328}, "avg_over_mag": 0.0, "avg_under_mag": 0.0, "avg_over": 0.0, "avg_under": 0.0}], [[0.8, 0.8500000000000001], {"acc": 0.828356621036953, "nll": 0.45844290746294, "mse": 0.1421753702539621, "N": 14099, "over_prob": 0.0, "under_prob": 0.18426610348468853, "over_counts": {"0": 5682}, "under_counts": {"0": 4635, "1": 938, "2": 77, "3": 21, "4": 10, "5": 1}, "avg_over_mag": 0.0, "avg_under_mag": 1.146131805157593, "avg_over": 0.0, "avg_under": 1.146131805157593}], [[0.8500000000000001, 0.9], {"acc": 0.8748028539241457, "nll": 0.3774046606849138, "mse": 0.10957798176957687, "N": 13315, "over_prob": 0.1389354568315172, "under_prob": 0.0, "over_counts": {"0": 4109, "1": 580, "2": 35, "3": 18, "5": 13, "4": 11, "6": 4, "7": 2}, "under_counts": {"0": 4772}, "avg_over_mag": 1.2835595776772248, "avg_under_mag": 0.0, "avg_over": 1.2835595776772248, "avg_under": 0.0}], [[0.9, 0.9500000000000001], {"acc": 0.9200915730949526, "nll": 0.27820354527216795, "mse": 0.07347251992912482, "N": 9173, "over_prob": 0.0, "under_prob": 0.0, "over_counts": {"0": 2831}, "under_counts": {"0": 2831}, "avg_over_mag": 0.0, "avg_under_mag": 0.0, "avg_over": 0.0, "avg_under": 0.0}], [[0.9500000000000001, 1.0], {"acc": 0.9544392523364486, "nll": 0.1896523407947086, "mse": 0.04374810782557361, "N": 856, "over_prob": 0.0, "under_prob": 0.0, "over_counts": {"0": 320}, "under_counts": {"0": 320}, "avg_over_mag": 0.0, "avg_under_mag": 0.0, "avg_over": 0.0, "avg_under": 0.0}]]}