{"auc": 0.6523429225004247, "over_prob": 0.4808018068887634, "under_prob": 0.16149068322981364, "over_counts": {"0": 1839, "1": 725, "2": 353, "3": 197, "4": 124, "5": 81, "6": 51, "7": 39, "8": 23, "9": 23, "10": 21, "14": 9, "12": 6, "17": 6, "16": 5, "13": 5, "19": 5, "11": 5, "18": 4, "15": 4, "25": 2, "29": 2, "23": 1, "44": 1, "38": 1, "27": 1, "26": 1, "37": 1, "30": 1, "21": 1, "68": 1, "71": 1, "40": 1, "32": 1, "33": 1}, "under_counts": {"0": 2970, "1": 319, "2": 122, "3": 59, "4": 30, "5": 15, "6": 9, "9": 4, "8": 2, "12": 2, "7": 2, "13": 1, "10": 1, "14": 1, "37": 1, "11": 1, "31": 1, "15": 1, "27": 1}, "avg_over_mag": 3.1873165002935995, "avg_under_mag": 2.1625874125874125, "avg_over": 3.1873165002935995, "avg_under": 2.1625874125874125, "acc": 0.7716283479497511, "nll": 0.5126945825031233, "mse": 0.16762408485738764, "metrics_by_prob": [[[0.0, 0.05], {"acc": 0.6666666666666666, "nll": 0.5016638296498228, "mse": 0.16548787821980926, "N": 3, "over_prob": 0.0, "under_prob": 0.0, "over_counts": {"0": 2}, "under_counts": {"0": 2}, "avg_over_mag": 0.0, "avg_under_mag": 0.0, "avg_over": 0.0, "avg_under": 0.0}], [[0.05, 0.1], {"acc": 0.4, "nll": 0.7482093394520791, "mse": 0.27705275365202026, "N": 10, "over_prob": 0.0, "under_prob": 0.0, "over_counts": {"0": 7}, "under_counts": {"0": 7}, "avg_over_mag": 0.0, "avg_under_mag": 0.0, "avg_over": 0.0, "avg_under": 0.0}], [[0.1, 0.15000000000000002], {"acc": 0.4444444444444444, "nll": 0.8271568235227735, "mse": 0.3116024151601259, "N": 27, "over_prob": 0.0, "under_prob": 0.0, "over_counts": {"0": 22}, "under_counts": {"0": 22}, "avg_over_mag": 0.0, "avg_under_mag": 0.0, "avg_over": 0.0, "avg_under": 0.0}], [[0.15000000000000002, 0.2], {"acc": 0.32, "nll": 0.7991731531134201, "mse": 0.30201075260657595, "N": 50, "over_prob": 0.0, "under_prob": 0.0, "over_counts": {"0": 41}, "under_counts": {"0": 41}, "avg_over_mag": 0.0, "avg_under_mag": 0.0, "avg_over": 0.0, "avg_under": 0.0}], [[0.2, 0.25], {"acc": 0.3, "nll": 0.8597052674558411, "mse": 0.3232401320603997, "N": 80, "over_prob": 0.0, "under_prob": 0.032258064516129004, "over_counts": {"0": 62}, "under_counts": {"0": 60, "1": 2}, "avg_over_mag": 0.0, "avg_under_mag": 1.0, "avg_over": 0.0, "avg_under": 1.0}], [[0.25, 0.30000000000000004], {"acc": 0.37142857142857144, "nll": 0.8028441690932514, "mse": 0.30032734287019786, "N": 140, "over_prob": 0.0, "under_prob": 0.008403361344537785, "over_counts": {"0": 119}, "under_counts": {"0": 118, "1": 1}, "avg_over_mag": 0.0, "avg_under_mag": 1.0, "avg_over": 0.0, "avg_under": 1.0}], [[0.30000000000000004, 0.35000000000000003], {"acc": 0.4215686274509804, "nll": 0.8213342332189846, "mse": 0.30734845273353373, "N": 204, "over_prob": 0.0, "under_prob": 0.02409638554216864, "over_counts": {"0": 166}, "under_counts": {"0": 162, "1": 4}, "avg_over_mag": 0.0, "avg_under_mag": 1.0, "avg_over": 0.0, "avg_under": 1.0}], [[0.35000000000000003, 0.4], {"acc": 0.42366412213740456, "nll": 0.8188262890567246, "mse": 0.3045851467886951, "N": 262, "over_prob": 0.0, "under_prob": 0.03111111111111109, "over_counts": {"0": 225}, "under_counts": {"0": 218, "1": 7}, "avg_over_mag": 0.0, "avg_under_mag": 1.0, "avg_over": 0.0, "avg_under": 1.0}], [[0.4, 0.45], {"acc": 0.4236842105263158, "nll": 0.8104114765140737, "mse": 0.30270690718662824, "N": 380, "over_prob": 0.0, "under_prob": 0.0034965034965035446, "over_counts": {"0": 286}, "under_counts": {"0": 285, "1": 1}, "avg_over_mag": 0.0, "avg_under_mag": 1.0, "avg_over": 0.0, "avg_under": 1.0}], [[0.45, 0.5], {"acc": 0.4961832061068702, "nll": 0.7779655611937321, "mse": 0.2868775196834274, "N": 524, "over_prob": 0.0, "under_prob": 0.007334963325183352, "over_counts": {"0": 409}, "under_counts": {"0": 406, "1": 2, "2": 1}, "avg_over_mag": 0.0, "avg_under_mag": 1.3333333333333333, "avg_over": 0.0, "avg_under": 1.3333333333333333}], [[0.5, 0.55], {"acc": 0.5538674033149171, "nll": 0.756056722866911, "mse": 0.27561102086394285, "N": 724, "over_prob": 0.0, "under_prob": 0.016333938294010864, "over_counts": {"0": 551}, "under_counts": {"0": 542, "1": 6, "2": 3}, "avg_over_mag": 0.0, "avg_under_mag": 1.3333333333333333, "avg_over": 0.0, "avg_under": 1.3333333333333333}], [[0.55, 0.6000000000000001], {"acc": 0.5463709677419355, "nll": 0.765412702959229, "mse": 0.27996142455949, "N": 992, "over_prob": 0.0, "under_prob": 0.011661807580174877, "over_counts": {"0": 686}, "under_counts": {"0": 678, "1": 6, "2": 2}, "avg_over_mag": 0.0, "avg_under_mag": 1.25, "avg_over": 0.0, "avg_under": 1.25}], [[0.6000000000000001, 0.65], {"acc": 0.6331621423330888, "nll": 0.690530059039691, "mse": 0.24487148748154816, "N": 1363, "over_prob": 0.0, "under_prob": 0.03554502369668244, "over_counts": {"0": 844}, "under_counts": {"0": 814, "1": 28, "3": 1, "2": 1}, "avg_over_mag": 0.0, "avg_under_mag": 1.1, "avg_over": 0.0, "avg_under": 1.1}], [[0.65, 0.7000000000000001], {"acc": 0.6638981173864895, "nll": 0.6727794679912331, "mse": 0.23555213864251273, "N": 1806, "over_prob": 0.0, "under_prob": 0.0629301868239921, "over_counts": {"0": 1017}, "under_counts": {"0": 953, "1": 52, "2": 10, "3": 1, "5": 1}, "avg_over_mag": 0.0, "avg_under_mag": 1.25, "avg_over": 0.0, "avg_under": 1.25}], [[0.7000000000000001, 0.75], {"acc": 0.7168141592920354, "nll": 0.6034931830057957, "mse": 0.20509783479634863, "N": 2373, "over_prob": 0.0, "under_prob": 0.08974358974358976, "over_counts": {"0": 1248}, "under_counts": {"0": 1136, "1": 95, "2": 8, "3": 4, "4": 2, "10": 1, "8": 1, "5": 1}, "avg_over_mag": 0.0, "avg_under_mag": 1.375, "avg_over": 0.0, "avg_under": 1.375}], [[0.75, 0.8], {"acc": 0.7763426240652618, "nll": 0.5412636253280576, "mse": 0.17706443924839832, "N": 2942, "over_prob": 0.0, "under_prob": 0.13983050847457623, "over_counts": {"0": 1416}, "under_counts": {"0": 1218, "1": 153, "2": 24, "5": 6, "3": 6, "4": 4, "7": 1, "11": 1, "9": 1, "6": 1, "10": 1}, "avg_over_mag": 0.0, "avg_under_mag": 1.5555555555555556, "avg_over": 0.0, "avg_under": 1.5555555555555556}], [[0.8, 0.8500000000000001], {"acc": 0.8166435506241332, "nll": 0.488077748857018, "mse": 0.15396216715933125, "N": 3605, "over_prob": 0.0, "under_prob": 0.24621899576527528, "over_counts": {"0": 1653}, "under_counts": {"0": 1246, "1": 276, "2": 82, "3": 33, "4": 9, "5": 4, "9": 1, "10": 1, "7": 1}, "avg_over_mag": 0.0, "avg_under_mag": 1.5257985257985258, "avg_over": 0.0, "avg_under": 1.5257985257985258}], [[0.8500000000000001, 0.9], {"acc": 0.8659437009690817, "nll": 0.41684126604689115, "mse": 0.12382247084201012, "N": 4334, "over_prob": 0.8010625737898465, "under_prob": 0.0, "over_counts": {"1": 706, "0": 337, "2": 334, "3": 136, "4": 63, "5": 38, "6": 28, "8": 14, "7": 12, "9": 4, "11": 3, "14": 3, "10": 3, "16": 2, "17": 2, "23": 2, "15": 2, "21": 1, "30": 1, "22": 1, "19": 1, "12": 1}, "under_counts": {"0": 1694}, "avg_over_mag": 2.1923360353721444, "avg_under_mag": 0.0, "avg_over": 2.1923360353721444, "avg_under": 0.0}], [[0.9, 0.9500000000000001], {"acc": 0.9169191919191919, "nll": 0.32134864084378767, "mse": 0.08596789021254587, "N": 3960, "over_prob": 0.6492693110647181, "under_prob": 0.0, "over_counts": {"1": 539, "0": 504, "2": 196, "3": 87, "4": 37, "5": 26, "6": 14, "7": 12, "10": 6, "8": 3, "9": 3, "11": 2, "12": 2, "14": 2, "16": 1, "13": 1, "35": 1, "28": 1}, "under_counts": {"0": 1437}, "avg_over_mag": 2.052518756698821, "avg_under_mag": 0.0, "avg_over": 2.052518756698821, "avg_under": 0.0}], [[0.9500000000000001, 1.0], {"acc": 0.968729641693811, "nll": 0.19684532666406937, "mse": 0.042040724968080055, "N": 1535, "over_prob": 0.3546617915904936, "under_prob": 0.0, "over_counts": {"0": 353, "1": 117, "2": 21, "3": 12, "6": 10, "4": 7, "7": 6, "5": 4, "8": 4, "9": 4, "13": 2, "11": 2, "10": 2, "14": 1, "31": 1, "12": 1}, "under_counts": {"0": 547}, "avg_over_mag": 2.7731958762886597, "avg_under_mag": 0.0, "avg_over": 2.7731958762886597, "avg_under": 0.0}]]}