{"over_prob": 0.005060728744939236, "under_prob": 0.04691593236484881, "over_counts": {"0": 16711, "1": 30, "2": 16, "4": 10, "3": 10, "5": 7, "13": 3, "10": 3, "7": 2, "9": 2, "8": 1, "6": 1}, "under_counts": {"0": 16008, "1": 540, "2": 144, "3": 49, "4": 26, "5": 11, "6": 10, "7": 3, "11": 1, "13": 1, "8": 1, "10": 1, "14": 1}, "avg_over_mag": 3.3176470588235296, "avg_under_mag": 1.6129441624365481, "avg_over": 3.3176470588235296, "avg_under": 1.6129441624365481, "acc": 0.595279307631786, "auc": 0.6239271314403927, "nll": 0.6674776899191167, "mse": 0.23710689671697188, "metrics_by_prob": [[[0.0, 0.05], {"acc": 0.972972972972973, "nll": 0.1607413559843516, "mse": 0.031326923244092635, "N": 37, "over_prob": 0.0, "under_prob": 0.0, "over_counts": {"0": 9}, "under_counts": {"0": 9}, "avg_over_mag": 0.0, "avg_under_mag": 0.0, "avg_over": 0.0, "avg_under": 0.0}], [[0.05, 0.1], {"acc": 0.9661016949152542, "nll": 0.18106794480981372, "mse": 0.04015636654311058, "N": 59, "over_prob": 0.0, "under_prob": 0.0, "over_counts": {"0": 13}, "under_counts": {"0": 13}, "avg_over_mag": 0.0, "avg_under_mag": 0.0, "avg_over": 0.0, "avg_under": 0.0}], [[0.1, 0.15000000000000002], {"acc": 0.8686567164179104, "nll": 0.38446068848653475, "mse": 0.1127177766431813, "N": 335, "over_prob": 0.0, "under_prob": 0.0, "over_counts": {"0": 69}, "under_counts": {"0": 69}, "avg_over_mag": 0.0, "avg_under_mag": 0.0, "avg_over": 0.0, "avg_under": 0.0}], [[0.15000000000000002, 0.2], {"acc": 0.8295454545454546, "nll": 0.46508864186992355, "mse": 0.14343513001890376, "N": 264, "over_prob": 0.0, "under_prob": 0.0, "over_counts": {"0": 111}, "under_counts": {"0": 111}, "avg_over_mag": 0.0, "avg_under_mag": 0.0, "avg_over": 0.0, "avg_under": 0.0}], [[0.2, 0.25], {"acc": 0.75, "nll": 0.5798968949094875, "mse": 0.1939907331222652, "N": 644, "over_prob": 0.0, "under_prob": 0.0, "over_counts": {"0": 198}, "under_counts": {"0": 198}, "avg_over_mag": 0.0, "avg_under_mag": 0.0, "avg_over": 0.0, "avg_under": 0.0}], [[0.25, 0.30000000000000004], {"acc": 0.7285236147266642, "nll": 0.5914415511563654, "mse": 0.1999819368409467, "N": 2689, "over_prob": 0.0, "under_prob": 0.0, "over_counts": {"0": 554}, "under_counts": {"0": 554}, "avg_over_mag": 0.0, "avg_under_mag": 0.0, "avg_over": 0.0, "avg_under": 0.0}], [[0.30000000000000004, 0.35000000000000003], {"acc": 0.6746765249537893, "nll": 0.6327887223144092, "mse": 0.22039516826017325, "N": 3246, "over_prob": 0.0, "under_prob": 0.0, "over_counts": {"0": 1166}, "under_counts": {"0": 1166}, "avg_over_mag": 0.0, "avg_under_mag": 0.0, "avg_over": 0.0, "avg_under": 0.0}], [[0.35000000000000003, 0.4], {"acc": 0.5990457678034988, "nll": 0.674579393091122, "mse": 0.24061447921743795, "N": 5659, "over_prob": 0.0, "under_prob": 0.0, "over_counts": {"0": 2089}, "under_counts": {"0": 2089}, "avg_over_mag": 0.0, "avg_under_mag": 0.0, "avg_over": 0.0, "avg_under": 0.0}], [[0.4, 0.45], {"acc": 0.5561320234021415, "nll": 0.6902363703291923, "mse": 0.24833562353522926, "N": 9059, "over_prob": 0.0, "under_prob": 0.0003639010189228076, "over_counts": {"0": 2748}, "under_counts": {"0": 2747, "1": 1}, "avg_over_mag": 0.0, "avg_under_mag": 1.0, "avg_over": 0.0, "avg_under": 1.0}], [[0.45, 0.5], {"acc": 0.507077012411991, "nll": 0.7003960647633125, "mse": 0.25338443729653565, "N": 13777, "over_prob": 0.0, "under_prob": 0.00026357406431209984, "over_counts": {"0": 3794}, "under_counts": {"0": 3793, "1": 1}, "avg_over_mag": 0.0, "avg_under_mag": 1.0, "avg_over": 0.0, "avg_under": 1.0}], [[0.5, 0.55], {"acc": 0.5160672250506377, "nll": 0.7003779759454325, "mse": 0.2533238122649621, "N": 18267, "over_prob": 0.0, "under_prob": 0.0022246941045606095, "over_counts": {"0": 3596}, "under_counts": {"0": 3588, "1": 8}, "avg_over_mag": 0.0, "avg_under_mag": 1.0, "avg_over": 0.0, "avg_under": 1.0}], [[0.55, 0.6000000000000001], {"acc": 0.5729567106802608, "nll": 0.6893344135523186, "mse": 0.2476110035494694, "N": 17949, "over_prob": 0.0, "under_prob": 0.008016627078384797, "over_counts": {"0": 3368}, "under_counts": {"0": 3341, "1": 26, "3": 1}, "avg_over_mag": 0.0, "avg_under_mag": 1.0740740740740742, "avg_over": 0.0, "avg_under": 1.0740740740740742}], [[0.6000000000000001, 0.65], {"acc": 0.6146507964291966, "nll": 0.675830815510286, "mse": 0.24055975455950995, "N": 11426, "over_prob": 0.0, "under_prob": 0.019414385741565843, "over_counts": {"0": 3142}, "under_counts": {"0": 3081, "1": 58, "2": 2, "3": 1}, "avg_over_mag": 0.0, "avg_under_mag": 1.0655737704918034, "avg_over": 0.0, "avg_under": 1.0655737704918034}], [[0.65, 0.7000000000000001], {"acc": 0.6725729051310446, "nll": 0.6426197415921914, "mse": 0.22401295894699455, "N": 8127, "over_prob": 0.0, "under_prob": 0.060305658818670005, "over_counts": {"0": 2421}, "under_counts": {"0": 2275, "1": 132, "2": 11, "5": 2, "4": 1}, "avg_over_mag": 0.0, "avg_under_mag": 1.1506849315068493, "avg_over": 0.0, "avg_under": 1.1506849315068493}], [[0.7000000000000001, 0.75], {"acc": 0.726750648388292, "nll": 0.6020023836662742, "mse": 0.20426302824025724, "N": 5398, "over_prob": 0.0, "under_prob": 0.14215985356924954, "over_counts": {"0": 1639}, "under_counts": {"0": 1406, "1": 179, "2": 41, "3": 7, "4": 3, "7": 1, "13": 1, "5": 1}, "avg_over_mag": 0.0, "avg_under_mag": 1.3690987124463518, "avg_over": 0.0, "avg_under": 1.3690987124463518}], [[0.75, 0.8], {"acc": 0.7751152073732719, "nll": 0.5478975333238917, "mse": 0.17928240904449225, "N": 3255, "over_prob": 0.0, "under_prob": 0.27192982456140347, "over_counts": {"0": 912}, "under_counts": {"0": 664, "1": 153, "2": 51, "3": 25, "4": 6, "6": 5, "5": 5, "11": 1, "8": 1, "9": 1}, "avg_over_mag": 0.0, "avg_under_mag": 1.7620967741935485, "avg_over": 0.0, "avg_under": 1.7620967741935485}], [[0.8, 0.8500000000000001], {"acc": 0.8165429480381761, "nll": 0.5026032256432199, "mse": 0.15801249753263388, "N": 943, "over_prob": 0.0, "under_prob": 0.4542586750788643, "over_counts": {"0": 317}, "under_counts": {"0": 173, "1": 89, "2": 31, "3": 15, "4": 5, "6": 2, "5": 1, "10": 1}, "avg_over_mag": 0.0, "avg_under_mag": 1.6875, "avg_over": 0.0, "avg_under": 1.6875}], [[0.8500000000000001, 0.9], {"acc": 0.828978622327791, "nll": 0.4802760574115832, "mse": 0.148718958852025, "N": 421, "over_prob": 0.7241379310344828, "under_prob": 0.0, "over_counts": {"1": 33, "0": 32, "2": 19, "4": 9, "3": 8, "5": 4, "13": 3, "10": 3, "9": 2, "8": 1, "7": 1, "6": 1}, "under_counts": {"0": 116}, "avg_over_mag": 3.0833333333333335, "avg_under_mag": 0.0, "avg_over": 3.0833333333333335, "avg_under": 0.0}], [[0.9, 0.9500000000000001], {"acc": 0.9134615384615384, "nll": 0.32871040077902686, "mse": 0.08445976453679009, "N": 104, "over_prob": 0.30000000000000004, "under_prob": 0.0, "over_counts": {"0": 21, "2": 4, "1": 2, "3": 2, "6": 1}, "under_counts": {"0": 30}, "avg_over_mag": 2.4444444444444446, "avg_under_mag": 0.0, "avg_over": 2.4444444444444446, "avg_under": 0.0}], [[0.9500000000000001, 1.0], {"acc": 0.9047619047619048, "nll": 0.4173748748807741, "mse": 0.09528008285237988, "N": 21, "over_prob": 0.33333333333333337, "under_prob": 0.0, "over_counts": {"0": 2, "1": 1}, "under_counts": {"0": 3}, "avg_over_mag": 1.0, "avg_under_mag": 0.0, "avg_over": 1.0, "avg_under": 0.0}]]}