{"over_prob": 0.22149553084804885, "under_prob": 0.5951602354480052, "over_counts": {"0": 3571, "1": 463, "2": 216, "3": 129, "4": 60, "5": 38, "6": 36, "8": 15, "7": 13, "9": 10, "10": 10, "15": 4, "12": 3, "36": 2, "13": 2, "21": 2, "24": 2, "16": 2, "11": 2, "14": 2, "27": 1, "22": 1, "62": 1, "19": 1, "60": 1}, "under_counts": {"0": 1857, "1": 1189, "2": 568, "3": 318, "4": 218, "5": 133, "6": 67, "7": 49, "8": 33, "11": 22, "9": 19, "10": 17, "12": 16, "13": 11, "15": 7, "14": 7, "17": 6, "27": 5, "25": 5, "16": 5, "20": 5, "23": 4, "28": 4, "22": 4, "18": 3, "24": 3, "21": 3, "26": 3, "19": 3, "33": 2, "37": 1}, "avg_over_mag": 2.8395669291338583, "avg_under_mag": 3.006227106227106, "avg_over": 2.8395669291338583, "avg_under": 3.006227106227106, "acc": 0.7811872029600332, "auc": 0.5580888169104565, "nll": 0.6094313559720074, "mse": 0.17748077004929286, "metrics_by_prob": [[[0.0, 0.05], {"acc": 1.0, "nll": 0.4040607215051622, "mse": 0.11048737860364444, "N": 1, "over_prob": 0.0, "under_prob": 0.0, "over_counts": {"0": 1}, "under_counts": {"0": 1}, "avg_over_mag": 0.0, "avg_under_mag": 0.0, "avg_over": 0.0, "avg_under": 0.0}], [[0.05, 0.1], {"acc": NaN, "nll": NaN, "mse": NaN, "N": 0}], [[0.1, 0.15000000000000002], {"acc": 0.8666666666666667, "nll": 0.43918282938651115, "mse": 0.1343811165784369, "N": 15, "over_prob": 0.0, "under_prob": 0.0, "over_counts": {"0": 15}, "under_counts": {"0": 15}, "avg_over_mag": 0.0, "avg_under_mag": 0.0, "avg_over": 0.0, "avg_under": 0.0}], [[0.15000000000000002, 0.2], {"acc": NaN, "nll": NaN, "mse": NaN, "N": 0}], [[0.2, 0.25], {"acc": 0.6, "nll": 1.0905323917212313, "mse": 0.3609938820491293, "N": 15, "over_prob": 0.0, "under_prob": 0.1333333333333333, "over_counts": {"0": 15}, "under_counts": {"0": 13, "1": 2}, "avg_over_mag": 0.0, "avg_under_mag": 1.0, "avg_over": 0.0, "avg_under": 1.0}], [[0.25, 0.30000000000000004], {"acc": 0.48148148148148145, "nll": 0.871585692037574, "mse": 0.3228783946575171, "N": 27, "over_prob": 0.0, "under_prob": 0.03703703703703709, "over_counts": {"0": 27}, "under_counts": {"0": 26, "1": 1}, "avg_over_mag": 0.0, "avg_under_mag": 1.0, "avg_over": 0.0, "avg_under": 1.0}], [[0.30000000000000004, 0.35000000000000003], {"acc": 0.3125, "nll": 1.169066475252293, "mse": 0.3796543420981066, "N": 32, "over_prob": 0.0, "under_prob": 0.0625, "over_counts": {"0": 32}, "under_counts": {"0": 30, "1": 2}, "avg_over_mag": 0.0, "avg_under_mag": 1.0, "avg_over": 0.0, "avg_under": 1.0}], [[0.35000000000000003, 0.4], {"acc": 0.48760330578512395, "nll": 0.8712684322673969, "mse": 0.3055613722530276, "N": 121, "over_prob": 0.0, "under_prob": 0.11570247933884292, "over_counts": {"0": 121}, "under_counts": {"0": 107, "1": 14}, "avg_over_mag": 0.0, "avg_under_mag": 1.0, "avg_over": 0.0, "avg_under": 1.0}], [[0.4, 0.45], {"acc": 0.4157303370786517, "nll": 1.1722294406161113, "mse": 0.380916248655446, "N": 89, "over_prob": 0.0, "under_prob": 0.19047619047619047, "over_counts": {"0": 84}, "under_counts": {"0": 68, "1": 16}, "avg_over_mag": 0.0, "avg_under_mag": 1.0, "avg_over": 0.0, "avg_under": 1.0}], [[0.45, 0.5], {"acc": 0.5555555555555556, "nll": 0.7889019263626988, "mse": 0.2798890753262828, "N": 225, "over_prob": 0.0, "under_prob": 0.0855855855855856, "over_counts": {"0": 222}, "under_counts": {"0": 203, "1": 19}, "avg_over_mag": 0.0, "avg_under_mag": 1.0, "avg_over": 0.0, "avg_under": 1.0}], [[0.5, 0.55], {"acc": 0.5073313782991202, "nll": 0.9089719539698513, "mse": 0.3052906697264242, "N": 341, "over_prob": 0.0, "under_prob": 0.15929203539823011, "over_counts": {"0": 339}, "under_counts": {"0": 285, "1": 54}, "avg_over_mag": 0.0, "avg_under_mag": 1.0, "avg_over": 0.0, "avg_under": 1.0}], [[0.55, 0.6000000000000001], {"acc": 0.5576642335766423, "nll": 0.8597158265728879, "mse": 0.2861233367928377, "N": 685, "over_prob": 0.0, "under_prob": 0.19999999999999996, "over_counts": {"0": 590}, "under_counts": {"0": 472, "1": 117, "2": 1}, "avg_over_mag": 0.0, "avg_under_mag": 1.0084745762711864, "avg_over": 0.0, "avg_under": 1.0084745762711864}], [[0.6000000000000001, 0.65], {"acc": 0.6123727486296007, "nll": 0.8043513546925115, "mse": 0.2625459444905776, "N": 1277, "over_prob": 0.0, "under_prob": 0.29331823329558326, "over_counts": {"0": 883}, "under_counts": {"0": 624, "1": 247, "2": 12}, "avg_over_mag": 0.0, "avg_under_mag": 1.0463320463320462, "avg_over": 0.0, "avg_under": 1.0463320463320462}], [[0.65, 0.7000000000000001], {"acc": 0.6634799235181644, "nll": 0.8205463911948073, "mse": 0.2529231088601785, "N": 2092, "over_prob": 0.0, "under_prob": 0.37537537537537535, "over_counts": {"0": 1332}, "under_counts": {"0": 832, "1": 455, "2": 27, "3": 9, "4": 8, "7": 1}, "avg_over_mag": 0.0, "avg_under_mag": 1.15, "avg_over": 0.0, "avg_under": 1.15}], [[0.7000000000000001, 0.75], {"acc": 0.717948717948718, "nll": 0.7230881385827138, "mse": 0.2207389211662018, "N": 3315, "over_prob": 0.0, "under_prob": 0.4797297297297297, "over_counts": {"0": 1776}, "under_counts": {"0": 924, "1": 709, "2": 92, "3": 13, "5": 13, "6": 11, "4": 6, "7": 2, "9": 2, "18": 1, "12": 1, "11": 1, "8": 1}, "avg_over_mag": 0.0, "avg_under_mag": 1.3708920187793427, "avg_over": 0.0, "avg_under": 1.3708920187793427}], [[0.75, 0.8], {"acc": 0.773388512666165, "nll": 0.611417065343293, "mse": 0.18718419654219365, "N": 7974, "over_prob": 0.0, "under_prob": 0.6459537572254335, "over_counts": {"0": 2076}, "under_counts": {"1": 814, "0": 735, "2": 230, "3": 124, "4": 77, "5": 45, "6": 15, "7": 12, "8": 6, "9": 4, "11": 4, "13": 2, "12": 2, "10": 2, "19": 1, "22": 1, "37": 1, "18": 1}, "avg_over_mag": 0.0, "avg_under_mag": 1.9739000745712154, "avg_over": 0.0, "avg_under": 1.9739000745712154}], [[0.8, 0.8500000000000001], {"acc": 0.8200399569694176, "nll": 0.5910640418849885, "mse": 0.1615997775901525, "N": 6507, "over_prob": 0.0, "under_prob": 0.7485779294653014, "over_counts": {"0": 1758}, "under_counts": {"1": 706, "0": 442, "2": 288, "3": 141, "4": 40, "5": 36, "6": 15, "7": 14, "8": 12, "11": 9, "12": 7, "22": 6, "10": 6, "19": 5, "17": 5, "9": 4, "16": 3, "13": 3, "14": 3, "21": 3, "18": 3, "20": 2, "24": 2, "27": 1, "15": 1, "23": 1}, "avg_over_mag": 0.0, "avg_under_mag": 2.5220364741641337, "avg_over": 0.0, "avg_under": 2.5220364741641337}], [[0.8500000000000001, 0.9], {"acc": 0.8684851436921578, "nll": 0.4686470110594836, "mse": 0.12105785580819584, "N": 6159, "over_prob": 0.589572192513369, "under_prob": 0.0, "over_counts": {"0": 614, "1": 431, "2": 206, "3": 102, "4": 57, "5": 28, "6": 18, "8": 8, "7": 6, "9": 4, "11": 3, "10": 3, "24": 2, "15": 2, "19": 2, "36": 2, "22": 1, "16": 1, "14": 1, "13": 1, "48": 1, "21": 1, "60": 1, "12": 1}, "under_counts": {"0": 1496}, "avg_over_mag": 2.5215419501133787, "avg_under_mag": 0.0, "avg_over": 2.5215419501133787, "avg_under": 0.0}], [[0.9, 0.9500000000000001], {"acc": 0.9113697403760072, "nll": 0.4108133388330157, "mse": 0.09103791826057864, "N": 2234, "over_prob": 0.4532710280373832, "under_prob": 0.0, "over_counts": {"0": 351, "1": 163, "2": 55, "3": 31, "5": 15, "4": 11, "7": 6, "6": 3, "10": 3, "8": 1, "16": 1, "14": 1, "9": 1}, "under_counts": {"0": 642}, "avg_over_mag": 2.1374570446735395, "avg_under_mag": 0.0, "avg_over": 2.1374570446735395, "avg_under": 0.0}], [[0.9500000000000001, 1.0], {"acc": 0.9545454545454546, "nll": 0.28696632357570645, "mse": 0.05205503228924067, "N": 242, "over_prob": 0.2410714285714286, "under_prob": 0.0, "over_counts": {"0": 85, "1": 19, "2": 6, "3": 1, "5": 1}, "under_counts": {"0": 112}, "avg_over_mag": 1.4444444444444444, "avg_under_mag": 0.0, "avg_over": 1.4444444444444444, "avg_under": 0.0}]]}