{"over_prob": 0.19065061922204785, "under_prob": 0.11869876155590442, "over_counts": {"0": 9280, "1": 965, "2": 389, "3": 226, "4": 138, "5": 106, "6": 80, "7": 45, "8": 42, "9": 33, "10": 27, "11": 21, "14": 16, "13": 15, "12": 14, "16": 9, "15": 8, "17": 8, "20": 6, "24": 6, "18": 5, "23": 5, "19": 5, "22": 3, "25": 3, "46": 2, "21": 2, "29": 1, "52": 1, "51": 1, "63": 1, "58": 1, "30": 1, "32": 1}, "under_counts": {"0": 10105, "1": 1065, "2": 280, "3": 14, "4": 2}, "avg_over_mag": 3.4643183897529735, "avg_under_mag": 1.230712711241734, "avg_over": 3.4643183897529735, "avg_under": 1.230712711241734, "acc": 0.8073690611697566, "auc": 0.6313339725364489, "nll": 0.4736875361520416, "mse": 0.15024190790939349, "metrics_by_prob": [[[0.0, 0.05], {"acc": NaN, "nll": NaN, "mse": NaN, "N": 0}], [[0.05, 0.1], {"acc": NaN, "nll": NaN, "mse": NaN, "N": 0}], [[0.1, 0.15000000000000002], {"acc": NaN, "nll": NaN, "mse": NaN, "N": 0}], [[0.15000000000000002, 0.2], {"acc": NaN, "nll": NaN, "mse": NaN, "N": 0}], [[0.2, 0.25], {"acc": NaN, "nll": NaN, "mse": NaN, "N": 0}], [[0.25, 0.30000000000000004], {"acc": NaN, "nll": NaN, "mse": NaN, "N": 0}], [[0.30000000000000004, 0.35000000000000003], {"acc": 0.5637860082304527, "nll": 0.6897246372378341, "mse": 0.24800270854862783, "N": 243, "over_prob": 0.0, "under_prob": 0.0, "over_counts": {"0": 243}, "under_counts": {"0": 243}, "avg_over_mag": 0.0, "avg_under_mag": 0.0, "avg_over": 0.0, "avg_under": 0.0}], [[0.35000000000000003, 0.4], {"acc": 0.5142857142857142, "nll": 0.696197699899073, "mse": 0.2518222357466248, "N": 35, "over_prob": 0.0, "under_prob": 0.0, "over_counts": {"0": 35}, "under_counts": {"0": 35}, "avg_over_mag": 0.0, "avg_under_mag": 0.0, "avg_over": 0.0, "avg_under": 0.0}], [[0.4, 0.45], {"acc": 0.48484848484848486, "nll": 0.7119244142638546, "mse": 0.25902354621155693, "N": 264, "over_prob": 0.0, "under_prob": 0.0, "over_counts": {"0": 264}, "under_counts": {"0": 264}, "avg_over_mag": 0.0, "avg_under_mag": 0.0, "avg_over": 0.0, "avg_under": 0.0}], [[0.45, 0.5], {"acc": 0.5016393442622951, "nll": 0.7206152771945549, "mse": 0.2626015667235325, "N": 305, "over_prob": 0.0, "under_prob": 0.0, "over_counts": {"0": 305}, "under_counts": {"0": 305}, "avg_over_mag": 0.0, "avg_under_mag": 0.0, "avg_over": 0.0, "avg_under": 0.0}], [[0.5, 0.55], {"acc": 0.5471698113207547, "nll": 0.7239176352953005, "mse": 0.2632639970291931, "N": 212, "over_prob": 0.0, "under_prob": 0.0, "over_counts": {"0": 212}, "under_counts": {"0": 212}, "avg_over_mag": 0.0, "avg_under_mag": 0.0, "avg_over": 0.0, "avg_under": 0.0}], [[0.55, 0.6000000000000001], {"acc": 0.5965202982601492, "nll": 0.700686182214312, "mse": 0.25160568046824294, "N": 1207, "over_prob": 0.0, "under_prob": 0.0, "over_counts": {"0": 1207}, "under_counts": {"0": 1207}, "avg_over_mag": 0.0, "avg_under_mag": 0.0, "avg_over": 0.0, "avg_under": 0.0}], [[0.6000000000000001, 0.65], {"acc": 0.6281038374717833, "nll": 0.6887145370746013, "mse": 0.2452330242588415, "N": 1772, "over_prob": 0.0, "under_prob": 0.0, "over_counts": {"0": 1627}, "under_counts": {"0": 1627}, "avg_over_mag": 0.0, "avg_under_mag": 0.0, "avg_over": 0.0, "avg_under": 0.0}], [[0.65, 0.7000000000000001], {"acc": 0.677052127022169, "nll": 0.6470771250982531, "mse": 0.22541784720101932, "N": 3338, "over_prob": 0.0, "under_prob": 0.0006635700066357497, "over_counts": {"0": 3014}, "under_counts": {"0": 3012, "1": 2}, "avg_over_mag": 0.0, "avg_under_mag": 1.0, "avg_over": 0.0, "avg_under": 1.0}], [[0.7000000000000001, 0.75], {"acc": 0.7373413968931578, "nll": 0.578218173865687, "mse": 0.19452045903653423, "N": 8433, "over_prob": 0.0, "under_prob": 0.0005885815185403542, "over_counts": {"0": 5097}, "under_counts": {"0": 5094, "1": 3}, "avg_over_mag": 0.0, "avg_under_mag": 1.0, "avg_over": 0.0, "avg_under": 1.0}], [[0.75, 0.8], {"acc": 0.7781815309266135, "nll": 0.5310015926911354, "mse": 0.17319945561801053, "N": 12659, "over_prob": 0.0, "under_prob": 0.024888742376792505, "over_counts": {"0": 6067}, "under_counts": {"0": 5916, "1": 149, "2": 2}, "avg_over_mag": 0.0, "avg_under_mag": 1.0132450331125828, "avg_over": 0.0, "avg_under": 1.0132450331125828}], [[0.8, 0.8500000000000001], {"acc": 0.8270768293611513, "nll": 0.4658285686381373, "mse": 0.14473156760856912, "N": 13133, "over_prob": 0.0, "under_prob": 0.23488200589970498, "over_counts": {"0": 5424}, "under_counts": {"0": 4150, "1": 1033, "2": 239, "3": 2}, "avg_over_mag": 0.0, "avg_under_mag": 1.1907378335949765, "avg_over": 0.0, "avg_under": 1.1907378335949765}], [[0.8500000000000001, 0.9], {"acc": 0.8790918280071535, "nll": 0.38006615400033794, "mse": 0.10937093953821818, "N": 12861, "over_prob": 0.4552141929900476, "under_prob": 0.0, "over_counts": {"0": 2518, "1": 985, "2": 360, "3": 228, "4": 142, "5": 97, "6": 68, "7": 41, "9": 36, "10": 28, "8": 28, "11": 16, "12": 11, "13": 10, "14": 9, "18": 9, "19": 6, "17": 5, "15": 5, "16": 4, "27": 3, "20": 3, "25": 2, "22": 2, "21": 2, "24": 2, "58": 1, "30": 1}, "under_counts": {"0": 4622}, "avg_over_mag": 3.061787072243346, "avg_under_mag": 0.0, "avg_over": 3.061787072243346, "avg_under": 0.0}], [[0.9, 0.9500000000000001], {"acc": 0.916146601611256, "nll": 0.2989129847365417, "mse": 0.07888918005774545, "N": 8813, "over_prob": 0.12187039764359353, "under_prob": 0.0, "over_counts": {"0": 2385, "1": 150, "2": 77, "3": 25, "5": 18, "4": 13, "9": 9, "6": 7, "8": 5, "7": 5, "11": 5, "12": 4, "17": 3, "13": 2, "22": 1, "25": 1, "28": 1, "33": 1, "36": 1, "10": 1, "15": 1, "31": 1}, "under_counts": {"0": 2716}, "avg_over_mag": 3.3202416918429005, "avg_under_mag": 0.0, "avg_over": 3.3202416918429005, "avg_under": 0.0}], [[0.9500000000000001, 1.0], {"acc": 0.9592074592074592, "nll": 0.18835912098090515, "mse": 0.04179466020788513, "N": 858, "over_prob": 0.05993690851735012, "under_prob": 0.0, "over_counts": {"0": 298, "1": 12, "3": 4, "2": 2, "4": 1}, "under_counts": {"0": 317}, "avg_over_mag": 1.6842105263157894, "avg_under_mag": 0.0, "avg_over": 1.6842105263157894, "avg_under": 0.0}]]}