{"over_prob": 0.009335394126738783, "under_prob": 0.0555795981452859, "over_counts": {"0": 16024, "1": 122, "2": 25, "3": 2, "6": 1, "7": 1}, "under_counts": {"0": 15276, "1": 667, "2": 147, "3": 51, "4": 21, "6": 6, "5": 4, "7": 2, "9": 1}, "avg_over_mag": 1.2649006622516556, "avg_under_mag": 1.4204671857619577, "avg_over": 1.2649006622516556, "avg_under": 1.4204671857619577, "acc": 0.6710593983029056, "auc": 0.6848475587238094, "nll": 0.612569074599116, "mse": 0.21142909616886776, "metrics_by_prob": [[[0.0, 0.05], {"acc": 0.9657534246575342, "nll": 0.18661127307702, "mse": 0.04226180949833193, "N": 584, "over_prob": 0.0, "under_prob": 0.0, "over_counts": {"0": 178}, "under_counts": {"0": 178}, "avg_over_mag": 0.0, "avg_under_mag": 0.0, "avg_over": 0.0, "avg_under": 0.0}], [[0.05, 0.1], {"acc": 0.918484090096532, "nll": 0.30379212749945605, "mse": 0.08066696412974939, "N": 2797, "over_prob": 0.0, "under_prob": 0.0, "over_counts": {"0": 903}, "under_counts": {"0": 903}, "avg_over_mag": 0.0, "avg_under_mag": 0.0, "avg_over": 0.0, "avg_under": 0.0}], [[0.1, 0.15000000000000002], {"acc": 0.8705734316016538, "nll": 0.4110832865323975, "mse": 0.12104197985432937, "N": 5563, "over_prob": 0.0, "under_prob": 0.0, "over_counts": {"0": 1836}, "under_counts": {"0": 1836}, "avg_over_mag": 0.0, "avg_under_mag": 0.0, "avg_over": 0.0, "avg_under": 0.0}], [[0.15000000000000002, 0.2], {"acc": 0.8205848550632103, "nll": 0.49287630769439855, "mse": 0.1554909660544467, "N": 7831, "over_prob": 0.0, "under_prob": 0.0, "over_counts": {"0": 2853}, "under_counts": {"0": 2853}, "avg_over_mag": 0.0, "avg_under_mag": 0.0, "avg_over": 0.0, "avg_under": 0.0}], [[0.2, 0.25], {"acc": 0.7666911996635475, "nll": 0.5665860943784337, "mse": 0.18779639163855785, "N": 9511, "over_prob": 0.0, "under_prob": 0.0, "over_counts": {"0": 3725}, "under_counts": {"0": 3725}, "avg_over_mag": 0.0, "avg_under_mag": 0.0, "avg_over": 0.0, "avg_under": 0.0}], [[0.25, 0.30000000000000004], {"acc": 0.7204134866196503, "nll": 0.6055672756273066, "mse": 0.2067409425452914, "N": 10351, "over_prob": 0.0, "under_prob": 0.0002361832782239448, "over_counts": {"0": 4234}, "under_counts": {"0": 4233, "1": 1}, "avg_over_mag": 0.0, "avg_under_mag": 1.0, "avg_over": 0.0, "avg_under": 1.0}], [[0.30000000000000004, 0.35000000000000003], {"acc": 0.6573532378454711, "nll": 0.651079760222994, "mse": 0.2282789066787613, "N": 9914, "over_prob": 0.0, "under_prob": 0.00045351473922905505, "over_counts": {"0": 4410}, "under_counts": {"0": 4408, "2": 2}, "avg_over_mag": 0.0, "avg_under_mag": 2.0, "avg_over": 0.0, "avg_under": 2.0}], [[0.35000000000000003, 0.4], {"acc": 0.6033110474371219, "nll": 0.678248560736345, "mse": 0.24189143102224697, "N": 9423, "over_prob": 0.0, "under_prob": 0.0011446886446886406, "over_counts": {"0": 4368}, "under_counts": {"0": 4363, "1": 4, "2": 1}, "avg_over_mag": 0.0, "avg_under_mag": 1.2, "avg_over": 0.0, "avg_under": 1.2}], [[0.4, 0.45], {"acc": 0.5358080239970003, "nll": 0.708950581827203, "mse": 0.25652626638283255, "N": 8001, "over_prob": 0.0, "under_prob": 0.002425418384671363, "over_counts": {"0": 4123}, "under_counts": {"0": 4113, "1": 9, "2": 1}, "avg_over_mag": 0.0, "avg_under_mag": 1.1, "avg_over": 0.0, "avg_under": 1.1}], [[0.45, 0.5], {"acc": 0.5178935117835322, "nll": 0.7091957047075248, "mse": 0.2570323687802747, "N": 6874, "over_prob": 0.0, "under_prob": 0.004468980021030466, "over_counts": {"0": 3804}, "under_counts": {"0": 3787, "1": 16, "2": 1}, "avg_over_mag": 0.0, "avg_under_mag": 1.0588235294117647, "avg_over": 0.0, "avg_under": 1.0588235294117647}], [[0.5, 0.55], {"acc": 0.5067857756399244, "nll": 0.7174683909908258, "mse": 0.2597534345286126, "N": 5821, "over_prob": 0.0, "under_prob": 0.01136023916292972, "over_counts": {"0": 3345}, "under_counts": {"0": 3307, "1": 33, "2": 3, "4": 1, "3": 1}, "avg_over_mag": 0.0, "avg_under_mag": 1.2105263157894737, "avg_over": 0.0, "avg_under": 1.2105263157894737}], [[0.55, 0.6000000000000001], {"acc": 0.5275590551181102, "nll": 0.7150081547462795, "mse": 0.2587069214271509, "N": 4953, "over_prob": 0.0, "under_prob": 0.017622667588113372, "over_counts": {"0": 2894}, "under_counts": {"0": 2843, "1": 47, "2": 4}, "avg_over_mag": 0.0, "avg_under_mag": 1.0784313725490196, "avg_over": 0.0, "avg_under": 1.0784313725490196}], [[0.6000000000000001, 0.65], {"acc": 0.5676855895196506, "nll": 0.697943382543133, "mse": 0.249405757546837, "N": 3664, "over_prob": 0.0, "under_prob": 0.03588621444201312, "over_counts": {"0": 2285}, "under_counts": {"0": 2203, "1": 77, "2": 5}, "avg_over_mag": 0.0, "avg_under_mag": 1.0609756097560976, "avg_over": 0.0, "avg_under": 1.0609756097560976}], [[0.65, 0.7000000000000001], {"acc": 0.6308607417774668, "nll": 0.6734380643411463, "mse": 0.23678405668677532, "N": 2858, "over_prob": 0.0, "under_prob": 0.0742918225547835, "over_counts": {"0": 1871}, "under_counts": {"0": 1732, "1": 122, "2": 12, "3": 4, "4": 1}, "avg_over_mag": 0.0, "avg_under_mag": 1.1654676258992807, "avg_over": 0.0, "avg_under": 1.1654676258992807}], [[0.7000000000000001, 0.75], {"acc": 0.6902824317855433, "nll": 0.6333589218452838, "mse": 0.2173549169044019, "N": 2089, "over_prob": 0.0, "under_prob": 0.14950634696755993, "over_counts": {"0": 1418}, "under_counts": {"0": 1206, "1": 197, "2": 13, "4": 1, "3": 1}, "avg_over_mag": 0.0, "avg_under_mag": 1.0849056603773586, "avg_over": 0.0, "avg_under": 1.0849056603773586}], [[0.75, 0.8], {"acc": 0.7685185185185185, "nll": 0.5633349204315315, "mse": 0.18424161602007202, "N": 1404, "over_prob": 0.0, "under_prob": 0.2728205128205128, "over_counts": {"0": 975}, "under_counts": {"0": 709, "1": 234, "2": 29, "4": 2, "3": 1}, "avg_over_mag": 0.0, "avg_under_mag": 1.1390977443609023, "avg_over": 0.0, "avg_under": 1.1390977443609023}], [[0.8, 0.8500000000000001], {"acc": 0.8411111111111111, "nll": 0.4652245594198147, "mse": 0.14186322612020014, "N": 900, "over_prob": 0.0, "under_prob": 0.4679186228482003, "over_counts": {"0": 639}, "under_counts": {"0": 340, "1": 255, "2": 36, "3": 6, "4": 1, "5": 1}, "avg_over_mag": 0.0, "avg_under_mag": 1.1839464882943145, "avg_over": 0.0, "avg_under": 1.1839464882943145}], [[0.8500000000000001, 0.9], {"acc": 0.8640973630831643, "nll": 0.42367404417003984, "mse": 0.12342079906790776, "N": 493, "over_prob": 0.3938547486033519, "under_prob": 0.0, "over_counts": {"0": 217, "1": 121, "2": 17, "5": 1, "3": 1, "7": 1}, "under_counts": {"0": 358}, "avg_over_mag": 1.2056737588652482, "avg_under_mag": 0.0, "avg_over": 1.2056737588652482, "avg_under": 0.0}], [[0.9, 0.9500000000000001], {"acc": 0.9163346613545816, "nll": 0.3024044579619804, "mse": 0.07718393159206084, "N": 251, "over_prob": 0.09326424870466321, "under_prob": 0.0, "over_counts": {"0": 175, "1": 17, "2": 1}, "under_counts": {"0": 193}, "avg_over_mag": 1.0555555555555556, "avg_under_mag": 0.0, "avg_over": 1.0555555555555556, "avg_under": 0.0}], [[0.9500000000000001, 1.0], {"acc": 1.0, "nll": 0.03593504281448126, "mse": 0.0026191520453901227, "N": 54, "over_prob": 0.045454545454545414, "under_prob": 0.0, "over_counts": {"0": 42, "1": 2}, "under_counts": {"0": 44}, "avg_over_mag": 1.0, "avg_under_mag": 0.0, "avg_over": 1.0, "avg_under": 0.0}]]}