{"acc": 0.7247503248201369, "auc": 0.704531044861808, "nll": 0.5582843870727086, "mse": 0.18751460933623387}