{"auc": 0.7152902977265976, "over_prob": 0.31905980916918786, "under_prob": 0.29439143588550154, "over_counts": {"0": 2926, "1": 878, "2": 291, "3": 110, "4": 53, "5": 20, "6": 8, "7": 6, "10": 2, "11": 1, "8": 1, "12": 1}, "under_counts": {"0": 3032, "1": 831, "2": 272, "3": 104, "4": 24, "5": 15, "6": 7, "7": 5, "12": 2, "10": 2, "9": 2, "8": 1}, "avg_over_mag": 1.6360320933625092, "avg_under_mag": 1.5849802371541502, "avg_over": 1.6360320933625092, "avg_under": 1.5849802371541502, "acc": 0.7812329514457174, "nll": 0.4865100710590178, "mse": 0.1574278155226757, "metrics_by_prob": [[[0.0, 0.05], {"acc": 1.0, "nll": 0.06439084126114733, "mse": 0.0038889616577287584, "N": 1, "over_prob": 0.0, "under_prob": 0.0, "over_counts": {"0": 1}, "under_counts": {"0": 1}, "avg_over_mag": 0.0, "avg_under_mag": 0.0, "avg_over": 0.0, "avg_under": 0.0}], [[0.05, 0.1], {"acc": 0.5, "nll": 1.0987297346190306, "mse": 0.3714412122782293, "N": 4, "over_prob": 0.0, "under_prob": 0.0, "over_counts": {"0": 4}, "under_counts": {"0": 4}, "avg_over_mag": 0.0, "avg_under_mag": 0.0, "avg_over": 0.0, "avg_under": 0.0}], [[0.1, 0.15000000000000002], {"acc": 0.76, "nll": 0.6510113506498679, "mse": 0.20806961182273903, "N": 25, "over_prob": 0.0, "under_prob": 0.0, "over_counts": {"0": 22}, "under_counts": {"0": 22}, "avg_over_mag": 0.0, "avg_under_mag": 0.0, "avg_over": 0.0, "avg_under": 0.0}], [[0.15000000000000002, 0.2], {"acc": 0.8472222222222222, "nll": 0.5230374776952148, "mse": 0.16023230951391973, "N": 72, "over_prob": 0.0, "under_prob": 0.0, "over_counts": {"0": 67}, "under_counts": {"0": 67}, "avg_over_mag": 0.0, "avg_under_mag": 0.0, "avg_over": 0.0, "avg_under": 0.0}], [[0.2, 0.25], {"acc": 0.7, "nll": 0.6571675338658567, "mse": 0.22740073715304582, "N": 110, "over_prob": 0.0, "under_prob": 0.0, "over_counts": {"0": 95}, "under_counts": {"0": 95}, "avg_over_mag": 0.0, "avg_under_mag": 0.0, "avg_over": 0.0, "avg_under": 0.0}], [[0.25, 0.30000000000000004], {"acc": 0.6815642458100558, "nll": 0.6339445136621036, "mse": 0.22031969298077944, "N": 179, "over_prob": 0.0, "under_prob": 0.0, "over_counts": {"0": 156}, "under_counts": {"0": 156}, "avg_over_mag": 0.0, "avg_under_mag": 0.0, "avg_over": 0.0, "avg_under": 0.0}], [[0.30000000000000004, 0.35000000000000003], {"acc": 0.6706349206349206, "nll": 0.6354061591519236, "mse": 0.22212892035212167, "N": 252, "over_prob": 0.0, "under_prob": 0.0, "over_counts": {"0": 211}, "under_counts": {"0": 211}, "avg_over_mag": 0.0, "avg_under_mag": 0.0, "avg_over": 0.0, "avg_under": 0.0}], [[0.35000000000000003, 0.4], {"acc": 0.5576923076923077, "nll": 0.706927881735039, "mse": 0.2557659903172433, "N": 364, "over_prob": 0.0, "under_prob": 0.0, "over_counts": {"0": 293}, "under_counts": {"0": 293}, "avg_over_mag": 0.0, "avg_under_mag": 0.0, "avg_over": 0.0, "avg_under": 0.0}], [[0.4, 0.45], {"acc": 0.5389473684210526, "nll": 0.7017411834365329, "mse": 0.2528630340542002, "N": 475, "over_prob": 0.0, "under_prob": 0.005319148936170248, "over_counts": {"0": 376}, "under_counts": {"0": 374, "1": 2}, "avg_over_mag": 0.0, "avg_under_mag": 1.0, "avg_over": 0.0, "avg_under": 1.0}], [[0.45, 0.5], {"acc": 0.47058823529411764, "nll": 0.7265438385770081, "mse": 0.2657353318344961, "N": 612, "over_prob": 0.0, "under_prob": 0.0021276595744680327, "over_counts": {"0": 470}, "under_counts": {"0": 469, "1": 1}, "avg_over_mag": 0.0, "avg_under_mag": 1.0, "avg_over": 0.0, "avg_under": 1.0}], [[0.5, 0.55], {"acc": 0.5072815533980582, "nll": 0.7271418208552776, "mse": 0.2648385495790759, "N": 824, "over_prob": 0.0, "under_prob": 0.004777070063694322, "over_counts": {"0": 628}, "under_counts": {"0": 625, "1": 2, "2": 1}, "avg_over_mag": 0.0, "avg_under_mag": 1.3333333333333333, "avg_over": 0.0, "avg_under": 1.3333333333333333}], [[0.55, 0.6000000000000001], {"acc": 0.5578291814946619, "nll": 0.6978829029378797, "mse": 0.2516276266745876, "N": 1124, "over_prob": 0.0, "under_prob": 0.01251564455569465, "over_counts": {"0": 799}, "under_counts": {"0": 789, "1": 10}, "avg_over_mag": 0.0, "avg_under_mag": 1.0, "avg_over": 0.0, "avg_under": 1.0}], [[0.6000000000000001, 0.65], {"acc": 0.5969148222669349, "nll": 0.6781046372182309, "mse": 0.24160259311733112, "N": 1491, "over_prob": 0.0, "under_prob": 0.013347022587268942, "over_counts": {"0": 974}, "under_counts": {"0": 961, "1": 13}, "avg_over_mag": 0.0, "avg_under_mag": 1.0, "avg_over": 0.0, "avg_under": 1.0}], [[0.65, 0.7000000000000001], {"acc": 0.6754617414248021, "nll": 0.6464530486770288, "mse": 0.22523630854179205, "N": 1895, "over_prob": 0.0, "under_prob": 0.042808219178082196, "over_counts": {"0": 1168}, "under_counts": {"0": 1118, "1": 49, "2": 1}, "avg_over_mag": 0.0, "avg_under_mag": 1.02, "avg_over": 0.0, "avg_under": 1.02}], [[0.7000000000000001, 0.75], {"acc": 0.7329317269076305, "nll": 0.5946205864975418, "mse": 0.20100276166594455, "N": 2490, "over_prob": 0.0, "under_prob": 0.11444921316165957, "over_counts": {"0": 1398}, "under_counts": {"0": 1238, "1": 148, "2": 12}, "avg_over_mag": 0.0, "avg_under_mag": 1.075, "avg_over": 0.0, "avg_under": 1.075}], [[0.75, 0.8], {"acc": 0.7799495586380832, "nll": 0.5420385130972423, "mse": 0.17658760924470385, "N": 3172, "over_prob": 0.0, "under_prob": 0.2393265183403488, "over_counts": {"0": 1663}, "under_counts": {"0": 1265, "1": 344, "2": 39, "3": 10, "4": 4, "5": 1}, "avg_over_mag": 0.0, "avg_under_mag": 1.1884422110552764, "avg_over": 0.0, "avg_under": 1.1884422110552764}], [[0.8, 0.8500000000000001], {"acc": 0.8277399056109072, "nll": 0.47359923143484667, "mse": 0.14707198017779474, "N": 3814, "over_prob": 0.0, "under_prob": 0.4887940234791889, "over_counts": {"0": 1874}, "under_counts": {"0": 958, "1": 673, "2": 171, "3": 49, "4": 12, "5": 6, "7": 2, "6": 1, "10": 1, "9": 1}, "avg_over_mag": 0.0, "avg_under_mag": 1.3962882096069869, "avg_over": 0.0, "avg_under": 1.3962882096069869}], [[0.8500000000000001, 0.9], {"acc": 0.8726872246696036, "nll": 0.39435894389432424, "mse": 0.11443952468558073, "N": 4540, "over_prob": 0.5878514056224899, "under_prob": 0.0, "over_counts": {"0": 821, "1": 821, "2": 231, "3": 70, "4": 30, "5": 10, "6": 4, "7": 2, "10": 1, "9": 1, "8": 1}, "under_counts": {"0": 1992}, "avg_over_mag": 1.475661827497865, "avg_under_mag": 0.0, "avg_over": 1.475661827497865, "avg_under": 0.0}], [[0.9, 0.9500000000000001], {"acc": 0.9238373399236127, "nll": 0.2797292160578212, "mse": 0.07251274977338618, "N": 4451, "over_prob": 0.23744019138755978, "under_prob": 0.0, "over_counts": {"0": 1275, "1": 324, "2": 53, "3": 17, "4": 3}, "under_counts": {"0": 1672}, "avg_over_mag": 1.2418136020151134, "avg_under_mag": 0.0, "avg_over": 1.2418136020151134, "avg_under": 0.0}], [[0.9500000000000001, 1.0], {"acc": 0.960625, "nll": 0.1722684997286651, "mse": 0.038749627229464165, "N": 1600, "over_prob": 0.03144654088050314, "under_prob": 0.0, "over_counts": {"0": 616, "1": 18, "2": 2}, "under_counts": {"0": 636}, "avg_over_mag": 1.1, "avg_under_mag": 0.0, "avg_over": 1.1, "avg_under": 0.0}]]}