{"auc": 0.7074609161051881, "over_prob": 0.14237374164622285, "under_prob": 0.05820150579477201, "over_counts": {"0": 10138, "1": 1338, "2": 239, "3": 53, "4": 26, "5": 11, "6": 5, "9": 5, "7": 4, "8": 2}, "under_counts": {"0": 11133, "1": 462, "2": 131, "3": 54, "4": 20, "5": 10, "6": 4, "9": 4, "11": 2, "7": 1}, "avg_over_mag": 1.338680926916221, "avg_under_mag": 1.6061046511627908, "avg_over": 1.338680926916221, "avg_under": 1.6061046511627908, "acc": 0.7618119824646858, "nll": 0.5121835662989661, "mse": 0.16842230871128397, "metrics_by_prob": [[[0.0, 0.05], {"acc": 0.9363636363636364, "nll": 0.3708139980595646, "mse": 0.10120715623664549, "N": 110, "over_prob": 0.0, "under_prob": 0.0, "over_counts": {"0": 23}, "under_counts": {"0": 23}, "avg_over_mag": 0.0, "avg_under_mag": 0.0, "avg_over": 0.0, "avg_under": 0.0}], [[0.05, 0.1], {"acc": 0.8601036269430051, "nll": 0.4502233369520415, "mse": 0.13790202152354758, "N": 193, "over_prob": 0.0, "under_prob": 0.0, "over_counts": {"0": 66}, "under_counts": {"0": 66}, "avg_over_mag": 0.0, "avg_under_mag": 0.0, "avg_over": 0.0, "avg_under": 0.0}], [[0.1, 0.15000000000000002], {"acc": 0.73224043715847, "nll": 0.5461095860041425, "mse": 0.1828236930179886, "N": 183, "over_prob": 0.0, "under_prob": 0.0, "over_counts": {"0": 91}, "under_counts": {"0": 91}, "avg_over_mag": 0.0, "avg_under_mag": 0.0, "avg_over": 0.0, "avg_under": 0.0}], [[0.15000000000000002, 0.2], {"acc": 0.6846846846846847, "nll": 0.5894184202747127, "mse": 0.19898474148841358, "N": 222, "over_prob": 0.0, "under_prob": 0.0, "over_counts": {"0": 116}, "under_counts": {"0": 116}, "avg_over_mag": 0.0, "avg_under_mag": 0.0, "avg_over": 0.0, "avg_under": 0.0}], [[0.2, 0.25], {"acc": 0.6480836236933798, "nll": 0.6407585653602302, "mse": 0.2242287992213229, "N": 287, "over_prob": 0.0, "under_prob": 0.0, "over_counts": {"0": 187}, "under_counts": {"0": 187}, "avg_over_mag": 0.0, "avg_under_mag": 0.0, "avg_over": 0.0, "avg_under": 0.0}], [[0.25, 0.30000000000000004], {"acc": 0.6461538461538462, "nll": 0.6690888828250466, "mse": 0.2358637650885322, "N": 455, "over_prob": 0.0, "under_prob": 0.0, "over_counts": {"0": 284}, "under_counts": {"0": 284}, "avg_over_mag": 0.0, "avg_under_mag": 0.0, "avg_over": 0.0, "avg_under": 0.0}], [[0.30000000000000004, 0.35000000000000003], {"acc": 0.6355013550135501, "nll": 0.6537303059460675, "mse": 0.22955621758147515, "N": 738, "over_prob": 0.0, "under_prob": 0.006564551422319487, "over_counts": {"0": 457}, "under_counts": {"0": 454, "1": 3}, "avg_over_mag": 0.0, "avg_under_mag": 1.0, "avg_over": 0.0, "avg_under": 1.0}], [[0.35000000000000003, 0.4], {"acc": 0.5420792079207921, "nll": 0.7043652361528114, "mse": 0.25375774887314817, "N": 808, "over_prob": 0.0, "under_prob": 0.0037664783427495685, "over_counts": {"0": 531}, "under_counts": {"0": 529, "1": 2}, "avg_over_mag": 0.0, "avg_under_mag": 1.0, "avg_over": 0.0, "avg_under": 1.0}], [[0.4, 0.45], {"acc": 0.5140913508260447, "nll": 0.7183496457200774, "mse": 0.2616647583694603, "N": 1029, "over_prob": 0.0, "under_prob": 0.0013831258644536604, "over_counts": {"0": 723}, "under_counts": {"0": 722, "1": 1}, "avg_over_mag": 0.0, "avg_under_mag": 1.0, "avg_over": 0.0, "avg_under": 1.0}], [[0.45, 0.5], {"acc": 0.5, "nll": 0.7129892060492283, "mse": 0.2593181292864529, "N": 1402, "over_prob": 0.0, "under_prob": 0.001980198019801982, "over_counts": {"0": 1010}, "under_counts": {"0": 1008, "1": 2}, "avg_over_mag": 0.0, "avg_under_mag": 1.0, "avg_over": 0.0, "avg_under": 1.0}], [[0.5, 0.55], {"acc": 0.5180204410973642, "nll": 0.7010500691299482, "mse": 0.25338069263763113, "N": 1859, "over_prob": 0.0, "under_prob": 0.00368459837877666, "over_counts": {"0": 1357}, "under_counts": {"0": 1352, "1": 4, "2": 1}, "avg_over_mag": 0.0, "avg_under_mag": 1.2, "avg_over": 0.0, "avg_under": 1.2}], [[0.55, 0.6000000000000001], {"acc": 0.5562521769418322, "nll": 0.6977785938339001, "mse": 0.25142318974666183, "N": 2871, "over_prob": 0.0, "under_prob": 0.0034825870646766344, "over_counts": {"0": 2010}, "under_counts": {"0": 2003, "1": 7}, "avg_over_mag": 0.0, "avg_under_mag": 1.0, "avg_over": 0.0, "avg_under": 1.0}], [[0.6000000000000001, 0.65], {"acc": 0.6353711790393013, "nll": 0.6644060838196705, "mse": 0.23532084205833098, "N": 4122, "over_prob": 0.0, "under_prob": 0.0014566642388929019, "over_counts": {"0": 2746}, "under_counts": {"0": 2742, "1": 4}, "avg_over_mag": 0.0, "avg_under_mag": 1.0, "avg_over": 0.0, "avg_under": 1.0}], [[0.65, 0.7000000000000001], {"acc": 0.674025756815521, "nll": 0.6354728835410866, "mse": 0.22142962393535637, "N": 5979, "over_prob": 0.0, "under_prob": 0.00435137340223013, "over_counts": {"0": 3677}, "under_counts": {"0": 3661, "1": 15, "2": 1}, "avg_over_mag": 0.0, "avg_under_mag": 1.0625, "avg_over": 0.0, "avg_under": 1.0625}], [[0.7000000000000001, 0.75], {"acc": 0.7282685512367492, "nll": 0.5874772993045361, "mse": 0.1988522255697277, "N": 8490, "over_prob": 0.0, "under_prob": 0.007201864011861847, "over_counts": {"0": 4721}, "under_counts": {"0": 4687, "1": 32, "2": 1, "4": 1}, "avg_over_mag": 0.0, "avg_under_mag": 1.1176470588235294, "avg_over": 0.0, "avg_under": 1.1176470588235294}], [[0.75, 0.8], {"acc": 0.7783412887828163, "nll": 0.5311962222758306, "mse": 0.17328783990213428, "N": 10056, "over_prob": 0.0, "under_prob": 0.014187271990271588, "over_counts": {"0": 4934}, "under_counts": {"0": 4864, "1": 55, "2": 11, "3": 4}, "avg_over_mag": 0.0, "avg_under_mag": 1.2714285714285714, "avg_over": 0.0, "avg_under": 1.2714285714285714}], [[0.8, 0.8500000000000001], {"acc": 0.8191340782122905, "nll": 0.47422108763479504, "mse": 0.1485823583582279, "N": 10024, "over_prob": 0.0, "under_prob": 0.14022727272727276, "over_counts": {"0": 4400}, "under_counts": {"0": 3783, "1": 443, "2": 104, "3": 39, "4": 15, "5": 7, "6": 3, "9": 2, "11": 2, "7": 1, "8": 1}, "avg_over_mag": 0.0, "avg_under_mag": 1.5170178282009725, "avg_over": 0.0, "avg_under": 1.5170178282009725}], [[0.8500000000000001, 0.9], {"acc": 0.8796596434359806, "nll": 0.3679997082104331, "mse": 0.10597263017759204, "N": 9872, "over_prob": 0.4372068785825951, "under_prob": 0.0, "over_counts": {"0": 2160, "1": 1334, "2": 238, "3": 53, "4": 26, "5": 11, "6": 5, "9": 5, "7": 4, "8": 2}, "under_counts": {"0": 3838}, "avg_over_mag": 1.3390941597139452, "avg_under_mag": 0.0, "avg_over": 1.3390941597139452, "avg_under": 0.0}], [[0.9, 0.9500000000000001], {"acc": 0.9153122326775022, "nll": 0.2897907220831236, "mse": 0.07746262732479439, "N": 8183, "over_prob": 0.0022718667171526263, "under_prob": 0.0, "over_counts": {"0": 2635, "1": 6}, "under_counts": {"0": 2641}, "avg_over_mag": 1.0, "avg_under_mag": 0.0, "avg_over": 1.0, "avg_under": 0.0}], [[0.9500000000000001, 1.0], {"acc": 0.9653579676674365, "nll": 0.15099773018660914, "mse": 0.03356744762367454, "N": 866, "over_prob": 0.0, "under_prob": 0.0, "over_counts": {"0": 322}, "under_counts": {"0": 322}, "avg_over_mag": 0.0, "avg_under_mag": 0.0, "avg_over": 0.0, "avg_under": 0.0}]]}