{"auc": 0.7144232543413173, "over_prob": 0.314827828531272, "under_prob": 0.2848442258140079, "over_counts": {"0": 2925, "1": 840, "2": 298, "3": 100, "4": 45, "5": 29, "6": 15, "8": 7, "7": 6, "9": 3, "10": 1}, "under_counts": {"0": 3053, "1": 791, "2": 273, "3": 78, "4": 33, "5": 22, "6": 6, "7": 4, "10": 3, "8": 2, "9": 1, "13": 1, "14": 1, "12": 1}, "avg_over_mag": 1.7008928571428572, "avg_under_mag": 1.620888157894737, "avg_over": 1.7008928571428572, "avg_under": 1.620888157894737, "acc": 0.7843186462553329, "nll": 0.48075820677043135, "mse": 0.15526977940574038, "metrics_by_prob": [[[0.0, 0.05], {"acc": 1.0, "nll": 0.10422441180034953, "mse": 0.009796431777247578, "N": 1, "over_prob": 0.0, "under_prob": 0.0, "over_counts": {"0": 1}, "under_counts": {"0": 1}, "avg_over_mag": 0.0, "avg_under_mag": 0.0, "avg_over": 0.0, "avg_under": 0.0}], [[0.05, 0.1], {"acc": 0.875, "nll": 0.34088967034951895, "mse": 0.10255097750853312, "N": 16, "over_prob": 0.0, "under_prob": 0.0, "over_counts": {"0": 15}, "under_counts": {"0": 15}, "avg_over_mag": 0.0, "avg_under_mag": 0.0, "avg_over": 0.0, "avg_under": 0.0}], [[0.1, 0.15000000000000002], {"acc": 0.8055555555555556, "nll": 0.4781432713692688, "mse": 0.15117964376148116, "N": 36, "over_prob": 0.0, "under_prob": 0.0, "over_counts": {"0": 30}, "under_counts": {"0": 30}, "avg_over_mag": 0.0, "avg_under_mag": 0.0, "avg_over": 0.0, "avg_under": 0.0}], [[0.15000000000000002, 0.2], {"acc": 0.8412698412698413, "nll": 0.5161068509205728, "mse": 0.1633059938954004, "N": 63, "over_prob": 0.0, "under_prob": 0.0, "over_counts": {"0": 53}, "under_counts": {"0": 53}, "avg_over_mag": 0.0, "avg_under_mag": 0.0, "avg_over": 0.0, "avg_under": 0.0}], [[0.2, 0.25], {"acc": 0.7283950617283951, "nll": 0.562396861886744, "mse": 0.1887752059037942, "N": 81, "over_prob": 0.0, "under_prob": 0.0, "over_counts": {"0": 73}, "under_counts": {"0": 73}, "avg_over_mag": 0.0, "avg_under_mag": 0.0, "avg_over": 0.0, "avg_under": 0.0}], [[0.25, 0.30000000000000004], {"acc": 0.7202380952380952, "nll": 0.5837028187160427, "mse": 0.1972266322327696, "N": 168, "over_prob": 0.0, "under_prob": 0.0, "over_counts": {"0": 145}, "under_counts": {"0": 145}, "avg_over_mag": 0.0, "avg_under_mag": 0.0, "avg_over": 0.0, "avg_under": 0.0}], [[0.30000000000000004, 0.35000000000000003], {"acc": 0.6926605504587156, "nll": 0.6181598763490871, "mse": 0.2140122929760112, "N": 218, "over_prob": 0.0, "under_prob": 0.0, "over_counts": {"0": 188}, "under_counts": {"0": 188}, "avg_over_mag": 0.0, "avg_under_mag": 0.0, "avg_over": 0.0, "avg_under": 0.0}], [[0.35000000000000003, 0.4], {"acc": 0.5559105431309904, "nll": 0.7047492907548542, "mse": 0.25468626339279005, "N": 313, "over_prob": 0.0, "under_prob": 0.0, "over_counts": {"0": 247}, "under_counts": {"0": 247}, "avg_over_mag": 0.0, "avg_under_mag": 0.0, "avg_over": 0.0, "avg_under": 0.0}], [[0.4, 0.45], {"acc": 0.5251798561151079, "nll": 0.7199755105500834, "mse": 0.2622474927698229, "N": 417, "over_prob": 0.0, "under_prob": 0.0, "over_counts": {"0": 318}, "under_counts": {"0": 318}, "avg_over_mag": 0.0, "avg_under_mag": 0.0, "avg_over": 0.0, "avg_under": 0.0}], [[0.45, 0.5], {"acc": 0.4911660777385159, "nll": 0.7280729834755708, "mse": 0.26604025193591985, "N": 566, "over_prob": 0.0, "under_prob": 0.004545454545454519, "over_counts": {"0": 440}, "under_counts": {"0": 438, "1": 2}, "avg_over_mag": 0.0, "avg_under_mag": 1.0, "avg_over": 0.0, "avg_under": 1.0}], [[0.5, 0.55], {"acc": 0.5152582159624414, "nll": 0.7119618109090973, "mse": 0.25802952755830916, "N": 852, "over_prob": 0.0, "under_prob": 0.003154574132492094, "over_counts": {"0": 634}, "under_counts": {"0": 632, "1": 2}, "avg_over_mag": 0.0, "avg_under_mag": 1.0, "avg_over": 0.0, "avg_under": 1.0}], [[0.55, 0.6000000000000001], {"acc": 0.5644067796610169, "nll": 0.6978646689771617, "mse": 0.2516228500190941, "N": 1180, "over_prob": 0.0, "under_prob": 0.003856041131105381, "over_counts": {"0": 778}, "under_counts": {"0": 775, "1": 3}, "avg_over_mag": 0.0, "avg_under_mag": 1.0, "avg_over": 0.0, "avg_under": 1.0}], [[0.6000000000000001, 0.65], {"acc": 0.6014884979702301, "nll": 0.6860221632922726, "mse": 0.2455849262559961, "N": 1478, "over_prob": 0.0, "under_prob": 0.023681377825618966, "over_counts": {"0": 929}, "under_counts": {"0": 907, "1": 22}, "avg_over_mag": 0.0, "avg_under_mag": 1.0, "avg_over": 0.0, "avg_under": 1.0}], [[0.65, 0.7000000000000001], {"acc": 0.6557971014492754, "nll": 0.6586552546055942, "mse": 0.23048856244459107, "N": 1932, "over_prob": 0.0, "under_prob": 0.053173241852487174, "over_counts": {"0": 1166}, "under_counts": {"0": 1104, "1": 61, "2": 1}, "avg_over_mag": 0.0, "avg_under_mag": 1.0161290322580645, "avg_over": 0.0, "avg_under": 1.0161290322580645}], [[0.7000000000000001, 0.75], {"acc": 0.7298711755233495, "nll": 0.5880950687503623, "mse": 0.1984982838594172, "N": 2484, "over_prob": 0.0, "under_prob": 0.09857142857142853, "over_counts": {"0": 1400}, "under_counts": {"0": 1262, "1": 131, "2": 6, "3": 1}, "avg_over_mag": 0.0, "avg_under_mag": 1.0579710144927537, "avg_over": 0.0, "avg_under": 1.0579710144927537}], [[0.75, 0.8], {"acc": 0.7703408044212465, "nll": 0.5527418429479093, "mse": 0.1815242806228593, "N": 3257, "over_prob": 0.0, "under_prob": 0.22488317757009346, "over_counts": {"0": 1712}, "under_counts": {"0": 1327, "1": 330, "2": 40, "3": 10, "4": 5}, "avg_over_mag": 0.0, "avg_under_mag": 1.1948051948051948, "avg_over": 0.0, "avg_under": 1.1948051948051948}], [[0.8, 0.8500000000000001], {"acc": 0.8259526261585994, "nll": 0.47665363727086996, "mse": 0.14793521800453063, "N": 3884, "over_prob": 0.0, "under_prob": 0.47254487856388594, "over_counts": {"0": 1894}, "under_counts": {"0": 999, "1": 655, "2": 166, "3": 45, "4": 16, "5": 5, "7": 4, "6": 1, "8": 1, "11": 1, "9": 1}, "avg_over_mag": 0.0, "avg_under_mag": 1.422346368715084, "avg_over": 0.0, "avg_under": 1.422346368715084}], [[0.8500000000000001, 0.9], {"acc": 0.8848098483183117, "nll": 0.3684781861896982, "mse": 0.10516903351408845, "N": 4549, "over_prob": 0.5799275737196068, "under_prob": 0.0, "over_counts": {"0": 812, "1": 767, "2": 223, "3": 68, "4": 37, "5": 13, "6": 7, "8": 4, "7": 1, "9": 1}, "under_counts": {"0": 1933}, "avg_over_mag": 1.5343443354148083, "avg_under_mag": 0.0, "avg_over": 1.5343443354148083, "avg_under": 0.0}], [[0.9, 0.9500000000000001], {"acc": 0.920515574650913, "nll": 0.2888266437843917, "mse": 0.07544682200642971, "N": 4655, "over_prob": 0.25958702064896755, "under_prob": 0.0, "over_counts": {"0": 1255, "1": 360, "2": 61, "3": 14, "4": 3, "8": 1, "5": 1}, "under_counts": {"0": 1695}, "avg_over_mag": 1.2477272727272728, "avg_under_mag": 0.0, "avg_over": 1.2477272727272728, "avg_under": 0.0}], [[0.9500000000000001, 1.0], {"acc": 0.9621342512908778, "nll": 0.16842270696313227, "mse": 0.03746306766765528, "N": 1743, "over_prob": 0.022091310751104598, "under_prob": 0.0, "over_counts": {"0": 664, "1": 13, "2": 2}, "under_counts": {"0": 679}, "avg_over_mag": 1.1333333333333333, "avg_under_mag": 0.0, "avg_over": 1.1333333333333333, "avg_under": 0.0}]]}