{"over_prob": 0.36363636363636365, "under_prob": 0.5858272162619989, "over_counts": {"0": 2254, "1": 668, "2": 269, "3": 154, "4": 65, "5": 48, "6": 22, "7": 16, "9": 11, "8": 8, "10": 6, "14": 4, "11": 4, "15": 3, "17": 2, "18": 2, "21": 1, "13": 1, "12": 1, "16": 1, "33": 1, "62": 1}, "under_counts": {"0": 1467, "1": 1056, "2": 463, "3": 239, "4": 127, "5": 72, "6": 35, "7": 30, "8": 18, "10": 9, "9": 5, "16": 3, "12": 3, "11": 3, "14": 3, "15": 2, "19": 2, "13": 1, "17": 1, "20": 1, "25": 1, "23": 1}, "avg_over_mag": 2.334627329192547, "avg_under_mag": 2.2125301204819277, "avg_over": 2.334627329192547, "avg_under": 2.2125301204819277, "acc": 0.7379315793631982, "auc": 0.6305533971112116, "nll": 0.6901557710876648, "mse": 0.19222755911538672, "metrics_by_prob": [[[0.0, 0.05], {"acc": 1.0, "nll": 0.09731880952926225, "mse": 0.010992513692049738, "N": 3, "over_prob": 0.0, "under_prob": 0.0, "over_counts": {"0": 2}, "under_counts": {"0": 2}, "avg_over_mag": 0.0, "avg_under_mag": 0.0, "avg_over": 0.0, "avg_under": 0.0}], [[0.05, 0.1], {"acc": 0.8, "nll": 0.5328295491025635, "mse": 0.1870475506610867, "N": 10, "over_prob": 0.0, "under_prob": 0.0, "over_counts": {"0": 7}, "under_counts": {"0": 7}, "avg_over_mag": 0.0, "avg_under_mag": 0.0, "avg_over": 0.0, "avg_under": 0.0}], [[0.1, 0.15000000000000002], {"acc": 0.7037037037037037, "nll": 0.9401578300948498, "mse": 0.26564430644428183, "N": 27, "over_prob": 0.0, "under_prob": 0.045454545454545414, "over_counts": {"0": 22}, "under_counts": {"0": 21, "1": 1}, "avg_over_mag": 0.0, "avg_under_mag": 1.0, "avg_over": 0.0, "avg_under": 1.0}], [[0.15000000000000002, 0.2], {"acc": 0.78, "nll": 0.6001788521972163, "mse": 0.18344244149958755, "N": 50, "over_prob": 0.0, "under_prob": 0.07317073170731703, "over_counts": {"0": 41}, "under_counts": {"0": 38, "1": 3}, "avg_over_mag": 0.0, "avg_under_mag": 1.0, "avg_over": 0.0, "avg_under": 1.0}], [[0.2, 0.25], {"acc": 0.6375, "nll": 0.9129187970381623, "mse": 0.26429780843626377, "N": 80, "over_prob": 0.0, "under_prob": 0.11290322580645162, "over_counts": {"0": 62}, "under_counts": {"0": 55, "1": 7}, "avg_over_mag": 0.0, "avg_under_mag": 1.0, "avg_over": 0.0, "avg_under": 1.0}], [[0.25, 0.30000000000000004], {"acc": 0.55, "nll": 0.8631131701706085, "mse": 0.2966844410535133, "N": 140, "over_prob": 0.0, "under_prob": 0.05882352941176472, "over_counts": {"0": 119}, "under_counts": {"0": 112, "1": 7}, "avg_over_mag": 0.0, "avg_under_mag": 1.0, "avg_over": 0.0, "avg_under": 1.0}], [[0.30000000000000004, 0.35000000000000003], {"acc": 0.5441176470588235, "nll": 1.0668871646621498, "mse": 0.3201121725655016, "N": 204, "over_prob": 0.0, "under_prob": 0.12048192771084343, "over_counts": {"0": 166}, "under_counts": {"0": 146, "1": 18, "2": 2}, "avg_over_mag": 0.0, "avg_under_mag": 1.1, "avg_over": 0.0, "avg_under": 1.1}], [[0.35000000000000003, 0.4], {"acc": 0.4770992366412214, "nll": 0.9999184825889647, "mse": 0.3219511111589687, "N": 262, "over_prob": 0.0, "under_prob": 0.07999999999999996, "over_counts": {"0": 225}, "under_counts": {"0": 207, "1": 18}, "avg_over_mag": 0.0, "avg_under_mag": 1.0, "avg_over": 0.0, "avg_under": 1.0}], [[0.4, 0.45], {"acc": 0.4921052631578947, "nll": 0.9411478876232898, "mse": 0.3077455009306282, "N": 380, "over_prob": 0.0, "under_prob": 0.1573426573426573, "over_counts": {"0": 286}, "under_counts": {"0": 241, "1": 45}, "avg_over_mag": 0.0, "avg_under_mag": 1.0, "avg_over": 0.0, "avg_under": 1.0}], [[0.45, 0.5], {"acc": 0.5076335877862596, "nll": 0.913299044855626, "mse": 0.2946257805032475, "N": 524, "over_prob": 0.0, "under_prob": 0.12469437652811732, "over_counts": {"0": 409}, "under_counts": {"0": 358, "1": 49, "2": 1, "3": 1}, "avg_over_mag": 0.0, "avg_under_mag": 1.0588235294117647, "avg_over": 0.0, "avg_under": 1.0588235294117647}], [[0.5, 0.55], {"acc": 0.5290055248618785, "nll": 0.8961901591165315, "mse": 0.29130142580869295, "N": 724, "over_prob": 0.0, "under_prob": 0.15063520871143377, "over_counts": {"0": 551}, "under_counts": {"0": 468, "1": 78, "2": 3, "3": 2}, "avg_over_mag": 0.0, "avg_under_mag": 1.0843373493975903, "avg_over": 0.0, "avg_under": 1.0843373493975903}], [[0.55, 0.6000000000000001], {"acc": 0.5110887096774194, "nll": 0.9243170850902832, "mse": 0.30108026581962083, "N": 992, "over_prob": 0.0, "under_prob": 0.22594752186588918, "over_counts": {"0": 686}, "under_counts": {"0": 531, "1": 146, "2": 8, "3": 1}, "avg_over_mag": 0.0, "avg_under_mag": 1.064516129032258, "avg_over": 0.0, "avg_under": 1.064516129032258}], [[0.6000000000000001, 0.65], {"acc": 0.5825385179750551, "nll": 0.891758696993521, "mse": 0.2775354447317566, "N": 1363, "over_prob": 0.0, "under_prob": 0.29146919431279616, "over_counts": {"0": 844}, "under_counts": {"0": 598, "1": 231, "2": 12, "3": 2, "5": 1}, "avg_over_mag": 0.0, "avg_under_mag": 1.08130081300813, "avg_over": 0.0, "avg_under": 1.08130081300813}], [[0.65, 0.7000000000000001], {"acc": 0.6168327796234773, "nll": 0.8557284562400036, "mse": 0.2586559297291273, "N": 1806, "over_prob": 0.0, "under_prob": 0.3638151425762045, "over_counts": {"0": 1017}, "under_counts": {"0": 647, "1": 318, "2": 44, "3": 5, "4": 2, "5": 1}, "avg_over_mag": 0.0, "avg_under_mag": 1.172972972972973, "avg_over": 0.0, "avg_under": 1.172972972972973}], [[0.7000000000000001, 0.75], {"acc": 0.650653181626633, "nll": 0.8467041316558459, "mse": 0.2511042960976684, "N": 2373, "over_prob": 0.0, "under_prob": 0.4358974358974359, "over_counts": {"0": 1248}, "under_counts": {"0": 704, "1": 447, "2": 64, "3": 24, "4": 8, "6": 1}, "avg_over_mag": 0.0, "avg_under_mag": 1.2591911764705883, "avg_over": 0.0, "avg_under": 1.2591911764705883}], [[0.75, 0.8], {"acc": 0.7161794697484705, "nll": 0.7503301252119876, "mse": 0.21484539682569573, "N": 2942, "over_prob": 0.0, "under_prob": 0.5685028248587571, "over_counts": {"0": 1416}, "under_counts": {"0": 611, "1": 603, "2": 145, "3": 38, "4": 11, "5": 6, "7": 1, "8": 1}, "avg_over_mag": 0.0, "avg_under_mag": 1.3614906832298137, "avg_over": 0.0, "avg_under": 1.3614906832298137}], [[0.8, 0.8500000000000001], {"acc": 0.7606102635228849, "nll": 0.6962282948704245, "mse": 0.19175395211274504, "N": 3605, "over_prob": 0.0, "under_prob": 0.6588021778584392, "over_counts": {"0": 1653}, "under_counts": {"1": 721, "0": 564, "2": 242, "3": 76, "4": 27, "5": 9, "6": 4, "8": 3, "10": 2, "9": 2, "7": 2, "12": 1}, "avg_over_mag": 0.0, "avg_under_mag": 1.559228650137741, "avg_over": 0.0, "avg_under": 1.559228650137741}], [[0.8500000000000001, 0.9], {"acc": 0.8350253807106599, "nll": 0.609520396580317, "mse": 0.1442141405286246, "N": 4334, "over_prob": 0.5708382526564344, "under_prob": 0.0, "over_counts": {"0": 727, "1": 601, "2": 206, "3": 82, "4": 30, "5": 15, "7": 8, "6": 8, "8": 5, "9": 4, "11": 3, "14": 2, "17": 1, "15": 1, "25": 1}, "under_counts": {"0": 1694}, "avg_over_mag": 1.811789038262668, "avg_under_mag": 0.0, "avg_over": 1.811789038262668, "avg_under": 0.0}], [[0.9, 0.9500000000000001], {"acc": 0.8876262626262627, "nll": 0.4661180751777532, "mse": 0.10089249606300081, "N": 3960, "over_prob": 0.44954766875434937, "under_prob": 0.0, "over_counts": {"0": 791, "1": 438, "2": 119, "3": 48, "4": 19, "6": 10, "5": 7, "10": 1, "17": 1, "24": 1, "9": 1, "8": 1}, "under_counts": {"0": 1437}, "avg_over_mag": 1.6393188854489165, "avg_under_mag": 0.0, "avg_over": 1.6393188854489165, "avg_under": 0.0}], [[0.9500000000000001, 1.0], {"acc": 0.9570032573289903, "nll": 0.233956243054185, "mse": 0.04258973602396984, "N": 1535, "over_prob": 0.2522851919561243, "under_prob": 0.0, "over_counts": {"0": 409, "1": 114, "2": 14, "3": 5, "6": 1, "4": 1, "5": 1, "13": 1, "11": 1}, "under_counts": {"0": 547}, "avg_over_mag": 1.4202898550724639, "avg_under_mag": 0.0, "avg_over": 1.4202898550724639, "avg_under": 0.0}]]}