{"auc": 0.635868569309496, "over_prob": 0.0011128284389489984, "under_prob": 0.0017310664605872939, "over_counts": {"0": 16157, "1": 10, "2": 6, "3": 2}, "under_counts": {"0": 16147, "1": 13, "3": 6, "2": 6, "4": 3}, "avg_over_mag": 1.5555555555555556, "avg_under_mag": 1.9642857142857142, "avg_over": 1.5555555555555556, "avg_under": 1.9642857142857142, "acc": 0.6024470729407732, "nll": 0.6595123652860655, "mse": 0.23379846788156203, "metrics_by_prob": [[[0.0, 0.05], {"acc": 1.0, "nll": 0.0373855951950893, "mse": 0.0014140934778196861, "N": 15, "over_prob": 0.0, "under_prob": 0.0, "over_counts": {"0": 5}, "under_counts": {"0": 5}, "avg_over_mag": 0.0, "avg_under_mag": 0.0, "avg_over": 0.0, "avg_under": 0.0}], [[0.05, 0.1], {"acc": 0.9230769230769231, "nll": 0.26494633539243617, "mse": 0.07010473837123553, "N": 39, "over_prob": 0.0, "under_prob": 0.0, "over_counts": {"0": 8}, "under_counts": {"0": 8}, "avg_over_mag": 0.0, "avg_under_mag": 0.0, "avg_over": 0.0, "avg_under": 0.0}], [[0.1, 0.15000000000000002], {"acc": 0.8773006134969326, "nll": 0.37332561245356316, "mse": 0.1078776196756403, "N": 326, "over_prob": 0.0, "under_prob": 0.0, "over_counts": {"0": 58}, "under_counts": {"0": 58}, "avg_over_mag": 0.0, "avg_under_mag": 0.0, "avg_over": 0.0, "avg_under": 0.0}], [[0.15000000000000002, 0.2], {"acc": 0.8414096916299559, "nll": 0.4431138333506286, "mse": 0.13515017717044908, "N": 227, "over_prob": 0.0, "under_prob": 0.0, "over_counts": {"0": 101}, "under_counts": {"0": 101}, "avg_over_mag": 0.0, "avg_under_mag": 0.0, "avg_over": 0.0, "avg_under": 0.0}], [[0.2, 0.25], {"acc": 0.7676348547717843, "nll": 0.5414753046541865, "mse": 0.17816132202257504, "N": 482, "over_prob": 0.0, "under_prob": 0.0, "over_counts": {"0": 165}, "under_counts": {"0": 165}, "avg_over_mag": 0.0, "avg_under_mag": 0.0, "avg_over": 0.0, "avg_under": 0.0}], [[0.25, 0.30000000000000004], {"acc": 0.714987714987715, "nll": 0.5981433890782272, "mse": 0.2039815703716655, "N": 2442, "over_prob": 0.0, "under_prob": 0.0, "over_counts": {"0": 525}, "under_counts": {"0": 525}, "avg_over_mag": 0.0, "avg_under_mag": 0.0, "avg_over": 0.0, "avg_under": 0.0}], [[0.30000000000000004, 0.35000000000000003], {"acc": 0.6706756278740714, "nll": 0.6329986883627253, "mse": 0.22055678109915605, "N": 2827, "over_prob": 0.0, "under_prob": 0.0, "over_counts": {"0": 1148}, "under_counts": {"0": 1148}, "avg_over_mag": 0.0, "avg_under_mag": 0.0, "avg_over": 0.0, "avg_under": 0.0}], [[0.35000000000000003, 0.4], {"acc": 0.618951241950322, "nll": 0.6644489605359014, "mse": 0.2357867729151163, "N": 5435, "over_prob": 0.0, "under_prob": 0.0, "over_counts": {"0": 2010}, "under_counts": {"0": 2010}, "avg_over_mag": 0.0, "avg_under_mag": 0.0, "avg_over": 0.0, "avg_under": 0.0}], [[0.4, 0.45], {"acc": 0.5785818713450293, "nll": 0.6800165539770813, "mse": 0.24347090647962935, "N": 8208, "over_prob": 0.0, "under_prob": 0.0, "over_counts": {"0": 2703}, "under_counts": {"0": 2703}, "avg_over_mag": 0.0, "avg_under_mag": 0.0, "avg_over": 0.0, "avg_under": 0.0}], [[0.45, 0.5], {"acc": 0.5210629152012505, "nll": 0.692384349284809, "mse": 0.24961831703181506, "N": 12795, "over_prob": 0.0, "under_prob": 0.0, "over_counts": {"0": 3735}, "under_counts": {"0": 3735}, "avg_over_mag": 0.0, "avg_under_mag": 0.0, "avg_over": 0.0, "avg_under": 0.0}], [[0.5, 0.55], {"acc": 0.5317551020408163, "nll": 0.6906547828651372, "mse": 0.2487553359227578, "N": 18375, "over_prob": 0.0, "under_prob": 0.0, "over_counts": {"0": 3511}, "under_counts": {"0": 3511}, "avg_over_mag": 0.0, "avg_under_mag": 0.0, "avg_over": 0.0, "avg_under": 0.0}], [[0.55, 0.6000000000000001], {"acc": 0.5891595153962645, "nll": 0.6770369217847916, "mse": 0.24199125877440117, "N": 15848, "over_prob": 0.0, "under_prob": 0.0, "over_counts": {"0": 3161}, "under_counts": {"0": 3161}, "avg_over_mag": 0.0, "avg_under_mag": 0.0, "avg_over": 0.0, "avg_under": 0.0}], [[0.6000000000000001, 0.65], {"acc": 0.6235667008483267, "nll": 0.6621130390282074, "mse": 0.23464706606712504, "N": 10727, "over_prob": 0.0, "under_prob": 0.0, "over_counts": {"0": 2972}, "under_counts": {"0": 2972}, "avg_over_mag": 0.0, "avg_under_mag": 0.0, "avg_over": 0.0, "avg_under": 0.0}], [[0.65, 0.7000000000000001], {"acc": 0.6674054578196426, "nll": 0.6360838118767245, "mse": 0.22200791407564407, "N": 7219, "over_prob": 0.0, "under_prob": 0.0, "over_counts": {"0": 2240}, "under_counts": {"0": 2240}, "avg_over_mag": 0.0, "avg_under_mag": 0.0, "avg_over": 0.0, "avg_under": 0.0}], [[0.7000000000000001, 0.75], {"acc": 0.7220750551876379, "nll": 0.5902929813257828, "mse": 0.20039250622694008, "N": 4530, "over_prob": 0.0, "under_prob": 0.0, "over_counts": {"0": 1477}, "under_counts": {"0": 1477}, "avg_over_mag": 0.0, "avg_under_mag": 0.0, "avg_over": 0.0, "avg_under": 0.0}], [[0.75, 0.8], {"acc": 0.7668759811616954, "nll": 0.5434841361591914, "mse": 0.17892414939400214, "N": 2548, "over_prob": 0.0, "under_prob": 0.0, "over_counts": {"0": 795}, "under_counts": {"0": 795}, "avg_over_mag": 0.0, "avg_under_mag": 0.0, "avg_over": 0.0, "avg_under": 0.0}], [[0.8, 0.8500000000000001], {"acc": 0.8064903846153846, "nll": 0.4903415689044544, "mse": 0.15580219464712258, "N": 832, "over_prob": 0.0, "under_prob": 0.1007194244604317, "over_counts": {"0": 278}, "under_counts": {"0": 250, "1": 13, "3": 6, "2": 6, "4": 3}, "avg_over_mag": 0.0, "avg_under_mag": 1.9642857142857142, "avg_over": 0.0, "avg_under": 1.9642857142857142}], [[0.8500000000000001, 0.9], {"acc": 0.8393351800554016, "nll": 0.4437246931503151, "mse": 0.13547644676315768, "N": 361, "over_prob": 0.18181818181818177, "under_prob": 0.0, "over_counts": {"0": 81, "1": 10, "2": 6, "3": 2}, "under_counts": {"0": 99}, "avg_over_mag": 1.5555555555555556, "avg_under_mag": 0.0, "avg_over": 1.5555555555555556, "avg_under": 0.0}], [[0.9, 0.9500000000000001], {"acc": 0.9615384615384616, "nll": 0.17914494215436924, "mse": 0.0391382652939185, "N": 78, "over_prob": 0.0, "under_prob": 0.0, "over_counts": {"0": 23}, "under_counts": {"0": 23}, "avg_over_mag": 0.0, "avg_under_mag": 0.0, "avg_over": 0.0, "avg_under": 0.0}], [[0.9500000000000001, 1.0], {"acc": 0.9545454545454546, "nll": 0.19172305922531105, "mse": 0.04404036801132826, "N": 22, "over_prob": 0.0, "under_prob": 0.0, "over_counts": {"0": 3}, "under_counts": {"0": 3}, "avg_over_mag": 0.0, "avg_under_mag": 0.0, "avg_over": 0.0, "avg_under": 0.0}]]}