{"auc": 0.7359981180366346, "over_prob": 0.023888300688194808, "under_prob": 0.030770248808893563, "over_counts": {"0": 14751, "1": 289, "2": 50, "3": 13, "4": 5, "5": 3, "7": 1}, "under_counts": {"0": 14647, "1": 379, "2": 65, "3": 17, "4": 3, "5": 1}, "avg_over_mag": 1.3019390581717452, "avg_under_mag": 1.2408602150537635, "avg_over": 1.3019390581717452, "avg_under": 1.2408602150537635, "acc": 0.6727937141979238, "nll": 0.594146225940457, "mse": 0.20573982230164226, "metrics_by_prob": [[[0.0, 0.05], {"acc": 0.9858132629495217, "nll": 0.06766501393795825, "mse": 0.013746754402188033, "N": 3031, "over_prob": 0.0, "under_prob": 0.0, "over_counts": {"0": 440}, "under_counts": {"0": 440}, "avg_over_mag": 0.0, "avg_under_mag": 0.0, "avg_over": 0.0, "avg_under": 0.0}], [[0.05, 0.1], {"acc": 0.9261744966442953, "nll": 0.26151542228051844, "mse": 0.06812483368569876, "N": 1043, "over_prob": 0.0, "under_prob": 0.0, "over_counts": {"0": 392}, "under_counts": {"0": 392}, "avg_over_mag": 0.0, "avg_under_mag": 0.0, "avg_over": 0.0, "avg_under": 0.0}], [[0.1, 0.15000000000000002], {"acc": 0.8804275217100869, "nll": 0.3654613278882352, "mse": 0.10527785857328482, "N": 1497, "over_prob": 0.0, "under_prob": 0.0, "over_counts": {"0": 626}, "under_counts": {"0": 626}, "avg_over_mag": 0.0, "avg_under_mag": 0.0, "avg_over": 0.0, "avg_under": 0.0}], [[0.15000000000000002, 0.2], {"acc": 0.8305428716387621, "nll": 0.4558301046044193, "mse": 0.14095368665295127, "N": 1971, "over_prob": 0.0, "under_prob": 0.0, "over_counts": {"0": 973}, "under_counts": {"0": 973}, "avg_over_mag": 0.0, "avg_under_mag": 0.0, "avg_over": 0.0, "avg_under": 0.0}], [[0.2, 0.25], {"acc": 0.769620253164557, "nll": 0.5400176326355599, "mse": 0.17739123108373617, "N": 2765, "over_prob": 0.0, "under_prob": 0.0, "over_counts": {"0": 1379}, "under_counts": {"0": 1379}, "avg_over_mag": 0.0, "avg_under_mag": 0.0, "avg_over": 0.0, "avg_under": 0.0}], [[0.25, 0.30000000000000004], {"acc": 0.7142030662424067, "nll": 0.5992649149648983, "mse": 0.20448107317496134, "N": 3457, "over_prob": 0.0, "under_prob": 0.0, "over_counts": {"0": 1845}, "under_counts": {"0": 1845}, "avg_over_mag": 0.0, "avg_under_mag": 0.0, "avg_over": 0.0, "avg_under": 0.0}], [[0.30000000000000004, 0.35000000000000003], {"acc": 0.6697537836006325, "nll": 0.6353520537725518, "mse": 0.22160594240621834, "N": 4427, "over_prob": 0.0, "under_prob": 0.0, "over_counts": {"0": 2347}, "under_counts": {"0": 2347}, "avg_over_mag": 0.0, "avg_under_mag": 0.0, "avg_over": 0.0, "avg_under": 0.0}], [[0.35000000000000003, 0.4], {"acc": 0.6248150887573964, "nll": 0.6626852428934031, "mse": 0.23490643366340674, "N": 5408, "over_prob": 0.0, "under_prob": 0.0, "over_counts": {"0": 2862}, "under_counts": {"0": 2862}, "avg_over_mag": 0.0, "avg_under_mag": 0.0, "avg_over": 0.0, "avg_under": 0.0}], [[0.4, 0.45], {"acc": 0.5855477855477855, "nll": 0.6794716829322738, "mse": 0.24318978738478322, "N": 6435, "over_prob": 0.0, "under_prob": 0.0, "over_counts": {"0": 3444}, "under_counts": {"0": 3444}, "avg_over_mag": 0.0, "avg_under_mag": 0.0, "avg_over": 0.0, "avg_under": 0.0}], [[0.45, 0.5], {"acc": 0.5193183296474567, "nll": 0.6926316944402591, "mse": 0.24973468848724453, "N": 7687, "over_prob": 0.0, "under_prob": 0.0, "over_counts": {"0": 3971}, "under_counts": {"0": 3971}, "avg_over_mag": 0.0, "avg_under_mag": 0.0, "avg_over": 0.0, "avg_under": 0.0}], [[0.5, 0.55], {"acc": 0.5248570718369376, "nll": 0.6922571195130923, "mse": 0.24955369525779908, "N": 8046, "over_prob": 0.0, "under_prob": 0.0, "over_counts": {"0": 4150}, "under_counts": {"0": 4150}, "avg_over_mag": 0.0, "avg_under_mag": 0.0, "avg_over": 0.0, "avg_under": 0.0}], [[0.55, 0.6000000000000001], {"acc": 0.5771509836454136, "nll": 0.6815640981653691, "mse": 0.24422249864631265, "N": 8438, "over_prob": 0.0, "under_prob": 0.0, "over_counts": {"0": 4347}, "under_counts": {"0": 4347}, "avg_over_mag": 0.0, "avg_under_mag": 0.0, "avg_over": 0.0, "avg_under": 0.0}], [[0.6000000000000001, 0.65], {"acc": 0.6205565949485501, "nll": 0.6653562497319737, "mse": 0.23616732279833844, "N": 8552, "over_prob": 0.0, "under_prob": 0.0, "over_counts": {"0": 4335}, "under_counts": {"0": 4335}, "avg_over_mag": 0.0, "avg_under_mag": 0.0, "avg_over": 0.0, "avg_under": 0.0}], [[0.65, 0.7000000000000001], {"acc": 0.6661268219758316, "nll": 0.6386121934988299, "mse": 0.22313718212578518, "N": 8027, "over_prob": 0.0, "under_prob": 0.0, "over_counts": {"0": 3915}, "under_counts": {"0": 3915}, "avg_over_mag": 0.0, "avg_under_mag": 0.0, "avg_over": 0.0, "avg_under": 0.0}], [[0.7000000000000001, 0.75], {"acc": 0.7256132344552196, "nll": 0.5901001832126994, "mse": 0.20013403601335986, "N": 7012, "over_prob": 0.0, "under_prob": 0.0, "over_counts": {"0": 3433}, "under_counts": {"0": 3433}, "avg_over_mag": 0.0, "avg_under_mag": 0.0, "avg_over": 0.0, "avg_under": 0.0}], [[0.75, 0.8], {"acc": 0.767165255000901, "nll": 0.5437911788988964, "mse": 0.1790274353519062, "N": 5549, "over_prob": 0.0, "under_prob": 0.004969826056088089, "over_counts": {"0": 2817}, "under_counts": {"0": 2803, "1": 14}, "avg_over_mag": 0.0, "avg_under_mag": 1.0, "avg_over": 0.0, "avg_under": 1.0}], [[0.8, 0.8500000000000001], {"acc": 0.8200899550224887, "nll": 0.47453889873616784, "mse": 0.14850621670155573, "N": 4002, "over_prob": 0.0, "under_prob": 0.23657024793388426, "over_counts": {"0": 1936}, "under_counts": {"0": 1478, "1": 378, "2": 60, "3": 16, "4": 3, "5": 1}, "avg_over_mag": 0.0, "avg_under_mag": 1.2292576419213974, "avg_over": 0.0, "avg_under": 1.2292576419213974}], [[0.8500000000000001, 0.9], {"acc": 0.8582453290008123, "nll": 0.4080507848048554, "mse": 0.12168843559109305, "N": 2462, "over_prob": 0.3062985332182916, "under_prob": 0.0, "over_counts": {"0": 804, "1": 287, "2": 48, "3": 11, "4": 5, "5": 3, "7": 1}, "under_counts": {"0": 1159}, "avg_over_mag": 1.2901408450704226, "avg_under_mag": 0.0, "avg_over": 1.2901408450704226, "avg_under": 0.0}], [[0.9, 0.9500000000000001], {"acc": 0.9156079854809437, "nll": 0.28907519457938585, "mse": 0.07728436850526535, "N": 1102, "over_prob": 0.01851851851851849, "under_prob": 0.0, "over_counts": {"0": 530, "1": 9, "2": 1}, "under_counts": {"0": 540}, "avg_over_mag": 1.1, "avg_under_mag": 0.0, "avg_over": 1.1, "avg_under": 0.0}], [[0.9500000000000001, 1.0], {"acc": 0.9441860465116279, "nll": 0.21411306055927243, "mse": 0.05271973799124696, "N": 215, "over_prob": 0.006896551724137945, "under_prob": 0.0, "over_counts": {"0": 144, "1": 1}, "under_counts": {"0": 145}, "avg_over_mag": 1.0, "avg_under_mag": 0.0, "avg_over": 1.0, "avg_under": 0.0}]]}