{"over_prob": 0.3462275948311797, "under_prob": 0.044351813255523176, "over_counts": {"0": 7842, "3": 1157, "1": 1065, "2": 801, "4": 284, "5": 246, "6": 173, "7": 94, "8": 77, "9": 62, "10": 38, "12": 27, "11": 25, "13": 21, "14": 12, "17": 11, "15": 11, "16": 9, "18": 7, "21": 4, "20": 4, "23": 3, "19": 3, "28": 2, "30": 2, "35": 2, "49": 2, "42": 1, "51": 1, "25": 1, "57": 1, "26": 1, "24": 1, "41": 1, "22": 1, "52": 1, "80": 1, "36": 1}, "under_counts": {"0": 11463, "1": 406, "2": 93, "3": 24, "4": 6, "9": 1, "5": 1, "7": 1}, "avg_over_mag": 3.478449313749097, "avg_under_mag": 1.3327067669172932, "avg_over": 3.478449313749097, "avg_under": 1.3327067669172932, "acc": 0.764474533527478, "auc": 0.687596312189662, "nll": 0.5191786512765296, "mse": 0.17024304563482626, "metrics_by_prob": [[[0.0, 0.05], {"acc": 0.9428571428571428, "nll": 0.28861130052728257, "mse": 0.06798392502282696, "N": 35, "over_prob": 0.0, "under_prob": 0.0, "over_counts": {"0": 10}, "under_counts": {"0": 10}, "avg_over_mag": 0.0, "avg_under_mag": 0.0, "avg_over": 0.0, "avg_under": 0.0}], [[0.05, 0.1], {"acc": 0.8947368421052632, "nll": 0.306995487520008, "mse": 0.08478463576125067, "N": 95, "over_prob": 0.0, "under_prob": 0.0, "over_counts": {"0": 29}, "under_counts": {"0": 29}, "avg_over_mag": 0.0, "avg_under_mag": 0.0, "avg_over": 0.0, "avg_under": 0.0}], [[0.1, 0.15000000000000002], {"acc": 0.75, "nll": 0.5687897378040383, "mse": 0.1874243525819453, "N": 168, "over_prob": 0.0, "under_prob": 0.0, "over_counts": {"0": 86}, "under_counts": {"0": 86}, "avg_over_mag": 0.0, "avg_under_mag": 0.0, "avg_over": 0.0, "avg_under": 0.0}], [[0.15000000000000002, 0.2], {"acc": 0.7533039647577092, "nll": 0.550915069297449, "mse": 0.18271865189938402, "N": 227, "over_prob": 0.0, "under_prob": 0.0, "over_counts": {"0": 123}, "under_counts": {"0": 123}, "avg_over_mag": 0.0, "avg_under_mag": 0.0, "avg_over": 0.0, "avg_under": 0.0}], [[0.2, 0.25], {"acc": 0.6897590361445783, "nll": 0.6035020762753226, "mse": 0.20778856099382628, "N": 332, "over_prob": 0.0, "under_prob": 0.0, "over_counts": {"0": 201}, "under_counts": {"0": 201}, "avg_over_mag": 0.0, "avg_under_mag": 0.0, "avg_over": 0.0, "avg_under": 0.0}], [[0.25, 0.30000000000000004], {"acc": 0.5157894736842106, "nll": 0.7179826047848274, "mse": 0.2594610102630534, "N": 475, "over_prob": 0.0, "under_prob": 0.0, "over_counts": {"0": 302}, "under_counts": {"0": 302}, "avg_over_mag": 0.0, "avg_under_mag": 0.0, "avg_over": 0.0, "avg_under": 0.0}], [[0.30000000000000004, 0.35000000000000003], {"acc": 0.43425076452599387, "nll": 0.7538251941854988, "mse": 0.2785854951129776, "N": 654, "over_prob": 0.0, "under_prob": 0.0, "over_counts": {"0": 428}, "under_counts": {"0": 428}, "avg_over_mag": 0.0, "avg_under_mag": 0.0, "avg_over": 0.0, "avg_under": 0.0}], [[0.35000000000000003, 0.4], {"acc": 0.45479833101529904, "nll": 0.7429394516143735, "mse": 0.27365666659035826, "N": 719, "over_prob": 0.0, "under_prob": 0.0, "over_counts": {"0": 504}, "under_counts": {"0": 504}, "avg_over_mag": 0.0, "avg_under_mag": 0.0, "avg_over": 0.0, "avg_under": 0.0}], [[0.4, 0.45], {"acc": 0.47024390243902436, "nll": 0.7502819020062975, "mse": 0.2768924567271436, "N": 1025, "over_prob": 0.0, "under_prob": 0.0, "over_counts": {"0": 770}, "under_counts": {"0": 770}, "avg_over_mag": 0.0, "avg_under_mag": 0.0, "avg_over": 0.0, "avg_under": 0.0}], [[0.45, 0.5], {"acc": 0.4887459807073955, "nll": 0.7524769698123455, "mse": 0.2776152189670503, "N": 1244, "over_prob": 0.0, "under_prob": 0.0, "over_counts": {"0": 952}, "under_counts": {"0": 952}, "avg_over_mag": 0.0, "avg_under_mag": 0.0, "avg_over": 0.0, "avg_under": 0.0}], [[0.5, 0.55], {"acc": 0.5404011461318051, "nll": 0.7361023954597763, "mse": 0.26931584430626987, "N": 1745, "over_prob": 0.0, "under_prob": 0.0, "over_counts": {"0": 1316}, "under_counts": {"0": 1316}, "avg_over_mag": 0.0, "avg_under_mag": 0.0, "avg_over": 0.0, "avg_under": 0.0}], [[0.55, 0.6000000000000001], {"acc": 0.5784534534534534, "nll": 0.7110369727409307, "mse": 0.2571317556286194, "N": 2664, "over_prob": 0.0, "under_prob": 0.0, "over_counts": {"0": 1991}, "under_counts": {"0": 1991}, "avg_over_mag": 0.0, "avg_under_mag": 0.0, "avg_over": 0.0, "avg_under": 0.0}], [[0.6000000000000001, 0.65], {"acc": 0.6418918918918919, "nll": 0.6643096214012766, "mse": 0.23477805232163543, "N": 3700, "over_prob": 0.0, "under_prob": 0.0015088645794040234, "over_counts": {"0": 2651}, "under_counts": {"0": 2647, "1": 4}, "avg_over_mag": 0.0, "avg_under_mag": 1.0, "avg_over": 0.0, "avg_under": 1.0}], [[0.65, 0.7000000000000001], {"acc": 0.6859186878380736, "nll": 0.6279531017225717, "mse": 0.21759949421361774, "N": 5731, "over_prob": 0.0, "under_prob": 0.001908396946564861, "over_counts": {"0": 3668}, "under_counts": {"0": 3661, "1": 7}, "avg_over_mag": 0.0, "avg_under_mag": 1.0, "avg_over": 0.0, "avg_under": 1.0}], [[0.7000000000000001, 0.75], {"acc": 0.7258931772015772, "nll": 0.5890758779448267, "mse": 0.19950683526895688, "N": 8369, "over_prob": 0.0, "under_prob": 0.005071851225697421, "over_counts": {"0": 4732}, "under_counts": {"0": 4708, "1": 23, "2": 1}, "avg_over_mag": 0.0, "avg_under_mag": 1.0416666666666667, "avg_over": 0.0, "avg_under": 1.0416666666666667}], [[0.75, 0.8], {"acc": 0.7746079919069296, "nll": 0.5367374129762026, "mse": 0.17574782032704367, "N": 9885, "over_prob": 0.0, "under_prob": 0.01821493624772308, "over_counts": {"0": 4941}, "under_counts": {"0": 4851, "1": 84, "2": 5, "3": 1}, "avg_over_mag": 0.0, "avg_under_mag": 1.0777777777777777, "avg_over": 0.0, "avg_under": 1.0777777777777777}], [[0.8, 0.8500000000000001], {"acc": 0.8189224971993074, "nll": 0.47925050777839234, "mse": 0.15049426090359427, "N": 9819, "over_prob": 0.0, "under_prob": 0.10407239819004521, "over_counts": {"0": 4420}, "under_counts": {"0": 3960, "1": 371, "2": 74, "3": 7, "4": 5, "5": 2, "6": 1}, "avg_over_mag": 0.0, "avg_under_mag": 1.2521739130434784, "avg_over": 0.0, "avg_under": 1.2521739130434784}], [[0.8500000000000001, 0.9], {"acc": 0.8775774479529833, "nll": 0.39130522869102896, "mse": 0.1134374603263819, "N": 10039, "over_prob": 0.825776872134488, "under_prob": 0.0, "over_counts": {"1": 1598, "2": 717, "0": 684, "3": 401, "4": 151, "5": 121, "6": 55, "7": 53, "9": 29, "8": 28, "12": 19, "10": 16, "11": 12, "13": 8, "16": 7, "15": 5, "14": 5, "17": 4, "49": 2, "18": 2, "57": 1, "33": 1, "35": 1, "25": 1, "80": 1, "26": 1, "30": 1, "23": 1, "28": 1}, "under_counts": {"0": 3926}, "avg_over_mag": 2.4830351634793337, "avg_under_mag": 0.0, "avg_over": 2.4830351634793337, "avg_under": 0.0}], [[0.9, 0.9500000000000001], {"acc": 0.9219288174512055, "nll": 0.3118114346069173, "mse": 0.08147354266270582, "N": 8710, "over_prob": 0.7491903562432529, "under_prob": 0.0, "over_counts": {"0": 697, "1": 589, "2": 545, "3": 513, "4": 140, "5": 96, "6": 65, "7": 29, "8": 25, "10": 17, "9": 17, "11": 10, "16": 5, "12": 5, "19": 4, "15": 4, "13": 4, "22": 3, "14": 3, "17": 2, "18": 2, "20": 1, "24": 1, "28": 1, "23": 1}, "under_counts": {"0": 2779}, "avg_over_mag": 2.9226705091258407, "avg_under_mag": 0.0, "avg_over": 2.9226705091258407, "avg_under": 0.0}], [[0.9500000000000001, 1.0], {"acc": 0.9520897043832823, "nll": 0.23600520563647226, "mse": 0.054595016475406606, "N": 981, "over_prob": 0.3651685393258427, "under_prob": 0.0, "over_counts": {"0": 226, "1": 61, "2": 31, "3": 15, "4": 7, "6": 7, "5": 5, "9": 2, "23": 1, "7": 1}, "under_counts": {"0": 356}, "avg_over_mag": 2.3923076923076922, "avg_under_mag": 0.0, "avg_over": 2.3923076923076922, "avg_under": 0.0}]]}