{"auc": 0.6555810105093408, "over_prob": 0.45729578775890156, "under_prob": 0.1512683267395858, "over_counts": {"0": 2332, "1": 863, "2": 423, "3": 214, "4": 145, "5": 94, "6": 69, "7": 35, "9": 24, "8": 21, "10": 14, "12": 12, "16": 6, "11": 6, "17": 4, "14": 4, "13": 4, "33": 3, "15": 3, "18": 3, "31": 2, "19": 2, "26": 2, "22": 2, "23": 2, "36": 2, "49": 1, "20": 1, "34": 1, "28": 1, "29": 1, "21": 1}, "under_counts": {"0": 3647, "1": 369, "2": 132, "3": 52, "4": 33, "5": 25, "6": 8, "7": 7, "8": 5, "11": 4, "16": 2, "9": 2, "12": 2, "13": 2, "22": 1, "35": 1, "17": 1, "10": 1, "21": 1, "24": 1, "20": 1}, "avg_over_mag": 2.9307888040712466, "avg_under_mag": 2.270769230769231, "avg_over": 2.9307888040712466, "avg_under": 2.270769230769231, "acc": 0.7727586833969813, "nll": 0.5112260822766277, "mse": 0.166892639133557, "metrics_by_prob": [[[0.0, 0.05], {"acc": 1.0, "nll": 0.34187721245216324, "mse": 0.08384763905350953, "N": 1, "over_prob": 0.0, "under_prob": 0.0, "over_counts": {"0": 1}, "under_counts": {"0": 1}, "avg_over_mag": 0.0, "avg_under_mag": 0.0, "avg_over": 0.0, "avg_under": 0.0}], [[0.05, 0.1], {"acc": 0.25, "nll": 0.8670447970157101, "mse": 0.33466835182670285, "N": 4, "over_prob": 0.0, "under_prob": 0.0, "over_counts": {"0": 4}, "under_counts": {"0": 4}, "avg_over_mag": 0.0, "avg_under_mag": 0.0, "avg_over": 0.0, "avg_under": 0.0}], [[0.1, 0.15000000000000002], {"acc": 0.68, "nll": 0.6011117951066943, "mse": 0.20740580358603025, "N": 25, "over_prob": 0.0, "under_prob": 0.0, "over_counts": {"0": 22}, "under_counts": {"0": 22}, "avg_over_mag": 0.0, "avg_under_mag": 0.0, "avg_over": 0.0, "avg_under": 0.0}], [[0.15000000000000002, 0.2], {"acc": 0.5138888888888888, "nll": 0.7337462075928148, "mse": 0.2672462788399134, "N": 72, "over_prob": 0.0, "under_prob": 0.0, "over_counts": {"0": 67}, "under_counts": {"0": 67}, "avg_over_mag": 0.0, "avg_under_mag": 0.0, "avg_over": 0.0, "avg_under": 0.0}], [[0.2, 0.25], {"acc": 0.4909090909090909, "nll": 0.7557661544777106, "mse": 0.2786755292122552, "N": 110, "over_prob": 0.0, "under_prob": 0.021052631578947323, "over_counts": {"0": 95}, "under_counts": {"0": 93, "1": 2}, "avg_over_mag": 0.0, "avg_under_mag": 1.0, "avg_over": 0.0, "avg_under": 1.0}], [[0.25, 0.30000000000000004], {"acc": 0.40782122905027934, "nll": 0.8267832825518237, "mse": 0.30708065901806925, "N": 179, "over_prob": 0.0, "under_prob": 0.038461538461538436, "over_counts": {"0": 156}, "under_counts": {"0": 150, "1": 5, "2": 1}, "avg_over_mag": 0.0, "avg_under_mag": 1.1666666666666667, "avg_over": 0.0, "avg_under": 1.1666666666666667}], [[0.30000000000000004, 0.35000000000000003], {"acc": 0.3888888888888889, "nll": 0.8585934586377316, "mse": 0.32371629502330135, "N": 252, "over_prob": 0.0, "under_prob": 0.023696682464455, "over_counts": {"0": 211}, "under_counts": {"0": 206, "1": 5}, "avg_over_mag": 0.0, "avg_under_mag": 1.0, "avg_over": 0.0, "avg_under": 1.0}], [[0.35000000000000003, 0.4], {"acc": 0.41483516483516486, "nll": 0.83288250128265, "mse": 0.3123394599443487, "N": 364, "over_prob": 0.0, "under_prob": 0.023890784982935176, "over_counts": {"0": 293}, "under_counts": {"0": 286, "1": 7}, "avg_over_mag": 0.0, "avg_under_mag": 1.0, "avg_over": 0.0, "avg_under": 1.0}], [[0.4, 0.45], {"acc": 0.4189473684210526, "nll": 0.8349403716011573, "mse": 0.3134253893507016, "N": 475, "over_prob": 0.0, "under_prob": 0.007978723404255317, "over_counts": {"0": 376}, "under_counts": {"0": 373, "1": 3}, "avg_over_mag": 0.0, "avg_under_mag": 1.0, "avg_over": 0.0, "avg_under": 1.0}], [[0.45, 0.5], {"acc": 0.46568627450980393, "nll": 0.7897914560038889, "mse": 0.2925031235780894, "N": 612, "over_prob": 0.0, "under_prob": 0.010638297872340385, "over_counts": {"0": 470}, "under_counts": {"0": 465, "1": 5}, "avg_over_mag": 0.0, "avg_under_mag": 1.0, "avg_over": 0.0, "avg_under": 1.0}], [[0.5, 0.55], {"acc": 0.5315533980582524, "nll": 0.7703762582302612, "mse": 0.2817068458069013, "N": 824, "over_prob": 0.0, "under_prob": 0.02070063694267521, "over_counts": {"0": 628}, "under_counts": {"0": 615, "1": 12, "2": 1}, "avg_over_mag": 0.0, "avg_under_mag": 1.0769230769230769, "avg_over": 0.0, "avg_under": 1.0769230769230769}], [[0.55, 0.6000000000000001], {"acc": 0.5782918149466192, "nll": 0.7369680929747469, "mse": 0.26653758557083407, "N": 1124, "over_prob": 0.0, "under_prob": 0.020025031289111372, "over_counts": {"0": 799}, "under_counts": {"0": 783, "1": 14, "2": 2}, "avg_over_mag": 0.0, "avg_under_mag": 1.125, "avg_over": 0.0, "avg_under": 1.125}], [[0.6000000000000001, 0.65], {"acc": 0.6123407109322603, "nll": 0.7059011730570895, "mse": 0.2520048705588112, "N": 1491, "over_prob": 0.0, "under_prob": 0.035934291581108835, "over_counts": {"0": 974}, "under_counts": {"0": 939, "1": 28, "2": 7}, "avg_over_mag": 0.0, "avg_under_mag": 1.2, "avg_over": 0.0, "avg_under": 1.2}], [[0.65, 0.7000000000000001], {"acc": 0.6728232189973615, "nll": 0.6563715010916606, "mse": 0.22849795201052106, "N": 1895, "over_prob": 0.0, "under_prob": 0.05736301369863017, "over_counts": {"0": 1168}, "under_counts": {"0": 1101, "1": 53, "2": 9, "3": 3, "4": 2}, "avg_over_mag": 0.0, "avg_under_mag": 1.3134328358208955, "avg_over": 0.0, "avg_under": 1.3134328358208955}], [[0.7000000000000001, 0.75], {"acc": 0.7293172690763052, "nll": 0.6015323392323172, "mse": 0.20320064051771522, "N": 2490, "over_prob": 0.0, "under_prob": 0.09585121602288982, "over_counts": {"0": 1398}, "under_counts": {"0": 1264, "1": 106, "2": 12, "3": 8, "4": 3, "5": 2, "6": 2, "9": 1}, "avg_over_mag": 0.0, "avg_under_mag": 1.4701492537313432, "avg_over": 0.0, "avg_under": 1.4701492537313432}], [[0.75, 0.8], {"acc": 0.7790037831021438, "nll": 0.5403158132220491, "mse": 0.17617984435873316, "N": 3172, "over_prob": 0.0, "under_prob": 0.15333734215273598, "over_counts": {"0": 1663}, "under_counts": {"0": 1408, "1": 180, "2": 48, "3": 16, "7": 4, "4": 2, "5": 2, "8": 1, "11": 1, "6": 1}, "avg_over_mag": 0.0, "avg_under_mag": 1.5490196078431373, "avg_over": 0.0, "avg_under": 1.5490196078431373}], [[0.8, 0.8500000000000001], {"acc": 0.8277399056109072, "nll": 0.47408617846693685, "mse": 0.14789180127295912, "N": 3814, "over_prob": 0.0, "under_prob": 0.2379935965848452, "over_counts": {"0": 1874}, "under_counts": {"0": 1428, "1": 310, "2": 75, "3": 34, "4": 17, "5": 7, "10": 2, "8": 1}, "avg_over_mag": 0.0, "avg_under_mag": 1.553811659192825, "avg_over": 0.0, "avg_under": 1.553811659192825}], [[0.8500000000000001, 0.9], {"acc": 0.8726872246696036, "nll": 0.4093231009073706, "mse": 0.1205335513866852, "N": 4540, "over_prob": 0.7936746987951807, "under_prob": 0.0, "over_counts": {"1": 878, "0": 411, "2": 365, "3": 152, "4": 81, "5": 45, "6": 22, "7": 13, "8": 10, "9": 4, "11": 3, "14": 2, "10": 2, "16": 1, "12": 1, "17": 1, "13": 1}, "under_counts": {"0": 1992}, "avg_over_mag": 1.9550917141049968, "avg_under_mag": 0.0, "avg_over": 1.9550917141049968, "avg_under": 0.0}], [[0.9, 0.9500000000000001], {"acc": 0.9238373399236127, "nll": 0.3067292906498389, "mse": 0.08066182320661837, "N": 4451, "over_prob": 0.6333732057416268, "under_prob": 0.0, "over_counts": {"1": 635, "0": 613, "2": 205, "3": 86, "4": 55, "6": 25, "5": 21, "7": 12, "9": 6, "8": 3, "18": 2, "17": 2, "11": 2, "12": 1, "36": 1, "13": 1, "10": 1, "23": 1}, "under_counts": {"0": 1672}, "avg_over_mag": 2.0075542965061377, "avg_under_mag": 0.0, "avg_over": 2.0075542965061377, "avg_under": 0.0}], [[0.9500000000000001, 1.0], {"acc": 0.960625, "nll": 0.21935968949212137, "mse": 0.049067418388860445, "N": 1600, "over_prob": 0.30660377358490565, "under_prob": 0.0, "over_counts": {"0": 441, "1": 123, "3": 19, "2": 15, "6": 7, "4": 7, "5": 5, "7": 3, "8": 2, "9": 2, "17": 2, "18": 2, "10": 2, "13": 1, "19": 1, "12": 1, "11": 1, "21": 1, "16": 1}, "under_counts": {"0": 636}, "avg_over_mag": 2.7794871794871794, "avg_under_mag": 0.0, "avg_over": 2.7794871794871794, "avg_under": 0.0}]]}