{"over_prob": 0.05577129084092125, "under_prob": 0.07572308516336368, "over_counts": {"0": 14103, "1": 461, "2": 164, "3": 92, "4": 44, "5": 25, "6": 21, "7": 10, "10": 3, "9": 3, "11": 3, "8": 2, "12": 1, "24": 1, "15": 1, "13": 1, "19": 1}, "under_counts": {"0": 13805, "1": 848, "2": 171, "3": 60, "4": 26, "5": 9, "7": 5, "6": 4, "8": 3, "11": 2, "13": 2, "12": 1}, "avg_over_mag": 2.1020408163265305, "avg_under_mag": 1.469496021220159, "avg_over": 2.1020408163265305, "avg_under": 1.469496021220159, "acc": 0.6630423011111352, "auc": 0.7186221466828686, "nll": 0.6089562955114215, "mse": 0.2116306992122029, "metrics_by_prob": [[[0.0, 0.05], {"acc": 0.9905792044661549, "nll": 0.06142594465526629, "mse": 0.010427765265473633, "N": 2866, "over_prob": 0.0, "under_prob": 0.0, "over_counts": {"0": 554}, "under_counts": {"0": 554}, "avg_over_mag": 0.0, "avg_under_mag": 0.0, "avg_over": 0.0, "avg_under": 0.0}], [[0.05, 0.1], {"acc": 0.9086294416243654, "nll": 0.3294613010162441, "mse": 0.08774717253915738, "N": 985, "over_prob": 0.0, "under_prob": 0.0, "over_counts": {"0": 400}, "under_counts": {"0": 400}, "avg_over_mag": 0.0, "avg_under_mag": 0.0, "avg_over": 0.0, "avg_under": 0.0}], [[0.1, 0.15000000000000002], {"acc": 0.8713998660415271, "nll": 0.40238466672070455, "mse": 0.11761626133030238, "N": 1493, "over_prob": 0.0, "under_prob": 0.0, "over_counts": {"0": 626}, "under_counts": {"0": 626}, "avg_over_mag": 0.0, "avg_under_mag": 0.0, "avg_over": 0.0, "avg_under": 0.0}], [[0.15000000000000002, 0.2], {"acc": 0.8182270916334662, "nll": 0.5020639312382784, "mse": 0.15790781333235515, "N": 2008, "over_prob": 0.0, "under_prob": 0.0, "over_counts": {"0": 925}, "under_counts": {"0": 925}, "avg_over_mag": 0.0, "avg_under_mag": 0.0, "avg_over": 0.0, "avg_under": 0.0}], [[0.2, 0.25], {"acc": 0.7706492508643873, "nll": 0.5640228240081915, "mse": 0.1866367197729888, "N": 2603, "over_prob": 0.0, "under_prob": 0.0, "over_counts": {"0": 1366}, "under_counts": {"0": 1366}, "avg_over_mag": 0.0, "avg_under_mag": 0.0, "avg_over": 0.0, "avg_under": 0.0}], [[0.25, 0.30000000000000004], {"acc": 0.7156568686262748, "nll": 0.6120812777379079, "mse": 0.20967781758079349, "N": 3334, "over_prob": 0.0, "under_prob": 0.0, "over_counts": {"0": 1762}, "under_counts": {"0": 1762}, "avg_over_mag": 0.0, "avg_under_mag": 0.0, "avg_over": 0.0, "avg_under": 0.0}], [[0.30000000000000004, 0.35000000000000003], {"acc": 0.6597366597366597, "nll": 0.6488266601294715, "mse": 0.22791681148339568, "N": 4329, "over_prob": 0.0, "under_prob": 0.0, "over_counts": {"0": 2262}, "under_counts": {"0": 2262}, "avg_over_mag": 0.0, "avg_under_mag": 0.0, "avg_over": 0.0, "avg_under": 0.0}], [[0.35000000000000003, 0.4], {"acc": 0.5968790637191157, "nll": 0.6775922022034487, "mse": 0.24186652119334648, "N": 5383, "over_prob": 0.0, "under_prob": 0.0, "over_counts": {"0": 2837}, "under_counts": {"0": 2837}, "avg_over_mag": 0.0, "avg_under_mag": 0.0, "avg_over": 0.0, "avg_under": 0.0}], [[0.4, 0.45], {"acc": 0.5446414803392444, "nll": 0.6922961556759736, "mse": 0.24930552610128362, "N": 6485, "over_prob": 0.0, "under_prob": 0.0, "over_counts": {"0": 3351}, "under_counts": {"0": 3351}, "avg_over_mag": 0.0, "avg_under_mag": 0.0, "avg_over": 0.0, "avg_under": 0.0}], [[0.45, 0.5], {"acc": 0.5145502645502645, "nll": 0.7021172889215386, "mse": 0.25413652820241356, "N": 7560, "over_prob": 0.0, "under_prob": 0.0005205622071837723, "over_counts": {"0": 3842}, "under_counts": {"0": 3840, "1": 2}, "avg_over_mag": 0.0, "avg_under_mag": 1.0, "avg_over": 0.0, "avg_under": 1.0}], [[0.5, 0.55], {"acc": 0.5155872402126631, "nll": 0.7019036353714286, "mse": 0.25395263904887455, "N": 8276, "over_prob": 0.0, "under_prob": 0.0014309563558311256, "over_counts": {"0": 4193}, "under_counts": {"0": 4187, "1": 6}, "avg_over_mag": 0.0, "avg_under_mag": 1.0, "avg_over": 0.0, "avg_under": 1.0}], [[0.55, 0.6000000000000001], {"acc": 0.5509080257762156, "nll": 0.69552190487439, "mse": 0.2505439648374825, "N": 8535, "over_prob": 0.0, "under_prob": 0.004955167531854654, "over_counts": {"0": 4238}, "under_counts": {"0": 4217, "1": 19, "2": 2}, "avg_over_mag": 0.0, "avg_under_mag": 1.0952380952380953, "avg_over": 0.0, "avg_under": 1.0952380952380953}], [[0.6000000000000001, 0.65], {"acc": 0.608735007920344, "nll": 0.678317692699367, "mse": 0.2416508204279945, "N": 8838, "over_prob": 0.0, "under_prob": 0.011067558219967744, "over_counts": {"0": 4337}, "under_counts": {"0": 4289, "1": 44, "2": 2, "4": 2}, "avg_over_mag": 0.0, "avg_under_mag": 1.1666666666666667, "avg_over": 0.0, "avg_under": 1.1666666666666667}], [[0.65, 0.7000000000000001], {"acc": 0.6658804104257577, "nll": 0.6462121781943344, "mse": 0.22620160472521628, "N": 8479, "over_prob": 0.0, "under_prob": 0.023856369896704366, "over_counts": {"0": 4066}, "under_counts": {"0": 3969, "1": 87, "2": 6, "3": 3, "6": 1}, "avg_over_mag": 0.0, "avg_under_mag": 1.175257731958763, "avg_over": 0.0, "avg_under": 1.175257731958763}], [[0.7000000000000001, 0.75], {"acc": 0.7182696231805197, "nll": 0.6122491129181248, "mse": 0.2093846836852721, "N": 7351, "over_prob": 0.0, "under_prob": 0.059768818720045136, "over_counts": {"0": 3547}, "under_counts": {"0": 3335, "1": 195, "2": 11, "3": 5, "4": 1}, "avg_over_mag": 0.0, "avg_under_mag": 1.1132075471698113, "avg_over": 0.0, "avg_under": 1.1132075471698113}], [[0.75, 0.8], {"acc": 0.7796521739130435, "nll": 0.5570410948534881, "mse": 0.18323319668240606, "N": 5750, "over_prob": 0.0, "under_prob": 0.13783097569822267, "over_counts": {"0": 2757}, "under_counts": {"0": 2377, "1": 334, "2": 35, "3": 7, "4": 2, "5": 1, "6": 1}, "avg_over_mag": 0.0, "avg_under_mag": 1.168421052631579, "avg_over": 0.0, "avg_under": 1.168421052631579}], [[0.8, 0.8500000000000001], {"acc": 0.8193267134899491, "nll": 0.4939192570314739, "mse": 0.155262725170683, "N": 4129, "over_prob": 0.0, "under_prob": 0.295647823911956, "over_counts": {"0": 1999}, "under_counts": {"0": 1408, "1": 461, "2": 94, "3": 24, "4": 8, "5": 1, "6": 1, "10": 1, "7": 1}, "avg_over_mag": 0.0, "avg_under_mag": 1.3214890016920473, "avg_over": 0.0, "avg_under": 1.3214890016920473}], [[0.8500000000000001, 0.9], {"acc": 0.8779270633397313, "nll": 0.39640052606693527, "mse": 0.11527667941876837, "N": 2605, "over_prob": 0.6429752066115703, "under_prob": 0.0, "over_counts": {"1": 461, "0": 432, "2": 146, "3": 81, "4": 32, "5": 19, "6": 19, "7": 8, "8": 3, "9": 3, "19": 2, "10": 2, "11": 1, "15": 1}, "under_counts": {"0": 1210}, "avg_over_mag": 1.9588688946015425, "avg_under_mag": 0.0, "avg_over": 1.9588688946015425, "avg_under": 0.0}], [[0.9, 0.9500000000000001], {"acc": 0.9202566452795601, "nll": 0.29944597904698783, "mse": 0.07836422592112188, "N": 1091, "over_prob": 0.27389705882352944, "under_prob": 0.0, "over_counts": {"0": 395, "1": 107, "2": 24, "3": 12, "5": 4, "4": 2}, "under_counts": {"0": 544}, "avg_over_mag": 1.4697986577181208, "avg_under_mag": 0.0, "avg_over": 1.4697986577181208, "avg_under": 0.0}], [[0.9500000000000001, 1.0], {"acc": 0.9705882352941176, "nll": 0.1509607233260259, "mse": 0.03198646683636174, "N": 238, "over_prob": 0.04347826086956519, "under_prob": 0.0, "over_counts": {"0": 132, "1": 4, "2": 2}, "under_counts": {"0": 138}, "avg_over_mag": 1.3333333333333333, "avg_under_mag": 0.0, "avg_over": 1.3333333333333333, "avg_under": 0.0}]]}