{"auc": 0.6440584183621866, "over_prob": 0.49079261190304513, "under_prob": 0.12582505962615786, "over_counts": {"0": 18361, "1": 6708, "2": 3724, "3": 2106, "4": 1335, "5": 939, "6": 661, "7": 460, "8": 335, "9": 271, "10": 202, "11": 152, "12": 116, "13": 103, "14": 83, "15": 63, "16": 55, "19": 44, "18": 39, "17": 38, "20": 36, "23": 28, "21": 26, "22": 22, "26": 19, "24": 18, "29": 14, "28": 12, "25": 11, "30": 9, "27": 8, "32": 7, "39": 6, "36": 5, "34": 4, "31": 4, "33": 3, "38": 3, "41": 2, "45": 2, "52": 2, "50": 2, "43": 2, "40": 2, "53": 2, "55": 1, "37": 1, "51": 1, "67": 1, "60": 1, "71": 1, "47": 1, "35": 1, "65": 1, "42": 1, "49": 1, "63": 1, "64": 1, "83": 1}, "under_counts": {"0": 31521, "1": 2051, "2": 928, "3": 510, "4": 329, "5": 168, "6": 127, "7": 87, "8": 57, "9": 48, "10": 41, "11": 30, "12": 20, "15": 19, "13": 19, "14": 17, "16": 14, "17": 11, "18": 9, "19": 8, "20": 5, "33": 4, "25": 3, "24": 3, "32": 3, "21": 3, "27": 2, "31": 2, "30": 2, "39": 2, "29": 2, "23": 2, "44": 1, "51": 1, "41": 1, "70": 1, "43": 1, "26": 1, "58": 1, "48": 1, "28": 1, "45": 1, "61": 1}, "avg_over_mag": 3.4909306662146125, "avg_under_mag": 3.027992065241349, "avg_over": 3.4909306662146125, "avg_under": 3.027992065241349, "acc": 0.7881381317129531, "nll": 0.49531802253800156, "mse": 0.15975499853115965, "metrics_by_prob": [[[0.0, 0.05], {"acc": 0.2923076923076923, "nll": 0.9402307259145234, "mse": 0.359751108784972, "N": 195, "over_prob": 0.0, "under_prob": 0.03355704697986572, "over_counts": {"0": 149}, "under_counts": {"0": 144, "1": 5}, "avg_over_mag": 0.0, "avg_under_mag": 1.0, "avg_over": 0.0, "avg_under": 1.0}], [[0.05, 0.1], {"acc": 0.34913793103448276, "nll": 0.8841633336646413, "mse": 0.33460861187189783, "N": 464, "over_prob": 0.0, "under_prob": 0.032786885245901676, "over_counts": {"0": 366}, "under_counts": {"0": 354, "1": 12}, "avg_over_mag": 0.0, "avg_under_mag": 1.0, "avg_over": 0.0, "avg_under": 1.0}], [[0.1, 0.15000000000000002], {"acc": 0.26887661141804786, "nll": 0.9418145278895474, "mse": 0.36097235803374456, "N": 543, "over_prob": 0.0, "under_prob": 0.020224719101123556, "over_counts": {"0": 445}, "under_counts": {"0": 436, "1": 9}, "avg_over_mag": 0.0, "avg_under_mag": 1.0, "avg_over": 0.0, "avg_under": 1.0}], [[0.15000000000000002, 0.2], {"acc": 0.3407821229050279, "nll": 0.9156596877131593, "mse": 0.3475374741063543, "N": 716, "over_prob": 0.0, "under_prob": 0.02782324058919805, "over_counts": {"0": 611}, "under_counts": {"0": 594, "1": 17}, "avg_over_mag": 0.0, "avg_under_mag": 1.0, "avg_over": 0.0, "avg_under": 1.0}], [[0.2, 0.25], {"acc": 0.35294117647058826, "nll": 0.9188329377684454, "mse": 0.3492608523154811, "N": 884, "over_prob": 0.0, "under_prob": 0.021656050955414008, "over_counts": {"0": 785}, "under_counts": {"0": 768, "1": 12, "2": 5}, "avg_over_mag": 0.0, "avg_under_mag": 1.2941176470588236, "avg_over": 0.0, "avg_under": 1.2941176470588236}], [[0.25, 0.30000000000000004], {"acc": 0.3645743766122098, "nll": 0.898801433153033, "mse": 0.34083358302640754, "N": 1163, "over_prob": 0.0, "under_prob": 0.02285714285714291, "over_counts": {"0": 1050}, "under_counts": {"0": 1026, "1": 20, "2": 4}, "avg_over_mag": 0.0, "avg_under_mag": 1.1666666666666667, "avg_over": 0.0, "avg_under": 1.1666666666666667}], [[0.30000000000000004, 0.35000000000000003], {"acc": 0.38688524590163936, "nll": 0.8833350976327706, "mse": 0.3331967219606772, "N": 1525, "over_prob": 0.0, "under_prob": 0.028189910979228516, "over_counts": {"0": 1348}, "under_counts": {"0": 1310, "1": 35, "2": 3}, "avg_over_mag": 0.0, "avg_under_mag": 1.0789473684210527, "avg_over": 0.0, "avg_under": 1.0789473684210527}], [[0.35000000000000003, 0.4], {"acc": 0.4051333668847509, "nll": 0.8613903305470307, "mse": 0.3240269661787183, "N": 1987, "over_prob": 0.0, "under_prob": 0.019540229885057436, "over_counts": {"0": 1740}, "under_counts": {"0": 1706, "1": 34}, "avg_over_mag": 0.0, "avg_under_mag": 1.0, "avg_over": 0.0, "avg_under": 1.0}], [[0.4, 0.45], {"acc": 0.42028985507246375, "nll": 0.8574782476170553, "mse": 0.3213551105441706, "N": 2898, "over_prob": 0.0, "under_prob": 0.030290791599353772, "over_counts": {"0": 2476}, "under_counts": {"0": 2401, "1": 72, "2": 3}, "avg_over_mag": 0.0, "avg_under_mag": 1.04, "avg_over": 0.0, "avg_under": 1.04}], [[0.45, 0.5], {"acc": 0.488233837007679, "nll": 0.7998901188392274, "mse": 0.29487083287861016, "N": 4037, "over_prob": 0.0, "under_prob": 0.026931044687777406, "over_counts": {"0": 3379}, "under_counts": {"0": 3288, "1": 87, "2": 4}, "avg_over_mag": 0.0, "avg_under_mag": 1.043956043956044, "avg_over": 0.0, "avg_under": 1.043956043956044}], [[0.5, 0.55], {"acc": 0.5243204577968527, "nll": 0.7773016415390416, "mse": 0.28458873754296193, "N": 5592, "over_prob": 0.0, "under_prob": 0.023524089572494966, "over_counts": {"0": 4421}, "under_counts": {"0": 4317, "1": 91, "2": 11, "3": 2}, "avg_over_mag": 0.0, "avg_under_mag": 1.1442307692307692, "avg_over": 0.0, "avg_under": 1.1442307692307692}], [[0.55, 0.6000000000000001], {"acc": 0.5727815256875973, "nll": 0.7423425348822057, "mse": 0.26805053616329916, "N": 7708, "over_prob": 0.0, "under_prob": 0.029287969133637293, "over_counts": {"0": 5702}, "under_counts": {"0": 5535, "1": 143, "2": 18, "3": 3, "4": 2, "5": 1}, "avg_over_mag": 0.0, "avg_under_mag": 1.2035928143712575, "avg_over": 0.0, "avg_under": 1.2035928143712575}], [[0.6000000000000001, 0.65], {"acc": 0.6296427621664746, "nll": 0.695390371671713, "mse": 0.24662495408128646, "N": 11281, "over_prob": 0.0, "under_prob": 0.03187199167425525, "over_counts": {"0": 7687}, "under_counts": {"0": 7442, "1": 203, "2": 27, "3": 6, "4": 3, "5": 3, "9": 1, "8": 1, "6": 1}, "avg_over_mag": 0.0, "avg_under_mag": 1.3265306122448979, "avg_over": 0.0, "avg_under": 1.3265306122448979}], [[0.65, 0.7000000000000001], {"acc": 0.679093613519843, "nll": 0.6483073100639393, "mse": 0.22503895303993604, "N": 15799, "over_prob": 0.0, "under_prob": 0.04890749438431696, "over_counts": {"0": 9794}, "under_counts": {"0": 9315, "1": 372, "2": 60, "3": 29, "4": 10, "5": 3, "7": 2, "6": 2, "9": 1}, "avg_over_mag": 0.0, "avg_under_mag": 1.3966597077244258, "avg_over": 0.0, "avg_under": 1.3966597077244258}], [[0.7000000000000001, 0.75], {"acc": 0.7314403624456107, "nll": 0.5972907012457684, "mse": 0.20174690222632732, "N": 22293, "over_prob": 0.0, "under_prob": 0.07897984368572608, "over_counts": {"0": 12155}, "under_counts": {"0": 11195, "1": 710, "2": 169, "3": 48, "4": 13, "5": 7, "7": 4, "8": 3, "6": 2, "10": 2, "12": 1, "9": 1}, "avg_over_mag": 0.0, "avg_under_mag": 1.4416666666666667, "avg_over": 0.0, "avg_under": 1.4416666666666667}], [[0.75, 0.8], {"acc": 0.7743299987649747, "nll": 0.545451573058584, "mse": 0.17866172754879228, "N": 32388, "over_prob": 0.0, "under_prob": 0.1297184144776825, "over_counts": {"0": 14809}, "under_counts": {"0": 12888, "1": 1262, "2": 379, "3": 135, "4": 57, "5": 30, "8": 19, "6": 17, "7": 9, "9": 4, "12": 3, "11": 2, "10": 1, "13": 1, "15": 1, "14": 1}, "avg_over_mag": 0.0, "avg_under_mag": 1.7001561686621551, "avg_over": 0.0, "avg_under": 1.7001561686621551}], [[0.8, 0.8500000000000001], {"acc": 0.82651667708261, "nll": 0.4726961898947509, "mse": 0.14735306801851455, "N": 43203, "over_prob": 0.0, "under_prob": 0.20028561228132813, "over_counts": {"0": 16806}, "under_counts": {"0": 13440, "1": 1896, "2": 690, "3": 315, "4": 159, "5": 97, "6": 55, "7": 29, "9": 26, "8": 22, "10": 18, "12": 14, "11": 10, "13": 8, "20": 4, "19": 3, "14": 3, "15": 3, "16": 2, "17": 2, "18": 2, "23": 1, "21": 1, "33": 1, "29": 1, "37": 1, "52": 1, "40": 1, "25": 1}, "avg_over_mag": 0.0, "avg_under_mag": 2.2082590612002377, "avg_over": 0.0, "avg_under": 2.2082590612002377}], [[0.8500000000000001, 0.9], {"acc": 0.8742385111290736, "nll": 0.395883801156817, "mse": 0.11571900958963711, "N": 50723, "over_prob": 0.8456677101175358, "under_prob": 0.0, "over_counts": {"1": 6992, "2": 3124, "0": 2613, "3": 1568, "4": 921, "5": 517, "6": 370,