{"acc": 0.7435173779489498, "auc": 0.7163246328563461, "nll": 0.5244629074593137, "mse": 0.1744342765787127}