{"auc": 0.7313337486478033, "over_prob": 0.2986701547852627, "under_prob": 0.18792238936123828, "over_counts": {"0": 3217, "1": 738, "2": 256, "3": 173, "4": 85, "5": 48, "6": 23, "8": 17, "7": 15, "9": 4, "12": 3, "11": 2, "10": 2, "16": 2, "13": 1, "15": 1}, "under_counts": {"0": 3725, "1": 593, "2": 150, "3": 74, "4": 20, "5": 12, "6": 5, "8": 3, "7": 3, "12": 1, "11": 1}, "avg_over_mag": 2.1182481751824818, "avg_under_mag": 1.5696055684454757, "avg_over": 2.1182481751824818, "avg_under": 1.5696055684454757, "acc": 0.7147459411183056, "nll": 0.5588404973661063, "mse": 0.188697706649971, "metrics_by_prob": [[[0.0, 0.05], {"acc": 0.9470899470899471, "nll": 0.2487939955333443, "mse": 0.0627281157350802, "N": 189, "over_prob": 0.0, "under_prob": 0.0, "over_counts": {"0": 60}, "under_counts": {"0": 60}, "avg_over_mag": 0.0, "avg_under_mag": 0.0, "avg_over": 0.0, "avg_under": 0.0}], [[0.05, 0.1], {"acc": 0.8697183098591549, "nll": 0.42143094791851354, "mse": 0.12640508930751693, "N": 284, "over_prob": 0.0, "under_prob": 0.0, "over_counts": {"0": 129}, "under_counts": {"0": 129}, "avg_over_mag": 0.0, "avg_under_mag": 0.0, "avg_over": 0.0, "avg_under": 0.0}], [[0.1, 0.15000000000000002], {"acc": 0.771505376344086, "nll": 0.5276681129099507, "mse": 0.17265322029200456, "N": 372, "over_prob": 0.0, "under_prob": 0.0, "over_counts": {"0": 201}, "under_counts": {"0": 201}, "avg_over_mag": 0.0, "avg_under_mag": 0.0, "avg_over": 0.0, "avg_under": 0.0}], [[0.15000000000000002, 0.2], {"acc": 0.7230443974630021, "nll": 0.5742047307993776, "mse": 0.19312369012987504, "N": 473, "over_prob": 0.0, "under_prob": 0.003389830508474523, "over_counts": {"0": 295}, "under_counts": {"0": 294, "1": 1}, "avg_over_mag": 0.0, "avg_under_mag": 1.0, "avg_over": 0.0, "avg_under": 1.0}], [[0.2, 0.25], {"acc": 0.6198347107438017, "nll": 0.6595751477551427, "mse": 0.23117166846413467, "N": 605, "over_prob": 0.0, "under_prob": 0.0027855153203342198, "over_counts": {"0": 359}, "under_counts": {"0": 358, "1": 1}, "avg_over_mag": 0.0, "avg_under_mag": 1.0, "avg_over": 0.0, "avg_under": 1.0}], [[0.25, 0.30000000000000004], {"acc": 0.6185714285714285, "nll": 0.6733707793851358, "mse": 0.23802215029893983, "N": 700, "over_prob": 0.0, "under_prob": 0.004424778761061954, "over_counts": {"0": 452}, "under_counts": {"0": 450, "1": 2}, "avg_over_mag": 0.0, "avg_under_mag": 1.0, "avg_over": 0.0, "avg_under": 1.0}], [[0.30000000000000004, 0.35000000000000003], {"acc": 0.5424354243542435, "nll": 0.7381833909372345, "mse": 0.2677925463515475, "N": 813, "over_prob": 0.0, "under_prob": 0.005802707930367523, "over_counts": {"0": 517}, "under_counts": {"0": 514, "1": 3}, "avg_over_mag": 0.0, "avg_under_mag": 1.0, "avg_over": 0.0, "avg_under": 1.0}], [[0.35000000000000003, 0.4], {"acc": 0.5295950155763239, "nll": 0.725716770528058, "mse": 0.2635173862899989, "N": 963, "over_prob": 0.0, "under_prob": 0.003289473684210509, "over_counts": {"0": 608}, "under_counts": {"0": 606, "1": 2}, "avg_over_mag": 0.0, "avg_under_mag": 1.0, "avg_over": 0.0, "avg_under": 1.0}], [[0.4, 0.45], {"acc": 0.4927797833935018, "nll": 0.7372227721440466, "mse": 0.26895223645043137, "N": 1108, "over_prob": 0.0, "under_prob": 0.008645533141210415, "over_counts": {"0": 694}, "under_counts": {"0": 688, "1": 6}, "avg_over_mag": 0.0, "avg_under_mag": 1.0, "avg_over": 0.0, "avg_under": 1.0}], [[0.45, 0.5], {"acc": 0.49041297935103245, "nll": 0.7432401728467815, "mse": 0.27153686113567616, "N": 1356, "over_prob": 0.0, "under_prob": 0.009720534629404587, "over_counts": {"0": 823}, "under_counts": {"0": 815, "1": 8}, "avg_over_mag": 0.0, "avg_under_mag": 1.0, "avg_over": 0.0, "avg_under": 1.0}], [[0.5, 0.55], {"acc": 0.5227118644067796, "nll": 0.7262052887119684, "mse": 0.2634908719434888, "N": 1475, "over_prob": 0.0, "under_prob": 0.01196953210010876, "over_counts": {"0": 919}, "under_counts": {"0": 908, "1": 11}, "avg_over_mag": 0.0, "avg_under_mag": 1.0, "avg_over": 0.0, "avg_under": 1.0}], [[0.55, 0.6000000000000001], {"acc": 0.5326327433628318, "nll": 0.7219395764376793, "mse": 0.2614787993662533, "N": 1808, "over_prob": 0.0, "under_prob": 0.017495395948434633, "over_counts": {"0": 1086}, "under_counts": {"0": 1067, "1": 18, "2": 1}, "avg_over_mag": 0.0, "avg_under_mag": 1.0526315789473684, "avg_over": 0.0, "avg_under": 1.0526315789473684}], [[0.6000000000000001, 0.65], {"acc": 0.5873093949827841, "nll": 0.6873571525168247, "mse": 0.2455770083807565, "N": 2033, "over_prob": 0.0, "under_prob": 0.023648648648648685, "over_counts": {"0": 1184}, "under_counts": {"0": 1156, "1": 27, "2": 1}, "avg_over_mag": 0.0, "avg_under_mag": 1.0357142857142858, "avg_over": 0.0, "avg_under": 1.0357142857142858}], [[0.65, 0.7000000000000001], {"acc": 0.660182119205298, "nll": 0.6481427771199262, "mse": 0.22653073592303927, "N": 2416, "over_prob": 0.0, "under_prob": 0.04761904761904767, "over_counts": {"0": 1344}, "under_counts": {"0": 1280, "1": 58, "2": 5, "3": 1}, "avg_over_mag": 0.0, "avg_under_mag": 1.109375, "avg_over": 0.0, "avg_under": 1.109375}], [[0.7000000000000001, 0.75], {"acc": 0.69613457408733, "nll": 0.6237307988685126, "mse": 0.21399940006817988, "N": 2794, "over_prob": 0.0, "under_prob": 0.08179419525065967, "over_counts": {"0": 1516}, "under_counts": {"0": 1392, "1": 116, "2": 7, "5": 1}, "avg_over_mag": 0.0, "avg_under_mag": 1.0887096774193548, "avg_over": 0.0, "avg_under": 1.0887096774193548}], [[0.75, 0.8], {"acc": 0.7519122048553375, "nll": 0.568679879426916, "mse": 0.1887245695506843, "N": 3007, "over_prob": 0.0, "under_prob": 0.1708074534161491, "over_counts": {"0": 1610}, "under_counts": {"0": 1335, "1": 240, "2": 28, "3": 3, "4": 3, "5": 1}, "avg_over_mag": 0.0, "avg_under_mag": 1.170909090909091, "avg_over": 0.0, "avg_under": 1.170909090909091}], [[0.8, 0.8500000000000001], {"acc": 0.8244776119402986, "nll": 0.48987004730653927, "mse": 0.15381667536998966, "N": 3350, "over_prob": 0.0, "under_prob": 0.3251005169442849, "over_counts": {"0": 1741}, "under_counts": {"0": 1175, "1": 451, "2": 70, "3": 33, "4": 9, "5": 2, "6": 1}, "avg_over_mag": 0.0, "avg_under_mag": 1.3109540636042403, "avg_over": 0.0, "avg_under": 1.3109540636042403}], [[0.8500000000000001, 0.9], {"acc": 0.8754266211604096, "nll": 0.3953465697418503, "mse": 0.11546713983878101, "N": 3516, "over_prob": 0.686144578313253, "under_prob": 0.0, "over_counts": {"1": 688, "0": 521, "2": 249, "3": 105, "4": 48, "5": 23, "6": 13, "9": 4, "7": 4, "8": 2, "12": 1, "10": 1, "13": 1}, "under_counts": {"0": 1660}, "avg_over_mag": 1.7568042142230027, "avg_under_mag": 0.0, "avg_over": 1.7568042142230027, "avg_under": 0.0}], [[0.9, 0.9500000000000001], {"acc": 0.923909582935371, "nll": 0.2878617490335862, "mse": 0.0755119498147436, "N": 3141, "over_prob": 0.44957659738260203, "under_prob": 0.0, "over_counts": {"0": 715, "1": 407, "2": 113, "3": 44, "4": 13, "6": 4, "5": 3}, "under_counts": {"0": 1299}, "avg_over_mag": 1.4657534246575343, "avg_under_mag": 0.0, "avg_over": 1.4657534246575343, "avg_under": 0.0}], [[0.9500000000000001, 1.0], {"acc": 0.9620253164556962, "nll": 0.1727747295830305, "mse": 0.0385581674141602, "N": 948, "over_prob": 0.0898876404494382, "under_prob": 0.0, "over_counts": {"0": 405, "1": 35, "2": 5}, "under_counts": {"0": 445}, "avg_over_mag": 1.125, "avg_under_mag": 0.0, "avg_over": 1.125, "avg_under": 0.0}]]}