{"over_prob": 0.21599795987759263, "under_prob": 0.0477728663719823, "over_counts": {"0": 9223, "1": 1121, "2": 569, "3": 298, "4": 141, "5": 113, "6": 73, "7": 59, "8": 33, "10": 25, "9": 19, "12": 15, "11": 13, "15": 8, "13": 8, "16": 6, "14": 6, "17": 5, "19": 4, "18": 3, "21": 3, "25": 2, "24": 2, "22": 2, "23": 2, "27": 2, "44": 1, "20": 1, "62": 1, "41": 1, "29": 1, "63": 1, "51": 1, "31": 1, "43": 1}, "under_counts": {"0": 11202, "1": 463, "2": 73, "3": 18, "5": 4, "4": 3, "8": 1}, "avg_over_mag": 2.9315230224321134, "avg_under_mag": 1.2508896797153024, "avg_over": 2.9315230224321134, "avg_under": 1.2508896797153024, "acc": 0.7608234578704597, "auc": 0.7081913096284878, "nll": 0.5174463246102217, "mse": 0.17029584967181685, "metrics_by_prob": [[[0.0, 0.05], {"acc": 0.9433962264150944, "nll": 0.21033063317083345, "mse": 0.05278932271941728, "N": 106, "over_prob": 0.0, "under_prob": 0.0, "over_counts": {"0": 21}, "under_counts": {"0": 21}, "avg_over_mag": 0.0, "avg_under_mag": 0.0, "avg_over": 0.0, "avg_under": 0.0}], [[0.05, 0.1], {"acc": 0.9358974358974359, "nll": 0.24528625671338986, "mse": 0.06135132268373903, "N": 234, "over_prob": 0.0, "under_prob": 0.0, "over_counts": {"0": 59}, "under_counts": {"0": 59}, "avg_over_mag": 0.0, "avg_under_mag": 0.0, "avg_over": 0.0, "avg_under": 0.0}], [[0.1, 0.15000000000000002], {"acc": 0.8940092165898618, "nll": 0.3717938113737751, "mse": 0.10146726212823526, "N": 217, "over_prob": 0.0, "under_prob": 0.0, "over_counts": {"0": 100}, "under_counts": {"0": 100}, "avg_over_mag": 0.0, "avg_under_mag": 0.0, "avg_over": 0.0, "avg_under": 0.0}], [[0.15000000000000002, 0.2], {"acc": 0.8014440433212996, "nll": 0.5186925014443131, "mse": 0.16001931731135105, "N": 277, "over_prob": 0.0, "under_prob": 0.0, "over_counts": {"0": 151}, "under_counts": {"0": 151}, "avg_over_mag": 0.0, "avg_under_mag": 0.0, "avg_over": 0.0, "avg_under": 0.0}], [[0.2, 0.25], {"acc": 0.8096446700507615, "nll": 0.49006377955002883, "mse": 0.15569980972357877, "N": 394, "over_prob": 0.0, "under_prob": 0.0, "over_counts": {"0": 229}, "under_counts": {"0": 229}, "avg_over_mag": 0.0, "avg_under_mag": 0.0, "avg_over": 0.0, "avg_under": 0.0}], [[0.25, 0.30000000000000004], {"acc": 0.6913827655310621, "nll": 0.6444450690151552, "mse": 0.22094469667208827, "N": 499, "over_prob": 0.0, "under_prob": 0.0, "over_counts": {"0": 325}, "under_counts": {"0": 325}, "avg_over_mag": 0.0, "avg_under_mag": 0.0, "avg_over": 0.0, "avg_under": 0.0}], [[0.30000000000000004, 0.35000000000000003], {"acc": 0.6566347469220246, "nll": 0.6492807851963713, "mse": 0.22724463337072398, "N": 731, "over_prob": 0.0, "under_prob": 0.0, "over_counts": {"0": 496}, "under_counts": {"0": 496}, "avg_over_mag": 0.0, "avg_under_mag": 0.0, "avg_over": 0.0, "avg_under": 0.0}], [[0.35000000000000003, 0.4], {"acc": 0.5726190476190476, "nll": 0.719921750250792, "mse": 0.2593992005957936, "N": 840, "over_prob": 0.0, "under_prob": 0.0, "over_counts": {"0": 567}, "under_counts": {"0": 567}, "avg_over_mag": 0.0, "avg_under_mag": 0.0, "avg_over": 0.0, "avg_under": 0.0}], [[0.4, 0.45], {"acc": 0.5503943908851884, "nll": 0.6984272726530507, "mse": 0.2509992357159552, "N": 1141, "over_prob": 0.0, "under_prob": 0.0, "over_counts": {"0": 812}, "under_counts": {"0": 812}, "avg_over_mag": 0.0, "avg_under_mag": 0.0, "avg_over": 0.0, "avg_under": 0.0}], [[0.45, 0.5], {"acc": 0.5026385224274407, "nll": 0.7225650674914765, "mse": 0.2634995346161661, "N": 1516, "over_prob": 0.0, "under_prob": 0.0, "over_counts": {"0": 1117}, "under_counts": {"0": 1117}, "avg_over_mag": 0.0, "avg_under_mag": 0.0, "avg_over": 0.0, "avg_under": 0.0}], [[0.5, 0.55], {"acc": 0.5150915388421573, "nll": 0.7147652838858943, "mse": 0.2599073476085805, "N": 2021, "over_prob": 0.0, "under_prob": 0.0, "over_counts": {"0": 1404}, "under_counts": {"0": 1404}, "avg_over_mag": 0.0, "avg_under_mag": 0.0, "avg_over": 0.0, "avg_under": 0.0}], [[0.55, 0.6000000000000001], {"acc": 0.5560665015917934, "nll": 0.7055923983619536, "mse": 0.2551454868795704, "N": 2827, "over_prob": 0.0, "under_prob": 0.0, "over_counts": {"0": 2019}, "under_counts": {"0": 2019}, "avg_over_mag": 0.0, "avg_under_mag": 0.0, "avg_over": 0.0, "avg_under": 0.0}], [[0.6000000000000001, 0.65], {"acc": 0.6079154375614553, "nll": 0.6806322843213992, "mse": 0.24295886139770373, "N": 4068, "over_prob": 0.0, "under_prob": 0.0, "over_counts": {"0": 2695}, "under_counts": {"0": 2695}, "avg_over_mag": 0.0, "avg_under_mag": 0.0, "avg_over": 0.0, "avg_under": 0.0}], [[0.65, 0.7000000000000001], {"acc": 0.6737958615892888, "nll": 0.6360559849335682, "mse": 0.2216978904176109, "N": 5751, "over_prob": 0.0, "under_prob": 0.0002806623631771421, "over_counts": {"0": 3563}, "under_counts": {"0": 3562, "1": 1}, "avg_over_mag": 0.0, "avg_under_mag": 1.0, "avg_over": 0.0, "avg_under": 1.0}], [[0.7000000000000001, 0.75], {"acc": 0.7202914128747163, "nll": 0.5951935464250869, "mse": 0.2024697182770461, "N": 8373, "over_prob": 0.0, "under_prob": 0.0015552099533436836, "over_counts": {"0": 4501}, "under_counts": {"0": 4494, "1": 7}, "avg_over_mag": 0.0, "avg_under_mag": 1.0, "avg_over": 0.0, "avg_under": 1.0}], [[0.75, 0.8], {"acc": 0.7711633538492584, "nll": 0.5407771717243551, "mse": 0.1776496798923398, "N": 9911, "over_prob": 0.0, "under_prob": 0.010982048574445624, "over_counts": {"0": 4735}, "under_counts": {"0": 4683, "1": 52}, "avg_over_mag": 0.0, "avg_under_mag": 1.0, "avg_over": 0.0, "avg_under": 1.0}], [[0.8, 0.8500000000000001], {"acc": 0.8226704485765312, "nll": 0.4769015873711612, "mse": 0.14928185411830378, "N": 9519, "over_prob": 0.0, "under_prob": 0.12677725118483407, "over_counts": {"0": 4220}, "under_counts": {"0": 3685, "1": 464, "2": 49, "3": 14, "5": 4, "4": 3, "7": 1}, "avg_over_mag": 0.0, "avg_under_mag": 1.2018691588785047, "avg_over": 0.0, "avg_under": 1.2018691588785047}], [[0.8500000000000001, 0.9], {"acc": 0.874922600619195, "nll": 0.38872791148581587, "mse": 0.11304908557496517, "N": 9690, "over_prob": 0.6162760073742428, "under_prob": 0.0, "over_counts": {"0": 1457, "1": 1131, "2": 508, "3": 244, "4": 124, "5": 103, "6": 62, "7": 40, "8": 27, "10": 21, "9": 19, "11": 11, "12": 9, "15": 6, "19": 5, "14": 5, "13": 4, "16": 4, "17": 3, "18": 2, "27": 2, "21": 2, "22": 1, "31": 1, "44": 1, "24": 1, "23": 1, "28": 1, "20": 1, "25": 1}, "under_counts": {"0": 3797}, "avg_over_mag": 2.6235042735042735, "avg_under_mag": 0.0, "avg_over": 2.6235042735042735, "avg_under": 0.0}], [[0.9, 0.9500000000000001], {"acc": 0.9192614047791455, "nll": 0.2905534282454725, "mse": 0.07653727561021292, "N": 8286, "over_prob": 0.20543228768171384, "under_prob": 0.0, "over_counts": {"0": 2077, "1": 323, "2": 104, "3": 49, "4": 16, "5": 11, "7": 6, "8": 6, "6": 4, "11": 3, "12": 2, "9": 2, "24": 1, "16": 1, "34": 1, "32": 1, "31": 1, "44": 1, "15": 1, "27": 1, "17": 1, "14": 1, "10": 1}, "under_counts": {"0": 2614}, "avg_over_mag": 2.3277467411545625, "avg_under_mag": 0.0, "avg_over": 2.3277467411545625, "avg_under": 0.0}], [[0.9500000000000001, 1.0], {"acc": 0.9647749510763209, "nll": 0.1705035096644324, "mse": 0.03676622468215203, "N": 1022, "over_prob": 0.0977011494252874, "under_prob": 0.0, "over_counts": {"0": 314, "1": 19, "2": 8, "3": 4, "4": 2, "5": 1}, "under_counts": {"0": 348}, "avg_over_mag": 1.7647058823529411, "avg_under_mag": 0.0, "avg_over": 1.7647058823529411, "avg_under": 0.0}]]}