{"auc": 0.7275631890968003, "over_prob": 0.033799433816590896, "under_prob": 0.039632838637728374, "over_counts": {"0": 11263, "1": 317, "2": 58, "3": 9, "4": 5, "6": 4, "5": 1}, "under_counts": {"0": 11195, "1": 431, "2": 18, "3": 9, "4": 3, "6": 1}, "avg_over_mag": 1.2918781725888324, "avg_under_mag": 1.1082251082251082, "avg_over": 1.2918781725888324, "avg_under": 1.1082251082251082, "acc": 0.766512297108943, "nll": 0.5051906572513944, "mse": 0.165594828832199, "metrics_by_prob": [[[0.0, 0.05], {"acc": 0.970873786407767, "nll": 0.12584933126963088, "mse": 0.02793279366948123, "N": 103, "over_prob": 0.0, "under_prob": 0.0, "over_counts": {"0": 17}, "under_counts": {"0": 17}, "avg_over_mag": 0.0, "avg_under_mag": 0.0, "avg_over": 0.0, "avg_under": 0.0}], [[0.05, 0.1], {"acc": 0.9230769230769231, "nll": 0.26985287119402623, "mse": 0.07075079578226018, "N": 208, "over_prob": 0.0, "under_prob": 0.0, "over_counts": {"0": 55}, "under_counts": {"0": 55}, "avg_over_mag": 0.0, "avg_under_mag": 0.0, "avg_over": 0.0, "avg_under": 0.0}], [[0.1, 0.15000000000000002], {"acc": 0.8596491228070176, "nll": 0.40183265284444847, "mse": 0.11980183348200783, "N": 228, "over_prob": 0.0, "under_prob": 0.0, "over_counts": {"0": 99}, "under_counts": {"0": 99}, "avg_over_mag": 0.0, "avg_under_mag": 0.0, "avg_over": 0.0, "avg_under": 0.0}], [[0.15000000000000002, 0.2], {"acc": 0.8222222222222222, "nll": 0.4700685785449089, "mse": 0.14674397318178845, "N": 315, "over_prob": 0.0, "under_prob": 0.0, "over_counts": {"0": 155}, "under_counts": {"0": 155}, "avg_over_mag": 0.0, "avg_under_mag": 0.0, "avg_over": 0.0, "avg_under": 0.0}], [[0.2, 0.25], {"acc": 0.7647058823529411, "nll": 0.5453117633235595, "mse": 0.17982780697645048, "N": 408, "over_prob": 0.0, "under_prob": 0.0, "over_counts": {"0": 232}, "under_counts": {"0": 232}, "avg_over_mag": 0.0, "avg_under_mag": 0.0, "avg_over": 0.0, "avg_under": 0.0}], [[0.25, 0.30000000000000004], {"acc": 0.7195767195767195, "nll": 0.5921815325111024, "mse": 0.20132829695298846, "N": 567, "over_prob": 0.0, "under_prob": 0.0, "over_counts": {"0": 342}, "under_counts": {"0": 342}, "avg_over_mag": 0.0, "avg_under_mag": 0.0, "avg_over": 0.0, "avg_under": 0.0}], [[0.30000000000000004, 0.35000000000000003], {"acc": 0.6792899408284023, "nll": 0.6277322061237456, "mse": 0.21802565451560504, "N": 845, "over_prob": 0.0, "under_prob": 0.0, "over_counts": {"0": 532}, "under_counts": {"0": 532}, "avg_over_mag": 0.0, "avg_under_mag": 0.0, "avg_over": 0.0, "avg_under": 0.0}], [[0.35000000000000003, 0.4], {"acc": 0.6092572658772875, "nll": 0.6688352775229831, "mse": 0.23796050134143557, "N": 929, "over_prob": 0.0, "under_prob": 0.0, "over_counts": {"0": 614}, "under_counts": {"0": 614}, "avg_over_mag": 0.0, "avg_under_mag": 0.0, "avg_over": 0.0, "avg_under": 0.0}], [[0.4, 0.45], {"acc": 0.5783645655877342, "nll": 0.679498482715663, "mse": 0.2432206221223021, "N": 1174, "over_prob": 0.0, "under_prob": 0.0, "over_counts": {"0": 828}, "under_counts": {"0": 828}, "avg_over_mag": 0.0, "avg_under_mag": 0.0, "avg_over": 0.0, "avg_under": 0.0}], [[0.45, 0.5], {"acc": 0.5166123778501629, "nll": 0.6920200281314032, "mse": 0.24943720852438991, "N": 1535, "over_prob": 0.0, "under_prob": 0.0, "over_counts": {"0": 1101}, "under_counts": {"0": 1101}, "avg_over_mag": 0.0, "avg_under_mag": 0.0, "avg_over": 0.0, "avg_under": 0.0}], [[0.5, 0.55], {"acc": 0.5377846790890269, "nll": 0.6907451319402512, "mse": 0.2487978477690727, "N": 1932, "over_prob": 0.0, "under_prob": 0.0, "over_counts": {"0": 1472}, "under_counts": {"0": 1472}, "avg_over_mag": 0.0, "avg_under_mag": 0.0, "avg_over": 0.0, "avg_under": 0.0}], [[0.55, 0.6000000000000001], {"acc": 0.5831556503198294, "nll": 0.6797606551469927, "mse": 0.24333452326018648, "N": 2814, "over_prob": 0.0, "under_prob": 0.0, "over_counts": {"0": 2037}, "under_counts": {"0": 2037}, "avg_over_mag": 0.0, "avg_under_mag": 0.0, "avg_over": 0.0, "avg_under": 0.0}], [[0.6000000000000001, 0.65], {"acc": 0.6321782178217822, "nll": 0.6575779333214194, "mse": 0.2324370467781481, "N": 4040, "over_prob": 0.0, "under_prob": 0.0, "over_counts": {"0": 2742}, "under_counts": {"0": 2742}, "avg_over_mag": 0.0, "avg_under_mag": 0.0, "avg_over": 0.0, "avg_under": 0.0}], [[0.65, 0.7000000000000001], {"acc": 0.6713360182104711, "nll": 0.6327287880583331, "mse": 0.2204129729691209, "N": 5711, "over_prob": 0.0, "under_prob": 0.0, "over_counts": {"0": 3536}, "under_counts": {"0": 3536}, "avg_over_mag": 0.0, "avg_under_mag": 0.0, "avg_over": 0.0, "avg_under": 0.0}], [[0.7000000000000001, 0.75], {"acc": 0.7284200500059531, "nll": 0.5843441692688802, "mse": 0.19763388656848202, "N": 8399, "over_prob": 0.0, "under_prob": 0.0, "over_counts": {"0": 4538}, "under_counts": {"0": 4538}, "avg_over_mag": 0.0, "avg_under_mag": 0.0, "avg_over": 0.0, "avg_under": 0.0}], [[0.75, 0.8], {"acc": 0.7786331010090503, "nll": 0.5277907965409747, "mse": 0.17207477912222913, "N": 9613, "over_prob": 0.0, "under_prob": 0.0, "over_counts": {"0": 4793}, "under_counts": {"0": 4793}, "avg_over_mag": 0.0, "avg_under_mag": 0.0, "avg_over": 0.0, "avg_under": 0.0}], [[0.8, 0.8500000000000001], {"acc": 0.8262738519605788, "nll": 0.4608647870889203, "mse": 0.14328169454925965, "N": 9538, "over_prob": 0.0, "under_prob": 0.10963455149501666, "over_counts": {"0": 4214}, "under_counts": {"0": 3752, "1": 431, "2": 18, "3": 9, "4": 3, "6": 1}, "avg_over_mag": 0.0, "avg_under_mag": 1.1082251082251082, "avg_over": 0.0, "avg_under": 1.1082251082251082}], [[0.8500000000000001, 0.9], {"acc": 0.8789417989417989, "nll": 0.36822712206455543, "mse": 0.1062332490253712, "N": 9450, "over_prob": 0.10464807436918988, "under_prob": 0.0, "over_counts": {"0": 3371, "1": 317, "2": 58, "3": 9, "4": 5, "6": 4, "5": 1}, "under_counts": {"0": 3765}, "avg_over_mag": 1.2918781725888324, "avg_under_mag": 0.0, "avg_over": 1.2918781725888324, "avg_under": 0.0}], [[0.9, 0.9500000000000001], {"acc": 0.9166769993800372, "nll": 0.2861326900490425, "mse": 0.0762714220228495, "N": 8065, "over_prob": 0.0, "under_prob": 0.0, "over_counts": {"0": 2573}, "under_counts": {"0": 2573}, "avg_over_mag": 0.0, "avg_under_mag": 0.0, "avg_over": 0.0, "avg_under": 0.0}], [[0.9500000000000001, 1.0], {"acc": 0.9587750294464076, "nll": 0.17296547768324233, "mse": 0.0396036689834177, "N": 849, "over_prob": 0.0, "under_prob": 0.0, "over_counts": {"0": 326}, "under_counts": {"0": 326}, "avg_over_mag": 0.0, "avg_under_mag": 0.0, "avg_over": 0.0, "avg_under": 0.0}]]}