{"auc": 0.6601341868554236, "over_prob": 0.060221326241743145, "under_prob": 0.08827314060221325, "over_counts": {"0": 10955, "1": 629, "2": 49, "3": 13, "4": 9, "5": 1, "6": 1}, "under_counts": {"0": 10628, "1": 932, "3": 41, "2": 34, "4": 15, "6": 4, "5": 3}, "avg_over_mag": 1.1581196581196582, "avg_under_mag": 1.1875607385811466, "avg_over": 1.1581196581196582, "avg_under": 1.1875607385811466, "acc": 0.8076825082805029, "nll": 0.4656539834923514, "mse": 0.14789668938285475, "metrics_by_prob": [[[0.0, 0.05], {"acc": NaN, "nll": NaN, "mse": NaN, "N": 0}], [[0.05, 0.1], {"acc": NaN, "nll": NaN, "mse": NaN, "N": 0}], [[0.1, 0.15000000000000002], {"acc": NaN, "nll": NaN, "mse": NaN, "N": 0}], [[0.15000000000000002, 0.2], {"acc": NaN, "nll": NaN, "mse": NaN, "N": 0}], [[0.2, 0.25], {"acc": NaN, "nll": NaN, "mse": NaN, "N": 0}], [[0.25, 0.30000000000000004], {"acc": NaN, "nll": NaN, "mse": NaN, "N": 0}], [[0.30000000000000004, 0.35000000000000003], {"acc": 0.7020408163265306, "nll": 0.6101525985202473, "mse": 0.2096171174637843, "N": 245, "over_prob": 0.0, "under_prob": 0.0, "over_counts": {"0": 245}, "under_counts": {"0": 245}, "avg_over_mag": 0.0, "avg_under_mag": 0.0, "avg_over": 0.0, "avg_under": 0.0}], [[0.35000000000000003, 0.4], {"acc": 0.5925925925925926, "nll": 0.6866300678269789, "mse": 0.24644807288326195, "N": 27, "over_prob": 0.0, "under_prob": 0.0, "over_counts": {"0": 27}, "under_counts": {"0": 27}, "avg_over_mag": 0.0, "avg_under_mag": 0.0, "avg_over": 0.0, "avg_under": 0.0}], [[0.4, 0.45], {"acc": 0.5664335664335665, "nll": 0.6854863692010432, "mse": 0.2461772666801964, "N": 286, "over_prob": 0.0, "under_prob": 0.0, "over_counts": {"0": 286}, "under_counts": {"0": 286}, "avg_over_mag": 0.0, "avg_under_mag": 0.0, "avg_over": 0.0, "avg_under": 0.0}], [[0.45, 0.5], {"acc": 0.5242718446601942, "nll": 0.6909532800698394, "mse": 0.2489038760337446, "N": 309, "over_prob": 0.0, "under_prob": 0.0, "over_counts": {"0": 309}, "under_counts": {"0": 309}, "avg_over_mag": 0.0, "avg_under_mag": 0.0, "avg_over": 0.0, "avg_under": 0.0}], [[0.5, 0.55], {"acc": 0.5069124423963134, "nll": 0.6931978745541018, "mse": 0.25002503061382875, "N": 217, "over_prob": 0.0, "under_prob": 0.0, "over_counts": {"0": 217}, "under_counts": {"0": 217}, "avg_over_mag": 0.0, "avg_under_mag": 0.0, "avg_over": 0.0, "avg_under": 0.0}], [[0.55, 0.6000000000000001], {"acc": 0.5803228285933897, "nll": 0.680075549460682, "mse": 0.24349215896540588, "N": 1301, "over_prob": 0.0, "under_prob": 0.0, "over_counts": {"0": 1301}, "under_counts": {"0": 1301}, "avg_over_mag": 0.0, "avg_under_mag": 0.0, "avg_over": 0.0, "avg_under": 0.0}], [[0.6000000000000001, 0.65], {"acc": 0.634453781512605, "nll": 0.6558380925736632, "mse": 0.2315928000248066, "N": 1904, "over_prob": 0.0, "under_prob": 0.0, "over_counts": {"0": 1740}, "under_counts": {"0": 1740}, "avg_over_mag": 0.0, "avg_under_mag": 0.0, "avg_over": 0.0, "avg_under": 0.0}], [[0.65, 0.7000000000000001], {"acc": 0.6944604731679169, "nll": 0.615130234843589, "mse": 0.21203591311562936, "N": 3466, "over_prob": 0.0, "under_prob": 0.0, "over_counts": {"0": 3078}, "under_counts": {"0": 3078}, "avg_over_mag": 0.0, "avg_under_mag": 0.0, "avg_over": 0.0, "avg_under": 0.0}], [[0.7000000000000001, 0.75], {"acc": 0.7330873308733087, "nll": 0.5800740514459943, "mse": 0.1956405495661821, "N": 8943, "over_prob": 0.0, "under_prob": 0.0, "over_counts": {"0": 5255}, "under_counts": {"0": 5255}, "avg_over_mag": 0.0, "avg_under_mag": 0.0, "avg_over": 0.0, "avg_under": 0.0}], [[0.75, 0.8], {"acc": 0.7823313782991203, "nll": 0.5240385872554422, "mse": 0.17033267325648238, "N": 13640, "over_prob": 0.0, "under_prob": 0.0, "over_counts": {"0": 6248}, "under_counts": {"0": 6248}, "avg_over_mag": 0.0, "avg_under_mag": 0.0, "avg_over": 0.0, "avg_under": 0.0}], [[0.8, 0.8500000000000001], {"acc": 0.8282603865807598, "nll": 0.45862382746057867, "mse": 0.14224396858334895, "N": 13503, "over_prob": 0.0, "under_prob": 0.18671747414262385, "over_counts": {"0": 5511}, "under_counts": {"0": 4482, "1": 932, "3": 41, "2": 34, "4": 15, "6": 4, "5": 3}, "avg_over_mag": 0.0, "avg_under_mag": 1.1875607385811466, "avg_over": 0.0, "avg_under": 1.1875607385811466}], [[0.8500000000000001, 0.9], {"acc": 0.8702602517568925, "nll": 0.38532751921478636, "mse": 0.11277880769684397, "N": 12949, "over_prob": 0.14993592481845364, "under_prob": 0.0, "over_counts": {"0": 3980, "1": 629, "2": 49, "3": 13, "4": 9, "5": 1, "6": 1}, "under_counts": {"0": 4682}, "avg_over_mag": 1.1581196581196582, "avg_under_mag": 0.0, "avg_over": 1.1581196581196582, "avg_under": 0.0}], [[0.9, 0.9500000000000001], {"acc": 0.9246386406267241, "nll": 0.2673833455068012, "mse": 0.06971298885357245, "N": 9063, "over_prob": 0.0, "under_prob": 0.0, "over_counts": {"0": 2788}, "under_counts": {"0": 2788}, "avg_over_mag": 0.0, "avg_under_mag": 0.0, "avg_over": 0.0, "avg_under": 0.0}], [[0.9500000000000001, 1.0], {"acc": 0.964367816091954, "nll": 0.15529184484737332, "mse": 0.034507605518935384, "N": 870, "over_prob": 0.0, "under_prob": 0.0, "over_counts": {"0": 347}, "under_counts": {"0": 347}, "avg_over_mag": 0.0, "avg_under_mag": 0.0, "avg_over": 0.0, "avg_under": 0.0}]]}