{"over_prob": 0.0059350850077279915, "under_prob": 0.03190108191653784, "over_counts": {"0": 16079, "1": 28, "2": 22, "3": 12, "7": 7, "4": 7, "5": 5, "10": 4, "6": 4, "11": 2, "13": 1, "16": 1, "20": 1, "8": 1, "9": 1}, "under_counts": {"0": 15659, "1": 405, "2": 71, "3": 21, "5": 9, "4": 8, "6": 2}, "avg_over_mag": 3.7708333333333335, "avg_under_mag": 1.3546511627906976, "avg_over": 3.7708333333333335, "avg_under": 1.3546511627906976, "acc": 0.5865903831319105, "auc": 0.608301969551819, "nll": 0.6731044943296738, "mse": 0.2399056908422286, "metrics_by_prob": [[[0.0, 0.05], {"acc": 1.0, "nll": 0.11383132189510609, "mse": 0.011657949785828844, "N": 15, "over_prob": 0.0, "under_prob": 0.0, "over_counts": {"0": 5}, "under_counts": {"0": 5}, "avg_over_mag": 0.0, "avg_under_mag": 0.0, "avg_over": 0.0, "avg_under": 0.0}], [[0.05, 0.1], {"acc": 0.9230769230769231, "nll": 0.3023064402557838, "mse": 0.0814116351260098, "N": 39, "over_prob": 0.0, "under_prob": 0.0, "over_counts": {"0": 8}, "under_counts": {"0": 8}, "avg_over_mag": 0.0, "avg_under_mag": 0.0, "avg_over": 0.0, "avg_under": 0.0}], [[0.1, 0.15000000000000002], {"acc": 0.8773006134969326, "nll": 0.42686269165510937, "mse": 0.12707355864373168, "N": 326, "over_prob": 0.0, "under_prob": 0.0, "over_counts": {"0": 58}, "under_counts": {"0": 58}, "avg_over_mag": 0.0, "avg_under_mag": 0.0, "avg_over": 0.0, "avg_under": 0.0}], [[0.15000000000000002, 0.2], {"acc": 0.8370044052863436, "nll": 0.5074849177164561, "mse": 0.16122764847544244, "N": 227, "over_prob": 0.0, "under_prob": 0.0, "over_counts": {"0": 101}, "under_counts": {"0": 101}, "avg_over_mag": 0.0, "avg_under_mag": 0.0, "avg_over": 0.0, "avg_under": 0.0}], [[0.2, 0.25], {"acc": 0.7655601659751037, "nll": 0.5689222004564302, "mse": 0.19015754796286996, "N": 482, "over_prob": 0.0, "under_prob": 0.0, "over_counts": {"0": 165}, "under_counts": {"0": 165}, "avg_over_mag": 0.0, "avg_under_mag": 0.0, "avg_over": 0.0, "avg_under": 0.0}], [[0.25, 0.30000000000000004], {"acc": 0.7039312039312039, "nll": 0.617655371713255, "mse": 0.21315063781433694, "N": 2442, "over_prob": 0.0, "under_prob": 0.0, "over_counts": {"0": 525}, "under_counts": {"0": 525}, "avg_over_mag": 0.0, "avg_under_mag": 0.0, "avg_over": 0.0, "avg_under": 0.0}], [[0.30000000000000004, 0.35000000000000003], {"acc": 0.6452069331446764, "nll": 0.6532708160433297, "mse": 0.23040239742790725, "N": 2827, "over_prob": 0.0, "under_prob": 0.0, "over_counts": {"0": 1148}, "under_counts": {"0": 1148}, "avg_over_mag": 0.0, "avg_under_mag": 0.0, "avg_over": 0.0, "avg_under": 0.0}], [[0.35000000000000003, 0.4], {"acc": 0.5878564857405704, "nll": 0.6819293550282343, "mse": 0.24416794616393828, "N": 5435, "over_prob": 0.0, "under_prob": 0.0, "over_counts": {"0": 2010}, "under_counts": {"0": 2010}, "avg_over_mag": 0.0, "avg_under_mag": 0.0, "avg_over": 0.0, "avg_under": 0.0}], [[0.4, 0.45], {"acc": 0.5421539961013645, "nll": 0.6897757860375677, "mse": 0.24820027488964333, "N": 8208, "over_prob": 0.0, "under_prob": 0.0007399186089530607, "over_counts": {"0": 2703}, "under_counts": {"0": 2701, "1": 2}, "avg_over_mag": 0.0, "avg_under_mag": 1.0, "avg_over": 0.0, "avg_under": 1.0}], [[0.45, 0.5], {"acc": 0.49988276670574444, "nll": 0.7001770823405729, "mse": 0.25328398738511665, "N": 12795, "over_prob": 0.0, "under_prob": 0.0010709504685407767, "over_counts": {"0": 3735}, "under_counts": {"0": 3731, "1": 4}, "avg_over_mag": 0.0, "avg_under_mag": 1.0, "avg_over": 0.0, "avg_under": 1.0}], [[0.5, 0.55], {"acc": 0.5225034013605442, "nll": 0.6953995880030148, "mse": 0.2509507221449582, "N": 18375, "over_prob": 0.0, "under_prob": 0.0025633722586158036, "over_counts": {"0": 3511}, "under_counts": {"0": 3502, "1": 9}, "avg_over_mag": 0.0, "avg_under_mag": 1.0, "avg_over": 0.0, "avg_under": 1.0}], [[0.55, 0.6000000000000001], {"acc": 0.576097930338213, "nll": 0.6879299991993733, "mse": 0.24701627381333557, "N": 15848, "over_prob": 0.0, "under_prob": 0.0117051565960139, "over_counts": {"0": 3161}, "under_counts": {"0": 3124, "1": 34, "2": 3}, "avg_over_mag": 0.0, "avg_under_mag": 1.0810810810810811, "avg_over": 0.0, "avg_under": 1.0810810810810811}], [[0.6000000000000001, 0.65], {"acc": 0.610608744290109, "nll": 0.676147569216909, "mse": 0.2408678075282175, "N": 10727, "over_prob": 0.0, "under_prob": 0.023889636608344533, "over_counts": {"0": 2972}, "under_counts": {"0": 2901, "1": 64, "2": 6, "4": 1}, "avg_over_mag": 0.0, "avg_under_mag": 1.1267605633802817, "avg_over": 0.0, "avg_under": 1.1267605633802817}], [[0.65, 0.7000000000000001], {"acc": 0.6574317772544673, "nll": 0.6601648877048063, "mse": 0.23221655567720037, "N": 7219, "over_prob": 0.0, "under_prob": 0.04955357142857142, "over_counts": {"0": 2240}, "under_counts": {"0": 2129, "1": 100, "2": 7, "3": 4}, "avg_over_mag": 0.0, "avg_under_mag": 1.135135135135135, "avg_over": 0.0, "avg_under": 1.135135135135135}], [[0.7000000000000001, 0.75], {"acc": 0.7136865342163355, "nll": 0.6152997029224953, "mse": 0.21163054215560786, "N": 4530, "over_prob": 0.0, "under_prob": 0.08530805687203791, "over_counts": {"0": 1477}, "under_counts": {"0": 1351, "1": 104, "2": 16, "4": 3, "3": 3}, "avg_over_mag": 0.0, "avg_under_mag": 1.246031746031746, "avg_over": 0.0, "avg_under": 1.246031746031746}], [[0.75, 0.8], {"acc": 0.7637362637362637, "nll": 0.5745282766746734, "mse": 0.19183810565445425, "N": 2548, "over_prob": 0.0, "under_prob": 0.14465408805031443, "over_counts": {"0": 795}, "under_counts": {"0": 680, "1": 78, "2": 24, "3": 8, "5": 2, "4": 2, "6": 1}, "avg_over_mag": 0.0, "avg_under_mag": 1.5130434782608695, "avg_over": 0.0, "avg_under": 1.5130434782608695}], [[0.8, 0.8500000000000001], {"acc": 0.8004807692307693, "nll": 0.5329887879450141, "mse": 0.1730987424468014, "N": 832, "over_prob": 0.0, "under_prob": 0.2517985611510791, "over_counts": {"0": 278}, "under_counts": {"0": 208, "1": 49, "2": 13, "3": 4, "5": 2, "6": 1, "4": 1}, "avg_over_mag": 0.0, "avg_under_mag": 1.5285714285714285, "avg_over": 0.0, "avg_under": 1.5285714285714285}], [[0.8500000000000001, 0.9], {"acc": 0.8365650969529086, "nll": 0.5089356535852303, "mse": 0.1618609619317239, "N": 361, "over_prob": 0.9090909090909091, "under_prob": 0.0, "over_counts": {"1": 26, "2": 23, "3": 11, "0": 9, "4": 7, "6": 5, "5": 4, "7": 4, "10": 3, "9": 2, "11": 2, "16": 1, "20": 1, "8": 1}, "under_counts": {"0": 99}, "avg_over_mag": 3.611111111111111, "avg_under_mag": 0.0, "avg_over": 3.611111111111111, "avg_under": 0.0}], [[0.9, 0.9500000000000001], {"acc": 0.9615384615384616, "nll": 0.25569094822766025, "mse": 0.06368970568266064, "N": 78, "over_prob": 0.7391304347826086, "under_prob": 0.0, "over_counts": {"1": 10, "0": 6, "2": 3, "4": 2, "7": 1, "5": 1}, "under_counts": {"0": 23}, "avg_over_mag": 2.1176470588235294, "avg_under_mag": 0.0, "avg_over": 2.1176470588235294, "avg_under": 0.0}], [[0.9500000000000001, 1.0], {"acc": 0.9545454545454546, "nll": 0.163407811547537, "mse": 0.04068294770699507, "N": 22, "over_prob": 0.33333333333333337, "under_prob": 0.0, "over_counts": {"0": 2, "1": 1}, "under_counts": {"0": 3}, "avg_over_mag": 1.0, "avg_under_mag": 0.0, "avg_over": 1.0, "avg_under": 0.0}]]}