{"acc": 0.7090016366612111, "auc": 0.704580013817138, "nll": 0.6289864040360424, "mse": 0.20116918354341679}