{"over_prob": 0.24550845979417413, "under_prob": 0.03697889412175126, "over_counts": {"0": 8651, "1": 1071, "2": 633, "3": 411, "4": 180, "5": 132, "6": 102, "7": 61, "8": 42, "9": 29, "10": 28, "11": 22, "13": 21, "15": 13, "12": 12, "16": 11, "14": 11, "17": 8, "24": 5, "22": 4, "19": 3, "18": 3, "20": 2, "25": 2, "27": 1, "50": 1, "41": 1, "23": 1, "62": 1, "49": 1, "26": 1, "31": 1, "43": 1}, "under_counts": {"0": 11042, "1": 349, "2": 60, "3": 13, "4": 1, "5": 1}, "avg_over_mag": 3.178330373001776, "avg_under_mag": 1.2193396226415094, "avg_over": 3.178330373001776, "avg_under": 1.2193396226415094, "acc": 0.7634603090452653, "auc": 0.7037513399597781, "nll": 0.5144671656567399, "mse": 0.16892758618893658, "metrics_by_prob": [[[0.0, 0.05], {"acc": 0.9736842105263158, "nll": 0.17927868763018978, "mse": 0.03663996852553936, "N": 76, "over_prob": 0.0, "under_prob": 0.0, "over_counts": {"0": 17}, "under_counts": {"0": 17}, "avg_over_mag": 0.0, "avg_under_mag": 0.0, "avg_over": 0.0, "avg_under": 0.0}], [[0.05, 0.1], {"acc": 0.9612403100775194, "nll": 0.22740695174462758, "mse": 0.048971030939430685, "N": 129, "over_prob": 0.0, "under_prob": 0.0, "over_counts": {"0": 42}, "under_counts": {"0": 42}, "avg_over_mag": 0.0, "avg_under_mag": 0.0, "avg_over": 0.0, "avg_under": 0.0}], [[0.1, 0.15000000000000002], {"acc": 0.8698630136986302, "nll": 0.40060605228237633, "mse": 0.12061992798816693, "N": 146, "over_prob": 0.0, "under_prob": 0.0, "over_counts": {"0": 79}, "under_counts": {"0": 79}, "avg_over_mag": 0.0, "avg_under_mag": 0.0, "avg_over": 0.0, "avg_under": 0.0}], [[0.15000000000000002, 0.2], {"acc": 0.7537688442211056, "nll": 0.579239617985686, "mse": 0.1926271636672898, "N": 199, "over_prob": 0.0, "under_prob": 0.0, "over_counts": {"0": 121}, "under_counts": {"0": 121}, "avg_over_mag": 0.0, "avg_under_mag": 0.0, "avg_over": 0.0, "avg_under": 0.0}], [[0.2, 0.25], {"acc": 0.7168674698795181, "nll": 0.5694230702769494, "mse": 0.19007101312632843, "N": 332, "over_prob": 0.0, "under_prob": 0.0, "over_counts": {"0": 194}, "under_counts": {"0": 194}, "avg_over_mag": 0.0, "avg_under_mag": 0.0, "avg_over": 0.0, "avg_under": 0.0}], [[0.25, 0.30000000000000004], {"acc": 0.6508264462809917, "nll": 0.6307624810806245, "mse": 0.21904519857864213, "N": 484, "over_prob": 0.0, "under_prob": 0.0, "over_counts": {"0": 287}, "under_counts": {"0": 287}, "avg_over_mag": 0.0, "avg_under_mag": 0.0, "avg_over": 0.0, "avg_under": 0.0}], [[0.30000000000000004, 0.35000000000000003], {"acc": 0.6016371077762619, "nll": 0.6781856062678875, "mse": 0.24187602899349409, "N": 733, "over_prob": 0.0, "under_prob": 0.0, "over_counts": {"0": 480}, "under_counts": {"0": 480}, "avg_over_mag": 0.0, "avg_under_mag": 0.0, "avg_over": 0.0, "avg_under": 0.0}], [[0.35000000000000003, 0.4], {"acc": 0.5979643765903307, "nll": 0.6717646976232357, "mse": 0.2391937656002632, "N": 786, "over_prob": 0.0, "under_prob": 0.0, "over_counts": {"0": 535}, "under_counts": {"0": 535}, "avg_over_mag": 0.0, "avg_under_mag": 0.0, "avg_over": 0.0, "avg_under": 0.0}], [[0.4, 0.45], {"acc": 0.529, "nll": 0.7002996970279174, "mse": 0.25324160236185383, "N": 1000, "over_prob": 0.0, "under_prob": 0.0, "over_counts": {"0": 725}, "under_counts": {"0": 725}, "avg_over_mag": 0.0, "avg_under_mag": 0.0, "avg_over": 0.0, "avg_under": 0.0}], [[0.45, 0.5], {"acc": 0.4796215429403202, "nll": 0.7228263668352027, "mse": 0.26410179671307715, "N": 1374, "over_prob": 0.0, "under_prob": 0.0, "over_counts": {"0": 1038}, "under_counts": {"0": 1038}, "avg_over_mag": 0.0, "avg_under_mag": 0.0, "avg_over": 0.0, "avg_under": 0.0}], [[0.5, 0.55], {"acc": 0.5300546448087432, "nll": 0.707435197557846, "mse": 0.2565677095524241, "N": 1830, "over_prob": 0.0, "under_prob": 0.0, "over_counts": {"0": 1355}, "under_counts": {"0": 1355}, "avg_over_mag": 0.0, "avg_under_mag": 0.0, "avg_over": 0.0, "avg_under": 0.0}], [[0.55, 0.6000000000000001], {"acc": 0.5659509202453987, "nll": 0.7003491447054321, "mse": 0.25277824405195476, "N": 2608, "over_prob": 0.0, "under_prob": 0.0, "over_counts": {"0": 1942}, "under_counts": {"0": 1942}, "avg_over_mag": 0.0, "avg_under_mag": 0.0, "avg_over": 0.0, "avg_under": 0.0}], [[0.6000000000000001, 0.65], {"acc": 0.633856138453218, "nll": 0.6633939595865164, "mse": 0.2347388108623709, "N": 3698, "over_prob": 0.0, "under_prob": 0.0003782148260211837, "over_counts": {"0": 2644}, "under_counts": {"0": 2643, "1": 1}, "avg_over_mag": 0.0, "avg_under_mag": 1.0, "avg_over": 0.0, "avg_under": 1.0}], [[0.65, 0.7000000000000001], {"acc": 0.670856102003643, "nll": 0.6399332050937783, "mse": 0.22343064092831375, "N": 5490, "over_prob": 0.0, "under_prob": 0.0, "over_counts": {"0": 3430}, "under_counts": {"0": 3430}, "avg_over_mag": 0.0, "avg_under_mag": 0.0, "avg_over": 0.0, "avg_under": 0.0}], [[0.7000000000000001, 0.75], {"acc": 0.7156277770724895, "nll": 0.59953291731724, "mse": 0.20451226265754713, "N": 7877, "over_prob": 0.0, "under_prob": 0.0017857142857142794, "over_counts": {"0": 4480}, "under_counts": {"0": 4472, "1": 8}, "avg_over_mag": 0.0, "avg_under_mag": 1.0, "avg_over": 0.0, "avg_under": 1.0}], [[0.75, 0.8], {"acc": 0.7778500216731686, "nll": 0.5335390739110092, "mse": 0.17425416725385784, "N": 9228, "over_prob": 0.0, "under_prob": 0.011858559724018947, "over_counts": {"0": 4638}, "under_counts": {"0": 4583, "1": 51, "2": 4}, "avg_over_mag": 0.0, "avg_under_mag": 1.0727272727272728, "avg_over": 0.0, "avg_under": 1.0727272727272728}], [[0.8, 0.8500000000000001], {"acc": 0.8239385445863179, "nll": 0.47222243997082836, "mse": 0.1474418403744572, "N": 9633, "over_prob": 0.0, "under_prob": 0.0916959064327485, "over_counts": {"0": 4275}, "under_counts": {"0": 3883, "1": 344, "2": 40, "3": 7, "4": 1}, "avg_over_mag": 0.0, "avg_under_mag": 1.1454081632653061, "avg_over": 0.0, "avg_under": 1.1454081632653061}], [[0.8500000000000001, 0.9], {"acc": 0.8724521309450278, "nll": 0.3937905211207971, "mse": 0.11499402972338837, "N": 9714, "over_prob": 0.690155713908683, "under_prob": 0.0, "over_counts": {"0": 1174, "1": 1171, "2": 574, "3": 324, "4": 172, "5": 109, "6": 78, "7": 46, "8": 30, "9": 19, "10": 19, "11": 13, "13": 12, "12": 10, "15": 8, "16": 6, "17": 4, "14": 3, "18": 2, "22": 2, "24": 2, "19": 2, "21": 1, "27": 1, "45": 1, "20": 1, "25": 1, "35": 1, "49": 1, "26": 1, "31": 1}, "under_counts": {"0": 3789}, "avg_over_mag": 2.7170172084130018, "avg_under_mag": 0.0, "avg_over": 2.7170172084130018, "avg_under": 0.0}], [[0.9, 0.9500000000000001], {"acc": 0.9213213970495524, "nll": 0.28926991524278833, "mse": 0.07577796448649511, "N": 7931, "over_prob": 0.28249027237354085, "under_prob": 0.0, "over_counts": {"0": 1844, "1": 405, "2": 132, "3": 68, "4": 33, "5": 21, "6": 15, "7": 13, "8": 10, "13": 5, "9": 4, "10": 4, "12": 3, "14": 3, "11": 2, "15": 2, "19": 1, "20": 1, "16": 1, "17": 1, "27": 1, "24": 1}, "under_counts": {"0": 2570}, "avg_over_mag": 2.431129476584022, "avg_under_mag": 0.0, "avg_over": 2.431129476584022, "avg_under": 0.0}], [[0.9500000000000001, 1.0], {"acc": 0.9583815028901734, "nll": 0.18807754457992312, "mse": 0.04331742064931561, "N": 865, "over_prob": 0.10163934426229504, "under_prob": 0.0, "over_counts": {"0": 274, "1": 11, "2": 11, "3": 4, "5": 2, "12": 1, "6": 1, "4": 1}, "under_counts": {"0": 305}, "avg_over_mag": 2.4838709677419355, "avg_under_mag": 0.0, "avg_over": 2.4838709677419355, "avg_under": 0.0}]]}