{"auc": 0.6546637364695983, "over_prob": 0.04428765725943562, "under_prob": 0.0867902074124447, "over_counts": {"0": 11243, "1": 457, "2": 43, "3": 12, "4": 4, "5": 3, "7": 1, "6": 1}, "under_counts": {"0": 10743, "1": 940, "2": 46, "3": 31, "4": 3, "5": 1}, "avg_over_mag": 1.1957773512476009, "avg_under_mag": 1.118511263467189, "avg_over": 1.1957773512476009, "avg_under": 1.118511263467189, "acc": 0.8045474096376607, "nll": 0.47098408034261713, "mse": 0.14996599734334554, "metrics_by_prob": [[[0.0, 0.05], {"acc": NaN, "nll": NaN, "mse": NaN, "N": 0}], [[0.05, 0.1], {"acc": NaN, "nll": NaN, "mse": NaN, "N": 0}], [[0.1, 0.15000000000000002], {"acc": NaN, "nll": NaN, "mse": NaN, "N": 0}], [[0.15000000000000002, 0.2], {"acc": NaN, "nll": NaN, "mse": NaN, "N": 0}], [[0.2, 0.25], {"acc": NaN, "nll": NaN, "mse": NaN, "N": 0}], [[0.25, 0.30000000000000004], {"acc": NaN, "nll": NaN, "mse": NaN, "N": 0}], [[0.30000000000000004, 0.35000000000000003], {"acc": 0.6827309236947792, "nll": 0.6275361721776761, "mse": 0.21784104966241466, "N": 249, "over_prob": 0.0, "under_prob": 0.0, "over_counts": {"0": 249}, "under_counts": {"0": 249}, "avg_over_mag": 0.0, "avg_under_mag": 0.0, "avg_over": 0.0, "avg_under": 0.0}], [[0.35000000000000003, 0.4], {"acc": 0.5, "nll": 0.7319553291089572, "mse": 0.2686645288719711, "N": 22, "over_prob": 0.0, "under_prob": 0.0, "over_counts": {"0": 22}, "under_counts": {"0": 22}, "avg_over_mag": 0.0, "avg_under_mag": 0.0, "avg_over": 0.0, "avg_under": 0.0}], [[0.4, 0.45], {"acc": 0.5519713261648745, "nll": 0.6875800338135412, "mse": 0.24722334859515943, "N": 279, "over_prob": 0.0, "under_prob": 0.0, "over_counts": {"0": 279}, "under_counts": {"0": 279}, "avg_over_mag": 0.0, "avg_under_mag": 0.0, "avg_over": 0.0, "avg_under": 0.0}], [[0.45, 0.5], {"acc": 0.4781144781144781, "nll": 0.6952167437278419, "mse": 0.25103426781890675, "N": 297, "over_prob": 0.0, "under_prob": 0.0, "over_counts": {"0": 297}, "under_counts": {"0": 297}, "avg_over_mag": 0.0, "avg_under_mag": 0.0, "avg_over": 0.0, "avg_under": 0.0}], [[0.5, 0.55], {"acc": 0.5, "nll": 0.6968417187225199, "mse": 0.2518435914141717, "N": 214, "over_prob": 0.0, "under_prob": 0.0, "over_counts": {"0": 214}, "under_counts": {"0": 214}, "avg_over_mag": 0.0, "avg_under_mag": 0.0, "avg_over": 0.0, "avg_under": 0.0}], [[0.55, 0.6000000000000001], {"acc": 0.5979782270606532, "nll": 0.6727003288683389, "mse": 0.23985466522719123, "N": 1286, "over_prob": 0.0, "under_prob": 0.0, "over_counts": {"0": 1286}, "under_counts": {"0": 1286}, "avg_over_mag": 0.0, "avg_under_mag": 0.0, "avg_over": 0.0, "avg_under": 0.0}], [[0.6000000000000001, 0.65], {"acc": 0.6406926406926406, "nll": 0.6532916328598585, "mse": 0.23034348690689932, "N": 1848, "over_prob": 0.0, "under_prob": 0.0, "over_counts": {"0": 1687}, "under_counts": {"0": 1687}, "avg_over_mag": 0.0, "avg_under_mag": 0.0, "avg_over": 0.0, "avg_under": 0.0}], [[0.65, 0.7000000000000001], {"acc": 0.6710144927536232, "nll": 0.6333658826993095, "mse": 0.22071172328782512, "N": 3450, "over_prob": 0.0, "under_prob": 0.0, "over_counts": {"0": 3043}, "under_counts": {"0": 3043}, "avg_over_mag": 0.0, "avg_under_mag": 0.0, "avg_over": 0.0, "avg_under": 0.0}], [[0.7000000000000001, 0.75], {"acc": 0.7380081976293342, "nll": 0.5756322661557053, "mse": 0.19356194699137477, "N": 9027, "over_prob": 0.0, "under_prob": 0.0, "over_counts": {"0": 5249}, "under_counts": {"0": 5249}, "avg_over_mag": 0.0, "avg_under_mag": 0.0, "avg_over": 0.0, "avg_under": 0.0}], [[0.75, 0.8], {"acc": 0.7745777392810741, "nll": 0.5340308766118917, "mse": 0.17472487188758307, "N": 13854, "over_prob": 0.0, "under_prob": 0.0, "over_counts": {"0": 6123}, "under_counts": {"0": 6123}, "avg_over_mag": 0.0, "avg_under_mag": 0.0, "avg_over": 0.0, "avg_under": 0.0}], [[0.8, 0.8500000000000001], {"acc": 0.8230545454545455, "nll": 0.4666681241128178, "mse": 0.1456198230429044, "N": 13750, "over_prob": 0.0, "under_prob": 0.1855014534883721, "over_counts": {"0": 5504}, "under_counts": {"0": 4483, "1": 940, "2": 46, "3": 31, "4": 3, "5": 1}, "avg_over_mag": 0.0, "avg_under_mag": 1.118511263467189, "avg_over": 0.0, "avg_under": 1.118511263467189}], [[0.8500000000000001, 0.9], {"acc": 0.8776744186046511, "nll": 0.37088534280341257, "mse": 0.10723228151681903, "N": 12900, "over_prob": 0.11180257510729619, "under_prob": 0.0, "over_counts": {"0": 4139, "1": 457, "2": 43, "3": 12, "4": 4, "5": 3, "7": 1, "6": 1}, "under_counts": {"0": 4660}, "avg_over_mag": 1.1957773512476009, "avg_under_mag": 0.0, "avg_over": 1.1957773512476009, "avg_under": 0.0}], [[0.9, 0.9500000000000001], {"acc": 0.9087382825126603, "nll": 0.30365644727714025, "mse": 0.08264931175266302, "N": 9281, "over_prob": 0.0, "under_prob": 0.0, "over_counts": {"0": 2812}, "under_counts": {"0": 2812}, "avg_over_mag": 0.0, "avg_under_mag": 0.0, "avg_over": 0.0, "avg_under": 0.0}], [[0.9500000000000001, 1.0], {"acc": 0.9596273291925466, "nll": 0.16960102678514036, "mse": 0.03875231623412421, "N": 966, "over_prob": 0.0, "under_prob": 0.0, "over_counts": {"0": 351}, "under_counts": {"0": 351}, "avg_over_mag": 0.0, "avg_under_mag": 0.0, "avg_over": 0.0, "avg_under": 0.0}]]}