{"auc": 0.7098761909751062, "over_prob": 0.31807281447569213, "under_prob": 0.2977981251362546, "over_counts": {"0": 3128, "1": 868, "2": 355, "3": 121, "4": 59, "5": 24, "6": 19, "7": 6, "8": 4, "9": 2, "10": 1}, "under_counts": {"0": 3221, "1": 877, "2": 277, "3": 118, "4": 46, "5": 23, "6": 11, "7": 6, "8": 3, "17": 2, "9": 1, "15": 1, "16": 1}, "avg_over_mag": 1.7224126113776559, "avg_under_mag": 1.6764275256222547, "avg_over": 1.7224126113776559, "avg_under": 1.6764275256222547, "acc": 0.7864501929763006, "nll": 0.4818305604008177, "mse": 0.15551844222331068, "metrics_by_prob": [[[0.0, 0.05], {"acc": 1.0, "nll": 0.06999917487746045, "mse": 0.005308615167805693, "N": 5, "over_prob": 0.0, "under_prob": 0.0, "over_counts": {"0": 4}, "under_counts": {"0": 4}, "avg_over_mag": 0.0, "avg_under_mag": 0.0, "avg_over": 0.0, "avg_under": 0.0}], [[0.05, 0.1], {"acc": 0.7, "nll": 0.7789777394608107, "mse": 0.25305739875695943, "N": 10, "over_prob": 0.0, "under_prob": 0.0, "over_counts": {"0": 9}, "under_counts": {"0": 9}, "avg_over_mag": 0.0, "avg_under_mag": 0.0, "avg_over": 0.0, "avg_under": 0.0}], [[0.1, 0.15000000000000002], {"acc": 0.9487179487179487, "nll": 0.2489081759369492, "mse": 0.058349893780017405, "N": 39, "over_prob": 0.0, "under_prob": 0.0, "over_counts": {"0": 32}, "under_counts": {"0": 32}, "avg_over_mag": 0.0, "avg_under_mag": 0.0, "avg_over": 0.0, "avg_under": 0.0}], [[0.15000000000000002, 0.2], {"acc": 0.8947368421052632, "nll": 0.438617994004963, "mse": 0.12927194321440347, "N": 76, "over_prob": 0.0, "under_prob": 0.0, "over_counts": {"0": 60}, "under_counts": {"0": 60}, "avg_over_mag": 0.0, "avg_under_mag": 0.0, "avg_over": 0.0, "avg_under": 0.0}], [[0.2, 0.25], {"acc": 0.7327586206896551, "nll": 0.5691381083513363, "mse": 0.19183489323208697, "N": 116, "over_prob": 0.0, "under_prob": 0.0, "over_counts": {"0": 100}, "under_counts": {"0": 100}, "avg_over_mag": 0.0, "avg_under_mag": 0.0, "avg_over": 0.0, "avg_under": 0.0}], [[0.25, 0.30000000000000004], {"acc": 0.7483870967741936, "nll": 0.5625031831439934, "mse": 0.18798135484262232, "N": 155, "over_prob": 0.0, "under_prob": 0.0, "over_counts": {"0": 140}, "under_counts": {"0": 140}, "avg_over_mag": 0.0, "avg_under_mag": 0.0, "avg_over": 0.0, "avg_under": 0.0}], [[0.30000000000000004, 0.35000000000000003], {"acc": 0.6452830188679245, "nll": 0.6552602659178943, "mse": 0.23048738169490612, "N": 265, "over_prob": 0.0, "under_prob": 0.0, "over_counts": {"0": 219}, "under_counts": {"0": 219}, "avg_over_mag": 0.0, "avg_under_mag": 0.0, "avg_over": 0.0, "avg_under": 0.0}], [[0.35000000000000003, 0.4], {"acc": 0.6, "nll": 0.6805541072063164, "mse": 0.24321069918682167, "N": 370, "over_prob": 0.0, "under_prob": 0.0, "over_counts": {"0": 301}, "under_counts": {"0": 301}, "avg_over_mag": 0.0, "avg_under_mag": 0.0, "avg_over": 0.0, "avg_under": 0.0}], [[0.4, 0.45], {"acc": 0.4714587737843552, "nll": 0.7236236566026468, "mse": 0.2642343866569866, "N": 473, "over_prob": 0.0, "under_prob": 0.0025839793281653423, "over_counts": {"0": 387}, "under_counts": {"0": 386, "1": 1}, "avg_over_mag": 0.0, "avg_under_mag": 1.0, "avg_over": 0.0, "avg_under": 1.0}], [[0.45, 0.5], {"acc": 0.49382716049382713, "nll": 0.7190612571230137, "mse": 0.2617216112697352, "N": 648, "over_prob": 0.0, "under_prob": 0.0, "over_counts": {"0": 515}, "under_counts": {"0": 515}, "avg_over_mag": 0.0, "avg_under_mag": 0.0, "avg_over": 0.0, "avg_under": 0.0}], [[0.5, 0.55], {"acc": 0.5010638297872341, "nll": 0.7317956131886988, "mse": 0.26751375451310416, "N": 940, "over_prob": 0.0, "under_prob": 0.00717360114777621, "over_counts": {"0": 697}, "under_counts": {"0": 692, "1": 5}, "avg_over_mag": 0.0, "avg_under_mag": 1.0, "avg_over": 0.0, "avg_under": 1.0}], [[0.55, 0.6000000000000001], {"acc": 0.5896805896805897, "nll": 0.6928847529617345, "mse": 0.2484445147590885, "N": 1221, "over_prob": 0.0, "under_prob": 0.015348288075560768, "over_counts": {"0": 847}, "under_counts": {"0": 834, "1": 13}, "avg_over_mag": 0.0, "avg_under_mag": 1.0, "avg_over": 0.0, "avg_under": 1.0}], [[0.6000000000000001, 0.65], {"acc": 0.6079447322970639, "nll": 0.689680068075326, "mse": 0.24618757079126796, "N": 1737, "over_prob": 0.0, "under_prob": 0.021296296296296258, "over_counts": {"0": 1080}, "under_counts": {"0": 1057, "1": 23}, "avg_over_mag": 0.0, "avg_under_mag": 1.0, "avg_over": 0.0, "avg_under": 1.0}], [[0.65, 0.7000000000000001], {"acc": 0.6781975421028675, "nll": 0.6478136235949987, "mse": 0.22561102071769246, "N": 2197, "over_prob": 0.0, "under_prob": 0.057480314960629886, "over_counts": {"0": 1270}, "under_counts": {"0": 1197, "1": 72, "2": 1}, "avg_over_mag": 0.0, "avg_under_mag": 1.0136986301369864, "avg_over": 0.0, "avg_under": 1.0136986301369864}], [[0.7000000000000001, 0.75], {"acc": 0.7363412054987662, "nll": 0.5861638399457374, "mse": 0.19724276986488745, "N": 2837, "over_prob": 0.0, "under_prob": 0.1112565445026178, "over_counts": {"0": 1528}, "under_counts": {"0": 1358, "1": 158, "2": 11, "3": 1}, "avg_over_mag": 0.0, "avg_under_mag": 1.076470588235294, "avg_over": 0.0, "avg_under": 1.076470588235294}], [[0.75, 0.8], {"acc": 0.7818688981868899, "nll": 0.5371174215996243, "mse": 0.17469602193627018, "N": 3585, "over_prob": 0.0, "under_prob": 0.2599663110612016, "over_counts": {"0": 1781}, "under_counts": {"0": 1318, "1": 388, "2": 56, "3": 13, "4": 6}, "avg_over_mag": 0.0, "avg_under_mag": 1.2159827213822894, "avg_over": 0.0, "avg_under": 1.2159827213822894}], [[0.8, 0.8500000000000001], {"acc": 0.8254004576659039, "nll": 0.47607825716422103, "mse": 0.14817424859770342, "N": 4370, "over_prob": 0.0, "under_prob": 0.4825072886297376, "over_counts": {"0": 2058}, "under_counts": {"0": 1065, "1": 724, "2": 181, "3": 59, "4": 13, "5": 9, "6": 3, "13": 3, "11": 1}, "avg_over_mag": 0.0, "avg_under_mag": 1.4380664652567976, "avg_over": 0.0, "avg_under": 1.4380664652567976}], [[0.8500000000000001, 0.9], {"acc": 0.8753894080996885, "nll": 0.38567478929826404, "mse": 0.11180029601590906, "N": 5136, "over_prob": 0.5689655172413793, "under_prob": 0.0, "over_counts": {"0": 925, "1": 801, "2": 249, "3": 106, "4": 40, "5": 17, "6": 4, "9": 2, "7": 1, "8": 1}, "under_counts": {"0": 2146}, "avg_over_mag": 1.5716625716625716, "avg_under_mag": 0.0, "avg_over": 1.5716625716625716, "avg_under": 0.0}], [[0.9, 0.9500000000000001], {"acc": 0.91982395713739, "nll": 0.2900395886709565, "mse": 0.07626186669778116, "N": 5226, "over_prob": 0.25718849840255587, "under_prob": 0.0, "over_counts": {"0": 1395, "1": 412, "2": 57, "3": 9, "4": 4, "5": 1}, "under_counts": {"0": 1878}, "avg_over_mag": 1.1884057971014492, "avg_under_mag": 0.0, "avg_over": 1.1884057971014492, "avg_under": 0.0}], [[0.9500000000000001, 1.0], {"acc": 0.957840616966581, "nll": 0.1784764625832061, "mse": 0.04098793137155979, "N": 1945, "over_prob": 0.024516129032258083, "under_prob": 0.0, "over_counts": {"0": 756, "1": 18, "2": 1}, "under_counts": {"0": 775}, "avg_over_mag": 1.0526315789473684, "avg_under_mag": 0.0, "avg_over": 1.0526315789473684, "avg_under": 0.0}]]}