{"over_prob": 0.061115717162146144, "under_prob": 0.061115717162146144, "over_counts": {"0": 7927, "1": 318, "2": 102, "3": 35, "4": 18, "7": 10, "8": 6, "5": 6, "10": 5, "6": 3, "13": 3, "14": 1, "35": 1, "18": 1, "12": 1, "15": 1, "23": 1, "21": 1, "42": 1, "9": 1, "17": 1}, "under_counts": {"0": 3185, "1": 1879, "2": 1044, "3": 638, "4": 504, "7": 307, "8": 213, "5": 167, "10": 106, "6": 82, "13": 74, "14": 55, "35": 39, "18": 24, "12": 21, "15": 18, "23": 13, "21": 10, "42": 9, "9": 6, "17": 5}, "avg_over_mag": 2.248062015503876, "avg_under_mag": 2.248062015503876, "avg_over": 2.248062015503876, "avg_under": 2.248062015503876, "acc": 0.5931589606288401, "auc": 0.6035653097023005, "nll": 1.111932822104067, "mse": 0.29443003658463257, "metrics_by_prob": [[[0.0, 0.05], {"acc": 0.7656565656565657, "nll": 0.6520505571466501, "mse": 0.1667206751409041, "N": 495, "over_prob": 0.0, "under_prob": 0.0, "over_counts": {"0": 30}, "under_counts": {"0": 21}, "avg_over_mag": 0.0, "avg_under_mag": 0.0, "avg_over": 0.0, "avg_under": 0.0}], [[0.05, 0.1], {"acc": 0.7088815789473685, "nll": 0.7879433593389583, "mse": 0.21219291707329715, "N": 608, "over_prob": 0.0, "under_prob": 0.0, "over_counts": {"0": 90}, "under_counts": {"0": 63}, "avg_over_mag": 0.0, "avg_under_mag": 0.0, "avg_over": 0.0, "avg_under": 0.0}], [[0.1, 0.15000000000000002], {"acc": 0.6741176470588235, "nll": 0.8407100466420926, "mse": 0.23371803877806405, "N": 850, "over_prob": 0.0, "under_prob": 0.0, "over_counts": {"0": 166}, "under_counts": {"0": 131}, "avg_over_mag": 0.0, "avg_under_mag": 0.0, "avg_over": 0.0, "avg_under": 0.0}], [[0.15000000000000002, 0.2], {"acc": 0.6142735768903993, "nll": 1.0207344224103478, "mse": 0.2780608196217809, "N": 1177, "over_prob": 0.0, "under_prob": 0.0, "over_counts": {"0": 267}, "under_counts": {"0": 190}, "avg_over_mag": 0.0, "avg_under_mag": 0.0, "avg_over": 0.0, "avg_under": 0.0}], [[0.2, 0.25], {"acc": 0.5810553083280356, "nll": 1.1018888799433042, "mse": 0.30191040107249345, "N": 1573, "over_prob": 0.0, "under_prob": 0.0, "over_counts": {"0": 405}, "under_counts": {"0": 272}, "avg_over_mag": 0.0, "avg_under_mag": 0.0, "avg_over": 0.0, "avg_under": 0.0}], [[0.25, 0.30000000000000004], {"acc": 0.5496217178460169, "nll": 1.1579917338213706, "mse": 0.3221120802812642, "N": 2247, "over_prob": 0.0, "under_prob": 0.0, "over_counts": {"0": 609}, "under_counts": {"0": 386}, "avg_over_mag": 0.0, "avg_under_mag": 0.0, "avg_over": 0.0, "avg_under": 0.0}], [[0.30000000000000004, 0.35000000000000003], {"acc": 0.508273381294964, "nll": 1.2173436314907458, "mse": 0.3408108083411186, "N": 2780, "over_prob": 0.0, "under_prob": 0.0, "over_counts": {"0": 773}, "under_counts": {"0": 478}, "avg_over_mag": 0.0, "avg_under_mag": 0.0, "avg_over": 0.0, "avg_under": 0.0}], [[0.35000000000000003, 0.4], {"acc": 0.49604221635883905, "nll": 1.2208597063707245, "mse": 0.34844671025082835, "N": 3411, "over_prob": 0.0, "under_prob": 0.0, "over_counts": {"0": 978}, "under_counts": {"0": 542}, "avg_over_mag": 0.0, "avg_under_mag": 0.0, "avg_over": 0.0, "avg_under": 0.0}], [[0.4, 0.45], {"acc": 0.49887133182844245, "nll": 1.2739075669579323, "mse": 0.35228596094979897, "N": 3987, "over_prob": 0.0, "under_prob": 0.0, "over_counts": {"0": 1191}, "under_counts": {"0": 635}, "avg_over_mag": 0.0, "avg_under_mag": 0.0, "avg_over": 0.0, "avg_under": 0.0}], [[0.45, 0.5], {"acc": 0.5052061640982923, "nll": 1.2556977527436834, "mse": 0.3470816959686844, "N": 4802, "over_prob": 0.0, "under_prob": 0.0, "over_counts": {"0": 1409}, "under_counts": {"0": 657}, "avg_over_mag": 0.0, "avg_under_mag": 0.0, "avg_over": 0.0, "avg_under": 0.0}], [[0.5, 0.55], {"acc": 0.5091282051282051, "nll": 1.2733440714998996, "mse": 0.34841299798924774, "N": 4875, "over_prob": 0.0, "under_prob": 0.0, "over_counts": {"0": 1498}, "under_counts": {"0": 639}, "avg_over_mag": 0.0, "avg_under_mag": 0.0, "avg_over": 0.0, "avg_under": 0.0}], [[0.55, 0.6000000000000001], {"acc": 0.5258119016331894, "nll": 1.246790898458627, "mse": 0.3379546265601026, "N": 5327, "over_prob": 0.0, "under_prob": 0.0, "over_counts": {"0": 1659}, "under_counts": {"0": 691}, "avg_over_mag": 0.0, "avg_under_mag": 0.0, "avg_over": 0.0, "avg_under": 0.0}], [[0.6000000000000001, 0.65], {"acc": 0.5695890929748154, "nll": 1.178486199053519, "mse": 0.31014936986089164, "N": 5281, "over_prob": 0.0, "under_prob": 0.0, "over_counts": {"0": 1736}, "under_counts": {"0": 635}, "avg_over_mag": 0.0, "avg_under_mag": 0.0, "avg_over": 0.0, "avg_under": 0.0}], [[0.65, 0.7000000000000001], {"acc": 0.6009696065634906, "nll": 1.123967189464067, "mse": 0.29204595446758613, "N": 5363, "over_prob": 0.0, "under_prob": 0.0, "over_counts": {"0": 1790}, "under_counts": {"0": 642}, "avg_over_mag": 0.0, "avg_under_mag": 0.0, "avg_over": 0.0, "avg_under": 0.0}], [[0.7000000000000001, 0.75], {"acc": 0.6487981280578601, "nll": 1.051712695831504, "mse": 0.26719441363381835, "N": 4701, "over_prob": 0.0, "under_prob": 0.0, "over_counts": {"0": 1696}, "under_counts": {"0": 641}, "avg_over_mag": 0.0, "avg_under_mag": 0.0, "avg_over": 0.0, "avg_under": 0.0}], [[0.75, 0.8], {"acc": 0.701816347124117, "nll": 0.9879293866769682, "mse": 0.23266479560472286, "N": 3964, "over_prob": 0.0, "under_prob": 0.0, "over_counts": {"0": 1528}, "under_counts": {"0": 572}, "avg_over_mag": 0.0, "avg_under_mag": 0.0, "avg_over": 0.0, "avg_under": 0.0}], [[0.8, 0.8500000000000001], {"acc": 0.7475451377890402, "nll": 0.8782021658222321, "mse": 0.2007421280521671, "N": 3157, "over_prob": 0.0, "under_prob": 0.0, "over_counts": {"0": 1286}, "under_counts": {"0": 500}, "avg_over_mag": 0.0, "avg_under_mag": 0.0, "avg_over": 0.0, "avg_under": 0.0}], [[0.8500000000000001, 0.9], {"acc": 0.821330902461258, "nll": 0.7075058510033714, "mse": 0.15235900004027159, "N": 2194, "over_prob": 0.46674311926605505, "under_prob": 0.46674311926605505, "over_counts": {"0": 465, "1": 265, "2": 74, "3": 28, "4": 22, "5": 7, "6": 5, "7": 3, "8": 1, "10": 1, "16": 1}, "under_counts": {"0": 872}, "avg_over_mag": 1.7321867321867321, "avg_under_mag": 1.7321867321867321, "avg_over": 1.7321867321867321, "avg_under": 1.7321867321867321}], [[0.9, 0.9500000000000001], {"acc": 0.8640776699029126, "nll": 0.5748342566064653, "mse": 0.11335447766350942, "N": 1133, "over_prob": 0.3513513513513513, "under_prob": 0.3513513513513513, "over_counts": {"0": 312, "1": 106, "2": 31, "3": 8, "5": 7, "4": 6, "6": 4, "7": 4, "8": 3}, "under_counts": {"0": 481}, "avg_over_mag": 1.9349112426035502, "avg_under_mag": 1.9349112426035502, "avg_over": 1.9349112426035502, "avg_under": 1.9349112426035502}], [[0.9500000000000001, 1.0], {"acc": 0.8768328445747801, "nll": 0.411545235458033, "mse": 0.09995062166429657, "N": 341, "over_prob": 0.28125, "under_prob": 0.28125, "over_counts": {"0": 69, "1": 16, "2": 3, "13": 2, "4": 2, "8": 1, "32": 1, "25": 1, "7": 1}, "under_counts": {"0": 96}, "avg_over_mag": 4.7407407407407405, "avg_under_mag": 4.7407407407407405, "avg_over": 4.7407407407407405, "avg_under": 4.7407407407407405}]]}