{"over_prob": 0.5395256916996047, "under_prob": 0.3430265386787126, "over_counts": {"0": 1631, "1": 736, "2": 373, "3": 203, "4": 166, "5": 120, "6": 66, "7": 54, "8": 31, "9": 25, "11": 21, "10": 18, "13": 15, "15": 13, "14": 13, "16": 11, "17": 10, "12": 6, "20": 4, "29": 3, "18": 3, "19": 2, "27": 2, "22": 2, "26": 2, "25": 2, "43": 1, "35": 1, "142": 1, "67": 1, "44": 1, "33": 1, "32": 1, "38": 1, "23": 1, "24": 1}, "under_counts": {"0": 2327, "1": 723, "2": 255, "3": 116, "4": 55, "5": 34, "6": 11, "7": 9, "8": 5, "13": 3, "9": 1, "11": 1, "18": 1, "10": 1}, "avg_over_mag": 3.6331763474620615, "avg_under_mag": 1.8329218106995884, "avg_over": 3.6331763474620615, "avg_under": 1.8329218106995884, "acc": 0.7082246977956862, "auc": 0.56917553100264, "nll": 0.6393579178822401, "mse": 0.2089036809918814, "metrics_by_prob": [[[0.0, 0.05], {"acc": 1.0, "nll": 0.21647759244358436, "mse": 0.043471825842747926, "N": 3, "over_prob": 0.0, "under_prob": 0.0, "over_counts": {"0": 2}, "under_counts": {"0": 2}, "avg_over_mag": 0.0, "avg_under_mag": 0.0, "avg_over": 0.0, "avg_under": 0.0}], [[0.05, 0.1], {"acc": 0.6, "nll": 1.0747655755150742, "mse": 0.30196921456474124, "N": 10, "over_prob": 0.0, "under_prob": 0.2857142857142857, "over_counts": {"0": 7}, "under_counts": {"0": 5, "1": 2}, "avg_over_mag": 0.0, "avg_under_mag": 1.0, "avg_over": 0.0, "avg_under": 1.0}], [[0.1, 0.15000000000000002], {"acc": 0.6666666666666666, "nll": 0.71971246571256, "mse": 0.23891176213268217, "N": 27, "over_prob": 0.0, "under_prob": 0.13636363636363635, "over_counts": {"0": 22}, "under_counts": {"0": 19, "1": 3}, "avg_over_mag": 0.0, "avg_under_mag": 1.0, "avg_over": 0.0, "avg_under": 1.0}], [[0.15000000000000002, 0.2], {"acc": 0.6, "nll": 0.7529967638365592, "mse": 0.2615369050222636, "N": 50, "over_prob": 0.0, "under_prob": 0.024390243902439046, "over_counts": {"0": 41}, "under_counts": {"0": 40, "1": 1}, "avg_over_mag": 0.0, "avg_under_mag": 1.0, "avg_over": 0.0, "avg_under": 1.0}], [[0.2, 0.25], {"acc": 0.4, "nll": 1.0260559506886149, "mse": 0.3481495504247829, "N": 80, "over_prob": 0.0, "under_prob": 0.14516129032258063, "over_counts": {"0": 62}, "under_counts": {"0": 53, "1": 9}, "avg_over_mag": 0.0, "avg_under_mag": 1.0, "avg_over": 0.0, "avg_under": 1.0}], [[0.25, 0.30000000000000004], {"acc": 0.40714285714285714, "nll": 0.855694292624988, "mse": 0.30674884554695386, "N": 140, "over_prob": 0.0, "under_prob": 0.10084033613445376, "over_counts": {"0": 119}, "under_counts": {"0": 107, "1": 12}, "avg_over_mag": 0.0, "avg_under_mag": 1.0, "avg_over": 0.0, "avg_under": 1.0}], [[0.30000000000000004, 0.35000000000000003], {"acc": 0.4411764705882353, "nll": 0.9782951195118234, "mse": 0.31861874519870426, "N": 204, "over_prob": 0.0, "under_prob": 0.10843373493975905, "over_counts": {"0": 166}, "under_counts": {"0": 148, "1": 18}, "avg_over_mag": 0.0, "avg_under_mag": 1.0, "avg_over": 0.0, "avg_under": 1.0}], [[0.35000000000000003, 0.4], {"acc": 0.42366412213740456, "nll": 0.8928320107822637, "mse": 0.31607378405244063, "N": 262, "over_prob": 0.0, "under_prob": 0.11555555555555552, "over_counts": {"0": 225}, "under_counts": {"0": 199, "1": 25, "2": 1}, "avg_over_mag": 0.0, "avg_under_mag": 1.0384615384615385, "avg_over": 0.0, "avg_under": 1.0384615384615385}], [[0.4, 0.45], {"acc": 0.49736842105263157, "nll": 0.8461953580727517, "mse": 0.2949537285290104, "N": 380, "over_prob": 0.0, "under_prob": 0.12937062937062938, "over_counts": {"0": 286}, "under_counts": {"0": 249, "1": 36, "2": 1}, "avg_over_mag": 0.0, "avg_under_mag": 1.027027027027027, "avg_over": 0.0, "avg_under": 1.027027027027027}], [[0.45, 0.5], {"acc": 0.49427480916030536, "nll": 0.8220521096468817, "mse": 0.28495595535834595, "N": 524, "over_prob": 0.0, "under_prob": 0.12469437652811732, "over_counts": {"0": 409}, "under_counts": {"0": 358, "1": 50, "3": 1}, "avg_over_mag": 0.0, "avg_under_mag": 1.0392156862745099, "avg_over": 0.0, "avg_under": 1.0392156862745099}], [[0.5, 0.55], {"acc": 0.5096685082872928, "nll": 0.8333384415936602, "mse": 0.28365855335411283, "N": 724, "over_prob": 0.0, "under_prob": 0.11615245009074415, "over_counts": {"0": 551}, "under_counts": {"0": 487, "1": 59, "2": 5}, "avg_over_mag": 0.0, "avg_under_mag": 1.078125, "avg_over": 0.0, "avg_under": 1.078125}], [[0.55, 0.6000000000000001], {"acc": 0.532258064516129, "nll": 0.8097316306897474, "mse": 0.276483628486374, "N": 992, "over_prob": 0.0, "under_prob": 0.13994169096209907, "over_counts": {"0": 686}, "under_counts": {"0": 590, "1": 87, "2": 9}, "avg_over_mag": 0.0, "avg_under_mag": 1.09375, "avg_over": 0.0, "avg_under": 1.09375}], [[0.6000000000000001, 0.65], {"acc": 0.5928099779897286, "nll": 0.7961507854411759, "mse": 0.2683935116174337, "N": 1363, "over_prob": 0.0, "under_prob": 0.1800947867298578, "over_counts": {"0": 844}, "under_counts": {"0": 692, "1": 140, "2": 10, "3": 1, "4": 1}, "avg_over_mag": 0.0, "avg_under_mag": 1.0986842105263157, "avg_over": 0.0, "avg_under": 1.0986842105263157}], [[0.65, 0.7000000000000001], {"acc": 0.6035437430786268, "nll": 0.7534982006744283, "mse": 0.2531785030700961, "N": 1806, "over_prob": 0.0, "under_prob": 0.2025565388397247, "over_counts": {"0": 1017}, "under_counts": {"0": 811, "1": 185, "2": 18, "3": 2, "5": 1}, "avg_over_mag": 0.0, "avg_under_mag": 1.1262135922330097, "avg_over": 0.0, "avg_under": 1.1262135922330097}], [[0.7000000000000001, 0.75], {"acc": 0.6548672566371682, "nll": 0.722098873669068, "mse": 0.23910302499990455, "N": 2373, "over_prob": 0.0, "under_prob": 0.22836538461538458, "over_counts": {"0": 1248}, "under_counts": {"0": 963, "1": 245, "2": 26, "3": 12, "4": 1, "6": 1}, "avg_over_mag": 0.0, "avg_under_mag": 1.2035087719298245, "avg_over": 0.0, "avg_under": 1.2035087719298245}], [[0.75, 0.8], {"acc": 0.698844323589395, "nll": 0.6699382100818935, "mse": 0.22160780501266777, "N": 2942, "over_prob": 0.0, "under_prob": 0.2831920903954802, "over_counts": {"0": 1416}, "under_counts": {"0": 1015, "1": 337, "2": 51, "3": 9, "4": 2, "5": 1, "6": 1}, "avg_over_mag": 0.0, "avg_under_mag": 1.2094763092269327, "avg_over": 0.0, "avg_under": 1.2094763092269327}], [[0.8, 0.8500000000000001], {"acc": 0.7167822468793342, "nll": 0.6341528533986566, "mse": 0.2094115635051253, "N": 3605, "over_prob": 0.0, "under_prob": 0.3194192377495463, "over_counts": {"0": 1653}, "under_counts": {"0": 1125, "1": 417, "2": 94, "3": 11, "4": 5, "5": 1}, "avg_over_mag": 0.0, "avg_under_mag": 1.2556818181818181, "avg_over": 0.0, "avg_under": 1.2556818181818181}], [[0.8500000000000001, 0.9], {"acc": 0.7858790955237656, "nll": 0.5709130496858936, "mse": 0.1777180231251229, "N": 4334, "over_prob": 0.8441558441558441, "under_prob": 0.0, "over_counts": {"1": 727, "2": 326, "0": 264, "3": 153, "4": 79, "5": 63, "6": 22, "7": 15, "8": 13, "10": 7, "15": 3, "9": 3, "11": 3, "14": 3, "16": 2, "23": 2, "12": 2, "17": 1, "30": 1, "20": 1, "21": 1, "13": 1, "19": 1, "31": 1}, "under_counts": {"0": 1694}, "avg_over_mag": 2.2937062937062938, "avg_under_mag": 0.0, "avg_over": 2.2937062937062938, "avg_under": 0.0}], [[0.9, 0.9500000000000001], {"acc": 0.8406565656565657, "nll": 0.47856968283727197, "mse": 0.14738310450669526, "N": 3960, "over_prob": 0.8121085594989561, "under_prob": 0.0, "over_counts": {"1": 583, "0": 270, "2": 267, "3": 116, "4": 74, "5": 48, "6": 20, "7": 16, "9": 13, "8": 10, "10": 5, "11": 4, "12": 3, "13": 3, "16": 2, "14": 1, "34": 1, "44": 1}, "under_counts": {"0": 1437}, "avg_over_mag": 2.3333333333333335, "avg_under_mag": 0.0, "avg_over": 2.3333333333333335, "avg_under": 0.0}], [[0.9500000000000001, 1.0], {"acc": 0.9179153094462541, "nll": 0.3491118571566689, "mse": 0.10074651252778813, "N": 1535, "over_prob": 0.7294332723948811, "under_prob": 0.0, "over_counts": {"1": 255, "0": 148, "2": 59, "3": 28, "4": 12, "5": 10, "7": 9, "6": 8, "14": 3, "11": 3, "15": 2, "9": 2, "13": 2, "12": 2, "8": 2, "18": 1, "67": 1}, "under_counts": {"0": 547}, "avg_over_mag": 2.355889724310777, "avg_under_mag": 0.0,