{"acc": 0.7056602478289226, "auc": 0.7235477420611264, "nll": 0.7333949328963684, "mse": 0.20926249100950767}