{"over_prob": 0.04098918083462133, "under_prob": 0.09211746522411124, "over_counts": {"0": 15512, "1": 411, "2": 111, "3": 58, "4": 31, "5": 18, "6": 13, "7": 8, "8": 3, "12": 3, "11": 2, "9": 1, "17": 1, "14": 1, "15": 1, "10": 1}, "under_counts": {"0": 14685, "1": 973, "2": 291, "3": 116, "4": 49, "5": 30, "6": 16, "8": 6, "7": 4, "10": 2, "11": 1, "18": 1, "9": 1}, "avg_over_mag": 1.9638009049773755, "avg_under_mag": 1.663758389261745, "avg_over": 1.9638009049773755, "avg_under": 1.663758389261745, "acc": 0.6662166795234422, "auc": 0.7216280063287563, "nll": 0.6083486592825222, "mse": 0.21075081531687248, "metrics_by_prob": [[[0.0, 0.05], {"acc": 0.9811764705882353, "nll": 0.12881349576687343, "mse": 0.025264552088447485, "N": 2550, "over_prob": 0.0, "under_prob": 0.0, "over_counts": {"0": 630}, "under_counts": {"0": 630}, "avg_over_mag": 0.0, "avg_under_mag": 0.0, "avg_over": 0.0, "avg_under": 0.0}], [[0.05, 0.1], {"acc": 0.9146825396825397, "nll": 0.3162099687076758, "mse": 0.08512473679585318, "N": 1008, "over_prob": 0.0, "under_prob": 0.0, "over_counts": {"0": 405}, "under_counts": {"0": 405}, "avg_over_mag": 0.0, "avg_under_mag": 0.0, "avg_over": 0.0, "avg_under": 0.0}], [[0.1, 0.15000000000000002], {"acc": 0.8699132755170114, "nll": 0.3912615067227948, "mse": 0.1154350445991828, "N": 1499, "over_prob": 0.0, "under_prob": 0.0, "over_counts": {"0": 635}, "under_counts": {"0": 635}, "avg_over_mag": 0.0, "avg_under_mag": 0.0, "avg_over": 0.0, "avg_under": 0.0}], [[0.15000000000000002, 0.2], {"acc": 0.8235557545902373, "nll": 0.49284355996055984, "mse": 0.15254856310336293, "N": 2233, "over_prob": 0.0, "under_prob": 0.0, "over_counts": {"0": 1055}, "under_counts": {"0": 1055}, "avg_over_mag": 0.0, "avg_under_mag": 0.0, "avg_over": 0.0, "avg_under": 0.0}], [[0.2, 0.25], {"acc": 0.7788706739526412, "nll": 0.5523157402456103, "mse": 0.18136475622544998, "N": 2745, "over_prob": 0.0, "under_prob": 0.0, "over_counts": {"0": 1432}, "under_counts": {"0": 1432}, "avg_over_mag": 0.0, "avg_under_mag": 0.0, "avg_over": 0.0, "avg_under": 0.0}], [[0.25, 0.30000000000000004], {"acc": 0.7231489610769681, "nll": 0.60358207182338, "mse": 0.2060663845561261, "N": 3417, "over_prob": 0.0, "under_prob": 0.0, "over_counts": {"0": 1864}, "under_counts": {"0": 1864}, "avg_over_mag": 0.0, "avg_under_mag": 0.0, "avg_over": 0.0, "avg_under": 0.0}], [[0.30000000000000004, 0.35000000000000003], {"acc": 0.6678329834383019, "nll": 0.6451720522952421, "mse": 0.2258422272570912, "N": 4287, "over_prob": 0.0, "under_prob": 0.0, "over_counts": {"0": 2361}, "under_counts": {"0": 2361}, "avg_over_mag": 0.0, "avg_under_mag": 0.0, "avg_over": 0.0, "avg_under": 0.0}], [[0.35000000000000003, 0.4], {"acc": 0.6108044164037855, "nll": 0.6742797790423922, "mse": 0.24004472685240266, "N": 5072, "over_prob": 0.0, "under_prob": 0.0, "over_counts": {"0": 2840}, "under_counts": {"0": 2840}, "avg_over_mag": 0.0, "avg_under_mag": 0.0, "avg_over": 0.0, "avg_under": 0.0}], [[0.4, 0.45], {"acc": 0.5570148331273177, "nll": 0.6918787364184005, "mse": 0.24905895736577247, "N": 6472, "over_prob": 0.0, "under_prob": 0.0, "over_counts": {"0": 3538}, "under_counts": {"0": 3538}, "avg_over_mag": 0.0, "avg_under_mag": 0.0, "avg_over": 0.0, "avg_under": 0.0}], [[0.45, 0.5], {"acc": 0.5064935064935064, "nll": 0.7039062509061782, "mse": 0.25508254919709156, "N": 7315, "over_prob": 0.0, "under_prob": 0.0, "over_counts": {"0": 3957}, "under_counts": {"0": 3957}, "avg_over_mag": 0.0, "avg_under_mag": 0.0, "avg_over": 0.0, "avg_under": 0.0}], [[0.5, 0.55], {"acc": 0.5047987037267855, "nll": 0.7042250691878965, "mse": 0.2551406684666934, "N": 8023, "over_prob": 0.0, "under_prob": 0.0014194464158977516, "over_counts": {"0": 4227}, "under_counts": {"0": 4221, "1": 6}, "avg_over_mag": 0.0, "avg_under_mag": 1.0, "avg_over": 0.0, "avg_under": 1.0}], [[0.55, 0.6000000000000001], {"acc": 0.5622140896614821, "nll": 0.6890961093663505, "mse": 0.24763627652298373, "N": 8744, "over_prob": 0.0, "under_prob": 0.0022578460149017543, "over_counts": {"0": 4429}, "under_counts": {"0": 4419, "1": 10}, "avg_over_mag": 0.0, "avg_under_mag": 1.0, "avg_over": 0.0, "avg_under": 1.0}], [[0.6000000000000001, 0.65], {"acc": 0.6116419549697968, "nll": 0.6774574454820268, "mse": 0.24131852282098482, "N": 9105, "over_prob": 0.0, "under_prob": 0.009224687019547595, "over_counts": {"0": 4553}, "under_counts": {"0": 4511, "1": 38, "2": 4}, "avg_over_mag": 0.0, "avg_under_mag": 1.0952380952380953, "avg_over": 0.0, "avg_under": 1.0952380952380953}], [[0.65, 0.7000000000000001], {"acc": 0.6602155522076718, "nll": 0.6506648592129121, "mse": 0.2279285518784718, "N": 8629, "over_prob": 0.0, "under_prob": 0.025695931477516032, "over_counts": {"0": 4203}, "under_counts": {"0": 4095, "1": 99, "2": 6, "3": 2, "4": 1}, "avg_over_mag": 0.0, "avg_under_mag": 1.1203703703703705, "avg_over": 0.0, "avg_under": 1.1203703703703705}], [[0.7000000000000001, 0.75], {"acc": 0.720667454999343, "nll": 0.6072874726366261, "mse": 0.20720040997284755, "N": 7611, "over_prob": 0.0, "under_prob": 0.0630897816122944, "over_counts": {"0": 3709}, "under_counts": {"0": 3475, "1": 206, "2": 25, "3": 3}, "avg_over_mag": 0.0, "avg_under_mag": 1.1324786324786325, "avg_over": 0.0, "avg_under": 1.1324786324786325}], [[0.75, 0.8], {"acc": 0.7736876857048531, "nll": 0.5543657105197269, "mse": 0.18238495111739822, "N": 6058, "over_prob": 0.0, "under_prob": 0.17623497997329773, "over_counts": {"0": 2996}, "under_counts": {"0": 2468, "1": 438, "2": 66, "3": 18, "4": 5, "5": 1}, "avg_over_mag": 0.0, "avg_under_mag": 1.2291666666666667, "avg_over": 0.0, "avg_under": 1.2291666666666667}], [[0.8, 0.8500000000000001], {"acc": 0.8260376502608301, "nll": 0.47667933050885253, "mse": 0.1482720327774236, "N": 4409, "over_prob": 0.0, "under_prob": 0.44428838951310856, "over_counts": {"0": 2136}, "under_counts": {"0": 1187, "1": 688, "2": 165, "3": 55, "4": 27, "5": 5, "6": 5, "8": 2, "7": 1, "13": 1}, "avg_over_mag": 0.0, "avg_under_mag": 1.4562697576396206, "avg_over": 0.0, "avg_under": 1.4562697576396206}], [[0.8500000000000001, 0.9], {"acc": 0.8659074210139603, "nll": 0.4122377417351328, "mse": 0.12059669008448186, "N": 2722, "over_prob": 0.49641434262948203, "under_prob": 0.0, "over_counts": {"0": 632, "1": 390, "2": 107, "3": 57, "4": 25, "5": 21, "6": 9, "8": 6, "7": 3, "11": 2, "15": 1, "12": 1, "10": 1}, "under_counts": {"0": 1255}, "avg_over_mag": 1.8651685393258426, "avg_under_mag": 0.0, "avg_over": 1.8651685393258426, "avg_under": 0.0}], [[0.9, 0.9500000000000001], {"acc": 0.9188963210702341, "nll": 0.29831647787713483, "mse": 0.07790119901439968, "N": 1196, "over_prob": 0.1387959866220736, "under_prob": 0.0, "over_counts": {"0": 515, "1": 55, "2": 14, "4": 7, "3": 6, "9": 1}, "under_counts": {"0": 598}, "avg_over_mag": 1.6626506024096386, "avg_under_mag": 0.0, "avg_over": 1.6626506024096386, "avg_under": 0.0}], [[0.9500000000000001, 1.0], {"acc": 0.966804979253112, "nll": 0.14960826479593653, "mse": 0.03253986674336095, "N": 241, "over_prob": 0.012422360248447228, "under_prob": 0.0, "over_counts": {"0": 159, "1": 2}, "under_counts": {"0": 161}, "avg_over_mag": 1.0, "avg_under_mag": 0.0, "avg_over": 1.0, "avg_under": 0.0}]]}