{"acc": 0.7381535247064693, "auc": 0.7007538624574539, "nll": 0.5340292044517566, "mse": 0.17783844404853622}