{"auc": 0.6659732642087374, "over_prob": 0.16269976198571912, "under_prob": 0.06936416184971095, "over_counts": {"0": 9850, "1": 956, "2": 600, "3": 148, "4": 86, "5": 45, "7": 19, "8": 16, "6": 16, "10": 7, "9": 7, "11": 4, "12": 3, "15": 2, "13": 2, "25": 1, "23": 1, "29": 1}, "under_counts": {"0": 10948, "1": 481, "2": 172, "3": 73, "4": 39, "5": 14, "6": 11, "7": 9, "9": 6, "8": 6, "15": 2, "12": 1, "10": 1, "13": 1}, "avg_over_mag": 2.0229885057471266, "avg_under_mag": 1.9191176470588236, "avg_over": 2.0229885057471266, "avg_under": 1.9191176470588236, "acc": 0.7323020334307284, "nll": 0.5509360078975148, "mse": 0.18496618824371402, "metrics_by_prob": [[[0.0, 0.05], {"acc": 0.8, "nll": 0.5254422447516705, "mse": 0.17543890372031992, "N": 50, "over_prob": 0.0, "under_prob": 0.0, "over_counts": {"0": 5}, "under_counts": {"0": 5}, "avg_over_mag": 0.0, "avg_under_mag": 0.0, "avg_over": 0.0, "avg_under": 0.0}], [[0.05, 0.1], {"acc": 0.8214285714285714, "nll": 0.5339154879181651, "mse": 0.1742925443001561, "N": 28, "over_prob": 0.0, "under_prob": 0.0, "over_counts": {"0": 10}, "under_counts": {"0": 10}, "avg_over_mag": 0.0, "avg_under_mag": 0.0, "avg_over": 0.0, "avg_under": 0.0}], [[0.1, 0.15000000000000002], {"acc": 0.5, "nll": 0.7614158042710085, "mse": 0.27997578910522525, "N": 52, "over_prob": 0.0, "under_prob": 0.0, "over_counts": {"0": 32}, "under_counts": {"0": 32}, "avg_over_mag": 0.0, "avg_under_mag": 0.0, "avg_over": 0.0, "avg_under": 0.0}], [[0.15000000000000002, 0.2], {"acc": 0.391304347826087, "nll": 0.797240502661401, "mse": 0.29794491591886135, "N": 92, "over_prob": 0.0, "under_prob": 0.0, "over_counts": {"0": 55}, "under_counts": {"0": 55}, "avg_over_mag": 0.0, "avg_under_mag": 0.0, "avg_over": 0.0, "avg_under": 0.0}], [[0.2, 0.25], {"acc": 0.47530864197530864, "nll": 0.7553520264882385, "mse": 0.2786293753417218, "N": 162, "over_prob": 0.0, "under_prob": 0.0, "over_counts": {"0": 114}, "under_counts": {"0": 114}, "avg_over_mag": 0.0, "avg_under_mag": 0.0, "avg_over": 0.0, "avg_under": 0.0}], [[0.25, 0.30000000000000004], {"acc": 0.5191740412979351, "nll": 0.7118444094578459, "mse": 0.25805609288618414, "N": 339, "over_prob": 0.0, "under_prob": 0.0, "over_counts": {"0": 229}, "under_counts": {"0": 229}, "avg_over_mag": 0.0, "avg_under_mag": 0.0, "avg_over": 0.0, "avg_under": 0.0}], [[0.30000000000000004, 0.35000000000000003], {"acc": 0.5031645569620253, "nll": 0.7444044996583693, "mse": 0.2732266613846241, "N": 632, "over_prob": 0.0, "under_prob": 0.0024390243902439046, "over_counts": {"0": 410}, "under_counts": {"0": 409, "1": 1}, "avg_over_mag": 0.0, "avg_under_mag": 1.0, "avg_over": 0.0, "avg_under": 1.0}], [[0.35000000000000003, 0.4], {"acc": 0.48085585585585583, "nll": 0.752114194994601, "mse": 0.27670510491512335, "N": 888, "over_prob": 0.0, "under_prob": 0.005338078291814985, "over_counts": {"0": 562}, "under_counts": {"0": 559, "1": 3}, "avg_over_mag": 0.0, "avg_under_mag": 1.0, "avg_over": 0.0, "avg_under": 1.0}], [[0.4, 0.45], {"acc": 0.49047282992237123, "nll": 0.7394001970280889, "mse": 0.270960504548835, "N": 1417, "over_prob": 0.0, "under_prob": 0.012835472578763163, "over_counts": {"0": 857}, "under_counts": {"0": 846, "1": 11}, "avg_over_mag": 0.0, "avg_under_mag": 1.0, "avg_over": 0.0, "avg_under": 1.0}], [[0.45, 0.5], {"acc": 0.48911311736590546, "nll": 0.7395210600036232, "mse": 0.27062644476700026, "N": 1883, "over_prob": 0.0, "under_prob": 0.006050129645635227, "over_counts": {"0": 1157}, "under_counts": {"0": 1150, "1": 7}, "avg_over_mag": 0.0, "avg_under_mag": 1.0, "avg_over": 0.0, "avg_under": 1.0}], [[0.5, 0.55], {"acc": 0.5296950240770465, "nll": 0.7262149136490407, "mse": 0.26405062786569045, "N": 2492, "over_prob": 0.0, "under_prob": 0.008755472170106304, "over_counts": {"0": 1599}, "under_counts": {"0": 1585, "1": 13, "3": 1}, "avg_over_mag": 0.0, "avg_under_mag": 1.1428571428571428, "avg_over": 0.0, "avg_under": 1.1428571428571428}], [[0.55, 0.6000000000000001], {"acc": 0.5695382122603294, "nll": 0.6996839789737461, "mse": 0.2518085284221878, "N": 3703, "over_prob": 0.0, "under_prob": 0.009743135518157642, "over_counts": {"0": 2258}, "under_counts": {"0": 2236, "1": 21, "3": 1}, "avg_over_mag": 0.0, "avg_under_mag": 1.0909090909090908, "avg_over": 0.0, "avg_under": 1.0909090909090908}], [[0.6000000000000001, 0.65], {"acc": 0.6265529389949935, "nll": 0.674989626048456, "mse": 0.23977711193936221, "N": 5393, "over_prob": 0.0, "under_prob": 0.01520912547528519, "over_counts": {"0": 3156}, "under_counts": {"0": 3108, "1": 41, "2": 6, "3": 1}, "avg_over_mag": 0.0, "avg_under_mag": 1.1666666666666667, "avg_over": 0.0, "avg_under": 1.1666666666666667}], [[0.65, 0.7000000000000001], {"acc": 0.6667540639748296, "nll": 0.6470096108009756, "mse": 0.2263394691302225, "N": 7628, "over_prob": 0.0, "under_prob": 0.0225065150438285, "over_counts": {"0": 4221}, "under_counts": {"0": 4126, "1": 85, "2": 9, "3": 1}, "avg_over_mag": 0.0, "avg_under_mag": 1.1157894736842104, "avg_over": 0.0, "avg_under": 1.1157894736842104}], [[0.7000000000000001, 0.75], {"acc": 0.72796817625459, "nll": 0.5953506426065084, "mse": 0.20193664501097847, "N": 9804, "over_prob": 0.0, "under_prob": 0.02904725019364829, "over_counts": {"0": 5164}, "under_counts": {"0": 5014, "1": 135, "2": 11, "3": 4}, "avg_over_mag": 0.0, "avg_under_mag": 1.1266666666666667, "avg_over": 0.0, "avg_under": 1.1266666666666667}], [[0.75, 0.8], {"acc": 0.770084200099059, "nll": 0.5454386282290281, "mse": 0.17953852964200306, "N": 10095, "over_prob": 0.0, "under_prob": 0.04590354445090061, "over_counts": {"0": 5163}, "under_counts": {"0": 4926, "1": 212, "2": 15, "3": 7, "4": 2, "11": 1}, "avg_over_mag": 0.0, "avg_under_mag": 1.1898734177215189, "avg_over": 0.0, "avg_under": 1.1898734177215189}], [[0.8, 0.8500000000000001], {"acc": 0.8251298261458568, "nll": 0.47278530014948533, "mse": 0.14751214274375665, "N": 8858, "over_prob": 0.0, "under_prob": 0.14970760233918123, "over_counts": {"0": 4275}, "under_counts": {"0": 3635, "1": 496, "2": 97, "3": 21, "4": 12, "5": 5, "6": 3, "8": 3, "7": 2, "9": 1}, "avg_over_mag": 0.0, "avg_under_mag": 1.3921875, "avg_over": 0.0, "avg_under": 1.3921875}], [[0.8500000000000001, 0.9], {"acc": 0.877141252457175, "nll": 0.3788819818676243, "mse": 0.1098132870520932, "N": 7122, "over_prob": 0.4969393433500279, "under_prob": 0.0, "over_counts": {"0": 1808, "1": 963, "2": 509, "3": 137, "4": 76, "5": 39, "6": 17, "7": 16, "8": 12, "10": 5, "9": 4, "11": 3, "13": 2, "15": 1, "25": 1, "29": 1}, "under_counts": {"0": 3594}, "avg_over_mag": 1.912094064949608, "avg_under_mag": 0.0, "avg_over": 1.912094064949608, "avg_under": 0.0}], [[0.9, 0.9500000000000001], {"acc": 0.9219689775245331, "nll": 0.27939080645297043, "mse": 0.07314282300303714, "N": 6318, "over_prob": 0.10506644518272423, "under_prob": 0.0, "over_counts": {"0": 2155, "1": 154, "2": 59, "3": 17, "5": 8, "4": 6, "6": 3, "7": 2, "8": 2, "10": 1, "12": 1}, "under_counts": {"0": 2408}, "avg_over_mag": 1.8063241106719368, "avg_under_mag": 0.0, "avg_over": 1.8063241106719368, "avg_under": 0.0}], [[0.9500000000000001, 1.0], {"acc": 0.961456102783726, "nll": 0.16813332983266474, "mse": 0.037701200785927896, "N": 467, "over_prob": 0.0, "under_prob": 0.0, "over_counts": {"0": 223}, "under_counts": {"0": 223}, "avg_over_mag": 0.0, "avg_under_mag": 0.0, "avg_over": 0.0, "avg_under": 0.0}]]}