{"auc": 0.660117753751644, "over_prob": 0.053015355580337986, "under_prob": 0.08973149180749762, "over_counts": {"0": 11039, "1": 539, "2": 55, "3": 13, "4": 9, "5": 1, "6": 1}, "under_counts": {"0": 10611, "1": 953, "3": 44, "2": 28, "4": 14, "6": 4, "5": 3}, "avg_over_mag": 1.1893203883495145, "avg_under_mag": 1.181644359464627, "avg_over": 1.1893203883495145, "avg_under": 1.181644359464627, "acc": 0.8076825082805029, "nll": 0.4656487936372998, "mse": 0.14789456546697485, "metrics_by_prob": [[[0.0, 0.05], {"acc": NaN, "nll": NaN, "mse": NaN, "N": 0}], [[0.05, 0.1], {"acc": NaN, "nll": NaN, "mse": NaN, "N": 0}], [[0.1, 0.15000000000000002], {"acc": NaN, "nll": NaN, "mse": NaN, "N": 0}], [[0.15000000000000002, 0.2], {"acc": NaN, "nll": NaN, "mse": NaN, "N": 0}], [[0.2, 0.25], {"acc": NaN, "nll": NaN, "mse": NaN, "N": 0}], [[0.25, 0.30000000000000004], {"acc": NaN, "nll": NaN, "mse": NaN, "N": 0}], [[0.30000000000000004, 0.35000000000000003], {"acc": 0.7020408163265306, "nll": 0.6102898983927285, "mse": 0.2096779312410779, "N": 245, "over_prob": 0.0, "under_prob": 0.0, "over_counts": {"0": 245}, "under_counts": {"0": 245}, "avg_over_mag": 0.0, "avg_under_mag": 0.0, "avg_over": 0.0, "avg_under": 0.0}], [[0.35000000000000003, 0.4], {"acc": 0.5925925925925926, "nll": 0.689472830129725, "mse": 0.24781513093858504, "N": 27, "over_prob": 0.0, "under_prob": 0.0, "over_counts": {"0": 27}, "under_counts": {"0": 27}, "avg_over_mag": 0.0, "avg_under_mag": 0.0, "avg_over": 0.0, "avg_under": 0.0}], [[0.4, 0.45], {"acc": 0.5664335664335665, "nll": 0.68544314887704, "mse": 0.2461561436816939, "N": 286, "over_prob": 0.0, "under_prob": 0.0, "over_counts": {"0": 286}, "under_counts": {"0": 286}, "avg_over_mag": 0.0, "avg_under_mag": 0.0, "avg_over": 0.0, "avg_under": 0.0}], [[0.45, 0.5], {"acc": 0.5242718446601942, "nll": 0.6909393014267524, "mse": 0.24889679841399773, "N": 309, "over_prob": 0.0, "under_prob": 0.0, "over_counts": {"0": 309}, "under_counts": {"0": 309}, "avg_over_mag": 0.0, "avg_under_mag": 0.0, "avg_over": 0.0, "avg_under": 0.0}], [[0.5, 0.55], {"acc": 0.5069124423963134, "nll": 0.6931857522515233, "mse": 0.2500190010646775, "N": 217, "over_prob": 0.0, "under_prob": 0.0, "over_counts": {"0": 217}, "under_counts": {"0": 217}, "avg_over_mag": 0.0, "avg_under_mag": 0.0, "avg_over": 0.0, "avg_under": 0.0}], [[0.55, 0.6000000000000001], {"acc": 0.5803228285933897, "nll": 0.6800475499393284, "mse": 0.2434790834807479, "N": 1301, "over_prob": 0.0, "under_prob": 0.0, "over_counts": {"0": 1301}, "under_counts": {"0": 1301}, "avg_over_mag": 0.0, "avg_under_mag": 0.0, "avg_over": 0.0, "avg_under": 0.0}], [[0.6000000000000001, 0.65], {"acc": 0.634453781512605, "nll": 0.6558644500048231, "mse": 0.23160419489599313, "N": 1904, "over_prob": 0.0, "under_prob": 0.0, "over_counts": {"0": 1740}, "under_counts": {"0": 1740}, "avg_over_mag": 0.0, "avg_under_mag": 0.0, "avg_over": 0.0, "avg_under": 0.0}], [[0.65, 0.7000000000000001], {"acc": 0.6944604731679169, "nll": 0.6150866749565781, "mse": 0.21201715100013455, "N": 3466, "over_prob": 0.0, "under_prob": 0.0, "over_counts": {"0": 3078}, "under_counts": {"0": 3078}, "avg_over_mag": 0.0, "avg_under_mag": 0.0, "avg_over": 0.0, "avg_under": 0.0}], [[0.7000000000000001, 0.75], {"acc": 0.7330873308733087, "nll": 0.5800298862787919, "mse": 0.19562257162241964, "N": 8943, "over_prob": 0.0, "under_prob": 0.0, "over_counts": {"0": 5255}, "under_counts": {"0": 5255}, "avg_over_mag": 0.0, "avg_under_mag": 0.0, "avg_over": 0.0, "avg_under": 0.0}], [[0.75, 0.8], {"acc": 0.7823313782991203, "nll": 0.5240409259270176, "mse": 0.17033372548522763, "N": 13640, "over_prob": 0.0, "under_prob": 0.0, "over_counts": {"0": 6248}, "under_counts": {"0": 6248}, "avg_over_mag": 0.0, "avg_under_mag": 0.0, "avg_over": 0.0, "avg_under": 0.0}], [[0.8, 0.8500000000000001], {"acc": 0.8282603865807598, "nll": 0.45862022850042233, "mse": 0.14224345758048082, "N": 13503, "over_prob": 0.0, "under_prob": 0.1898022137543096, "over_counts": {"0": 5511}, "under_counts": {"0": 4465, "1": 953, "3": 44, "2": 28, "4": 14, "6": 4, "5": 3}, "avg_over_mag": 0.0, "avg_under_mag": 1.181644359464627, "avg_over": 0.0, "avg_under": 1.181644359464627}], [[0.8500000000000001, 0.9], {"acc": 0.8702602517568925, "nll": 0.3853295454332567, "mse": 0.11277928294811948, "N": 12949, "over_prob": 0.13199487398547627, "under_prob": 0.0, "over_counts": {"0": 4064, "1": 539, "2": 55, "3": 13, "4": 9, "5": 1, "6": 1}, "under_counts": {"0": 4682}, "avg_over_mag": 1.1893203883495145, "avg_under_mag": 0.0, "avg_over": 1.1893203883495145, "avg_under": 0.0}], [[0.9, 0.9500000000000001], {"acc": 0.9246386406267241, "nll": 0.26739239295492295, "mse": 0.069715418937313, "N": 9063, "over_prob": 0.0, "under_prob": 0.0, "over_counts": {"0": 2788}, "under_counts": {"0": 2788}, "avg_over_mag": 0.0, "avg_under_mag": 0.0, "avg_over": 0.0, "avg_under": 0.0}], [[0.9500000000000001, 1.0], {"acc": 0.964367816091954, "nll": 0.15529562466797428, "mse": 0.03450933425476136, "N": 870, "over_prob": 0.0, "under_prob": 0.0, "over_counts": {"0": 347}, "under_counts": {"0": 347}, "avg_over_mag": 0.0, "avg_under_mag": 0.0, "avg_over": 0.0, "avg_under": 0.0}]]}