{"auc": 0.7179177436229415, "over_prob": 0.2692465472446328, "under_prob": 0.14798304389443462, "over_counts": {"0": 26720, "1": 5269, "2": 2103, "3": 969, "4": 529, "5": 339, "6": 211, "7": 105, "8": 86, "9": 61, "10": 46, "12": 22, "11": 20, "13": 19, "14": 13, "17": 8, "16": 7, "20": 5, "15": 5, "23": 3, "18": 3, "25": 3, "21": 2, "29": 2, "47": 2, "30": 2, "34": 1, "26": 1, "22": 1, "41": 1, "24": 1, "27": 1, "72": 1, "39": 1, "67": 1, "38": 1, "81": 1}, "under_counts": {"0": 31154, "1": 3633, "2": 990, "3": 384, "4": 180, "5": 90, "6": 40, "7": 28, "8": 15, "9": 11, "10": 9, "12": 8, "13": 4, "14": 4, "11": 4, "15": 3, "24": 2, "16": 2, "17": 1, "38": 1, "27": 1, "18": 1}, "avg_over_mag": 2.249873031995937, "avg_under_mag": 1.6915542413601923, "avg_over": 2.249873031995937, "avg_under": 1.6915542413601923, "acc": 0.7303857117924254, "nll": 0.5455572668410615, "mse": 0.18287498140548605, "metrics_by_prob": [[[0.0, 0.05], {"acc": 0.9782016348773842, "nll": 0.15164406102255237, "mse": 0.03297532987266303, "N": 734, "over_prob": 0.0, "under_prob": 0.0, "over_counts": {"0": 322}, "under_counts": {"0": 322}, "avg_over_mag": 0.0, "avg_under_mag": 0.0, "avg_over": 0.0, "avg_under": 0.0}], [[0.05, 0.1], {"acc": 0.8784099766173032, "nll": 0.3670835315333731, "mse": 0.10599076412980799, "N": 1283, "over_prob": 0.0, "under_prob": 0.0012345679012345512, "over_counts": {"0": 810}, "under_counts": {"0": 809, "1": 1}, "avg_over_mag": 0.0, "avg_under_mag": 1.0, "avg_over": 0.0, "avg_under": 1.0}], [[0.1, 0.15000000000000002], {"acc": 0.8153206650831354, "nll": 0.4713155757088348, "mse": 0.1476550928003003, "N": 1684, "over_prob": 0.0, "under_prob": 0.0, "over_counts": {"0": 1145}, "under_counts": {"0": 1145}, "avg_over_mag": 0.0, "avg_under_mag": 0.0, "avg_over": 0.0, "avg_under": 0.0}], [[0.15000000000000002, 0.2], {"acc": 0.7408388520971303, "nll": 0.5643126817801466, "mse": 0.18767866466335928, "N": 2265, "over_prob": 0.0, "under_prob": 0.0012315270935960854, "over_counts": {"0": 1624}, "under_counts": {"0": 1622, "1": 2}, "avg_over_mag": 0.0, "avg_under_mag": 1.0, "avg_over": 0.0, "avg_under": 1.0}], [[0.2, 0.25], {"acc": 0.686631369953673, "nll": 0.6118656257403917, "mse": 0.20994028878941987, "N": 3022, "over_prob": 0.0, "under_prob": 0.0014130946773434072, "over_counts": {"0": 2123}, "under_counts": {"0": 2120, "1": 2, "2": 1}, "avg_over_mag": 0.0, "avg_under_mag": 1.3333333333333333, "avg_over": 0.0, "avg_under": 1.3333333333333333}], [[0.25, 0.30000000000000004], {"acc": 0.6342828077314344, "nll": 0.6621471690011914, "mse": 0.23283159071027282, "N": 3932, "over_prob": 0.0, "under_prob": 0.002959674435812021, "over_counts": {"0": 2703}, "under_counts": {"0": 2695, "1": 8}, "avg_over_mag": 0.0, "avg_under_mag": 1.0, "avg_over": 0.0, "avg_under": 1.0}], [[0.30000000000000004, 0.35000000000000003], {"acc": 0.5801400906468892, "nll": 0.691468893661561, "mse": 0.2474573700059753, "N": 4854, "over_prob": 0.0, "under_prob": 0.0033142512805062196, "over_counts": {"0": 3319}, "under_counts": {"0": 3308, "1": 11}, "avg_over_mag": 0.0, "avg_under_mag": 1.0, "avg_over": 0.0, "avg_under": 1.0}], [[0.35000000000000003, 0.4], {"acc": 0.5236345415065976, "nll": 0.7251677072049492, "mse": 0.26351006258030496, "N": 5987, "over_prob": 0.0, "under_prob": 0.005408062930186808, "over_counts": {"0": 4068}, "under_counts": {"0": 4046, "1": 22}, "avg_over_mag": 0.0, "avg_under_mag": 1.0, "avg_over": 0.0, "avg_under": 1.0}], [[0.4, 0.45], {"acc": 0.49580838323353293, "nll": 0.7383461924265216, "mse": 0.2699236168209989, "N": 7515, "over_prob": 0.0, "under_prob": 0.0050311933990742075, "over_counts": {"0": 4969}, "under_counts": {"0": 4944, "1": 23, "2": 2}, "avg_over_mag": 0.0, "avg_under_mag": 1.08, "avg_over": 0.0, "avg_under": 1.08}], [[0.45, 0.5], {"acc": 0.49406948672194817, "nll": 0.7320085434430599, "mse": 0.2672712563756645, "N": 9527, "over_prob": 0.0, "under_prob": 0.0069044879171461515, "over_counts": {"0": 6083}, "under_counts": {"0": 6041, "1": 39, "2": 2, "3": 1}, "avg_over_mag": 0.0, "avg_under_mag": 1.0952380952380953, "avg_over": 0.0, "avg_under": 1.0952380952380953}], [[0.5, 0.55], {"acc": 0.5150448411700612, "nll": 0.7231906578365144, "mse": 0.2629824887297256, "N": 11931, "over_prob": 0.0, "under_prob": 0.00974739154310822, "over_counts": {"0": 7284}, "under_counts": {"0": 7213, "1": 67, "3": 2, "2": 2}, "avg_over_mag": 0.0, "avg_under_mag": 1.0845070422535212, "avg_over": 0.0, "avg_under": 1.0845070422535212}], [[0.55, 0.6000000000000001], {"acc": 0.5551809550020641, "nll": 0.7073739826974955, "mse": 0.2552912469025881, "N": 14534, "over_prob": 0.0, "under_prob": 0.013374363830039093, "over_counts": {"0": 8449}, "under_counts": {"0": 8336, "1": 108, "2": 4, "7": 1}, "avg_over_mag": 0.0, "avg_under_mag": 1.0884955752212389, "avg_over": 0.0, "avg_under": 1.0884955752212389}], [[0.6000000000000001, 0.65], {"acc": 0.6035671548236367, "nll": 0.6852444433993072, "mse": 0.24443549554811198, "N": 17549, "over_prob": 0.0, "under_prob": 0.02207752568928678, "over_counts": {"0": 9829}, "under_counts": {"0": 9612, "1": 203, "2": 11, "3": 2, "10": 1}, "avg_over_mag": 0.0, "avg_under_mag": 1.1105990783410138, "avg_over": 0.0, "avg_under": 1.1105990783410138}], [[0.65, 0.7000000000000001], {"acc": 0.6642931245873809, "nll": 0.6483889479047904, "mse": 0.22668291999918216, "N": 21206, "over_prob": 0.0, "under_prob": 0.029336846728151067, "over_counts": {"0": 11385}, "under_counts": {"0": 11051, "1": 313, "2": 14, "3": 6, "5": 1}, "avg_over_mag": 0.0, "avg_under_mag": 1.089820359281437, "avg_over": 0.0, "avg_under": 1.089820359281437}], [[0.7000000000000001, 0.75], {"acc": 0.7163750846849719, "nll": 0.6083754150206139, "mse": 0.20765088241896296, "N": 25093, "over_prob": 0.0, "under_prob": 0.0557045920782705, "over_counts": {"0": 12674}, "under_counts": {"0": 11968, "1": 618, "2": 67, "3": 11, "4": 8, "5": 2}, "avg_over_mag": 0.0, "avg_under_mag": 1.1713881019830028, "avg_over": 0.0, "avg_under": 1.1713881019830028}], [[0.75, 0.8], {"acc": 0.773359111970399, "nll": 0.5463434191326123, "mse": 0.1793237654607154, "N": 29999, "over_prob": 0.0, "under_prob": 0.11406249999999996, "over_counts": {"0": 14080}, "under_counts": {"0": 12474, "1": 1343, "2": 191, "3": 49, "4": 11, "5": 8, "7": 4}, "avg_over_mag": 0.0, "avg_under_mag": 1.2353673723536738, "avg_over": 0.0, "avg_under": 1.2353673723536738}], [[0.8, 0.8500000000000001], {"acc": 0.8213834966043633, "nll": 0.4812982562355465, "mse": 0.15091668098934996, "N": 33278, "over_prob": 0.0, "under_prob": 0.26444168048645655, "over_counts": {"0": 14472}, "under_counts": {"0": 10645, "1": 2899, "2": 600, "3": 194, "4": 64, "5": 30, "6": 12, "7": 11, "8": 6, "9": 3, "11": 3, "12": 2, "13": 1, "20": 1, "15": 1}, "avg_over_mag": 0.0, "avg_under_mag": 1.415207734517899, "avg_over": 0.0, "avg_under": 1.415207734517899}], [[0.8500000000000001, 0.9], {"acc": 0.8723149643989708, "nll": 0.3947468300579131, "mse": 0.11521997595658262, "N": 33426, "over_prob": 0.6758707948794285, "under_prob": 0.0, "over_counts": {"1": 5202, "0": 4355, "2": 1948, "3": 812, "4": 419, "5": 265, "6": 134, "7": 95, "8": 57, "9": 38, "10": 23, "11": 19, "12": 15, "13": 10, "14": 7, "18": 7, "15": 4, "16": 3, "19": 3, "24": 3, "21": 3, "23": 3, "67": 2, "17": 2, "35": 1, "33": 1, "38": 1, "22": 1, "20": 1, "27": 1, "69": 1}, "under_counts": {"0": 13436}, "avg_over_mag": 2.043387292148442, "avg_under_mag": 0.0, "avg_over": 2.043387292148442, "avg_under": 0.0}], [[0.9, 0.9500000000000001], {"acc": 0.9213544282605056, "nll": 0.2843580588832752, "mse": 0.07462773402465381, "N": 23892, "over_prob": 0.2695852534562212, "under_prob": 0.0, "over_counts": {"0": 6657, "1": 1861, "2": 381, "3": 117, "4": 45, "5": 23, "6": 9, "7": 6, "9": 4, "10": 2, "12": 2, "8": 2, "14": 2, "17": 1, "20": 1, "16": 1}, "under_counts": {"0": 9114}, "avg_over_mag": 1.4415954415954415, "avg_under_mag": 0.0, "avg_over": 1.4415954415954415,