{"auc": 0.7162949637654729, "over_prob": 0.03832163099568564, "under_prob": 0.0412824634125708, "over_counts": {"0": 11368, "1": 383, "2": 44, "3": 16, "6": 4, "5": 3, "4": 2, "8": 1}, "under_counts": {"0": 11333, "1": 441, "2": 37, "3": 6, "6": 1, "4": 1, "8": 1, "7": 1}, "avg_over_mag": 1.2671081677704195, "avg_under_mag": 1.1434426229508197, "avg_over": 1.2671081677704195, "avg_under": 1.1434426229508197, "acc": 0.7680998981534782, "nll": 0.5047699577442913, "mse": 0.16537165469691092, "metrics_by_prob": [[[0.0, 0.05], {"acc": 0.9545454545454546, "nll": 0.1974449539441495, "mse": 0.04405068305048221, "N": 110, "over_prob": 0.0, "under_prob": 0.0, "over_counts": {"0": 23}, "under_counts": {"0": 23}, "avg_over_mag": 0.0, "avg_under_mag": 0.0, "avg_over": 0.0, "avg_under": 0.0}], [[0.05, 0.1], {"acc": 0.9585492227979274, "nll": 0.1800531550520754, "mse": 0.04055842192271494, "N": 193, "over_prob": 0.0, "under_prob": 0.0, "over_counts": {"0": 66}, "under_counts": {"0": 66}, "avg_over_mag": 0.0, "avg_under_mag": 0.0, "avg_over": 0.0, "avg_under": 0.0}], [[0.1, 0.15000000000000002], {"acc": 0.8852459016393442, "nll": 0.35716791899390393, "mse": 0.10181075412109414, "N": 183, "over_prob": 0.0, "under_prob": 0.0, "over_counts": {"0": 91}, "under_counts": {"0": 91}, "avg_over_mag": 0.0, "avg_under_mag": 0.0, "avg_over": 0.0, "avg_under": 0.0}], [[0.15000000000000002, 0.2], {"acc": 0.8333333333333334, "nll": 0.44857169965292465, "mse": 0.13822811596285828, "N": 222, "over_prob": 0.0, "under_prob": 0.0, "over_counts": {"0": 116}, "under_counts": {"0": 116}, "avg_over_mag": 0.0, "avg_under_mag": 0.0, "avg_over": 0.0, "avg_under": 0.0}], [[0.2, 0.25], {"acc": 0.7282229965156795, "nll": 0.5872471871587555, "mse": 0.19877008313202185, "N": 287, "over_prob": 0.0, "under_prob": 0.0, "over_counts": {"0": 187}, "under_counts": {"0": 187}, "avg_over_mag": 0.0, "avg_under_mag": 0.0, "avg_over": 0.0, "avg_under": 0.0}], [[0.25, 0.30000000000000004], {"acc": 0.6857142857142857, "nll": 0.6270926026772905, "mse": 0.2173349139111137, "N": 455, "over_prob": 0.0, "under_prob": 0.0, "over_counts": {"0": 284}, "under_counts": {"0": 284}, "avg_over_mag": 0.0, "avg_under_mag": 0.0, "avg_over": 0.0, "avg_under": 0.0}], [[0.30000000000000004, 0.35000000000000003], {"acc": 0.6978319783197832, "nll": 0.613078250824884, "mse": 0.21107461758184215, "N": 738, "over_prob": 0.0, "under_prob": 0.0, "over_counts": {"0": 457}, "under_counts": {"0": 457}, "avg_over_mag": 0.0, "avg_under_mag": 0.0, "avg_over": 0.0, "avg_under": 0.0}], [[0.35000000000000003, 0.4], {"acc": 0.6188118811881188, "nll": 0.6644187304487986, "mse": 0.23577529786325016, "N": 808, "over_prob": 0.0, "under_prob": 0.0, "over_counts": {"0": 531}, "under_counts": {"0": 531}, "avg_over_mag": 0.0, "avg_under_mag": 0.0, "avg_over": 0.0, "avg_under": 0.0}], [[0.4, 0.45], {"acc": 0.5539358600583091, "nll": 0.6872338625258859, "mse": 0.24704427099764875, "N": 1029, "over_prob": 0.0, "under_prob": 0.0, "over_counts": {"0": 723}, "under_counts": {"0": 723}, "avg_over_mag": 0.0, "avg_under_mag": 0.0, "avg_over": 0.0, "avg_under": 0.0}], [[0.45, 0.5], {"acc": 0.5221112696148359, "nll": 0.6920696505577545, "mse": 0.24946339395135034, "N": 1402, "over_prob": 0.0, "under_prob": 0.0, "over_counts": {"0": 1010}, "under_counts": {"0": 1010}, "avg_over_mag": 0.0, "avg_under_mag": 0.0, "avg_over": 0.0, "avg_under": 0.0}], [[0.5, 0.55], {"acc": 0.5556750941366326, "nll": 0.689342220820642, "mse": 0.24809591489023233, "N": 1859, "over_prob": 0.0, "under_prob": 0.0, "over_counts": {"0": 1357}, "under_counts": {"0": 1357}, "avg_over_mag": 0.0, "avg_under_mag": 0.0, "avg_over": 0.0, "avg_under": 0.0}], [[0.55, 0.6000000000000001], {"acc": 0.5736677115987461, "nll": 0.683372722079121, "mse": 0.2451126420830063, "N": 2871, "over_prob": 0.0, "under_prob": 0.0, "over_counts": {"0": 2010}, "under_counts": {"0": 2010}, "avg_over_mag": 0.0, "avg_under_mag": 0.0, "avg_over": 0.0, "avg_under": 0.0}], [[0.6000000000000001, 0.65], {"acc": 0.636341581756429, "nll": 0.656018752924312, "mse": 0.2316619031799663, "N": 4122, "over_prob": 0.0, "under_prob": 0.0, "over_counts": {"0": 2746}, "under_counts": {"0": 2746}, "avg_over_mag": 0.0, "avg_under_mag": 0.0, "avg_over": 0.0, "avg_under": 0.0}], [[0.65, 0.7000000000000001], {"acc": 0.6738585047666834, "nll": 0.6304651301606489, "mse": 0.21935930676768506, "N": 5979, "over_prob": 0.0, "under_prob": 0.0, "over_counts": {"0": 3677}, "under_counts": {"0": 3677}, "avg_over_mag": 0.0, "avg_under_mag": 0.0, "avg_over": 0.0, "avg_under": 0.0}], [[0.7000000000000001, 0.75], {"acc": 0.7282685512367492, "nll": 0.5842714535414446, "mse": 0.19762761557356776, "N": 8490, "over_prob": 0.0, "under_prob": 0.0, "over_counts": {"0": 4721}, "under_counts": {"0": 4721}, "avg_over_mag": 0.0, "avg_under_mag": 0.0, "avg_over": 0.0, "avg_under": 0.0}], [[0.75, 0.8], {"acc": 0.7783412887828163, "nll": 0.5289430652086904, "mse": 0.17251659886453188, "N": 10056, "over_prob": 0.0, "under_prob": 0.0004053506282934993, "over_counts": {"0": 4934}, "under_counts": {"0": 4932, "1": 2}, "avg_over_mag": 0.0, "avg_under_mag": 1.0, "avg_over": 0.0, "avg_under": 1.0}], [[0.8, 0.8500000000000001], {"acc": 0.8191340782122905, "nll": 0.47268275399079135, "mse": 0.14815014857652367, "N": 10024, "over_prob": 0.0, "under_prob": 0.11090909090909096, "over_counts": {"0": 4400}, "under_counts": {"0": 3912, "1": 443, "2": 35, "3": 6, "6": 1, "4": 1, "8": 1, "7": 1}, "avg_over_mag": 0.0, "avg_under_mag": 1.139344262295082, "avg_over": 0.0, "avg_under": 1.139344262295082}], [[0.8500000000000001, 0.9], {"acc": 0.8796596434359806, "nll": 0.36729378392812856, "mse": 0.10580324974269326, "N": 9872, "over_prob": 0.11803022407503905, "under_prob": 0.0, "over_counts": {"0": 3385, "1": 383, "2": 44, "3": 16, "6": 4, "5": 3, "4": 2, "8": 1}, "under_counts": {"0": 3838}, "avg_over_mag": 1.2671081677704195, "avg_under_mag": 0.0, "avg_over": 1.2671081677704195, "avg_under": 0.0}], [[0.9, 0.9500000000000001], {"acc": 0.9153122326775022, "nll": 0.28902008636022186, "mse": 0.07735495481234773, "N": 8183, "over_prob": 0.0, "under_prob": 0.0, "over_counts": {"0": 2641}, "under_counts": {"0": 2641}, "avg_over_mag": 0.0, "avg_under_mag": 0.0, "avg_over": 0.0, "avg_under": 0.0}], [[0.9500000000000001, 1.0], {"acc": 0.9653579676674365, "nll": 0.1499507432822519, "mse": 0.033471859974562104, "N": 866, "over_prob": 0.0, "under_prob": 0.0, "over_counts": {"0": 322}, "under_counts": {"0": 322}, "avg_over_mag": 0.0, "avg_under_mag": 0.0, "avg_over": 0.0, "avg_under": 0.0}]]}