{"auc": 0.6422505976870581, "over_prob": 0.00142891164562986, "under_prob": 0.0013693736603953566, "over_counts": {"0": 16772, "1": 11, "2": 7, "3": 4, "4": 2}, "under_counts": {"0": 16773, "1": 14, "2": 6, "3": 2, "4": 1}, "avg_over_mag": 1.875, "avg_under_mag": 1.565217391304348, "avg_over": 1.875, "avg_under": 1.565217391304348, "acc": 0.6059598741148702, "nll": 0.6567454645320886, "mse": 0.2325143027785779, "metrics_by_prob": [[[0.0, 0.05], {"acc": 0.972972972972973, "nll": 0.11544739749673441, "mse": 0.025743248274537906, "N": 37, "over_prob": 0.0, "under_prob": 0.0, "over_counts": {"0": 9}, "under_counts": {"0": 9}, "avg_over_mag": 0.0, "avg_under_mag": 0.0, "avg_over": 0.0, "avg_under": 0.0}], [[0.05, 0.1], {"acc": 0.9661016949152542, "nll": 0.15395636401101717, "mse": 0.03342294615593915, "N": 59, "over_prob": 0.0, "under_prob": 0.0, "over_counts": {"0": 13}, "under_counts": {"0": 13}, "avg_over_mag": 0.0, "avg_under_mag": 0.0, "avg_over": 0.0, "avg_under": 0.0}], [[0.1, 0.15000000000000002], {"acc": 0.8686567164179104, "nll": 0.3864590317015578, "mse": 0.11355508576338016, "N": 335, "over_prob": 0.0, "under_prob": 0.0, "over_counts": {"0": 69}, "under_counts": {"0": 69}, "avg_over_mag": 0.0, "avg_under_mag": 0.0, "avg_over": 0.0, "avg_under": 0.0}], [[0.15000000000000002, 0.2], {"acc": 0.8295454545454546, "nll": 0.4561728433840724, "mse": 0.1411697398137433, "N": 264, "over_prob": 0.0, "under_prob": 0.0, "over_counts": {"0": 111}, "under_counts": {"0": 111}, "avg_over_mag": 0.0, "avg_under_mag": 0.0, "avg_over": 0.0, "avg_under": 0.0}], [[0.2, 0.25], {"acc": 0.7484472049689441, "nll": 0.5661130269922829, "mse": 0.18906390549256796, "N": 644, "over_prob": 0.0, "under_prob": 0.0, "over_counts": {"0": 198}, "under_counts": {"0": 198}, "avg_over_mag": 0.0, "avg_under_mag": 0.0, "avg_over": 0.0, "avg_under": 0.0}], [[0.25, 0.30000000000000004], {"acc": 0.731126812941614, "nll": 0.5833019550972754, "mse": 0.19706750625198255, "N": 2689, "over_prob": 0.0, "under_prob": 0.0, "over_counts": {"0": 554}, "under_counts": {"0": 554}, "avg_over_mag": 0.0, "avg_under_mag": 0.0, "avg_over": 0.0, "avg_under": 0.0}], [[0.30000000000000004, 0.35000000000000003], {"acc": 0.6820702402957486, "nll": 0.625929039642396, "mse": 0.21712901595206435, "N": 3246, "over_prob": 0.0, "under_prob": 0.0, "over_counts": {"0": 1166}, "under_counts": {"0": 1166}, "avg_over_mag": 0.0, "avg_under_mag": 0.0, "avg_over": 0.0, "avg_under": 0.0}], [[0.35000000000000003, 0.4], {"acc": 0.6206043470577841, "nll": 0.6637544137519138, "mse": 0.2354422300095626, "N": 5659, "over_prob": 0.0, "under_prob": 0.0, "over_counts": {"0": 2089}, "under_counts": {"0": 2089}, "avg_over_mag": 0.0, "avg_under_mag": 0.0, "avg_over": 0.0, "avg_under": 0.0}], [[0.4, 0.45], {"acc": 0.573021304779777, "nll": 0.6822567909720245, "mse": 0.24457676375730214, "N": 9059, "over_prob": 0.0, "under_prob": 0.0, "over_counts": {"0": 2748}, "under_counts": {"0": 2748}, "avg_over_mag": 0.0, "avg_under_mag": 0.0, "avg_over": 0.0, "avg_under": 0.0}], [[0.45, 0.5], {"acc": 0.5297234521303622, "nll": 0.6909030542453259, "mse": 0.24887902682939675, "N": 13777, "over_prob": 0.0, "under_prob": 0.0, "over_counts": {"0": 3794}, "under_counts": {"0": 3794}, "avg_over_mag": 0.0, "avg_under_mag": 0.0, "avg_over": 0.0, "avg_under": 0.0}], [[0.5, 0.55], {"acc": 0.5290961843761975, "nll": 0.6914440034129866, "mse": 0.24914740095196863, "N": 18267, "over_prob": 0.0, "under_prob": 0.0, "over_counts": {"0": 3596}, "under_counts": {"0": 3596}, "avg_over_mag": 0.0, "avg_under_mag": 0.0, "avg_over": 0.0, "avg_under": 0.0}], [[0.55, 0.6000000000000001], {"acc": 0.5795866064961837, "nll": 0.6802773739238062, "mse": 0.24359470832356983, "N": 17949, "over_prob": 0.0, "under_prob": 0.0, "over_counts": {"0": 3368}, "under_counts": {"0": 3368}, "avg_over_mag": 0.0, "avg_under_mag": 0.0, "avg_over": 0.0, "avg_under": 0.0}], [[0.6000000000000001, 0.65], {"acc": 0.619814458253107, "nll": 0.663825494447918, "mse": 0.23548913510489874, "N": 11426, "over_prob": 0.0, "under_prob": 0.0, "over_counts": {"0": 3142}, "under_counts": {"0": 3142}, "avg_over_mag": 0.0, "avg_under_mag": 0.0, "avg_over": 0.0, "avg_under": 0.0}], [[0.65, 0.7000000000000001], {"acc": 0.6763873508059555, "nll": 0.6294972905210288, "mse": 0.21885807224679565, "N": 8127, "over_prob": 0.0, "under_prob": 0.0, "over_counts": {"0": 2421}, "under_counts": {"0": 2421}, "avg_over_mag": 0.0, "avg_under_mag": 0.0, "avg_over": 0.0, "avg_under": 0.0}], [[0.7000000000000001, 0.75], {"acc": 0.729158947758429, "nll": 0.5834100203144643, "mse": 0.1972119823883982, "N": 5398, "over_prob": 0.0, "under_prob": 0.0, "over_counts": {"0": 1639}, "under_counts": {"0": 1639}, "avg_over_mag": 0.0, "avg_under_mag": 0.0, "avg_over": 0.0, "avg_under": 0.0}], [[0.75, 0.8], {"acc": 0.7775729646697389, "nll": 0.529367256273673, "mse": 0.17274851539777822, "N": 3255, "over_prob": 0.0, "under_prob": 0.0, "over_counts": {"0": 912}, "under_counts": {"0": 912}, "avg_over_mag": 0.0, "avg_under_mag": 0.0, "avg_over": 0.0, "avg_under": 0.0}], [[0.8, 0.8500000000000001], {"acc": 0.8176033934252386, "nll": 0.4743198294431443, "mse": 0.14893111770408463, "N": 943, "over_prob": 0.0, "under_prob": 0.0725552050473186, "over_counts": {"0": 317}, "under_counts": {"0": 294, "1": 14, "2": 6, "3": 2, "4": 1}, "avg_over_mag": 0.0, "avg_under_mag": 1.565217391304348, "avg_over": 0.0, "avg_under": 1.565217391304348}], [[0.8500000000000001, 0.9], {"acc": 0.828978622327791, "nll": 0.46338665420330305, "mse": 0.14321321894336617, "N": 421, "over_prob": 0.2068965517241379, "under_prob": 0.0, "over_counts": {"0": 92, "1": 11, "2": 7, "3": 4, "4": 2}, "under_counts": {"0": 116}, "avg_over_mag": 1.875, "avg_under_mag": 0.0, "avg_over": 1.875, "avg_under": 0.0}], [[0.9, 0.9500000000000001], {"acc": 0.9134615384615384, "nll": 0.3020979063006682, "mse": 0.08013601783178687, "N": 104, "over_prob": 0.0, "under_prob": 0.0, "over_counts": {"0": 30}, "under_counts": {"0": 30}, "avg_over_mag": 0.0, "avg_under_mag": 0.0, "avg_over": 0.0, "avg_under": 0.0}], [[0.9500000000000001, 1.0], {"acc": 0.9047619047619048, "nll": 0.31624368920157186, "mse": 0.08674903766521527, "N": 21, "over_prob": 0.0, "under_prob": 0.0, "over_counts": {"0": 3}, "under_counts": {"0": 3}, "avg_over_mag": 0.0, "avg_under_mag": 0.0, "avg_over": 0.0, "avg_under": 0.0}]]}