{"over_prob": 0.25657727772608074, "under_prob": 0.06674562219778357, "over_counts": {"0": 8788, "1": 1168, "2": 513, "3": 415, "4": 253, "5": 142, "6": 115, "7": 91, "9": 54, "8": 51, "11": 34, "10": 31, "12": 29, "13": 22, "14": 17, "15": 13, "16": 11, "17": 10, "18": 9, "19": 7, "20": 6, "25": 6, "21": 5, "22": 5, "23": 5, "26": 3, "24": 2, "29": 2, "56": 1, "41": 1, "44": 1, "28": 1, "36": 1, "27": 1, "46": 1, "49": 1, "33": 1, "40": 1, "43": 1, "42": 1, "32": 1, "59": 1}, "under_counts": {"0": 11032, "1": 576, "2": 152, "3": 54, "4": 6, "5": 1}, "avg_over_mag": 3.6709528519617542, "avg_under_mag": 1.3574144486692015, "avg_over": 3.6709528519617542, "avg_under": 1.3574144486692015, "acc": 0.8060930788646327, "auc": 0.6296819413692967, "nll": 0.4758855847891304, "mse": 0.15122030887573515, "metrics_by_prob": [[[0.0, 0.05], {"acc": NaN, "nll": NaN, "mse": NaN, "N": 0}], [[0.05, 0.1], {"acc": NaN, "nll": NaN, "mse": NaN, "N": 0}], [[0.1, 0.15000000000000002], {"acc": NaN, "nll": NaN, "mse": NaN, "N": 0}], [[0.15000000000000002, 0.2], {"acc": NaN, "nll": NaN, "mse": NaN, "N": 0}], [[0.2, 0.25], {"acc": NaN, "nll": NaN, "mse": NaN, "N": 0}], [[0.25, 0.30000000000000004], {"acc": NaN, "nll": NaN, "mse": NaN, "N": 0}], [[0.30000000000000004, 0.35000000000000003], {"acc": 0.44782608695652176, "nll": 0.7116476023950763, "mse": 0.25906011930337497, "N": 230, "over_prob": 0.0, "under_prob": 0.0, "over_counts": {"0": 230}, "under_counts": {"0": 230}, "avg_over_mag": 0.0, "avg_under_mag": 0.0, "avg_over": 0.0, "avg_under": 0.0}], [[0.35000000000000003, 0.4], {"acc": 0.3076923076923077, "nll": 0.7668227502344027, "mse": 0.28612900047770873, "N": 26, "over_prob": 0.0, "under_prob": 0.0, "over_counts": {"0": 26}, "under_counts": {"0": 26}, "avg_over_mag": 0.0, "avg_under_mag": 0.0, "avg_over": 0.0, "avg_under": 0.0}], [[0.4, 0.45], {"acc": 0.4758364312267658, "nll": 0.721973719608476, "mse": 0.26370545054621514, "N": 269, "over_prob": 0.0, "under_prob": 0.0, "over_counts": {"0": 269}, "under_counts": {"0": 269}, "avg_over_mag": 0.0, "avg_under_mag": 0.0, "avg_over": 0.0, "avg_under": 0.0}], [[0.45, 0.5], {"acc": 0.5072463768115942, "nll": 0.7430063609214911, "mse": 0.2725180857418131, "N": 276, "over_prob": 0.0, "under_prob": 0.0, "over_counts": {"0": 276}, "under_counts": {"0": 276}, "avg_over_mag": 0.0, "avg_under_mag": 0.0, "avg_over": 0.0, "avg_under": 0.0}], [[0.5, 0.55], {"acc": 0.5352112676056338, "nll": 0.7325622297704002, "mse": 0.26737142405648096, "N": 213, "over_prob": 0.0, "under_prob": 0.0, "over_counts": {"0": 213}, "under_counts": {"0": 213}, "avg_over_mag": 0.0, "avg_under_mag": 0.0, "avg_over": 0.0, "avg_under": 0.0}], [[0.55, 0.6000000000000001], {"acc": 0.6095836606441477, "nll": 0.6836829699090222, "mse": 0.2439728256153973, "N": 1273, "over_prob": 0.0, "under_prob": 0.0, "over_counts": {"0": 1273}, "under_counts": {"0": 1273}, "avg_over_mag": 0.0, "avg_under_mag": 0.0, "avg_over": 0.0, "avg_under": 0.0}], [[0.6000000000000001, 0.65], {"acc": 0.6215780998389694, "nll": 0.6980640401972429, "mse": 0.24928041567477927, "N": 1863, "over_prob": 0.0, "under_prob": 0.0, "over_counts": {"0": 1704}, "under_counts": {"0": 1704}, "avg_over_mag": 0.0, "avg_under_mag": 0.0, "avg_over": 0.0, "avg_under": 0.0}], [[0.65, 0.7000000000000001], {"acc": 0.6687953555878084, "nll": 0.6572782899329198, "mse": 0.23008897482374213, "N": 3445, "over_prob": 0.0, "under_prob": 0.0013020833333333703, "over_counts": {"0": 3072}, "under_counts": {"0": 3068, "1": 4}, "avg_over_mag": 0.0, "avg_under_mag": 1.0, "avg_over": 0.0, "avg_under": 1.0}], [[0.7000000000000001, 0.75], {"acc": 0.7339122689824092, "nll": 0.5838515894947837, "mse": 0.1969044264840891, "N": 8982, "over_prob": 0.0, "under_prob": 0.00018843037497640047, "over_counts": {"0": 5307}, "under_counts": {"0": 5306, "1": 1}, "avg_over_mag": 0.0, "avg_under_mag": 1.0, "avg_over": 0.0, "avg_under": 1.0}], [[0.75, 0.8], {"acc": 0.7797363245684318, "nll": 0.5283469930368369, "mse": 0.17214948460710328, "N": 13729, "over_prob": 0.0, "under_prob": 0.011378002528445008, "over_counts": {"0": 6328}, "under_counts": {"0": 6256, "1": 72}, "avg_over_mag": 0.0, "avg_under_mag": 1.0, "avg_over": 0.0, "avg_under": 1.0}], [[0.8, 0.8500000000000001], {"acc": 0.828356621036953, "nll": 0.4635420294961423, "mse": 0.14373608890440784, "N": 14099, "over_prob": 0.0, "under_prob": 0.12777191129883847, "over_counts": {"0": 5682}, "under_counts": {"0": 4956, "1": 520, "2": 152, "3": 47, "4": 6, "5": 1}, "avg_over_mag": 0.0, "avg_under_mag": 1.3691460055096418, "avg_over": 0.0, "avg_under": 1.3691460055096418}], [[0.8500000000000001, 0.9], {"acc": 0.8748028539241457, "nll": 0.3893231471818592, "mse": 0.1130116301024752, "N": 13315, "over_prob": 0.6022632020117351, "under_prob": 0.0, "over_counts": {"0": 1898, "1": 1206, "2": 486, "3": 390, "4": 253, "5": 136, "7": 93, "6": 87, "10": 40, "9": 37, "8": 30, "11": 26, "12": 17, "15": 9, "13": 8, "19": 8, "18": 8, "16": 8, "14": 7, "17": 6, "21": 4, "25": 3, "20": 3, "22": 2, "27": 2, "29": 1, "23": 1, "24": 1, "41": 1, "45": 1}, "under_counts": {"0": 4772}, "avg_over_mag": 3.137787056367432, "avg_under_mag": 0.0, "avg_over": 3.137787056367432, "avg_under": 0.0}], [[0.9, 0.9500000000000001], {"acc": 0.9200915730949526, "nll": 0.2909814242661382, "mse": 0.07656935719526176, "N": 9173, "over_prob": 0.21193924408336273, "under_prob": 0.0, "over_counts": {"0": 2231, "1": 230, "2": 167, "3": 62, "5": 32, "4": 26, "8": 15, "6": 14, "9": 11, "7": 9, "10": 6, "12": 5, "13": 5, "18": 3, "16": 2, "14": 2, "17": 2, "11": 1, "19": 1, "21": 1, "24": 1, "26": 1, "31": 1, "25": 1, "30": 1, "49": 1}, "under_counts": {"0": 2831}, "avg_over_mag": 3.2483333333333335, "avg_under_mag": 0.0, "avg_over": 3.2483333333333335, "avg_under": 0.0}], [[0.9500000000000001, 1.0], {"acc": 0.9544392523364486, "nll": 0.21071733488368624, "mse": 0.04855700353402563, "N": 856, "over_prob": 0.19374999999999998, "under_prob": 0.0, "over_counts": {"0": 258, "1": 29, "2": 14, "4": 7, "3": 5, "10": 2, "18": 1, "5": 1, "9": 1, "7": 1, "8": 1}, "under_counts": {"0": 320}, "avg_over_mag": 2.693548387096774, "avg_under_mag": 0.0, "avg_over": 2.693548387096774, "avg_under": 0.0}]]}