{"auc": 0.6162641753331082, "over_prob": 0.12153483010374921, "under_prob": 0.2717791074271285, "over_counts": {"0": 32006, "1": 2159, "2": 1000, "3": 488, "4": 238, "5": 144, "6": 90, "7": 73, "8": 41, "10": 35, "11": 21, "9": 21, "12": 18, "13": 13, "16": 10, "14": 9, "17": 8, "18": 8, "15": 7, "20": 6, "19": 6, "23": 6, "22": 6, "21": 5, "25": 4, "26": 3, "36": 2, "32": 2, "30": 1, "82": 1, "34": 1, "24": 1, "28": 1}, "under_counts": {"0": 26532, "1": 5089, "2": 1902, "3": 955, "4": 500, "5": 364, "6": 241, "7": 195, "8": 101, "9": 98, "10": 59, "11": 55, "12": 49, "14": 47, "13": 38, "15": 30, "16": 22, "19": 19, "18": 19, "20": 17, "17": 15, "21": 13, "22": 10, "24": 7, "23": 7, "25": 6, "26": 5, "30": 4, "29": 3, "28": 3, "37": 3, "27": 3, "45": 2, "44": 2, "31": 2, "32": 2, "46": 2, "35": 2, "43": 1, "64": 1, "48": 1, "40": 1, "42": 1, "33": 1, "61": 1, "57": 1, "39": 1, "34": 1, "38": 1}, "avg_over_mag": 2.624435411020777, "avg_under_mag": 2.793779034538477, "avg_over": 2.624435411020777, "avg_under": 2.793779034538477, "acc": 0.792522213298085, "nll": 0.4973181583970107, "mse": 0.15977878750869864, "metrics_by_prob": [[[0.0, 0.05], {"acc": NaN, "nll": NaN, "mse": NaN, "N": 0}], [[0.05, 0.1], {"acc": 0.8, "nll": 0.5623155889235333, "mse": 0.17294788852728854, "N": 5, "over_prob": 0.0, "under_prob": 0.0, "over_counts": {"0": 5}, "under_counts": {"0": 5}, "avg_over_mag": 0.0, "avg_under_mag": 0.0, "avg_over": 0.0, "avg_under": 0.0}], [[0.1, 0.15000000000000002], {"acc": NaN, "nll": NaN, "mse": NaN, "N": 0}], [[0.15000000000000002, 0.2], {"acc": 0.8448275862068966, "nll": 0.4459580132473694, "mse": 0.1350609641487722, "N": 58, "over_prob": 0.0, "under_prob": 0.0, "over_counts": {"0": 58}, "under_counts": {"0": 58}, "avg_over_mag": 0.0, "avg_under_mag": 0.0, "avg_over": 0.0, "avg_under": 0.0}], [[0.2, 0.25], {"acc": 0.7922705314009661, "nll": 0.5148938987471731, "mse": 0.16592505541469008, "N": 207, "over_prob": 0.0, "under_prob": 0.0, "over_counts": {"0": 207}, "under_counts": {"0": 207}, "avg_over_mag": 0.0, "avg_under_mag": 0.0, "avg_over": 0.0, "avg_under": 0.0}], [[0.25, 0.30000000000000004], {"acc": 0.6883116883116883, "nll": 0.6259876537736956, "mse": 0.21670843109471802, "N": 77, "over_prob": 0.0, "under_prob": 0.0, "over_counts": {"0": 77}, "under_counts": {"0": 77}, "avg_over_mag": 0.0, "avg_under_mag": 0.0, "avg_over": 0.0, "avg_under": 0.0}], [[0.30000000000000004, 0.35000000000000003], {"acc": 0.6086956521739131, "nll": 0.6818006312456952, "mse": 0.24271619987608856, "N": 46, "over_prob": 0.0, "under_prob": 0.0, "over_counts": {"0": 46}, "under_counts": {"0": 46}, "avg_over_mag": 0.0, "avg_under_mag": 0.0, "avg_over": 0.0, "avg_under": 0.0}], [[0.35000000000000003, 0.4], {"acc": 0.5705128205128205, "nll": 0.6847942739088959, "mse": 0.2448990045278026, "N": 156, "over_prob": 0.0, "under_prob": 0.0, "over_counts": {"0": 146}, "under_counts": {"0": 146}, "avg_over_mag": 0.0, "avg_under_mag": 0.0, "avg_over": 0.0, "avg_under": 0.0}], [[0.4, 0.45], {"acc": 0.5694444444444444, "nll": 0.6849829831418326, "mse": 0.24569505318700688, "N": 648, "over_prob": 0.0, "under_prob": 0.0, "over_counts": {"0": 636}, "under_counts": {"0": 636}, "avg_over_mag": 0.0, "avg_under_mag": 0.0, "avg_over": 0.0, "avg_under": 0.0}], [[0.45, 0.5], {"acc": 0.5400641025641025, "nll": 0.6949679087939149, "mse": 0.250743165845615, "N": 624, "over_prob": 0.0, "under_prob": 0.0, "over_counts": {"0": 624}, "under_counts": {"0": 624}, "avg_over_mag": 0.0, "avg_under_mag": 0.0, "avg_over": 0.0, "avg_under": 0.0}], [[0.5, 0.55], {"acc": 0.49002493765586036, "nll": 0.7037156946149957, "mse": 0.25505053780966125, "N": 1604, "over_prob": 0.0, "under_prob": 0.0, "over_counts": {"0": 1590}, "under_counts": {"0": 1590}, "avg_over_mag": 0.0, "avg_under_mag": 0.0, "avg_over": 0.0, "avg_under": 0.0}], [[0.55, 0.6000000000000001], {"acc": 0.5631067961165048, "nll": 0.6890605048780943, "mse": 0.2478378739049846, "N": 4532, "over_prob": 0.0, "under_prob": 0.0, "over_counts": {"0": 4102}, "under_counts": {"0": 4102}, "avg_over_mag": 0.0, "avg_under_mag": 0.0, "avg_over": 0.0, "avg_under": 0.0}], [[0.6000000000000001, 0.65], {"acc": 0.6192348945298534, "nll": 0.6702334670486866, "mse": 0.23824013483098275, "N": 8391, "over_prob": 0.0, "under_prob": 0.0006353240152477957, "over_counts": {"0": 6296}, "under_counts": {"0": 6292, "1": 4}, "avg_over_mag": 0.0, "avg_under_mag": 1.0, "avg_over": 0.0, "avg_under": 1.0}], [[0.65, 0.7000000000000001], {"acc": 0.6752038589640519, "nll": 0.6369259665420796, "mse": 0.2218942003617979, "N": 17414, "over_prob": 0.0, "under_prob": 0.0027418723070896656, "over_counts": {"0": 12765}, "under_counts": {"0": 12730, "1": 35}, "avg_over_mag": 0.0, "avg_under_mag": 1.0, "avg_over": 0.0, "avg_under": 1.0}], [[0.7000000000000001, 0.75], {"acc": 0.727789272148967, "nll": 0.5912676799738782, "mse": 0.20030902046013416, "N": 32383, "over_prob": 0.0, "under_prob": 0.019081940095705074, "over_counts": {"0": 16927}, "under_counts": {"0": 16604, "1": 320, "2": 2, "3": 1}, "avg_over_mag": 0.0, "avg_under_mag": 1.0123839009287925, "avg_over": 0.0, "avg_under": 1.0123839009287925}], [[0.75, 0.8], {"acc": 0.7763673599096077, "nll": 0.5363026567360001, "mse": 0.17521677261984323, "N": 56642, "over_prob": 0.0, "under_prob": 0.13735592500132787, "over_counts": {"0": 18827}, "under_counts": {"0": 16241, "1": 2162, "2": 336, "3": 74, "4": 11, "5": 3}, "avg_over_mag": 0.0, "avg_under_mag": 1.2045630317092033, "avg_over": 0.0, "avg_under": 1.2045630317092033}], [[0.8, 0.8500000000000001], {"acc": 0.8247921057874813, "nll": 0.4683929313628824, "mse": 0.14573904174411154, "N": 95361, "over_prob": 0.0, "under_prob": 0.5370860499644955, "over_counts": {"0": 15491}, "under_counts": {"0": 7171, "1": 4174, "2": 1602, "3": 804, "4": 442, "5": 302, "6": 224, "7": 171, "9": 90, "8": 79, "10": 57, "11": 54, "12": 48, "15": 35, "14": 35, "13": 35, "16": 23, "18": 21, "17": 19, "20": 15, "19": 14, "22": 11, "21": 9, "26": 6, "25": 6, "23": 4, "24": 4, "30": 4, "28": 3, "37": 3, "27": 2, "32": 2, "45": 2, "46": 2, "31": 2, "44": 2, "35": 2, "48": 1, "40": 1, "63": 1, "42": 1, "38": 1, "61": 1, "33": 1, "39": 1, "34": 1, "43": 1, "57": 1, "29": 1}, "avg_over_mag": 0.0, "avg_under_mag": 2.906610576923077, "avg_over": 0.0, "avg_under": 2.906610576923077}], [[0.8500000000000001, 0.9], {"acc": 0.8719974648779972, "nll": 0.3864958872185875, "mse": 0.11256957739378864, "N": 47335, "over_prob": 0.6400177331165953, "under_prob": 0.0, "over_counts": {"0": 2436, "1": 2140, "2": 960, "3": 477, "4": 226, "5": 135, "6": 88, "7": 70, "8": 41, "10": 34, "9": 22, "11": 21, "12": 18, "13": 13, "16": 10, "14": 9, "17": 8, "15": 7, "18": 7, "20": 6, "19": 6, "23": 6, "22": 6, "21": 5, "25": 4, "26": 3, "36": 2, "32": 2, "30": 1, "82": 1, "34": 1, "24": 1, "28": 1}, "under_counts": {"0": 6767}, "avg_over_mag": 2.6192565227430156, "avg_under_mag": 0.0, "avg_over": 2.6192565227430156, "avg_under": 0.0}], [[0.9, 0.9500000000000001], {"acc": 0.9148284865400198, "nll": 0.2944690049143189, "mse": 0.07845446779459048, "N": 11107, "over_prob": 0.1264845605700713, "under_prob": 0.0, "over_counts": {"0": 1471, "1": 173, "2": 25, "3": 11, "4": 3, "9": 1}, "under_counts": {"0": 1684}, "avg_over_mag": 1.300469483568075, "avg_under_mag": 0.0, "avg_over": 1.300469483568075, "avg_under": 0.0}], [[0.9500000000000001, 1.0], {"acc": 0.9678942398489141, "nll": 0.1488420320133555, "mse": 0.03142033492556649, "N": 1059, "over_prob": 0.0, "under_prob": 0.0, "over_counts": {"0": 225}, "under_counts": {"0": 225}, "avg_over_mag": 0.0, "avg_under_mag": 0.0, "avg_over": 0.0, "avg_under": 0.0}]]}