{"over_prob": 0.011582753079807162, "under_prob": 0.04666577396893412, "over_counts": {"0": 14763, "1": 150, "2": 18, "3": 4, "5": 1}, "under_counts": {"0": 14239, "1": 536, "2": 108, "3": 28, "4": 12, "5": 6, "7": 2, "6": 1, "14": 1, "13": 1, "11": 1, "9": 1}, "avg_over_mag": 1.1734104046242775, "avg_under_mag": 1.4074605451936872, "avg_over": 1.1734104046242775, "avg_under": 1.4074605451936872, "acc": 0.6737637808919404, "auc": 0.6861804148959945, "nll": 0.6092979020628003, "mse": 0.21005869362535237, "metrics_by_prob": [[[0.0, 0.05], {"acc": 0.9632352941176471, "nll": 0.1495918591472803, "mse": 0.03336564173397971, "N": 544, "over_prob": 0.0, "under_prob": 0.0, "over_counts": {"0": 159}, "under_counts": {"0": 159}, "avg_over_mag": 0.0, "avg_under_mag": 0.0, "avg_over": 0.0, "avg_under": 0.0}], [[0.05, 0.1], {"acc": 0.9156540385989993, "nll": 0.3072170653159655, "mse": 0.08165334580072986, "N": 2798, "over_prob": 0.0, "under_prob": 0.0, "over_counts": {"0": 861}, "under_counts": {"0": 861}, "avg_over_mag": 0.0, "avg_under_mag": 0.0, "avg_over": 0.0, "avg_under": 0.0}], [[0.1, 0.15000000000000002], {"acc": 0.8788475304223335, "nll": 0.39167727950687625, "mse": 0.11364908326342715, "N": 5588, "over_prob": 0.0, "under_prob": 0.0, "over_counts": {"0": 1853}, "under_counts": {"0": 1853}, "avg_over_mag": 0.0, "avg_under_mag": 0.0, "avg_over": 0.0, "avg_under": 0.0}], [[0.15000000000000002, 0.2], {"acc": 0.822108162243365, "nll": 0.48910177475513533, "mse": 0.1533656094262681, "N": 7988, "over_prob": 0.0, "under_prob": 0.0, "over_counts": {"0": 2816}, "under_counts": {"0": 2816}, "avg_over_mag": 0.0, "avg_under_mag": 0.0, "avg_over": 0.0, "avg_under": 0.0}], [[0.2, 0.25], {"acc": 0.7668247401876702, "nll": 0.5576291644978258, "mse": 0.18420757344739205, "N": 9911, "over_prob": 0.0, "under_prob": 0.0, "over_counts": {"0": 3740}, "under_counts": {"0": 3740}, "avg_over_mag": 0.0, "avg_under_mag": 0.0, "avg_over": 0.0, "avg_under": 0.0}], [[0.25, 0.30000000000000004], {"acc": 0.7138631809941799, "nll": 0.6119255170299877, "mse": 0.20901732078722643, "N": 10481, "over_prob": 0.0, "under_prob": 0.0, "over_counts": {"0": 4225}, "under_counts": {"0": 4225}, "avg_over_mag": 0.0, "avg_under_mag": 0.0, "avg_over": 0.0, "avg_under": 0.0}], [[0.30000000000000004, 0.35000000000000003], {"acc": 0.6653661464585834, "nll": 0.648497867222067, "mse": 0.22698189478591047, "N": 9996, "over_prob": 0.0, "under_prob": 0.0, "over_counts": {"0": 4368}, "under_counts": {"0": 4368}, "avg_over_mag": 0.0, "avg_under_mag": 0.0, "avg_over": 0.0, "avg_under": 0.0}], [[0.35000000000000003, 0.4], {"acc": 0.5989958524339664, "nll": 0.6831212620745558, "mse": 0.24386771503531932, "N": 9162, "over_prob": 0.0, "under_prob": 0.0004706989879972312, "over_counts": {"0": 4249}, "under_counts": {"0": 4247, "1": 2}, "avg_over_mag": 0.0, "avg_under_mag": 1.0, "avg_over": 0.0, "avg_under": 1.0}], [[0.4, 0.45], {"acc": 0.5465994962216625, "nll": 0.7046463148646058, "mse": 0.2544214156347621, "N": 7940, "over_prob": 0.0, "under_prob": 0.0017592359889418985, "over_counts": {"0": 3979}, "under_counts": {"0": 3972, "1": 7}, "avg_over_mag": 0.0, "avg_under_mag": 1.0, "avg_over": 0.0, "avg_under": 1.0}], [[0.45, 0.5], {"acc": 0.5164007092198581, "nll": 0.7137192946956065, "mse": 0.25897934063992273, "N": 6768, "over_prob": 0.0, "under_prob": 0.003065774804905219, "over_counts": {"0": 3588}, "under_counts": {"0": 3577, "1": 9, "3": 1, "2": 1}, "avg_over_mag": 0.0, "avg_under_mag": 1.2727272727272727, "avg_over": 0.0, "avg_under": 1.2727272727272727}], [[0.5, 0.55], {"acc": 0.5074469949185211, "nll": 0.7132627929526628, "mse": 0.2589123710770584, "N": 5707, "over_prob": 0.0, "under_prob": 0.005052099778970587, "over_counts": {"0": 3167}, "under_counts": {"0": 3151, "1": 15, "2": 1}, "avg_over_mag": 0.0, "avg_under_mag": 1.0625, "avg_over": 0.0, "avg_under": 1.0625}], [[0.55, 0.6000000000000001], {"acc": 0.5255731922398589, "nll": 0.7087238645676137, "mse": 0.25651028730625663, "N": 4536, "over_prob": 0.0, "under_prob": 0.014931087289433376, "over_counts": {"0": 2612}, "under_counts": {"0": 2573, "1": 37, "3": 1, "2": 1}, "avg_over_mag": 0.0, "avg_under_mag": 1.0769230769230769, "avg_over": 0.0, "avg_under": 1.0769230769230769}], [[0.6000000000000001, 0.65], {"acc": 0.5683599419448476, "nll": 0.6992816171533823, "mse": 0.25086638506343567, "N": 3445, "over_prob": 0.0, "under_prob": 0.032365540218943334, "over_counts": {"0": 2101}, "under_counts": {"0": 2033, "1": 64, "2": 3, "3": 1}, "avg_over_mag": 0.0, "avg_under_mag": 1.0735294117647058, "avg_over": 0.0, "avg_under": 1.0735294117647058}], [[0.65, 0.7000000000000001], {"acc": 0.6309921962095875, "nll": 0.660977172233608, "mse": 0.23300464418730168, "N": 2691, "over_prob": 0.0, "under_prob": 0.058510638297872286, "over_counts": {"0": 1692}, "under_counts": {"0": 1593, "1": 90, "2": 7, "3": 2}, "avg_over_mag": 0.0, "avg_under_mag": 1.1111111111111112, "avg_over": 0.0, "avg_under": 1.1111111111111112}], [[0.7000000000000001, 0.75], {"acc": 0.6911841418883672, "nll": 0.634199086322314, "mse": 0.21827661356403216, "N": 1917, "over_prob": 0.0, "under_prob": 0.12787926926131854, "over_counts": {"0": 1259}, "under_counts": {"0": 1098, "1": 145, "2": 10, "3": 4, "4": 2}, "avg_over_mag": 0.0, "avg_under_mag": 1.1490683229813665, "avg_over": 0.0, "avg_under": 1.1490683229813665}], [[0.75, 0.8], {"acc": 0.7670588235294118, "nll": 0.5661911522776459, "mse": 0.18439003191863815, "N": 1275, "over_prob": 0.0, "under_prob": 0.23379629629629628, "over_counts": {"0": 864}, "under_counts": {"0": 662, "1": 175, "2": 21, "3": 4, "6": 1, "4": 1}, "avg_over_mag": 0.0, "avg_under_mag": 1.183168316831683, "avg_over": 0.0, "avg_under": 1.183168316831683}], [[0.8, 0.8500000000000001], {"acc": 0.8181818181818182, "nll": 0.518182795477764, "mse": 0.16021669909474623, "N": 825, "over_prob": 0.0, "under_prob": 0.43173431734317347, "over_counts": {"0": 542}, "under_counts": {"0": 308, "1": 198, "2": 26, "3": 5, "4": 3, "8": 1, "7": 1}, "avg_over_mag": 0.0, "avg_under_mag": 1.2478632478632479, "avg_over": 0.0, "avg_under": 1.2478632478632479}], [[0.8500000000000001, 0.9], {"acc": 0.865934065934066, "nll": 0.41650774169942995, "mse": 0.12223052899461234, "N": 455, "over_prob": 0.4727272727272728, "under_prob": 0.0, "over_counts": {"0": 174, "1": 137, "2": 15, "3": 3, "5": 1}, "under_counts": {"0": 330}, "avg_over_mag": 1.1602564102564104, "avg_under_mag": 0.0, "avg_over": 1.1602564102564104, "avg_under": 0.0}], [[0.9, 0.9500000000000001], {"acc": 0.9130434782608695, "nll": 0.31166082524392225, "mse": 0.08143438804224976, "N": 253, "over_prob": 0.13207547169811318, "under_prob": 0.0, "over_counts": {"0": 138, "1": 20, "2": 1}, "under_counts": {"0": 159}, "avg_over_mag": 1.0476190476190477, "avg_under_mag": 0.0, "avg_over": 1.0476190476190477, "avg_under": 0.0}], [[0.9500000000000001, 1.0], {"acc": 0.9482758620689655, "nll": 0.1967035583914317, "mse": 0.04838254810314046, "N": 58, "over_prob": 0.0, "under_prob": 0.0, "over_counts": {"0": 44}, "under_counts": {"0": 44}, "avg_over_mag": 0.0, "avg_under_mag": 0.0, "avg_over": 0.0, "avg_under": 0.0}]]}