{"auc": 0.6586605125355703, "over_prob": 0.08549497088406566, "under_prob": 0.0063525674960296374, "over_counts": {"0": 13820, "1": 554, "2": 285, "3": 165, "4": 104, "5": 55, "6": 42, "7": 26, "8": 22, "9": 14, "12": 6, "10": 5, "11": 3, "13": 3, "16": 2, "31": 1, "14": 1, "15": 1, "21": 1, "24": 1, "22": 1}, "under_counts": {"0": 15016, "1": 42, "2": 24, "4": 10, "3": 10, "5": 6, "12": 1, "6": 1, "8": 1, "14": 1}, "avg_over_mag": 2.6308049535603715, "avg_under_mag": 2.3958333333333335, "avg_over": 2.6308049535603715, "avg_under": 2.3958333333333335, "acc": 0.6165638785856945, "nll": 0.6454601790971316, "mse": 0.2278762862757962, "metrics_by_prob": [[[0.0, 0.05], {"acc": 0.93038601121742, "nll": 0.25121601258460746, "mse": 0.06559168334250755, "N": 3031, "over_prob": 0.0, "under_prob": 0.0, "over_counts": {"0": 440}, "under_counts": {"0": 440}, "avg_over_mag": 0.0, "avg_under_mag": 0.0, "avg_over": 0.0, "avg_under": 0.0}], [[0.05, 0.1], {"acc": 0.8667305848513902, "nll": 0.44123463418793935, "mse": 0.1350185646037776, "N": 1043, "over_prob": 0.0, "under_prob": 0.0, "over_counts": {"0": 392}, "under_counts": {"0": 392}, "avg_over_mag": 0.0, "avg_under_mag": 0.0, "avg_over": 0.0, "avg_under": 0.0}], [[0.1, 0.15000000000000002], {"acc": 0.7975951903807615, "nll": 0.5315027929640076, "mse": 0.17334961408375227, "N": 1497, "over_prob": 0.0, "under_prob": 0.0, "over_counts": {"0": 626}, "under_counts": {"0": 626}, "avg_over_mag": 0.0, "avg_under_mag": 0.0, "avg_over": 0.0, "avg_under": 0.0}], [[0.15000000000000002, 0.2], {"acc": 0.7341451040081177, "nll": 0.582049635995788, "mse": 0.19722224543062633, "N": 1971, "over_prob": 0.0, "under_prob": 0.0, "over_counts": {"0": 973}, "under_counts": {"0": 973}, "avg_over_mag": 0.0, "avg_under_mag": 0.0, "avg_over": 0.0, "avg_under": 0.0}], [[0.2, 0.25], {"acc": 0.6354430379746835, "nll": 0.6354896707274713, "mse": 0.2221278609332889, "N": 2765, "over_prob": 0.0, "under_prob": 0.0, "over_counts": {"0": 1379}, "under_counts": {"0": 1379}, "avg_over_mag": 0.0, "avg_under_mag": 0.0, "avg_over": 0.0, "avg_under": 0.0}], [[0.25, 0.30000000000000004], {"acc": 0.5883714203066243, "nll": 0.6750704470681596, "mse": 0.2404584983053431, "N": 3457, "over_prob": 0.0, "under_prob": 0.0, "over_counts": {"0": 1845}, "under_counts": {"0": 1845}, "avg_over_mag": 0.0, "avg_under_mag": 0.0, "avg_over": 0.0, "avg_under": 0.0}], [[0.30000000000000004, 0.35000000000000003], {"acc": 0.5353512536706573, "nll": 0.6953831135302774, "mse": 0.25064115985784996, "N": 4427, "over_prob": 0.0, "under_prob": 0.0, "over_counts": {"0": 2347}, "under_counts": {"0": 2347}, "avg_over_mag": 0.0, "avg_under_mag": 0.0, "avg_over": 0.0, "avg_under": 0.0}], [[0.35000000000000003, 0.4], {"acc": 0.5257026627218935, "nll": 0.7022143425149312, "mse": 0.25398741985904644, "N": 5408, "over_prob": 0.0, "under_prob": 0.0, "over_counts": {"0": 2862}, "under_counts": {"0": 2862}, "avg_over_mag": 0.0, "avg_under_mag": 0.0, "avg_over": 0.0, "avg_under": 0.0}], [[0.4, 0.45], {"acc": 0.4971250971250971, "nll": 0.712243262693958, "mse": 0.25889572864677507, "N": 6435, "over_prob": 0.0, "under_prob": 0.0, "over_counts": {"0": 3444}, "under_counts": {"0": 3444}, "avg_over_mag": 0.0, "avg_under_mag": 0.0, "avg_over": 0.0, "avg_under": 0.0}], [[0.45, 0.5], {"acc": 0.5003252244048393, "nll": 0.7139450828531234, "mse": 0.25967069135906024, "N": 7687, "over_prob": 0.0, "under_prob": 0.0, "over_counts": {"0": 3971}, "under_counts": {"0": 3971}, "avg_over_mag": 0.0, "avg_under_mag": 0.0, "avg_over": 0.0, "avg_under": 0.0}], [[0.5, 0.55], {"acc": 0.5154113845389013, "nll": 0.706917949478191, "mse": 0.25628813081911217, "N": 8046, "over_prob": 0.0, "under_prob": 0.0, "over_counts": {"0": 4150}, "under_counts": {"0": 4150}, "avg_over_mag": 0.0, "avg_under_mag": 0.0, "avg_over": 0.0, "avg_under": 0.0}], [[0.55, 0.6000000000000001], {"acc": 0.5387532590661294, "nll": 0.6979022243770396, "mse": 0.251825733079389, "N": 8438, "over_prob": 0.0, "under_prob": 0.0, "over_counts": {"0": 4347}, "under_counts": {"0": 4347}, "avg_over_mag": 0.0, "avg_under_mag": 0.0, "avg_over": 0.0, "avg_under": 0.0}], [[0.6000000000000001, 0.65], {"acc": 0.5726145930776426, "nll": 0.6852527523817366, "mse": 0.2457017399155544, "N": 8552, "over_prob": 0.0, "under_prob": 0.00046136101499427706, "over_counts": {"0": 4335}, "under_counts": {"0": 4333, "1": 2}, "avg_over_mag": 0.0, "avg_under_mag": 1.0, "avg_over": 0.0, "avg_under": 1.0}], [[0.65, 0.7000000000000001], {"acc": 0.6240189360906939, "nll": 0.664219111174637, "mse": 0.2354145298809345, "N": 8027, "over_prob": 0.0, "under_prob": 0.0012771392081737387, "over_counts": {"0": 3915}, "under_counts": {"0": 3910, "1": 3, "2": 2}, "avg_over_mag": 0.0, "avg_under_mag": 1.4, "avg_over": 0.0, "avg_under": 1.4}], [[0.7000000000000001, 0.75], {"acc": 0.6796919566457501, "nll": 0.6366778654908929, "mse": 0.22203255635643526, "N": 7012, "over_prob": 0.0, "under_prob": 0.004369356248179468, "over_counts": {"0": 3433}, "under_counts": {"0": 3418, "1": 9, "2": 6}, "avg_over_mag": 0.0, "avg_under_mag": 1.4, "avg_over": 0.0, "avg_under": 1.4}], [[0.75, 0.8], {"acc": 0.7287799603532168, "nll": 0.6035146522385391, "mse": 0.2064328552621443, "N": 5549, "over_prob": 0.0, "under_prob": 0.013844515441959526, "over_counts": {"0": 2817}, "under_counts": {"0": 2778, "1": 24, "2": 10, "3": 3, "7": 1, "4": 1}, "avg_over_mag": 0.0, "avg_under_mag": 1.641025641025641, "avg_over": 0.0, "avg_under": 1.641025641025641}], [[0.8, 0.8500000000000001], {"acc": 0.7843578210894553, "nll": 0.5545735224037345, "mse": 0.18387173232084136, "N": 4002, "over_prob": 0.0, "under_prob": 0.037706611570247905, "over_counts": {"0": 1936}, "under_counts": {"0": 1863, "1": 42, "2": 16, "3": 10, "4": 2, "5": 1, "8": 1, "11": 1}, "avg_over_mag": 0.0, "avg_under_mag": 1.8630136986301369, "avg_over": 0.0, "avg_under": 1.8630136986301369}], [[0.8500000000000001, 0.9], {"acc": 0.8322502030869212, "nll": 0.5032617620354723, "mse": 0.16146840689428918, "N": 2462, "over_prob": 0.9568593615185504, "under_prob": 0.0, "over_counts": {"1": 590, "2": 244, "3": 123, "4": 69, "0": 50, "5": 32, "6": 22, "7": 12, "8": 8, "9": 5, "31": 1, "10": 1, "15": 1, "13": 1}, "under_counts": {"0": 1159}, "avg_over_mag": 2.053201082055906, "avg_under_mag": 0.0, "avg_over": 2.053201082055906, "avg_under": 0.0}], [[0.9, 0.9500000000000001], {"acc": 0.8929219600725953, "nll": 0.4376214947567936, "mse": 0.13207629006318145, "N": 1102, "over_prob": 0.924074074074074, "under_prob": 0.0, "over_counts": {"1": 257, "2": 143, "3": 52, "0": 41, "4": 24, "6": 8, "5": 8, "8": 3, "7": 2, "12": 2}, "under_counts": {"0": 540}, "avg_over_mag": 1.8937875751503006, "avg_under_mag": 0.0, "avg_over": 1.8937875751503006, "avg_under": 0.0}], [[0.9500000000000001, 1.0], {"acc": 0.8837209302325582, "nll": 0.4311937869592332, "mse": 0.128693105672873, "N": 215, "over_prob": 0.8275862068965517, "under_prob": 0.0, "over_counts": {"1": 87, "0": 25, "2": 21, "3": 7, "4": 3, "10": 1, "5": 1}, "under_counts": {"0": 145}, "avg_over_mag": 1.475, "avg_under_mag": 0.0, "avg_over": 1.475, "avg_under": 0.0}]]}