{"auc": 0.6306552170229567, "over_prob": 0.027171276079573037, "under_prob": 0.03525796538896975, "over_counts": {"0": 36090, "1": 854, "2": 98, "4": 17, "3": 15, "5": 12, "6": 8, "7": 2, "8": 1, "12": 1}, "under_counts": {"0": 35790, "1": 996, "2": 152, "4": 102, "3": 38, "5": 10, "7": 4, "8": 4, "6": 1, "9": 1}, "avg_over_mag": 1.2946428571428572, "avg_under_mag": 1.488532110091743, "avg_over": 1.2946428571428572, "avg_under": 1.488532110091743, "acc": 0.7901197156616125, "nll": 0.49601414373666386, "mse": 0.15976376246465854, "metrics_by_prob": [[[0.0, 0.05], {"acc": NaN, "nll": NaN, "mse": NaN, "N": 0}], [[0.05, 0.1], {"acc": 0.8333333333333334, "nll": 0.45060222820914336, "mse": 0.13890040625459524, "N": 6, "over_prob": 0.0, "under_prob": 0.0, "over_counts": {"0": 6}, "under_counts": {"0": 6}, "avg_over_mag": 0.0, "avg_under_mag": 0.0, "avg_over": 0.0, "avg_under": 0.0}], [[0.1, 0.15000000000000002], {"acc": NaN, "nll": NaN, "mse": NaN, "N": 0}], [[0.15000000000000002, 0.2], {"acc": 0.9104477611940298, "nll": 0.33178761910093724, "mse": 0.08954861251782555, "N": 67, "over_prob": 0.0, "under_prob": 0.0, "over_counts": {"0": 67}, "under_counts": {"0": 67}, "avg_over_mag": 0.0, "avg_under_mag": 0.0, "avg_over": 0.0, "avg_under": 0.0}], [[0.2, 0.25], {"acc": 0.736318407960199, "nll": 0.5861009850473146, "mse": 0.19715628984642494, "N": 201, "over_prob": 0.0, "under_prob": 0.0, "over_counts": {"0": 201}, "under_counts": {"0": 201}, "avg_over_mag": 0.0, "avg_under_mag": 0.0, "avg_over": 0.0, "avg_under": 0.0}], [[0.25, 0.30000000000000004], {"acc": 0.7471264367816092, "nll": 0.572690719122257, "mse": 0.19189070557812907, "N": 87, "over_prob": 0.0, "under_prob": 0.0, "over_counts": {"0": 87}, "under_counts": {"0": 87}, "avg_over_mag": 0.0, "avg_under_mag": 0.0, "avg_over": 0.0, "avg_under": 0.0}], [[0.30000000000000004, 0.35000000000000003], {"acc": 0.7307692307692307, "nll": 0.5825242851286805, "mse": 0.1967360393252093, "N": 52, "over_prob": 0.0, "under_prob": 0.0, "over_counts": {"0": 52}, "under_counts": {"0": 52}, "avg_over_mag": 0.0, "avg_under_mag": 0.0, "avg_over": 0.0, "avg_under": 0.0}], [[0.35000000000000003, 0.4], {"acc": 0.6348314606741573, "nll": 0.6524168169736388, "mse": 0.2299856992597782, "N": 178, "over_prob": 0.0, "under_prob": 0.0, "over_counts": {"0": 170}, "under_counts": {"0": 170}, "avg_over_mag": 0.0, "avg_under_mag": 0.0, "avg_over": 0.0, "avg_under": 0.0}], [[0.4, 0.45], {"acc": 0.5796703296703297, "nll": 0.6797919494013873, "mse": 0.24337601109562315, "N": 728, "over_prob": 0.0, "under_prob": 0.0, "over_counts": {"0": 712}, "under_counts": {"0": 712}, "avg_over_mag": 0.0, "avg_under_mag": 0.0, "avg_over": 0.0, "avg_under": 0.0}], [[0.45, 0.5], {"acc": 0.4962292609351433, "nll": 0.69439316731725, "mse": 0.2506196378224468, "N": 663, "over_prob": 0.0, "under_prob": 0.0, "over_counts": {"0": 662}, "under_counts": {"0": 662}, "avg_over_mag": 0.0, "avg_under_mag": 0.0, "avg_over": 0.0, "avg_under": 0.0}], [[0.5, 0.55], {"acc": 0.5043579314352121, "nll": 0.6935322656448688, "mse": 0.25016859928344226, "N": 1721, "over_prob": 0.0, "under_prob": 0.0, "over_counts": {"0": 1703}, "under_counts": {"0": 1703}, "avg_over_mag": 0.0, "avg_under_mag": 0.0, "avg_over": 0.0, "avg_under": 0.0}], [[0.55, 0.6000000000000001], {"acc": 0.5753779697624191, "nll": 0.6814917712884271, "mse": 0.24419570924024428, "N": 4630, "over_prob": 0.0, "under_prob": 0.0, "over_counts": {"0": 4216}, "under_counts": {"0": 4216}, "avg_over_mag": 0.0, "avg_under_mag": 0.0, "avg_over": 0.0, "avg_under": 0.0}], [[0.6000000000000001, 0.65], {"acc": 0.6301245753114383, "nll": 0.6581631068890564, "mse": 0.2327334436278326, "N": 8830, "over_prob": 0.0, "under_prob": 0.0, "over_counts": {"0": 6583}, "under_counts": {"0": 6583}, "avg_over_mag": 0.0, "avg_under_mag": 0.0, "avg_over": 0.0, "avg_under": 0.0}], [[0.65, 0.7000000000000001], {"acc": 0.6823373613640126, "nll": 0.6252144633352787, "mse": 0.21680834950233804, "N": 18123, "over_prob": 0.0, "under_prob": 0.0, "over_counts": {"0": 13213}, "under_counts": {"0": 13213}, "avg_over_mag": 0.0, "avg_under_mag": 0.0, "avg_over": 0.0, "avg_under": 0.0}], [[0.7000000000000001, 0.75], {"acc": 0.7247532382843762, "nll": 0.5879788669942881, "mse": 0.19931426560299859, "N": 33737, "over_prob": 0.0, "under_prob": 0.0, "over_counts": {"0": 17212}, "under_counts": {"0": 17212}, "avg_over_mag": 0.0, "avg_under_mag": 0.0, "avg_over": 0.0, "avg_under": 0.0}], [[0.75, 0.8], {"acc": 0.7766699035860443, "nll": 0.5305590232939281, "mse": 0.1732721214758916, "N": 57668, "over_prob": 0.0, "under_prob": 0.0, "over_counts": {"0": 19071}, "under_counts": {"0": 19071}, "avg_over_mag": 0.0, "avg_under_mag": 0.0, "avg_over": 0.0, "avg_under": 0.0}], [[0.8, 0.8500000000000001], {"acc": 0.8270565552699228, "nll": 0.45977966056341407, "mse": 0.14282400468098574, "N": 93360, "over_prob": 0.0, "under_prob": 0.08497368933931004, "over_counts": {"0": 15393}, "under_counts": {"0": 14085, "1": 996, "2": 152, "4": 102, "3": 38, "5": 10, "7": 4, "8": 4, "6": 1, "9": 1}, "avg_over_mag": 0.0, "avg_under_mag": 1.488532110091743, "avg_over": 0.0, "avg_under": 1.488532110091743}], [[0.8500000000000001, 0.9], {"acc": 0.868678913108944, "nll": 0.38798558171672837, "mse": 0.11387939872086546, "N": 43169, "over_prob": 0.15296977062129724, "under_prob": 0.0, "over_counts": {"0": 5576, "1": 853, "2": 98, "4": 17, "3": 15, "5": 12, "6": 8, "7": 2, "8": 1, "12": 1}, "under_counts": {"0": 6583}, "avg_over_mag": 1.29493545183714, "avg_under_mag": 0.0, "avg_over": 1.29493545183714, "avg_under": 0.0}], [[0.9, 0.9500000000000001], {"acc": 0.9136209204159375, "nll": 0.2938593200907698, "mse": 0.0788705128125896, "N": 9713, "over_prob": 0.000605326876513268, "under_prob": 0.0, "over_counts": {"0": 1651, "1": 1}, "under_counts": {"0": 1652}, "avg_over_mag": 1.0, "avg_under_mag": 0.0, "avg_over": 1.0, "avg_under": 0.0}], [[0.9500000000000001, 1.0], {"acc": 0.9751552795031055, "nll": 0.115060639761846, "mse": 0.02417380542380459, "N": 966, "over_prob": 0.0, "under_prob": 0.0, "over_counts": {"0": 195}, "under_counts": {"0": 195}, "avg_over_mag": 0.0, "avg_under_mag": 0.0, "avg_over": 0.0, "avg_under": 0.0}]]}