{"auc": 0.7213456005615404, "over_prob": 0.03619396476539338, "under_prob": 0.04116518402232683, "over_counts": {"0": 11051, "1": 363, "2": 34, "3": 10, "4": 6, "5": 1, "6": 1}, "under_counts": {"0": 10994, "1": 428, "2": 29, "3": 9, "4": 3, "7": 1, "8": 1, "5": 1}, "avg_over_mag": 1.1951807228915663, "avg_under_mag": 1.1546610169491525, "avg_over": 1.1951807228915663, "avg_under": 1.1546610169491525, "acc": 0.768465532565138, "nll": 0.5029217959090794, "mse": 0.1646970779355868, "metrics_by_prob": [[[0.0, 0.05], {"acc": 0.9736842105263158, "nll": 0.12738438426024362, "mse": 0.025942047090538455, "N": 76, "over_prob": 0.0, "under_prob": 0.0, "over_counts": {"0": 17}, "under_counts": {"0": 17}, "avg_over_mag": 0.0, "avg_under_mag": 0.0, "avg_over": 0.0, "avg_under": 0.0}], [[0.05, 0.1], {"acc": 0.9612403100775194, "nll": 0.17587030278614266, "mse": 0.03889647857874324, "N": 129, "over_prob": 0.0, "under_prob": 0.0, "over_counts": {"0": 42}, "under_counts": {"0": 42}, "avg_over_mag": 0.0, "avg_under_mag": 0.0, "avg_over": 0.0, "avg_under": 0.0}], [[0.1, 0.15000000000000002], {"acc": 0.8698630136986302, "nll": 0.3855828294308413, "mse": 0.11297699876102059, "N": 146, "over_prob": 0.0, "under_prob": 0.0, "over_counts": {"0": 79}, "under_counts": {"0": 79}, "avg_over_mag": 0.0, "avg_under_mag": 0.0, "avg_over": 0.0, "avg_under": 0.0}], [[0.15000000000000002, 0.2], {"acc": 0.7738693467336684, "nll": 0.5396830785524559, "mse": 0.17641027081235944, "N": 199, "over_prob": 0.0, "under_prob": 0.0, "over_counts": {"0": 121}, "under_counts": {"0": 121}, "avg_over_mag": 0.0, "avg_under_mag": 0.0, "avg_over": 0.0, "avg_under": 0.0}], [[0.2, 0.25], {"acc": 0.7771084337349398, "nll": 0.5307001383213776, "mse": 0.17326681645985395, "N": 332, "over_prob": 0.0, "under_prob": 0.0, "over_counts": {"0": 194}, "under_counts": {"0": 194}, "avg_over_mag": 0.0, "avg_under_mag": 0.0, "avg_over": 0.0, "avg_under": 0.0}], [[0.25, 0.30000000000000004], {"acc": 0.7252066115702479, "nll": 0.5886533623149895, "mse": 0.19957720028325066, "N": 484, "over_prob": 0.0, "under_prob": 0.0, "over_counts": {"0": 287}, "under_counts": {"0": 287}, "avg_over_mag": 0.0, "avg_under_mag": 0.0, "avg_over": 0.0, "avg_under": 0.0}], [[0.30000000000000004, 0.35000000000000003], {"acc": 0.6753069577080492, "nll": 0.6279169826893373, "mse": 0.21822018024369055, "N": 733, "over_prob": 0.0, "under_prob": 0.0, "over_counts": {"0": 480}, "under_counts": {"0": 480}, "avg_over_mag": 0.0, "avg_under_mag": 0.0, "avg_over": 0.0, "avg_under": 0.0}], [[0.35000000000000003, 0.4], {"acc": 0.6272264631043257, "nll": 0.6585550398576485, "mse": 0.23293807877249484, "N": 786, "over_prob": 0.0, "under_prob": 0.0, "over_counts": {"0": 535}, "under_counts": {"0": 535}, "avg_over_mag": 0.0, "avg_under_mag": 0.0, "avg_over": 0.0, "avg_under": 0.0}], [[0.4, 0.45], {"acc": 0.571, "nll": 0.6820619749431603, "mse": 0.24447913655199302, "N": 1000, "over_prob": 0.0, "under_prob": 0.0, "over_counts": {"0": 725}, "under_counts": {"0": 725}, "avg_over_mag": 0.0, "avg_under_mag": 0.0, "avg_over": 0.0, "avg_under": 0.0}], [[0.45, 0.5], {"acc": 0.5262008733624454, "nll": 0.689966194109997, "mse": 0.2484132129779051, "N": 1374, "over_prob": 0.0, "under_prob": 0.0, "over_counts": {"0": 1038}, "under_counts": {"0": 1038}, "avg_over_mag": 0.0, "avg_under_mag": 0.0, "avg_over": 0.0, "avg_under": 0.0}], [[0.5, 0.55], {"acc": 0.5393442622950819, "nll": 0.6907242757016392, "mse": 0.24878853966478237, "N": 1830, "over_prob": 0.0, "under_prob": 0.0, "over_counts": {"0": 1355}, "under_counts": {"0": 1355}, "avg_over_mag": 0.0, "avg_under_mag": 0.0, "avg_over": 0.0, "avg_under": 0.0}], [[0.55, 0.6000000000000001], {"acc": 0.5720858895705522, "nll": 0.682939728164218, "mse": 0.24491455562156672, "N": 2608, "over_prob": 0.0, "under_prob": 0.0, "over_counts": {"0": 1942}, "under_counts": {"0": 1942}, "avg_over_mag": 0.0, "avg_under_mag": 0.0, "avg_over": 0.0, "avg_under": 0.0}], [[0.6000000000000001, 0.65], {"acc": 0.6373715521903732, "nll": 0.6538133601656511, "mse": 0.23061223106072157, "N": 3698, "over_prob": 0.0, "under_prob": 0.0, "over_counts": {"0": 2644}, "under_counts": {"0": 2644}, "avg_over_mag": 0.0, "avg_under_mag": 0.0, "avg_over": 0.0, "avg_under": 0.0}], [[0.65, 0.7000000000000001], {"acc": 0.6723132969034609, "nll": 0.6325616753869875, "mse": 0.22031766856231458, "N": 5490, "over_prob": 0.0, "under_prob": 0.0, "over_counts": {"0": 3430}, "under_counts": {"0": 3430}, "avg_over_mag": 0.0, "avg_under_mag": 0.0, "avg_over": 0.0, "avg_under": 0.0}], [[0.7000000000000001, 0.75], {"acc": 0.716262536498667, "nll": 0.5957920408929431, "mse": 0.20296867215721204, "N": 7877, "over_prob": 0.0, "under_prob": 0.0, "over_counts": {"0": 4480}, "under_counts": {"0": 4480}, "avg_over_mag": 0.0, "avg_under_mag": 0.0, "avg_over": 0.0, "avg_under": 0.0}], [[0.75, 0.8], {"acc": 0.7789336801040312, "nll": 0.5283233710806037, "mse": 0.17222622630204742, "N": 9228, "over_prob": 0.0, "under_prob": 0.0, "over_counts": {"0": 4638}, "under_counts": {"0": 4638}, "avg_over_mag": 0.0, "avg_under_mag": 0.0, "avg_over": 0.0, "avg_under": 0.0}], [[0.8, 0.8500000000000001], {"acc": 0.8248728329699989, "nll": 0.46281541150468863, "mse": 0.144139558932973, "N": 9633, "over_prob": 0.0, "under_prob": 0.11040935672514618, "over_counts": {"0": 4275}, "under_counts": {"0": 3803, "1": 428, "2": 29, "3": 9, "4": 3, "7": 1, "8": 1, "5": 1}, "avg_over_mag": 0.0, "avg_under_mag": 1.1546610169491525, "avg_over": 0.0, "avg_under": 1.1546610169491525}], [[0.8500000000000001, 0.9], {"acc": 0.8724521309450278, "nll": 0.38159925595460276, "mse": 0.11124892433255013, "N": 9714, "over_prob": 0.1095275798363684, "under_prob": 0.0, "over_counts": {"0": 3374, "1": 363, "2": 34, "3": 10, "4": 6, "5": 1, "6": 1}, "under_counts": {"0": 3789}, "avg_over_mag": 1.1951807228915663, "avg_under_mag": 0.0, "avg_over": 1.1951807228915663, "avg_under": 0.0}], [[0.9, 0.9500000000000001], {"acc": 0.9213213970495524, "nll": 0.2735983334720097, "mse": 0.0722353376582996, "N": 7931, "over_prob": 0.0, "under_prob": 0.0, "over_counts": {"0": 2570}, "under_counts": {"0": 2570}, "avg_over_mag": 0.0, "avg_under_mag": 0.0, "avg_over": 0.0, "avg_under": 0.0}], [[0.9500000000000001, 1.0], {"acc": 0.9583815028901734, "nll": 0.17291952894679352, "mse": 0.0398169473374255, "N": 865, "over_prob": 0.0, "under_prob": 0.0, "over_counts": {"0": 305}, "under_counts": {"0": 305}, "avg_over_mag": 0.0, "avg_under_mag": 0.0, "avg_over": 0.0, "avg_under": 0.0}]]}