{"acc": 0.7393102828110247, "auc": 0.7026221852024368, "nll": 0.5355434244994552, "mse": 0.1785960867766885}