{"auc": 0.7012373848190632, "over_prob": 0.015198178896625558, "under_prob": 0.006025709694697401, "over_counts": {"0": 14709, "1": 176, "2": 35, "3": 9, "4": 4, "5": 3}, "under_counts": {"0": 14846, "1": 63, "2": 16, "3": 5, "4": 3, "5": 2, "8": 1}, "avg_over_mag": 1.3392070484581498, "avg_under_mag": 1.5555555555555556, "avg_over": 1.3392070484581498, "avg_under": 1.5555555555555556, "acc": 0.6788104572332084, "nll": 0.5973881817198121, "mse": 0.20563317623427751, "metrics_by_prob": [[[0.0, 0.05], {"acc": 0.9779411764705882, "nll": 0.1322342781088923, "mse": 0.0272171069745162, "N": 544, "over_prob": 0.0, "under_prob": 0.0, "over_counts": {"0": 159}, "under_counts": {"0": 159}, "avg_over_mag": 0.0, "avg_under_mag": 0.0, "avg_over": 0.0, "avg_under": 0.0}], [[0.05, 0.1], {"acc": 0.9163688348820586, "nll": 0.29282474905018474, "mse": 0.07809106823054801, "N": 2798, "over_prob": 0.0, "under_prob": 0.0, "over_counts": {"0": 861}, "under_counts": {"0": 861}, "avg_over_mag": 0.0, "avg_under_mag": 0.0, "avg_over": 0.0, "avg_under": 0.0}], [[0.1, 0.15000000000000002], {"acc": 0.8783106657122405, "nll": 0.3798327278965043, "mse": 0.10962976814744077, "N": 5588, "over_prob": 0.0, "under_prob": 0.0, "over_counts": {"0": 1853}, "under_counts": {"0": 1853}, "avg_over_mag": 0.0, "avg_under_mag": 0.0, "avg_over": 0.0, "avg_under": 0.0}], [[0.15000000000000002, 0.2], {"acc": 0.8212318477716575, "nll": 0.47605572342041463, "mse": 0.14900875221145185, "N": 7988, "over_prob": 0.0, "under_prob": 0.0, "over_counts": {"0": 2816}, "under_counts": {"0": 2816}, "avg_over_mag": 0.0, "avg_under_mag": 0.0, "avg_over": 0.0, "avg_under": 0.0}], [[0.2, 0.25], {"acc": 0.7682373120774897, "nll": 0.547036209274648, "mse": 0.18030964884601147, "N": 9911, "over_prob": 0.0, "under_prob": 0.0, "over_counts": {"0": 3740}, "under_counts": {"0": 3740}, "avg_over_mag": 0.0, "avg_under_mag": 0.0, "avg_over": 0.0, "avg_under": 0.0}], [[0.25, 0.30000000000000004], {"acc": 0.719683236332411, "nll": 0.6022101101355182, "mse": 0.20545268062460717, "N": 10481, "over_prob": 0.0, "under_prob": 0.0, "over_counts": {"0": 4225}, "under_counts": {"0": 4225}, "avg_over_mag": 0.0, "avg_under_mag": 0.0, "avg_over": 0.0, "avg_under": 0.0}], [[0.30000000000000004, 0.35000000000000003], {"acc": 0.6728691476590636, "nll": 0.638807549336514, "mse": 0.22301573595910434, "N": 9996, "over_prob": 0.0, "under_prob": 0.0, "over_counts": {"0": 4368}, "under_counts": {"0": 4368}, "avg_over_mag": 0.0, "avg_under_mag": 0.0, "avg_over": 0.0, "avg_under": 0.0}], [[0.35000000000000003, 0.4], {"acc": 0.6067452521283563, "nll": 0.6735383747940993, "mse": 0.2400097752986758, "N": 9162, "over_prob": 0.0, "under_prob": 0.0, "over_counts": {"0": 4249}, "under_counts": {"0": 4249}, "avg_over_mag": 0.0, "avg_under_mag": 0.0, "avg_over": 0.0, "avg_under": 0.0}], [[0.4, 0.45], {"acc": 0.5513853904282116, "nll": 0.6943354086564838, "mse": 0.2502790892497197, "N": 7940, "over_prob": 0.0, "under_prob": 0.00025131942699174736, "over_counts": {"0": 3979}, "under_counts": {"0": 3978, "1": 1}, "avg_over_mag": 0.0, "avg_under_mag": 1.0, "avg_over": 0.0, "avg_under": 1.0}], [[0.45, 0.5], {"acc": 0.5140366430260047, "nll": 0.7021925211669571, "mse": 0.25426085807047116, "N": 6768, "over_prob": 0.0, "under_prob": 0.0002787068004459492, "over_counts": {"0": 3588}, "under_counts": {"0": 3587, "1": 1}, "avg_over_mag": 0.0, "avg_under_mag": 1.0, "avg_over": 0.0, "avg_under": 1.0}], [[0.5, 0.55], {"acc": 0.49833537760644825, "nll": 0.7041344486807106, "mse": 0.25529831077862636, "N": 5707, "over_prob": 0.0, "under_prob": 0.000315756236185627, "over_counts": {"0": 3167}, "under_counts": {"0": 3166, "1": 1}, "avg_over_mag": 0.0, "avg_under_mag": 1.0, "avg_over": 0.0, "avg_under": 1.0}], [[0.55, 0.6000000000000001], {"acc": 0.5372574955908289, "nll": 0.6948074393790873, "mse": 0.2506335425519629, "N": 4536, "over_prob": 0.0, "under_prob": 0.0007656967840734552, "over_counts": {"0": 2612}, "under_counts": {"0": 2610, "1": 2}, "avg_over_mag": 0.0, "avg_under_mag": 1.0, "avg_over": 0.0, "avg_under": 1.0}], [[0.6000000000000001, 0.65], {"acc": 0.595355587808418, "nll": 0.677618932798706, "mse": 0.24196131508703023, "N": 3445, "over_prob": 0.0, "under_prob": 0.0009519276534983856, "over_counts": {"0": 2101}, "under_counts": {"0": 2099, "1": 2}, "avg_over_mag": 0.0, "avg_under_mag": 1.0, "avg_over": 0.0, "avg_under": 1.0}], [[0.65, 0.7000000000000001], {"acc": 0.6633221850613155, "nll": 0.6435439175216474, "mse": 0.2254756438586311, "N": 2691, "over_prob": 0.0, "under_prob": 0.002955082742316817, "over_counts": {"0": 1692}, "under_counts": {"0": 1687, "1": 5}, "avg_over_mag": 0.0, "avg_under_mag": 1.0, "avg_over": 0.0, "avg_under": 1.0}], [[0.7000000000000001, 0.75], {"acc": 0.704225352112676, "nll": 0.619506748598029, "mse": 0.21355652058393756, "N": 1917, "over_prob": 0.0, "under_prob": 0.006354249404289081, "over_counts": {"0": 1259}, "under_counts": {"0": 1251, "1": 7, "2": 1}, "avg_over_mag": 0.0, "avg_under_mag": 1.125, "avg_over": 0.0, "avg_under": 1.125}], [[0.75, 0.8], {"acc": 0.7772549019607843, "nll": 0.5484650885165829, "mse": 0.18047383453080593, "N": 1275, "over_prob": 0.0, "under_prob": 0.02662037037037035, "over_counts": {"0": 864}, "under_counts": {"0": 841, "1": 19, "2": 4}, "avg_over_mag": 0.0, "avg_under_mag": 1.173913043478261, "avg_over": 0.0, "avg_under": 1.173913043478261}], [[0.8, 0.8500000000000001], {"acc": 0.8242424242424242, "nll": 0.47616649523098525, "mse": 0.14905694919530119, "N": 825, "over_prob": 0.0, "under_prob": 0.12361623616236161, "over_counts": {"0": 542}, "under_counts": {"0": 475, "1": 54, "2": 7, "3": 3, "4": 2, "7": 1}, "avg_over_mag": 0.0, "avg_under_mag": 1.373134328358209, "avg_over": 0.0, "avg_under": 1.373134328358209}], [[0.8500000000000001, 0.9], {"acc": 0.8637362637362638, "nll": 0.4039517936331047, "mse": 0.11981786991915226, "N": 455, "over_prob": 0.6454545454545455, "under_prob": 0.0, "over_counts": {"1": 172, "0": 117, "2": 32, "3": 6, "5": 2, "4": 1}, "under_counts": {"0": 330}, "avg_over_mag": 1.2582159624413145, "avg_under_mag": 0.0, "avg_over": 1.2582159624413145, "avg_under": 0.0}], [[0.9, 0.9500000000000001], {"acc": 0.9130434782608695, "nll": 0.30571647151934705, "mse": 0.0821868606611542, "N": 253, "over_prob": 0.20125786163522008, "under_prob": 0.0, "over_counts": {"0": 127, "1": 29, "2": 3}, "under_counts": {"0": 159}, "avg_over_mag": 1.09375, "avg_under_mag": 0.0, "avg_over": 1.09375, "avg_under": 0.0}], [[0.9500000000000001, 1.0], {"acc": 0.9482758620689655, "nll": 0.21666456549141822, "mse": 0.050417073229044755, "N": 58, "over_prob": 0.022727272727272707, "under_prob": 0.0, "over_counts": {"0": 43, "1": 1}, "under_counts": {"0": 44}, "avg_over_mag": 1.0, "avg_under_mag": 0.0, "avg_over": 1.0, "avg_under": 0.0}]]}