{"acc": 0.7484726120960116, "auc": 0.7184011441740488, "nll": 0.5201297480181771, "mse": 0.17248243642954447}