{"auc": 0.6376058814983818, "over_prob": 0.0018087855297157507, "under_prob": 0.004134366925064636, "over_counts": {"0": 15452, "1": 12, "2": 8, "5": 3, "3": 1, "8": 1, "11": 1, "6": 1, "4": 1}, "under_counts": {"0": 15416, "1": 36, "2": 15, "3": 7, "4": 4, "7": 1, "5": 1}, "avg_over_mag": 2.6785714285714284, "avg_under_mag": 1.796875, "avg_over": 2.6785714285714284, "avg_under": 1.796875, "acc": 0.6023536505494277, "nll": 0.659085221177146, "mse": 0.23362501737711822, "metrics_by_prob": [[[0.0, 0.05], {"acc": 0.9230769230769231, "nll": 0.2937108789882969, "mse": 0.0730352361956959, "N": 26, "over_prob": 0.0, "under_prob": 0.0, "over_counts": {"0": 7}, "under_counts": {"0": 7}, "avg_over_mag": 0.0, "avg_under_mag": 0.0, "avg_over": 0.0, "avg_under": 0.0}], [[0.05, 0.1], {"acc": 0.9772727272727273, "nll": 0.13041541717763316, "mse": 0.024308575191708717, "N": 44, "over_prob": 0.0, "under_prob": 0.0, "over_counts": {"0": 10}, "under_counts": {"0": 10}, "avg_over_mag": 0.0, "avg_under_mag": 0.0, "avg_over": 0.0, "avg_under": 0.0}], [[0.1, 0.15000000000000002], {"acc": 0.8496042216358839, "nll": 0.42518516872002116, "mse": 0.12818795589229068, "N": 379, "over_prob": 0.0, "under_prob": 0.0, "over_counts": {"0": 59}, "under_counts": {"0": 59}, "avg_over_mag": 0.0, "avg_under_mag": 0.0, "avg_over": 0.0, "avg_under": 0.0}], [[0.15000000000000002, 0.2], {"acc": 0.8449612403100775, "nll": 0.4350778655894939, "mse": 0.13210121778448303, "N": 258, "over_prob": 0.0, "under_prob": 0.0, "over_counts": {"0": 106}, "under_counts": {"0": 106}, "avg_over_mag": 0.0, "avg_under_mag": 0.0, "avg_over": 0.0, "avg_under": 0.0}], [[0.2, 0.25], {"acc": 0.7704280155642024, "nll": 0.5420370518406618, "mse": 0.1780604604452366, "N": 514, "over_prob": 0.0, "under_prob": 0.0, "over_counts": {"0": 178}, "under_counts": {"0": 178}, "avg_over_mag": 0.0, "avg_under_mag": 0.0, "avg_over": 0.0, "avg_under": 0.0}], [[0.25, 0.30000000000000004], {"acc": 0.7213375796178344, "nll": 0.5909561967342489, "mse": 0.20072001943525475, "N": 2512, "over_prob": 0.0, "under_prob": 0.0, "over_counts": {"0": 514}, "under_counts": {"0": 514}, "avg_over_mag": 0.0, "avg_under_mag": 0.0, "avg_over": 0.0, "avg_under": 0.0}], [[0.30000000000000004, 0.35000000000000003], {"acc": 0.6710695876288659, "nll": 0.6328851800473111, "mse": 0.22050749414403725, "N": 3104, "over_prob": 0.0, "under_prob": 0.0, "over_counts": {"0": 1089}, "under_counts": {"0": 1089}, "avg_over_mag": 0.0, "avg_under_mag": 0.0, "avg_over": 0.0, "avg_under": 0.0}], [[0.35000000000000003, 0.4], {"acc": 0.6194139194139194, "nll": 0.6644662387716168, "mse": 0.23580318347357565, "N": 5460, "over_prob": 0.0, "under_prob": 0.0, "over_counts": {"0": 2021}, "under_counts": {"0": 2021}, "avg_over_mag": 0.0, "avg_under_mag": 0.0, "avg_over": 0.0, "avg_under": 0.0}], [[0.4, 0.45], {"acc": 0.5786544645065546, "nll": 0.6814930746864847, "mse": 0.24418029620367063, "N": 8086, "over_prob": 0.0, "under_prob": 0.0, "over_counts": {"0": 2513}, "under_counts": {"0": 2513}, "avg_over_mag": 0.0, "avg_under_mag": 0.0, "avg_over": 0.0, "avg_under": 0.0}], [[0.45, 0.5], {"acc": 0.5256310980331423, "nll": 0.6915797708678757, "mse": 0.24921198556648538, "N": 12914, "over_prob": 0.0, "under_prob": 0.0, "over_counts": {"0": 3542}, "under_counts": {"0": 3542}, "avg_over_mag": 0.0, "avg_under_mag": 0.0, "avg_over": 0.0, "avg_under": 0.0}], [[0.5, 0.55], {"acc": 0.5218943917574055, "nll": 0.6931452706392836, "mse": 0.24998780286075656, "N": 17082, "over_prob": 0.0, "under_prob": 0.0, "over_counts": {"0": 3441}, "under_counts": {"0": 3441}, "avg_over_mag": 0.0, "avg_under_mag": 0.0, "avg_over": 0.0, "avg_under": 0.0}], [[0.55, 0.6000000000000001], {"acc": 0.5752909368755142, "nll": 0.6830250235196917, "mse": 0.24492042980825388, "N": 17014, "over_prob": 0.0, "under_prob": 0.0, "over_counts": {"0": 3120}, "under_counts": {"0": 3120}, "avg_over_mag": 0.0, "avg_under_mag": 0.0, "avg_over": 0.0, "avg_under": 0.0}], [[0.6000000000000001, 0.65], {"acc": 0.6183278631888064, "nll": 0.66574866637268, "mse": 0.23639590532972438, "N": 11578, "over_prob": 0.0, "under_prob": 0.0, "over_counts": {"0": 2917}, "under_counts": {"0": 2917}, "avg_over_mag": 0.0, "avg_under_mag": 0.0, "avg_over": 0.0, "avg_under": 0.0}], [[0.65, 0.7000000000000001], {"acc": 0.6668792245887004, "nll": 0.6367836133655593, "mse": 0.22231476808653988, "N": 7841, "over_prob": 0.0, "under_prob": 0.0, "over_counts": {"0": 2279}, "under_counts": {"0": 2279}, "avg_over_mag": 0.0, "avg_under_mag": 0.0, "avg_over": 0.0, "avg_under": 0.0}], [[0.7000000000000001, 0.75], {"acc": 0.7337198067632851, "nll": 0.5793393214085717, "mse": 0.19530017246179804, "N": 5175, "over_prob": 0.0, "under_prob": 0.000685871056241405, "over_counts": {"0": 1458}, "under_counts": {"0": 1457, "1": 1}, "avg_over_mag": 0.0, "avg_under_mag": 1.0, "avg_over": 0.0, "avg_under": 1.0}], [[0.75, 0.8], {"acc": 0.7622094981475244, "nll": 0.5488115673880031, "mse": 0.18132850401721737, "N": 2969, "over_prob": 0.0, "under_prob": 0.007528230865746499, "over_counts": {"0": 797}, "under_counts": {"0": 791, "1": 3, "2": 1, "5": 1, "3": 1}, "avg_over_mag": 0.0, "avg_under_mag": 2.1666666666666665, "avg_over": 0.0, "avg_under": 2.1666666666666665}], [[0.8, 0.8500000000000001], {"acc": 0.827033218785796, "nll": 0.45981019416699, "mse": 0.14287701534299624, "N": 873, "over_prob": 0.0, "under_prob": 0.18971061093247588, "over_counts": {"0": 311}, "under_counts": {"0": 252, "1": 35, "2": 13, "3": 7, "4": 3, "7": 1}, "avg_over_mag": 0.0, "avg_under_mag": 1.7118644067796611, "avg_over": 0.0, "avg_under": 1.7118644067796611}], [[0.8500000000000001, 0.9], {"acc": 0.8559322033898306, "nll": 0.40034835287286, "mse": 0.12039820536102247, "N": 236, "over_prob": 0.345679012345679, "under_prob": 0.0, "over_counts": {"0": 53, "1": 12, "2": 8, "5": 3, "3": 1, "8": 1, "11": 1, "6": 1, "4": 1}, "under_counts": {"0": 81}, "avg_over_mag": 2.6785714285714284, "avg_under_mag": 0.0, "avg_over": 2.6785714285714284, "avg_under": 0.0}], [[0.9, 0.9500000000000001], {"acc": 0.9431818181818182, "nll": 0.23400746192105473, "mse": 0.05617037032970504, "N": 88, "over_prob": 0.0, "under_prob": 0.0, "over_counts": {"0": 20}, "under_counts": {"0": 20}, "avg_over_mag": 0.0, "avg_under_mag": 0.0, "avg_over": 0.0, "avg_under": 0.0}], [[0.9500000000000001, 1.0], {"acc": 0.9473684210526315, "nll": 0.20491342851565897, "mse": 0.04977062497422487, "N": 38, "over_prob": 0.0, "under_prob": 0.0, "over_counts": {"0": 4}, "under_counts": {"0": 4}, "avg_over_mag": 0.0, "avg_under_mag": 0.0, "avg_over": 0.0, "avg_under": 0.0}]]}