{"auc": 0.7164693127486038, "over_prob": 0.23844175740001095, "under_prob": 0.22011270996334187, "over_counts": {"0": 27838, "1": 5806, "2": 1749, "3": 652, "4": 215, "5": 125, "6": 61, "7": 31, "9": 21, "8": 21, "10": 12, "13": 5, "11": 5, "15": 4, "12": 3, "20": 3, "14": 2, "16": 1}, "under_counts": {"0": 28508, "1": 5576, "2": 1442, "3": 503, "4": 224, "5": 113, "6": 74, "7": 32, "8": 24, "9": 18, "10": 12, "13": 7, "12": 6, "11": 4, "20": 3, "14": 3, "16": 2, "18": 2, "17": 1}, "avg_over_mag": 1.6205828361633776, "avg_under_mag": 1.6114839671886652, "avg_over": 1.6205828361633776, "avg_under": 1.6114839671886652, "acc": 0.7984721455733045, "nll": 0.4649720903229914, "mse": 0.14866102687950586, "metrics_by_prob": [[[0.0, 0.05], {"acc": 0.9896907216494846, "nll": 0.04573610531179708, "mse": 0.009824981822768872, "N": 291, "over_prob": 0.0, "under_prob": 0.0, "over_counts": {"0": 94}, "under_counts": {"0": 94}, "avg_over_mag": 0.0, "avg_under_mag": 0.0, "avg_over": 0.0, "avg_under": 0.0}], [[0.05, 0.1], {"acc": 0.9457627118644067, "nll": 0.22139154480698017, "mse": 0.05307115669232335, "N": 295, "over_prob": 0.0, "under_prob": 0.0, "over_counts": {"0": 259}, "under_counts": {"0": 259}, "avg_over_mag": 0.0, "avg_under_mag": 0.0, "avg_over": 0.0, "avg_under": 0.0}], [[0.1, 0.15000000000000002], {"acc": 0.8834745762711864, "nll": 0.3663186246553214, "mse": 0.10457544832799605, "N": 472, "over_prob": 0.0, "under_prob": 0.0, "over_counts": {"0": 395}, "under_counts": {"0": 395}, "avg_over_mag": 0.0, "avg_under_mag": 0.0, "avg_over": 0.0, "avg_under": 0.0}], [[0.15000000000000002, 0.2], {"acc": 0.8369230769230769, "nll": 0.45447241236968744, "mse": 0.1397892278697802, "N": 650, "over_prob": 0.0, "under_prob": 0.0, "over_counts": {"0": 558}, "under_counts": {"0": 558}, "avg_over_mag": 0.0, "avg_under_mag": 0.0, "avg_over": 0.0, "avg_under": 0.0}], [[0.2, 0.25], {"acc": 0.7699680511182109, "nll": 0.5513048421999192, "mse": 0.1812816314079599, "N": 939, "over_prob": 0.0, "under_prob": 0.0, "over_counts": {"0": 830}, "under_counts": {"0": 830}, "avg_over_mag": 0.0, "avg_under_mag": 0.0, "avg_over": 0.0, "avg_under": 0.0}], [[0.25, 0.30000000000000004], {"acc": 0.7175697865353038, "nll": 0.6025240424964546, "mse": 0.20583486419770508, "N": 1218, "over_prob": 0.0, "under_prob": 0.0, "over_counts": {"0": 1088}, "under_counts": {"0": 1088}, "avg_over_mag": 0.0, "avg_under_mag": 0.0, "avg_over": 0.0, "avg_under": 0.0}], [[0.30000000000000004, 0.35000000000000003], {"acc": 0.6673076923076923, "nll": 0.6386342454537717, "mse": 0.22320046104929173, "N": 1560, "over_prob": 0.0, "under_prob": 0.0, "over_counts": {"0": 1367}, "under_counts": {"0": 1367}, "avg_over_mag": 0.0, "avg_under_mag": 0.0, "avg_over": 0.0, "avg_under": 0.0}], [[0.35000000000000003, 0.4], {"acc": 0.6250604741170779, "nll": 0.664456183765394, "mse": 0.23569327615359204, "N": 2067, "over_prob": 0.0, "under_prob": 0.0, "over_counts": {"0": 1791}, "under_counts": {"0": 1791}, "avg_over_mag": 0.0, "avg_under_mag": 0.0, "avg_over": 0.0, "avg_under": 0.0}], [[0.4, 0.45], {"acc": 0.5453632407097422, "nll": 0.6914194865351251, "mse": 0.24900931592303444, "N": 2987, "over_prob": 0.0, "under_prob": 0.0, "over_counts": {"0": 2563}, "under_counts": {"0": 2563}, "avg_over_mag": 0.0, "avg_under_mag": 0.0, "avg_over": 0.0, "avg_under": 0.0}], [[0.45, 0.5], {"acc": 0.4994340049807562, "nll": 0.702790900467232, "mse": 0.25460836803013487, "N": 4417, "over_prob": 0.0, "under_prob": 0.0, "over_counts": {"0": 3574}, "under_counts": {"0": 3574}, "avg_over_mag": 0.0, "avg_under_mag": 0.0, "avg_over": 0.0, "avg_under": 0.0}], [[0.5, 0.55], {"acc": 0.5159863945578231, "nll": 0.6997790862663874, "mse": 0.25309424256645785, "N": 5880, "over_prob": 0.0, "under_prob": 0.0, "over_counts": {"0": 4592}, "under_counts": {"0": 4592}, "avg_over_mag": 0.0, "avg_under_mag": 0.0, "avg_over": 0.0, "avg_under": 0.0}], [[0.55, 0.6000000000000001], {"acc": 0.5681131391272816, "nll": 0.6904412233697866, "mse": 0.24818083860572546, "N": 8273, "over_prob": 0.0, "under_prob": 0.0, "over_counts": {"0": 6010}, "under_counts": {"0": 6010}, "avg_over_mag": 0.0, "avg_under_mag": 0.0, "avg_over": 0.0, "avg_under": 0.0}], [[0.6000000000000001, 0.65], {"acc": 0.6231531374934817, "nll": 0.6675126726562095, "mse": 0.2368958096716677, "N": 11506, "over_prob": 0.0, "under_prob": 0.0006284565108094498, "over_counts": {"0": 7956}, "under_counts": {"0": 7951, "1": 5}, "avg_over_mag": 0.0, "avg_under_mag": 1.0, "avg_over": 0.0, "avg_under": 1.0}], [[0.65, 0.7000000000000001], {"acc": 0.6788285239648065, "nll": 0.634995686108212, "mse": 0.2209348833982941, "N": 16253, "over_prob": 0.0, "under_prob": 0.004166253347882121, "over_counts": {"0": 10081}, "under_counts": {"0": 10039, "1": 42}, "avg_over_mag": 0.0, "avg_under_mag": 1.0, "avg_over": 0.0, "avg_under": 1.0}], [[0.7000000000000001, 0.75], {"acc": 0.7320563818747838, "nll": 0.5866352999851046, "mse": 0.1981792332714228, "N": 23128, "over_prob": 0.0, "under_prob": 0.02084978676354443, "over_counts": {"0": 12662}, "under_counts": {"0": 12398, "1": 256, "2": 6, "4": 1, "3": 1}, "avg_over_mag": 0.0, "avg_under_mag": 1.0416666666666667, "avg_over": 0.0, "avg_under": 1.0416666666666667}], [[0.75, 0.8], {"acc": 0.7766335550897658, "nll": 0.5367910785664813, "mse": 0.17535978933494106, "N": 32919, "over_prob": 0.0, "under_prob": 0.09835957137187457, "over_counts": {"0": 15118}, "under_counts": {"0": 13631, "1": 1318, "2": 137, "3": 26, "4": 6}, "avg_over_mag": 0.0, "avg_under_mag": 1.1392064559515804, "avg_over": 0.0, "avg_under": 1.1392064559515804}], [[0.8, 0.8500000000000001], {"acc": 0.8247543232364118, "nll": 0.46811267262324296, "mse": 0.14572527642124172, "N": 44469, "over_prob": 0.0, "under_prob": 0.4163951594135443, "over_counts": {"0": 17188}, "under_counts": {"0": 10031, "1": 5143, "2": 1230, "3": 388, "4": 191, "5": 80, "6": 50, "7": 22, "8": 16, "10": 8, "9": 8, "11": 5, "13": 5, "12": 3, "14": 3, "16": 2, "20": 2, "15": 1}, "avg_over_mag": 0.0, "avg_under_mag": 1.529970658096968, "avg_over": 0.0, "avg_under": 1.529970658096968}], [[0.8500000000000001, 0.9], {"acc": 0.8751308850686313, "nll": 0.3799360419797543, "mse": 0.11011083009120012, "N": 52527, "over_prob": 0.4800601086579587, "under_prob": 0.0, "over_counts": {"0": 8996, "1": 5644, "2": 1649, "3": 564, "4": 202, "5": 99, "6": 56, "8": 27, "7": 23, "9": 12, "10": 12, "15": 5, "13": 4, "12": 3, "11": 3, "14": 1, "20": 1, "19": 1}, "under_counts": {"0": 17302}, "avg_over_mag": 1.5804237900313027, "avg_under_mag": 0.0, "avg_over": 1.5804237900313027, "avg_under": 0.0}], [[0.9, 0.9500000000000001], {"acc": 0.9212576644691347, "nll": 0.2772348041124953, "mse": 0.07286601750989115, "N": 43382, "over_prob": 0.06671179302045727, "under_prob": 0.0, "over_counts": {"0": 12409, "1": 798, "2": 78, "3": 10, "5": 1}, "under_counts": {"0": 13296}, "avg_over_mag": 1.1149943630214205, "avg_under_mag": 0.0, "avg_over": 1.1149943630214205, "avg_under": 0.0}], [[0.9500000000000001, 1.0], {"acc": 0.9629891352354032, "nll": 0.15953652730807225, "mse": 0.03587862074001622, "N": 11321, "over_prob": 0.0019685039370078705, "under_prob": 0.0, "over_counts": {"0": 4563, "1": 9}, "under_counts": {"0": 4572}, "avg_over_mag": 1.0, "avg_under_mag": 0.0, "avg_over": 1.0, "avg_under": 0.0}]]}