{"auc": 0.6327008063212259, "over_prob": 0.19404630650496146, "under_prob": 0.3797133406835722, "over_counts": {"0": 3655, "1": 472, "2": 203, "3": 92, "4": 44, "5": 24, "6": 18, "8": 6, "7": 6, "10": 4, "12": 3, "16": 2, "9": 2, "11": 1, "35": 1, "19": 1, "13": 1}, "under_counts": {"0": 2813, "1": 936, "2": 383, "3": 166, "4": 80, "5": 30, "6": 26, "8": 17, "7": 15, "10": 13, "9": 13, "11": 7, "14": 6, "16": 5, "15": 5, "18": 5, "17": 4, "12": 4, "13": 2, "19": 2, "21": 1, "20": 1, "25": 1}, "avg_over_mag": 2.1045454545454545, "avg_under_mag": 2.303135888501742, "avg_over": 2.1045454545454545, "avg_under": 2.303135888501742, "acc": 0.7884211487535385, "nll": 0.5014740599285207, "mse": 0.16123965616233277, "metrics_by_prob": [[[0.0, 0.05], {"acc": NaN, "nll": NaN, "mse": NaN, "N": 0}], [[0.05, 0.1], {"acc": NaN, "nll": NaN, "mse": NaN, "N": 0}], [[0.1, 0.15000000000000002], {"acc": 0.7142857142857143, "nll": 0.7833485856581135, "mse": 0.24401249068035824, "N": 21, "over_prob": 0.0, "under_prob": 0.0, "over_counts": {"0": 21}, "under_counts": {"0": 21}, "avg_over_mag": 0.0, "avg_under_mag": 0.0, "avg_over": 0.0, "avg_under": 0.0}], [[0.15000000000000002, 0.2], {"acc": NaN, "nll": NaN, "mse": NaN, "N": 0}], [[0.2, 0.25], {"acc": 0.7333333333333333, "nll": 0.6393015287333293, "mse": 0.20955041986861078, "N": 15, "over_prob": 0.0, "under_prob": 0.0, "over_counts": {"0": 15}, "under_counts": {"0": 15}, "avg_over_mag": 0.0, "avg_under_mag": 0.0, "avg_over": 0.0, "avg_under": 0.0}], [[0.25, 0.30000000000000004], {"acc": 0.6551724137931034, "nll": 0.7015902808744272, "mse": 0.24837435409651934, "N": 29, "over_prob": 0.0, "under_prob": 0.0, "over_counts": {"0": 29}, "under_counts": {"0": 29}, "avg_over_mag": 0.0, "avg_under_mag": 0.0, "avg_over": 0.0, "avg_under": 0.0}], [[0.30000000000000004, 0.35000000000000003], {"acc": 0.56, "nll": 0.6729879628055229, "mse": 0.2409867323839215, "N": 25, "over_prob": 0.0, "under_prob": 0.0, "over_counts": {"0": 25}, "under_counts": {"0": 25}, "avg_over_mag": 0.0, "avg_under_mag": 0.0, "avg_over": 0.0, "avg_under": 0.0}], [[0.35000000000000003, 0.4], {"acc": 0.680672268907563, "nll": 0.6448678938829592, "mse": 0.22610173808020312, "N": 119, "over_prob": 0.0, "under_prob": 0.0, "over_counts": {"0": 119}, "under_counts": {"0": 119}, "avg_over_mag": 0.0, "avg_under_mag": 0.0, "avg_over": 0.0, "avg_under": 0.0}], [[0.4, 0.45], {"acc": 0.5151515151515151, "nll": 0.7349618055222497, "mse": 0.2688171266660405, "N": 66, "over_prob": 0.0, "under_prob": 0.0, "over_counts": {"0": 63}, "under_counts": {"0": 63}, "avg_over_mag": 0.0, "avg_under_mag": 0.0, "avg_over": 0.0, "avg_under": 0.0}], [[0.45, 0.5], {"acc": 0.4957627118644068, "nll": 0.7204360721311103, "mse": 0.26282947156164255, "N": 236, "over_prob": 0.0, "under_prob": 0.0, "over_counts": {"0": 227}, "under_counts": {"0": 227}, "avg_over_mag": 0.0, "avg_under_mag": 0.0, "avg_over": 0.0, "avg_under": 0.0}], [[0.5, 0.55], {"acc": 0.55, "nll": 0.6819700465081818, "mse": 0.24432143940909676, "N": 340, "over_prob": 0.0, "under_prob": 0.0, "over_counts": {"0": 338}, "under_counts": {"0": 338}, "avg_over_mag": 0.0, "avg_under_mag": 0.0, "avg_over": 0.0, "avg_under": 0.0}], [[0.55, 0.6000000000000001], {"acc": 0.5608391608391609, "nll": 0.6920918807121949, "mse": 0.24859174219570085, "N": 715, "over_prob": 0.0, "under_prob": 0.0, "over_counts": {"0": 602}, "under_counts": {"0": 602}, "avg_over_mag": 0.0, "avg_under_mag": 0.0, "avg_over": 0.0, "avg_under": 0.0}], [[0.6000000000000001, 0.65], {"acc": 0.5963375796178344, "nll": 0.694800841030448, "mse": 0.24854127280132546, "N": 1256, "over_prob": 0.0, "under_prob": 0.008111239860950192, "over_counts": {"0": 863}, "under_counts": {"0": 856, "1": 7}, "avg_over_mag": 0.0, "avg_under_mag": 1.0, "avg_over": 0.0, "avg_under": 1.0}], [[0.65, 0.7000000000000001], {"acc": 0.6548059149722736, "nll": 0.6534878721252755, "mse": 0.22925780561923303, "N": 2164, "over_prob": 0.0, "under_prob": 0.024553571428571397, "over_counts": {"0": 1344}, "under_counts": {"0": 1311, "1": 31, "2": 1, "3": 1}, "avg_over_mag": 0.0, "avg_under_mag": 1.0909090909090908, "avg_over": 0.0, "avg_under": 1.0909090909090908}], [[0.7000000000000001, 0.75], {"acc": 0.7335061941803515, "nll": 0.5948175133947433, "mse": 0.2011718164120663, "N": 3471, "over_prob": 0.0, "under_prob": 0.10276243093922655, "over_counts": {"0": 1810}, "under_counts": {"0": 1624, "1": 177, "2": 8, "3": 1}, "avg_over_mag": 0.0, "avg_under_mag": 1.053763440860215, "avg_over": 0.0, "avg_under": 1.053763440860215}], [[0.75, 0.8], {"acc": 0.7773549000951475, "nll": 0.5410961734464237, "mse": 0.17652387445371506, "N": 8408, "over_prob": 0.0, "under_prob": 0.3463162834350071, "over_counts": {"0": 2131}, "under_counts": {"0": 1393, "1": 546, "2": 115, "3": 39, "4": 17, "6": 5, "8": 4, "7": 2, "5": 2, "9": 2, "10": 2, "18": 1, "13": 1, "12": 1, "15": 1}, "avg_over_mag": 0.0, "avg_under_mag": 1.548780487804878, "avg_over": 0.0, "avg_under": 1.548780487804878}], [[0.8, 0.8500000000000001], {"acc": 0.8252126836813611, "nll": 0.47310120116473986, "mse": 0.14681105704941919, "N": 6465, "over_prob": 0.0, "under_prob": 0.6597300337457818, "over_counts": {"0": 1778}, "under_counts": {"1": 662, "0": 605, "2": 273, "3": 105, "4": 34, "7": 17, "6": 16, "5": 13, "8": 12, "9": 8, "16": 7, "13": 6, "10": 4, "11": 3, "14": 3, "15": 3, "18": 2, "17": 1, "20": 1, "12": 1, "19": 1, "23": 1}, "avg_over_mag": 0.0, "avg_under_mag": 2.2028985507246377, "avg_over": 0.0, "avg_under": 2.2028985507246377}], [[0.8500000000000001, 0.9], {"acc": 0.8724373576309795, "nll": 0.39060228796671065, "mse": 0.11288564516715703, "N": 6585, "over_prob": 0.5497037524687294, "under_prob": 0.0, "over_counts": {"0": 684, "1": 457, "2": 191, "3": 82, "4": 42, "5": 23, "6": 17, "7": 6, "10": 4, "8": 4, "12": 2, "16": 2, "35": 1, "11": 1, "19": 1, "9": 1, "13": 1}, "under_counts": {"0": 1519}, "avg_over_mag": 2.068263473053892, "avg_under_mag": 0.0, "avg_over": 2.068263473053892, "avg_under": 0.0}], [[0.9, 0.9500000000000001], {"acc": 0.9156987635818659, "nll": 0.2957201455829759, "mse": 0.07794072580790924, "N": 2669, "over_prob": 0.15088757396449703, "under_prob": 0.0, "over_counts": {"0": 574, "1": 86, "2": 13, "4": 2, "3": 1}, "under_counts": {"0": 676}, "avg_over_mag": 1.2058823529411764, "avg_under_mag": 0.0, "avg_over": 1.2058823529411764, "avg_under": 0.0}], [[0.9500000000000001, 1.0], {"acc": 0.9330855018587361, "nll": 0.2556625316322275, "mse": 0.06301898724237348, "N": 269, "over_prob": 0.016528925619834656, "under_prob": 0.0, "over_counts": {"0": 119, "1": 2}, "under_counts": {"0": 121}, "avg_over_mag": 1.0, "avg_under_mag": 0.0, "avg_over": 1.0, "avg_under": 0.0}]]}