{"over_prob": 0.08958268933539415, "under_prob": 0.01174652241112828, "over_counts": {"0": 14726, "1": 642, "2": 308, "3": 175, "4": 105, "5": 53, "6": 52, "7": 37, "8": 21, "9": 15, "10": 9, "12": 6, "13": 5, "17": 4, "14": 4, "16": 3, "11": 3, "15": 3, "19": 1, "18": 1, "23": 1, "22": 1}, "under_counts": {"0": 15985, "1": 136, "2": 28, "3": 11, "4": 5, "5": 4, "8": 2, "9": 1, "7": 1, "14": 1, "6": 1}, "avg_over_mag": 2.6922015182884746, "avg_under_mag": 1.668421052631579, "avg_over": 2.6922015182884746, "avg_under": 1.668421052631579, "acc": 0.6237036084683295, "auc": 0.658766047387833, "nll": 0.6444233178582097, "mse": 0.22740707993208303, "metrics_by_prob": [[[0.0, 0.05], {"acc": 0.9474509803921569, "nll": 0.17355920146466314, "mse": 0.041016349512225346, "N": 2550, "over_prob": 0.0, "under_prob": 0.0, "over_counts": {"0": 630}, "under_counts": {"0": 630}, "avg_over_mag": 0.0, "avg_under_mag": 0.0, "avg_over": 0.0, "avg_under": 0.0}], [[0.05, 0.1], {"acc": 0.8819444444444444, "nll": 0.426014730255281, "mse": 0.12605081145106314, "N": 1008, "over_prob": 0.0, "under_prob": 0.0, "over_counts": {"0": 405}, "under_counts": {"0": 405}, "avg_over_mag": 0.0, "avg_under_mag": 0.0, "avg_over": 0.0, "avg_under": 0.0}], [[0.1, 0.15000000000000002], {"acc": 0.8045363575717145, "nll": 0.53594758252284, "mse": 0.17597445187267421, "N": 1499, "over_prob": 0.0, "under_prob": 0.0, "over_counts": {"0": 635}, "under_counts": {"0": 635}, "avg_over_mag": 0.0, "avg_under_mag": 0.0, "avg_over": 0.0, "avg_under": 0.0}], [[0.15000000000000002, 0.2], {"acc": 0.7201074787281684, "nll": 0.6175189677965434, "mse": 0.21096734389218255, "N": 2233, "over_prob": 0.0, "under_prob": 0.0, "over_counts": {"0": 1055}, "under_counts": {"0": 1055}, "avg_over_mag": 0.0, "avg_under_mag": 0.0, "avg_over": 0.0, "avg_under": 0.0}], [[0.2, 0.25], {"acc": 0.6324225865209472, "nll": 0.6589113046733969, "mse": 0.23226032268256927, "N": 2745, "over_prob": 0.0, "under_prob": 0.0, "over_counts": {"0": 1432}, "under_counts": {"0": 1432}, "avg_over_mag": 0.0, "avg_under_mag": 0.0, "avg_over": 0.0, "avg_under": 0.0}], [[0.25, 0.30000000000000004], {"acc": 0.5636523266022827, "nll": 0.6834706690845136, "mse": 0.24521799864448446, "N": 3417, "over_prob": 0.0, "under_prob": 0.0, "over_counts": {"0": 1864}, "under_counts": {"0": 1864}, "avg_over_mag": 0.0, "avg_under_mag": 0.0, "avg_over": 0.0, "avg_under": 0.0}], [[0.30000000000000004, 0.35000000000000003], {"acc": 0.5262421273617914, "nll": 0.6970112091761819, "mse": 0.251603920424352, "N": 4287, "over_prob": 0.0, "under_prob": 0.0, "over_counts": {"0": 2361}, "under_counts": {"0": 2361}, "avg_over_mag": 0.0, "avg_under_mag": 0.0, "avg_over": 0.0, "avg_under": 0.0}], [[0.35000000000000003, 0.4], {"acc": 0.4921135646687697, "nll": 0.7063603705082944, "mse": 0.25618783316985777, "N": 5072, "over_prob": 0.0, "under_prob": 0.00035211267605639307, "over_counts": {"0": 2840}, "under_counts": {"0": 2839, "1": 1}, "avg_over_mag": 0.0, "avg_under_mag": 1.0, "avg_over": 0.0, "avg_under": 1.0}], [[0.4, 0.45], {"acc": 0.4879480840543881, "nll": 0.7107897467793708, "mse": 0.2581945159937163, "N": 6472, "over_prob": 0.0, "under_prob": 0.0011305822498586249, "over_counts": {"0": 3538}, "under_counts": {"0": 3534, "1": 4}, "avg_over_mag": 0.0, "avg_under_mag": 1.0, "avg_over": 0.0, "avg_under": 1.0}], [[0.45, 0.5], {"acc": 0.4862611073137389, "nll": 0.709075422874146, "mse": 0.2574739138959021, "N": 7315, "over_prob": 0.0, "under_prob": 0.00025271670457416295, "over_counts": {"0": 3957}, "under_counts": {"0": 3956, "1": 1}, "avg_over_mag": 0.0, "avg_under_mag": 1.0, "avg_over": 0.0, "avg_under": 1.0}], [[0.5, 0.55], {"acc": 0.5145207528355976, "nll": 0.7023633050764653, "mse": 0.2541827189642697, "N": 8023, "over_prob": 0.0, "under_prob": 0.0023657440264963636, "over_counts": {"0": 4227}, "under_counts": {"0": 4217, "1": 9, "2": 1}, "avg_over_mag": 0.0, "avg_under_mag": 1.1, "avg_over": 0.0, "avg_under": 1.1}], [[0.55, 0.6000000000000001], {"acc": 0.5527218664226898, "nll": 0.692585605548922, "mse": 0.24930594427023856, "N": 8744, "over_prob": 0.0, "under_prob": 0.0024836306163920074, "over_counts": {"0": 4429}, "under_counts": {"0": 4418, "1": 10, "2": 1}, "avg_over_mag": 0.0, "avg_under_mag": 1.0909090909090908, "avg_over": 0.0, "avg_under": 1.0909090909090908}], [[0.6000000000000001, 0.65], {"acc": 0.6023064250411861, "nll": 0.6792310876965639, "mse": 0.2424917984411985, "N": 9105, "over_prob": 0.0, "under_prob": 0.005271249725455784, "over_counts": {"0": 4553}, "under_counts": {"0": 4529, "1": 20, "2": 4}, "avg_over_mag": 0.0, "avg_under_mag": 1.1666666666666667, "avg_over": 0.0, "avg_under": 1.1666666666666667}], [[0.65, 0.7000000000000001], {"acc": 0.6400509908448256, "nll": 0.6610391922940438, "mse": 0.23388752269567295, "N": 8629, "over_prob": 0.0, "under_prob": 0.007137758743754441, "over_counts": {"0": 4203}, "under_counts": {"0": 4173, "1": 26, "3": 3, "2": 1}, "avg_over_mag": 0.0, "avg_under_mag": 1.2333333333333334, "avg_over": 0.0, "avg_under": 1.2333333333333334}], [[0.7000000000000001, 0.75], {"acc": 0.6911049796347392, "nll": 0.6379257125810498, "mse": 0.22260575397928997, "N": 7611, "over_prob": 0.0, "under_prob": 0.009436505796710737, "over_counts": {"0": 3709}, "under_counts": {"0": 3674, "1": 31, "2": 3, "3": 1}, "avg_over_mag": 0.0, "avg_under_mag": 1.1428571428571428, "avg_over": 0.0, "avg_under": 1.1428571428571428}], [[0.75, 0.8], {"acc": 0.750412677451304, "nll": 0.6028867480748515, "mse": 0.20609639130996865, "N": 6058, "over_prob": 0.0, "under_prob": 0.014686248331108098, "over_counts": {"0": 2996}, "under_counts": {"0": 2952, "1": 35, "2": 4, "3": 4, "4": 1}, "avg_over_mag": 0.0, "avg_under_mag": 1.3409090909090908, "avg_over": 0.0, "avg_under": 1.3409090909090908}], [[0.8, 0.8500000000000001], {"acc": 0.8083465638466772, "nll": 0.5539372453543363, "mse": 0.18336301489409706, "N": 4409, "over_prob": 0.0, "under_prob": 0.03604868913857673, "over_counts": {"0": 2136}, "under_counts": {"0": 2059, "1": 58, "2": 8, "3": 6, "4": 2, "8": 1, "10": 1, "6": 1}, "avg_over_mag": 0.0, "avg_under_mag": 1.6103896103896105, "avg_over": 0.0, "avg_under": 1.6103896103896105}], [[0.8500000000000001, 0.9], {"acc": 0.8515797207935342, "nll": 0.522477485036735, "mse": 0.16865212666152968, "N": 2722, "over_prob": 0.9745019920318725, "under_prob": 0.0, "over_counts": {"1": 642, "2": 264, "3": 142, "4": 70, "5": 40, "0": 32, "6": 22, "7": 15, "8": 11, "9": 5, "13": 3, "10": 3, "12": 2, "18": 1, "11": 1, "17": 1, "16": 1}, "under_counts": {"0": 1255}, "avg_over_mag": 2.126737530662306, "avg_under_mag": 0.0, "avg_over": 2.126737530662306, "avg_under": 0.0}], [[0.9, 0.9500000000000001], {"acc": 0.9080267558528428, "nll": 0.4501852599019153, "mse": 0.1379656675486259, "N": 1196, "over_prob": 0.9565217391304348, "under_prob": 0.0, "over_counts": {"1": 311, "2": 129, "3": 76, "0": 26, "4": 24, "5": 13, "6": 9, "7": 7, "9": 1, "10": 1, "8": 1}, "under_counts": {"0": 598}, "avg_over_mag": 1.902097902097902, "avg_under_mag": 0.0, "avg_over": 1.902097902097902, "avg_under": 0.0}], [[0.9500000000000001, 1.0], {"acc": 0.9294605809128631, "nll": 0.4215949749402203, "mse": 0.12513057496592203, "N": 241, "over_prob": 0.9130434782608696, "under_prob": 0.0, "over_counts": {"1": 102, "2": 30, "0": 14, "3": 10, "4": 5}, "under_counts": {"0": 161}, "avg_over_mag": 1.4421768707482994, "avg_under_mag": 0.0, "avg_over": 1.4421768707482994, "avg_under": 0.0}]]}