{"over_prob": 0.5015634160641, "under_prob": 0.5100644909126442, "over_counts": {"0": 5101, "1": 1817, "2": 1083, "3": 657, "4": 413, "5": 279, "6": 196, "7": 131, "8": 118, "9": 73, "10": 67, "11": 49, "12": 45, "13": 27, "14": 25, "16": 16, "15": 16, "17": 14, "20": 11, "18": 9, "21": 9, "19": 8, "22": 6, "32": 5, "23": 4, "29": 4, "24": 4, "31": 4, "36": 4, "26": 3, "25": 3, "38": 3, "28": 3, "37": 3, "35": 2, "46": 2, "40": 2, "43": 2, "59": 2, "53": 1, "88": 1, "66": 1, "58": 1, "27": 1, "54": 1, "30": 1, "90": 1, "34": 1, "39": 1, "47": 1, "78": 1, "45": 1, "97": 1}, "under_counts": {"0": 5014, "1": 2298, "2": 1113, "3": 569, "4": 375, "5": 246, "6": 175, "7": 104, "8": 56, "10": 52, "11": 43, "9": 42, "12": 31, "13": 28, "15": 15, "16": 15, "14": 13, "17": 9, "20": 5, "19": 4, "18": 4, "22": 3, "29": 2, "25": 2, "56": 1, "39": 1, "69": 1, "65": 1, "28": 1, "97": 1, "23": 1, "50": 1, "64": 1, "33": 1, "24": 1, "34": 1, "54": 1, "44": 1, "30": 1, "32": 1}, "avg_over_mag": 3.736606273134619, "avg_under_mag": 2.9229885057471265, "avg_over": 3.736606273134619, "avg_under": 2.9229885057471265, "acc": 0.8761164638863492, "auc": 0.634108646730228, "nll": 0.41620964127916904, "mse": 0.10382291862609895, "metrics_by_prob": [[[0.0, 0.05], {"acc": 1.0, "nll": 0.21074418739255174, "mse": 0.05058216327308583, "N": 5, "over_prob": 0.0, "under_prob": 0.0, "over_counts": {"0": 2}, "under_counts": {"0": 2}, "avg_over_mag": 0.0, "avg_under_mag": 0.0, "avg_over": 0.0, "avg_under": 0.0}], [[0.05, 0.1], {"acc": 0.8571428571428571, "nll": 0.7029898414535303, "mse": 0.15064835136818375, "N": 7, "over_prob": 0.0, "under_prob": 0.0, "over_counts": {"0": 7}, "under_counts": {"0": 7}, "avg_over_mag": 0.0, "avg_under_mag": 0.0, "avg_over": 0.0, "avg_under": 0.0}], [[0.1, 0.15000000000000002], {"acc": 0.8933333333333333, "nll": 0.35988365513063203, "mse": 0.09988542349890706, "N": 75, "over_prob": 0.0, "under_prob": 0.06896551724137934, "over_counts": {"0": 29}, "under_counts": {"0": 27, "1": 2}, "avg_over_mag": 0.0, "avg_under_mag": 1.0, "avg_over": 0.0, "avg_under": 1.0}], [[0.15000000000000002, 0.2], {"acc": 0.7678571428571429, "nll": 0.5683145735417922, "mse": 0.18904127502360954, "N": 56, "over_prob": 0.0, "under_prob": 0.017857142857142905, "over_counts": {"0": 56}, "under_counts": {"0": 55, "1": 1}, "avg_over_mag": 0.0, "avg_under_mag": 1.0, "avg_over": 0.0, "avg_under": 1.0}], [[0.2, 0.25], {"acc": 0.7017543859649122, "nll": 0.8408237025031267, "mse": 0.2466627099456902, "N": 57, "over_prob": 0.0, "under_prob": 0.10526315789473684, "over_counts": {"0": 57}, "under_counts": {"0": 51, "1": 6}, "avg_over_mag": 0.0, "avg_under_mag": 1.0, "avg_over": 0.0, "avg_under": 1.0}], [[0.25, 0.30000000000000004], {"acc": 0.703125, "nll": 0.5691810925085413, "mse": 0.1916310048399178, "N": 64, "over_prob": 0.0, "under_prob": 0.015625, "over_counts": {"0": 64}, "under_counts": {"0": 63, "1": 1}, "avg_over_mag": 0.0, "avg_under_mag": 1.0, "avg_over": 0.0, "avg_under": 1.0}], [[0.30000000000000004, 0.35000000000000003], {"acc": 0.5948275862068966, "nll": 0.864413313404328, "mse": 0.2575247519641185, "N": 116, "over_prob": 0.0, "under_prob": 0.07758620689655171, "over_counts": {"0": 116}, "under_counts": {"0": 107, "1": 9}, "avg_over_mag": 0.0, "avg_under_mag": 1.0, "avg_over": 0.0, "avg_under": 1.0}], [[0.35000000000000003, 0.4], {"acc": 0.5786516853932584, "nll": 0.801507065483669, "mse": 0.2715989179022645, "N": 178, "over_prob": 0.0, "under_prob": 0.054216867469879526, "over_counts": {"0": 166}, "under_counts": {"0": 157, "1": 9}, "avg_over_mag": 0.0, "avg_under_mag": 1.0, "avg_over": 0.0, "avg_under": 1.0}], [[0.4, 0.45], {"acc": 0.5432432432432432, "nll": 0.8397094822026945, "mse": 0.27663439645270477, "N": 370, "over_prob": 0.0, "under_prob": 0.08732394366197183, "over_counts": {"0": 355}, "under_counts": {"0": 324, "1": 31}, "avg_over_mag": 0.0, "avg_under_mag": 1.0, "avg_over": 0.0, "avg_under": 1.0}], [[0.45, 0.5], {"acc": 0.513986013986014, "nll": 0.9205558583447625, "mse": 0.2973956760091759, "N": 572, "over_prob": 0.0, "under_prob": 0.10136452241715399, "over_counts": {"0": 513}, "under_counts": {"0": 461, "1": 52}, "avg_over_mag": 0.0, "avg_under_mag": 1.0, "avg_over": 0.0, "avg_under": 1.0}], [[0.5, 0.55], {"acc": 0.5309446254071661, "nll": 0.9026225535089063, "mse": 0.29099083079752364, "N": 921, "over_prob": 0.0, "under_prob": 0.13756613756613756, "over_counts": {"0": 756}, "under_counts": {"0": 652, "1": 95, "3": 3, "4": 3, "2": 3}, "avg_over_mag": 0.0, "avg_under_mag": 1.1730769230769231, "avg_over": 0.0, "avg_under": 1.1730769230769231}], [[0.55, 0.6000000000000001], {"acc": 0.5435458786936236, "nll": 0.8896169455733582, "mse": 0.2815685275612447, "N": 1286, "over_prob": 0.0, "under_prob": 0.12822796081923415, "over_counts": {"0": 1123}, "under_counts": {"0": 979, "1": 127, "2": 10, "3": 6, "6": 1}, "avg_over_mag": 0.0, "avg_under_mag": 1.1875, "avg_over": 0.0, "avg_under": 1.1875}], [[0.6000000000000001, 0.65], {"acc": 0.5926764816912042, "nll": 0.8400539189384338, "mse": 0.270111318924705, "N": 2649, "over_prob": 0.0, "under_prob": 0.19015191199580928, "over_counts": {"0": 1909}, "under_counts": {"0": 1546, "1": 314, "2": 30, "3": 8, "5": 4, "4": 3, "6": 3, "9": 1}, "avg_over_mag": 0.0, "avg_under_mag": 1.258953168044077, "avg_over": 0.0, "avg_under": 1.258953168044077}], [[0.65, 0.7000000000000001], {"acc": 0.6427973199329984, "nll": 0.779690564743937, "mse": 0.24623139709008168, "N": 4776, "over_prob": 0.0, "under_prob": 0.2587565674255692, "over_counts": {"0": 2284}, "under_counts": {"0": 1693, "1": 494, "2": 55, "3": 19, "4": 15, "6": 3, "5": 2, "8": 1, "7": 1, "12": 1}, "avg_over_mag": 0.0, "avg_under_mag": 1.3130287648054146, "avg_over": 0.0, "avg_under": 1.3130287648054146}], [[0.7000000000000001, 0.75], {"acc": 0.7015516672169033, "nll": 0.7392599860310463, "mse": 0.22207037520026623, "N": 6058, "over_prob": 0.0, "under_prob": 0.31813676907829536, "over_counts": {"0": 3027}, "under_counts": {"0": 2064, "1": 728, "2": 132, "3": 40, "4": 28, "5": 10, "7": 9, "6": 7, "8": 3, "11": 1, "26": 1, "12": 1, "19": 1, "10": 1, "17": 1}, "avg_over_mag": 0.0, "avg_under_mag": 1.5555555555555556, "avg_over": 0.0, "avg_under": 1.5555555555555556}], [[0.75, 0.8], {"acc": 0.7475892235808729, "nll": 0.7076656023500615, "mse": 0.19757166927460246, "N": 10059, "over_prob": 0.0, "under_prob": 0.4581654420478787, "over_counts": {"0": 4219}, "under_counts": {"0": 2286, "1": 1383, "2": 277, "3": 139, "4": 55, "5": 25, "7": 15, "6": 12, "9": 8, "8": 6, "11": 4, "12": 4, "13": 2, "10": 2, "14": 1}, "avg_over_mag": 0.0, "avg_under_mag": 1.628556647697879, "avg_over": 0.0, "avg_under": 1.628556647697879}], [[0.8, 0.8500000000000001], {"acc": 0.8039226024147204, "nll": 0.6086193778144258, "mse": 0.1630652000061169, "N": 18967, "over_prob": 0.0, "under_prob": 0.6796594134342478, "over_counts": {"0": 5285}, "under_counts": {"1": 2030, "0": 1693, "2": 607, "3": 300, "4": 199, "5": 116, "6": 107, "7": 49, "8": 40, "10": 32, "9": 25, "11": 22, "12": 13, "14": 8, "15": 7, "13": 7, "16": 6, "18": 5, "30": 2, "19": 2, "21": 2, "20": 2, "57": 1, "69": 1, "58": 1, "97": 1, "34": 1, "33": 1, "24": 1, "17": 1, "49": 1, "50": 1, "45": 1}, "avg_over_mag": 0.0, "avg_under_mag": 2.498608017817372, "avg_over": 0.0, "avg_under": 2.498608017817372}], [[0.8500000000000001, 0.9], {"acc": 0.859338578088578, "nll": 0.5219557050003375, "mse": 0.12381738120447537, "N": 27456, "over_prob": 0.5963074738150187, "under_prob": 0.0, "over_counts": {"0": 2274, "1": 1641, "2": 722, "3": 325, "4": 197, "5": 117, "6": 94, "7": 51, "8": 48, "9": 41, "10": 24, "11": 19, "12": 15, "13": 11, "14": 9, "16": 6, "17": 5, "18": 5, "29": 3, "20": 3, "19": 2, "21": 2, "34": 2, "23": 2, "35": 2, "36": 2, "15": 2, "78": 1, "25": 1, "26": 1, "37": 1, "32": 1, "30": 1, "28": 1, "66": 1, "43": 1}, "under_counts": {"0": 5633}, "avg_over_mag": 2.725215838047038, "avg_under_mag": 0.0, "avg_over": 2.725215838047038,