{"auc": 0.7347681338498995, "over_prob": 0.5105132263169794, "under_prob": 0.38005878363101964, "over_counts": {"0": 4330, "1": 1731, "2": 1087, "3": 635, "4": 367, "5": 208, "6": 140, "7": 93, "8": 66, "9": 38, "12": 31, "10": 31, "11": 25, "13": 14, "14": 9, "16": 8, "15": 8, "19": 6, "17": 6, "20": 3, "22": 2, "18": 2, "50": 1, "21": 1, "26": 1, "91": 1, "28": 1, "65": 1}, "under_counts": {"0": 5484, "1": 1748, "2": 536, "3": 298, "4": 175, "5": 124, "6": 89, "7": 55, "9": 48, "8": 43, "10": 31, "11": 27, "16": 18, "17": 17, "12": 15, "13": 14, "14": 12, "23": 9, "15": 9, "22": 8, "20": 8, "24": 7, "28": 7, "19": 6, "26": 6, "29": 5, "18": 5, "34": 5, "33": 5, "21": 4, "32": 3, "30": 3, "27": 3, "25": 2, "57": 2, "61": 2, "46": 1, "81": 1, "67": 1, "64": 1, "38": 1, "42": 1, "40": 1, "48": 1, "82": 1, "35": 1, "31": 1, "62": 1, "39": 1}, "avg_over_mag": 2.840788308237378, "avg_under_mag": 3.46133254015467, "avg_over": 2.840788308237378, "avg_under": 3.46133254015467, "acc": 0.9023268948379081, "nll": 0.29015779803682457, "mse": 0.08164136631951428, "metrics_by_prob": [[[0.0, 0.05], {"acc": 0.9279946164199192, "nll": 0.1501871153144032, "mse": 0.04866337646185128, "N": 1486, "over_prob": 0.0, "under_prob": 0.3434343434343434, "over_counts": {"0": 99}, "under_counts": {"0": 65, "1": 34}, "avg_over_mag": 0.0, "avg_under_mag": 1.0, "avg_over": 0.0, "avg_under": 1.0}], [[0.05, 0.1], {"acc": 0.3076923076923077, "nll": 1.5808249212106003, "mse": 0.5253903133926066, "N": 65, "over_prob": 0.0, "under_prob": 0.5166666666666666, "over_counts": {"0": 60}, "under_counts": {"1": 29, "0": 29, "2": 2}, "avg_over_mag": 0.0, "avg_under_mag": 1.064516129032258, "avg_over": 0.0, "avg_under": 1.064516129032258}], [[0.1, 0.15000000000000002], {"acc": 0.5126050420168067, "nll": 1.0546033395773462, "mse": 0.3516747167728261, "N": 119, "over_prob": 0.0, "under_prob": 0.2075471698113207, "over_counts": {"0": 106}, "under_counts": {"0": 84, "1": 13, "2": 9}, "avg_over_mag": 0.0, "avg_under_mag": 1.4090909090909092, "avg_over": 0.0, "avg_under": 1.4090909090909092}], [[0.15000000000000002, 0.2], {"acc": 0.5086206896551724, "nll": 0.9858211797354454, "mse": 0.3374810289883646, "N": 116, "over_prob": 0.0, "under_prob": 0.22580645161290325, "over_counts": {"0": 93}, "under_counts": {"0": 72, "1": 20, "3": 1}, "avg_over_mag": 0.0, "avg_under_mag": 1.0952380952380953, "avg_over": 0.0, "avg_under": 1.0952380952380953}], [[0.2, 0.25], {"acc": 0.32044198895027626, "nll": 1.0653407432321418, "mse": 0.37731606409804025, "N": 181, "over_prob": 0.0, "under_prob": 0.18934911242603547, "over_counts": {"0": 169}, "under_counts": {"0": 137, "1": 27, "3": 2, "2": 2, "4": 1}, "avg_over_mag": 0.0, "avg_under_mag": 1.28125, "avg_over": 0.0, "avg_under": 1.28125}], [[0.25, 0.30000000000000004], {"acc": 0.37037037037037035, "nll": 1.1094374785934282, "mse": 0.39268620405219834, "N": 189, "over_prob": 0.0, "under_prob": 0.1955307262569832, "over_counts": {"0": 179}, "under_counts": {"0": 144, "1": 32, "2": 3}, "avg_over_mag": 0.0, "avg_under_mag": 1.0857142857142856, "avg_over": 0.0, "avg_under": 1.0857142857142856}], [[0.30000000000000004, 0.35000000000000003], {"acc": 0.3704819277108434, "nll": 0.9689029518967627, "mse": 0.3498163065045849, "N": 332, "over_prob": 0.0, "under_prob": 0.1352201257861635, "over_counts": {"0": 318}, "under_counts": {"0": 275, "1": 38, "2": 4, "3": 1}, "avg_over_mag": 0.0, "avg_under_mag": 1.1395348837209303, "avg_over": 0.0, "avg_under": 1.1395348837209303}], [[0.35000000000000003, 0.4], {"acc": 0.4409282700421941, "nll": 0.8701758370280194, "mse": 0.3178572464496173, "N": 474, "over_prob": 0.0, "under_prob": 0.09333333333333338, "over_counts": {"0": 450}, "under_counts": {"0": 408, "1": 42}, "avg_over_mag": 0.0, "avg_under_mag": 1.0, "avg_over": 0.0, "avg_under": 1.0}], [[0.4, 0.45], {"acc": 0.4931740614334471, "nll": 0.8850225651778069, "mse": 0.31363802658210765, "N": 586, "over_prob": 0.0, "under_prob": 0.18908382066276808, "over_counts": {"0": 513}, "under_counts": {"0": 416, "1": 87, "2": 8, "3": 2}, "avg_over_mag": 0.0, "avg_under_mag": 1.1237113402061856, "avg_over": 0.0, "avg_under": 1.1237113402061856}], [[0.45, 0.5], {"acc": 0.46551724137931033, "nll": 0.8668750502425646, "mse": 0.31000687422383166, "N": 696, "over_prob": 0.0, "under_prob": 0.15409836065573768, "over_counts": {"0": 610}, "under_counts": {"0": 516, "1": 91, "2": 3}, "avg_over_mag": 0.0, "avg_under_mag": 1.0319148936170213, "avg_over": 0.0, "avg_under": 1.0319148936170213}], [[0.5, 0.55], {"acc": 0.5284039675383229, "nll": 0.8126703069495259, "mse": 0.28974765234911143, "N": 1109, "over_prob": 0.0, "under_prob": 0.1648351648351648, "over_counts": {"0": 910}, "under_counts": {"0": 760, "1": 133, "2": 13, "3": 4}, "avg_over_mag": 0.0, "avg_under_mag": 1.14, "avg_over": 0.0, "avg_under": 1.14}], [[0.55, 0.6000000000000001], {"acc": 0.5558441558441558, "nll": 0.7939032623190696, "mse": 0.28322615005153007, "N": 1540, "over_prob": 0.0, "under_prob": 0.14601018675721567, "over_counts": {"0": 1178}, "under_counts": {"0": 1006, "1": 151, "2": 15, "3": 5, "4": 1}, "avg_over_mag": 0.0, "avg_under_mag": 1.1627906976744187, "avg_over": 0.0, "avg_under": 1.1627906976744187}], [[0.6000000000000001, 0.65], {"acc": 0.6181425485961123, "nll": 0.7599330854197227, "mse": 0.26394806821796163, "N": 2315, "over_prob": 0.0, "under_prob": 0.1784064665127021, "over_counts": {"0": 1732}, "under_counts": {"0": 1423, "1": 231, "2": 54, "3": 15, "4": 7, "5": 2}, "avg_over_mag": 0.0, "avg_under_mag": 1.3656957928802589, "avg_over": 0.0, "avg_under": 1.3656957928802589}], [[0.65, 0.7000000000000001], {"acc": 0.6625, "nll": 0.7059036261915929, "mse": 0.2401428818624354, "N": 3040, "over_prob": 0.0, "under_prob": 0.2051030421982336, "over_counts": {"0": 2038}, "under_counts": {"0": 1620, "1": 280, "2": 67, "3": 44, "4": 12, "5": 6, "7": 4, "8": 2, "6": 2, "9": 1}, "avg_over_mag": 0.0, "avg_under_mag": 1.6483253588516746, "avg_over": 0.0, "avg_under": 1.6483253588516746}], [[0.7000000000000001, 0.75], {"acc": 0.7146129180027485, "nll": 0.6382149657071938, "mse": 0.21364970523872984, "N": 4366, "over_prob": 0.0, "under_prob": 0.26471663619744057, "over_counts": {"0": 2735}, "under_counts": {"0": 2011, "1": 523, "2": 94, "3": 61, "4": 22, "5": 11, "6": 4, "8": 3, "10": 2, "12": 2, "9": 1, "7": 1}, "avg_over_mag": 0.0, "avg_under_mag": 1.5814917127071824, "avg_over": 0.0, "avg_under": 1.5814917127071824}], [[0.75, 0.8], {"acc": 0.7618278701760052, "nll": 0.5925826139431521, "mse": 0.19074965935160398, "N": 6193, "over_prob": 0.0, "under_prob": 0.41966205837173576, "over_counts": {"0": 3255}, "under_counts": {"0": 1889, "1": 923, "2": 210, "3": 98, "4": 42, "5": 33, "7": 16, "8": 11, "6": 10, "10": 6, "9": 5, "18": 3, "11": 2, "15": 2, "14": 1, "16": 1, "12": 1, "20": 1, "17": 1}, "avg_over_mag": 0.0, "avg_under_mag": 1.8448023426061493, "avg_over": 0.0, "avg_under": 1.8448023426061493}], [[0.8, 0.8500000000000001], {"acc": 0.8242578765252231, "nll": 0.4869832961733632, "mse": 0.14977592108488155, "N": 10982, "over_prob": 0.0, "under_prob": 0.569223573433115, "over_counts": {"0": 4276}, "under_counts": {"0": 1842, "1": 1333, "2": 440, "3": 231, "4": 129, "5": 64, "6": 62, "8": 40, "7": 36, "10": 18, "9": 18, "11": 11, "14": 9, "12": 8, "16": 7, "15": 7, "13": 5, "17": 5, "21": 2, "18": 2, "24": 2, "19": 1, "30": 1, "20": 1, "32": 1, "28": 1}, "avg_over_mag": 0.0, "avg_under_mag": 2.462202136400986, "avg_over": 0.0, "avg_under": 2.462202136400986}], [[0.8500000000000001, 0.9], {"acc": 0.8773038441284887, "nll": 0.3882034235670372, "mse": 0.11156481397974134, "N": 20889, "over_prob": 0.5580100574712643, "under_prob": 0.0, "over_counts": {"0": 2461, "1": 1713, "2": 656, "3": 331, "4": 175, "5": 102, "6": 39, "7": 29, "8": 13, "9": 12, "10": 8, "12": 6, "11": 6, "14": 3, "16": 3, "13": 3, "18": 2, "19": 2, "17": 1, "15": 1, "39": 1, "40": 1}, "under_counts": {"0": 5568}, "avg_over_mag": 2.062761506276151, "avg_under_mag": 0.0,