{"over_prob": 0.5525698651553645, "under_prob": 0.4775258940785616, "over_counts": {"0": 4579, "1": 2028, "2": 1183, "3": 727, "4": 408, "5": 291, "6": 239, "7": 142, "8": 86, "9": 85, "10": 55, "11": 47, "12": 38, "15": 33, "14": 33, "13": 23, "16": 18, "19": 18, "17": 16, "18": 16, "20": 12, "26": 12, "24": 11, "21": 10, "27": 9, "33": 9, "23": 8, "28": 7, "32": 7, "25": 6, "22": 6, "40": 5, "36": 5, "37": 5, "31": 5, "29": 5, "34": 4, "57": 3, "35": 3, "45": 2, "58": 2, "97": 2, "46": 2, "66": 2, "42": 1, "70": 1, "61": 1, "60": 1, "49": 1, "77": 1, "76": 1, "65": 1, "141": 1, "62": 1, "72": 1, "39": 1, "64": 1, "82": 1, "56": 1, "41": 1, "53": 1, "47": 1, "50": 1, "71": 1, "63": 1, "84": 1, "59": 1, "69": 1, "79": 1, "38": 1, "30": 1}, "under_counts": {"0": 5347, "1": 2199, "2": 968, "3": 552, "4": 295, "5": 199, "6": 137, "7": 110, "8": 71, "9": 58, "10": 43, "12": 36, "11": 30, "13": 23, "14": 21, "16": 18, "15": 16, "19": 11, "17": 10, "18": 9, "20": 9, "25": 8, "22": 7, "21": 5, "23": 5, "36": 4, "30": 4, "24": 4, "32": 3, "26": 3, "58": 2, "35": 2, "45": 2, "48": 2, "28": 2, "42": 2, "27": 2, "34": 2, "56": 2, "44": 1, "53": 1, "271": 1, "33": 1, "74": 1, "96": 1, "40": 1, "46": 1, "29": 1, "43": 1, "49": 1}, "avg_over_mag": 4.16710875331565, "avg_under_mag": 3.338244321669736, "avg_over": 4.16710875331565, "avg_under": 3.338244321669736, "acc": 0.8342358815669175, "auc": 0.7168299414141843, "nll": 0.45795349711411426, "mse": 0.12754800047310538, "metrics_by_prob": [[[0.0, 0.05], {"acc": 0.8363636363636363, "nll": 0.4504750059722474, "mse": 0.1317441449311485, "N": 165, "over_prob": 0.0, "under_prob": 0.021052631578947323, "over_counts": {"0": 95}, "under_counts": {"0": 93, "1": 1, "6": 1}, "avg_over_mag": 0.0, "avg_under_mag": 3.5, "avg_over": 0.0, "avg_under": 3.5}], [[0.05, 0.1], {"acc": 0.7441860465116279, "nll": 0.5671809507023545, "mse": 0.17790555613469886, "N": 301, "over_prob": 0.0, "under_prob": 0.03125, "over_counts": {"0": 192}, "under_counts": {"0": 186, "1": 5, "3": 1}, "avg_over_mag": 0.0, "avg_under_mag": 1.3333333333333333, "avg_over": 0.0, "avg_under": 1.3333333333333333}], [[0.1, 0.15000000000000002], {"acc": 0.6875, "nll": 0.6545672963695482, "mse": 0.20375005306972915, "N": 464, "over_prob": 0.0, "under_prob": 0.043624161073825496, "over_counts": {"0": 298}, "under_counts": {"0": 285, "1": 10, "2": 2, "4": 1}, "avg_over_mag": 0.0, "avg_under_mag": 1.3846153846153846, "avg_over": 0.0, "avg_under": 1.3846153846153846}], [[0.15000000000000002, 0.2], {"acc": 0.6201201201201201, "nll": 0.7339574017190239, "mse": 0.23842934052535628, "N": 666, "over_prob": 0.0, "under_prob": 0.06367924528301883, "over_counts": {"0": 424}, "under_counts": {"0": 397, "1": 23, "3": 3, "2": 1}, "avg_over_mag": 0.0, "avg_under_mag": 1.2592592592592593, "avg_over": 0.0, "avg_under": 1.2592592592592593}], [[0.2, 0.25], {"acc": 0.5790697674418605, "nll": 0.7964064783736486, "mse": 0.26767747637388384, "N": 860, "over_prob": 0.0, "under_prob": 0.055077452667814164, "over_counts": {"0": 581}, "under_counts": {"0": 549, "1": 28, "2": 3, "3": 1}, "avg_over_mag": 0.0, "avg_under_mag": 1.15625, "avg_over": 0.0, "avg_under": 1.15625}], [[0.25, 0.30000000000000004], {"acc": 0.5488867376573088, "nll": 0.8739734867233995, "mse": 0.2891166844196779, "N": 1033, "over_prob": 0.0, "under_prob": 0.07648725212464591, "over_counts": {"0": 706}, "under_counts": {"0": 652, "1": 46, "2": 5, "3": 3}, "avg_over_mag": 0.0, "avg_under_mag": 1.2037037037037037, "avg_over": 0.0, "avg_under": 1.2037037037037037}], [[0.30000000000000004, 0.35000000000000003], {"acc": 0.5190058479532164, "nll": 0.8759234396649342, "mse": 0.2940711934569596, "N": 1368, "over_prob": 0.0, "under_prob": 0.07502679528403, "over_counts": {"0": 933}, "under_counts": {"0": 863, "1": 60, "2": 8, "4": 1, "9": 1}, "avg_over_mag": 0.0, "avg_under_mag": 1.2714285714285714, "avg_over": 0.0, "avg_under": 1.2714285714285714}], [[0.35000000000000003, 0.4], {"acc": 0.5216874628639334, "nll": 0.8639726370511733, "mse": 0.2914108772448918, "N": 1683, "over_prob": 0.0, "under_prob": 0.08446866485013627, "over_counts": {"0": 1101}, "under_counts": {"0": 1008, "1": 87, "2": 4, "4": 1, "3": 1}, "avg_over_mag": 0.0, "avg_under_mag": 1.096774193548387, "avg_over": 0.0, "avg_under": 1.096774193548387}], [[0.4, 0.45], {"acc": 0.48670465337132, "nll": 0.8658615162361242, "mse": 0.2969990001672015, "N": 2106, "over_prob": 0.0, "under_prob": 0.08436363636363642, "over_counts": {"0": 1375}, "under_counts": {"0": 1259, "1": 94, "2": 17, "3": 3, "4": 1, "5": 1}, "avg_over_mag": 0.0, "avg_under_mag": 1.2586206896551724, "avg_over": 0.0, "avg_under": 1.2586206896551724}], [[0.45, 0.5], {"acc": 0.4918448713301921, "nll": 0.886938015734332, "mse": 0.2994699151388429, "N": 2759, "over_prob": 0.0, "under_prob": 0.12743362831858407, "over_counts": {"0": 1695}, "under_counts": {"0": 1479, "1": 192, "2": 16, "3": 4, "4": 2, "7": 1, "5": 1}, "avg_over_mag": 0.0, "avg_under_mag": 1.1851851851851851, "avg_over": 0.0, "avg_under": 1.1851851851851851}], [[0.5, 0.55], {"acc": 0.5212311199772015, "nll": 0.8800629449288617, "mse": 0.2941718636161085, "N": 3509, "over_prob": 0.0, "under_prob": 0.14189837008628958, "over_counts": {"0": 2086}, "under_counts": {"0": 1790, "1": 242, "2": 36, "3": 9, "4": 5, "5": 2, "6": 1, "9": 1}, "avg_over_mag": 0.0, "avg_under_mag": 1.304054054054054, "avg_over": 0.0, "avg_under": 1.304054054054054}], [[0.55, 0.6000000000000001], {"acc": 0.5321100917431193, "nll": 0.8867717760226694, "mse": 0.29171134934311155, "N": 4360, "over_prob": 0.0, "under_prob": 0.16533226581265015, "over_counts": {"0": 2498}, "under_counts": {"0": 2085, "1": 350, "2": 43, "3": 10, "4": 5, "5": 2, "6": 1, "8": 1, "50": 1}, "avg_over_mag": 0.0, "avg_under_mag": 1.3559322033898304, "avg_over": 0.0, "avg_under": 1.3559322033898304}], [[0.6000000000000001, 0.65], {"acc": 0.578759163239764, "nll": 0.8421052276060432, "mse": 0.27664975831493677, "N": 5593, "over_prob": 0.0, "under_prob": 0.19803656059580232, "over_counts": {"0": 2954}, "under_counts": {"0": 2369, "1": 467, "2": 84, "3": 18, "4": 7, "5": 3, "9": 2, "7": 1, "8": 1, "13": 1, "94": 1}, "avg_over_mag": 0.0, "avg_under_mag": 1.4905982905982906, "avg_over": 0.0, "avg_under": 1.4905982905982906}], [[0.65, 0.7000000000000001], {"acc": 0.6389140271493212, "nll": 0.7979676991087219, "mse": 0.25202208358030276, "N": 6630, "over_prob": 0.0, "under_prob": 0.2617691154422789, "over_counts": {"0": 3335}, "under_counts": {"0": 2462, "1": 675, "2": 125, "3": 38, "4": 16, "5": 7, "6": 5, "10": 2, "7": 2, "13": 1, "40": 1, "12": 1}, "avg_over_mag": 0.0, "avg_under_mag": 1.4513172966781214, "avg_over": 0.0, "avg_under": 1.4513172966781214}], [[0.7000000000000001, 0.75], {"acc": 0.6737942504157757, "nll": 0.7699521829799482, "mse": 0.2395855516878205, "N": 8418, "over_prob": 0.0, "under_prob": 0.33623336745138177, "over_counts": {"0": 3908}, "under_counts": {"0": 2594, "1": 954, "2": 205, "3": 84, "4": 25, "5": 15, "6": 9, "7": 8, "8": 6, "9": 2, "13": 2, "16": 1, "42": 1, "12": 1, "11": 1}, "avg_over_mag": 0.0, "avg_under_mag": 1.578386605783866, "avg_over": 0.0, "avg_under": 1.578386605783866}], [[0.75, 0.8], {"acc": 0.7314880740477038, "nll": 0.7131309047885138, "mse": 0.21043648909711238, "N": 11236, "over_prob": 0.0, "under_prob": 0.428826416778224, "over_counts": {"0": 4482}, "under_counts": {"0": 2560, "1": 1258, "2": 334, "3": 134, "4": 77, "5": 43, "6": 22, "7": 14, "9": 9, "10": 7, "8": 6, "11": 6, "12": 3, "16": 2, "13": 2, "14": 2, "21": 2, "24": 1}, "avg_over_mag": 0.0, "avg_under_mag": 1.8387096774193548, "avg_over": 0.0, "avg_under": 1.8387096774193548}], [[0.8, 0.8500000000000001], {"acc": 0.7864472645576538, "nll": 0.6249235978151867, "mse": 0.17705191110300553, "N": 16469, "over_prob": 0.0, "under_prob": 0.5797812146359864, "over_counts": {"0": 5302}, "under_counts": {"0": 2228, "1": 1802, "2": 583, "3": 268, "4": 132, "5": 79, "6": 53, "7": 38, "8": 20, "9": 19, "10": 16,