{"over_prob": 0.5546009495817319, "under_prob": 0.42550305222699525, "over_counts": {"0": 3940, "1": 1969, "2": 1049, "3": 619, "4": 380, "5": 243, "6": 163, "7": 122, "8": 80, "9": 54, "10": 39, "11": 37, "12": 25, "13": 15, "14": 13, "16": 13, "15": 11, "19": 8, "18": 8, "21": 7, "24": 6, "27": 5, "22": 5, "17": 5, "26": 4, "37": 4, "33": 2, "25": 2, "20": 2, "28": 2, "39": 2, "34": 1, "38": 1, "36": 1, "31": 1, "29": 1, "35": 1, "42": 1, "66": 1, "23": 1, "32": 1, "65": 1, "46": 1}, "under_counts": {"0": 5082, "1": 2037, "2": 820, "3": 377, "4": 195, "5": 129, "6": 77, "7": 36, "8": 26, "9": 18, "10": 16, "11": 8, "12": 5, "14": 4, "17": 3, "16": 3, "13": 2, "21": 2, "22": 1, "24": 1, "33": 1, "19": 1, "26": 1, "25": 1}, "avg_over_mag": 3.1390134529147984, "avg_under_mag": 2.1246014877789587, "avg_over": 3.1390134529147984, "avg_under": 2.1246014877789587, "acc": 0.902773071275274, "auc": 0.7417057785032757, "nll": 0.3150362291254907, "mse": 0.08137966343442525, "metrics_by_prob": [[[0.0, 0.05], {"acc": 0.9979811574697174, "nll": 0.0036585133505457903, "mse": 0.0009817845596600966, "N": 1486, "over_prob": 0.0, "under_prob": 0.0, "over_counts": {"0": 99}, "under_counts": {"0": 99}, "avg_over_mag": 0.0, "avg_under_mag": 0.0, "avg_over": 0.0, "avg_under": 0.0}], [[0.05, 0.1], {"acc": 0.8923076923076924, "nll": 0.376415947546015, "mse": 0.1065957782212022, "N": 65, "over_prob": 0.0, "under_prob": 0.0, "over_counts": {"0": 60}, "under_counts": {"0": 60}, "avg_over_mag": 0.0, "avg_under_mag": 0.0, "avg_over": 0.0, "avg_under": 0.0}], [[0.1, 0.15000000000000002], {"acc": 0.8487394957983193, "nll": 0.48060505419727156, "mse": 0.13365408114818284, "N": 119, "over_prob": 0.0, "under_prob": 0.009433962264150941, "over_counts": {"0": 106}, "under_counts": {"0": 105, "1": 1}, "avg_over_mag": 0.0, "avg_under_mag": 1.0, "avg_over": 0.0, "avg_under": 1.0}], [[0.15000000000000002, 0.2], {"acc": 0.7241379310344828, "nll": 0.7269290669510651, "mse": 0.21107002235475592, "N": 116, "over_prob": 0.0, "under_prob": 0.010752688172043001, "over_counts": {"0": 93}, "under_counts": {"0": 92, "1": 1}, "avg_over_mag": 0.0, "avg_under_mag": 1.0, "avg_over": 0.0, "avg_under": 1.0}], [[0.2, 0.25], {"acc": 0.7292817679558011, "nll": 0.6458787357170086, "mse": 0.2024917906689811, "N": 181, "over_prob": 0.0, "under_prob": 0.011834319526627168, "over_counts": {"0": 169}, "under_counts": {"0": 167, "1": 2}, "avg_over_mag": 0.0, "avg_under_mag": 1.0, "avg_over": 0.0, "avg_under": 1.0}], [[0.25, 0.30000000000000004], {"acc": 0.6455026455026455, "nll": 0.6624803751001309, "mse": 0.22847551947240166, "N": 189, "over_prob": 0.0, "under_prob": 0.011173184357541888, "over_counts": {"0": 179}, "under_counts": {"0": 177, "1": 2}, "avg_over_mag": 0.0, "avg_under_mag": 1.0, "avg_over": 0.0, "avg_under": 1.0}], [[0.30000000000000004, 0.35000000000000003], {"acc": 0.5903614457831325, "nll": 0.7157228898102945, "mse": 0.2529465768809465, "N": 332, "over_prob": 0.0, "under_prob": 0.012578616352201255, "over_counts": {"0": 318}, "under_counts": {"0": 314, "1": 4}, "avg_over_mag": 0.0, "avg_under_mag": 1.0, "avg_over": 0.0, "avg_under": 1.0}], [[0.35000000000000003, 0.4], {"acc": 0.5253164556962026, "nll": 0.7526476299183441, "mse": 0.26336245596615626, "N": 474, "over_prob": 0.0, "under_prob": 0.026666666666666616, "over_counts": {"0": 450}, "under_counts": {"0": 438, "1": 12}, "avg_over_mag": 0.0, "avg_under_mag": 1.0, "avg_over": 0.0, "avg_under": 1.0}], [[0.4, 0.45], {"acc": 0.4948805460750853, "nll": 0.7764767973085701, "mse": 0.27479719012679354, "N": 586, "over_prob": 0.0, "under_prob": 0.033138401559454245, "over_counts": {"0": 513}, "under_counts": {"0": 496, "1": 17}, "avg_over_mag": 0.0, "avg_under_mag": 1.0, "avg_over": 0.0, "avg_under": 1.0}], [[0.45, 0.5], {"acc": 0.4827586206896552, "nll": 0.7608788315182583, "mse": 0.271821951372804, "N": 696, "over_prob": 0.0, "under_prob": 0.03934426229508192, "over_counts": {"0": 610}, "under_counts": {"0": 586, "1": 23, "3": 1}, "avg_over_mag": 0.0, "avg_under_mag": 1.0833333333333333, "avg_over": 0.0, "avg_under": 1.0833333333333333}], [[0.5, 0.55], {"acc": 0.5157799819657349, "nll": 0.7992676438847202, "mse": 0.2758864542185582, "N": 1109, "over_prob": 0.0, "under_prob": 0.0483516483516484, "over_counts": {"0": 910}, "under_counts": {"0": 866, "1": 39, "2": 4, "5": 1}, "avg_over_mag": 0.0, "avg_under_mag": 1.1818181818181819, "avg_over": 0.0, "avg_under": 1.1818181818181819}], [[0.55, 0.6000000000000001], {"acc": 0.5474025974025974, "nll": 0.7857093673342053, "mse": 0.2717208343492056, "N": 1540, "over_prob": 0.0, "under_prob": 0.0747028862478778, "over_counts": {"0": 1178}, "under_counts": {"0": 1090, "1": 75, "2": 9, "7": 2, "3": 2}, "avg_over_mag": 0.0, "avg_under_mag": 1.2840909090909092, "avg_over": 0.0, "avg_under": 1.2840909090909092}], [[0.6000000000000001, 0.65], {"acc": 0.6060475161987041, "nll": 0.7512168706314718, "mse": 0.25663835547406477, "N": 2315, "over_prob": 0.0, "under_prob": 0.10623556581986138, "over_counts": {"0": 1732}, "under_counts": {"0": 1548, "1": 166, "2": 14, "3": 3, "5": 1}, "avg_over_mag": 0.0, "avg_under_mag": 1.1304347826086956, "avg_over": 0.0, "avg_under": 1.1304347826086956}], [[0.65, 0.7000000000000001], {"acc": 0.6601973684210526, "nll": 0.7262199745496493, "mse": 0.23773028460135187, "N": 3040, "over_prob": 0.0, "under_prob": 0.15260058881256133, "over_counts": {"0": 2038}, "under_counts": {"0": 1727, "1": 274, "2": 30, "3": 6, "5": 1}, "avg_over_mag": 0.0, "avg_under_mag": 1.1479099678456592, "avg_over": 0.0, "avg_under": 1.1479099678456592}], [[0.7000000000000001, 0.75], {"acc": 0.696060467246908, "nll": 0.6966486180859731, "mse": 0.2234869080113342, "N": 4366, "over_prob": 0.0, "under_prob": 0.2270566727605119, "over_counts": {"0": 2735}, "under_counts": {"0": 2114, "1": 546, "2": 59, "3": 9, "4": 3, "5": 3, "6": 1}, "avg_over_mag": 0.0, "avg_under_mag": 1.1658615136876007, "avg_over": 0.0, "avg_under": 1.1658615136876007}], [[0.75, 0.8], {"acc": 0.7560148554819958, "nll": 0.6324626907749342, "mse": 0.1944616242172274, "N": 6193, "over_prob": 0.0, "under_prob": 0.3895545314900154, "over_counts": {"0": 3255}, "under_counts": {"0": 1987, "1": 1004, "2": 194, "3": 45, "4": 12, "5": 7, "7": 2, "9": 2, "6": 2}, "avg_over_mag": 0.0, "avg_under_mag": 1.304416403785489, "avg_over": 0.0, "avg_under": 1.304416403785489}], [[0.8, 0.8500000000000001], {"acc": 0.8207066108177017, "nll": 0.5468386636702643, "mse": 0.15554072623295714, "N": 10982, "over_prob": 0.0, "under_prob": 0.6414873713751169, "over_counts": {"0": 4276}, "under_counts": {"1": 1748, "0": 1533, "2": 548, "3": 209, "4": 96, "5": 63, "6": 29, "9": 15, "7": 13, "11": 6, "8": 5, "10": 4, "12": 2, "18": 2, "19": 1, "13": 1, "16": 1}, "avg_over_mag": 0.0, "avg_under_mag": 1.7586584032081662, "avg_over": 0.0, "avg_under": 1.7586584032081662}], [[0.8500000000000001, 0.9], {"acc": 0.8729953564076787, "nll": 0.44162644112039573, "mse": 0.11590376656031076, "N": 20889, "over_prob": 0.5960847701149425, "under_prob": 0.0, "over_counts": {"0": 2249, "1": 1739, "2": 692, "3": 379, "4": 187, "5": 100, "6": 79, "7": 52, "8": 32, "10": 15, "11": 11, "9": 10, "13": 6, "12": 6, "17": 2, "20": 2, "14": 2, "18": 1, "15": 1, "26": 1, "16": 1, "25": 1}, "under_counts": {"0": 5568}, "avg_over_mag": 2.203977101536607, "avg_under_mag": 0.0, "avg_over": 2.203977101536607, "avg_under": 0.0}], [[0.9, 0.9500000000000001], {"acc": 0.9276760547242019, "nll": 0.31133070561362597, "mse": 0.07113059270765058, "N": 43637, "over_prob": 0.434981684981685, "under_prob": 0.0, "over_counts": {"0": 3702, "1": 1616, "2": 594, "3": 285, "4": 144, "5": 68, "6": 43, "7": 24, "8": 21, "10": 12, "9": 9, "14": 6, "11": 6, "12": 4, "15": 3, "16": 3, "13": 3, "19": 2, "21": 2, "20": 1, "23": 1, "17": 1, "18": 1, "27": 1}, "under_counts": {"0": 6552}, "avg_over_mag": 2.0649122807017544, "avg_under_mag": 0.0, "avg_over": 2.0649122807017544,