{"auc": 0.877129687014736, "over_prob": 0.2913647701627272, "under_prob": 0.2965910440669913, "over_counts": {"0": 5966, "1": 1520, "2": 484, "3": 196, "4": 88, "5": 52, "6": 35, "7": 20, "8": 15, "9": 13, "12": 6, "10": 4, "15": 4, "13": 3, "11": 3, "27": 2, "14": 2, "23": 1, "16": 1, "43": 1, "17": 1, "22": 1, "20": 1}, "under_counts": {"0": 5922, "1": 1431, "2": 521, "3": 248, "4": 102, "5": 68, "6": 36, "7": 33, "9": 12, "8": 12, "11": 8, "10": 7, "12": 3, "17": 3, "15": 3, "14": 2, "20": 1, "16": 1, "29": 1, "38": 1, "13": 1, "22": 1, "24": 1, "21": 1}, "avg_over_mag": 1.9331430900937627, "avg_under_mag": 2.0492591109331197, "avg_over": 1.9331430900937627, "avg_under": 2.0492591109331197, "acc": 0.9101564550082514, "nll": 0.25533953179121405, "mse": 0.07275422105836551, "metrics_by_prob": [[[0.0, 0.05], {"acc": 0.9997678018575852, "nll": 0.0016004161887374453, "mse": 0.00024109891539103356, "N": 12920, "over_prob": 0.0, "under_prob": 0.0, "over_counts": {"0": 629}, "under_counts": {"0": 629}, "avg_over_mag": 0.0, "avg_under_mag": 0.0, "avg_over": 0.0, "avg_under": 0.0}], [[0.05, 0.1], {"acc": 0.9444444444444444, "nll": 0.23474897572053374, "mse": 0.054070278842778784, "N": 90, "over_prob": 0.0, "under_prob": 0.0, "over_counts": {"0": 66}, "under_counts": {"0": 66}, "avg_over_mag": 0.0, "avg_under_mag": 0.0, "avg_over": 0.0, "avg_under": 0.0}], [[0.1, 0.15000000000000002], {"acc": 0.8837209302325582, "nll": 0.3963604548672469, "mse": 0.10650167286729269, "N": 129, "over_prob": 0.0, "under_prob": 0.0, "over_counts": {"0": 101}, "under_counts": {"0": 101}, "avg_over_mag": 0.0, "avg_under_mag": 0.0, "avg_over": 0.0, "avg_under": 0.0}], [[0.15000000000000002, 0.2], {"acc": 0.808, "nll": 0.506168274629827, "mse": 0.15877793063960455, "N": 125, "over_prob": 0.0, "under_prob": 0.0, "over_counts": {"0": 102}, "under_counts": {"0": 102}, "avg_over_mag": 0.0, "avg_under_mag": 0.0, "avg_over": 0.0, "avg_under": 0.0}], [[0.2, 0.25], {"acc": 0.7857142857142857, "nll": 0.5324259421025953, "mse": 0.16944804399477587, "N": 182, "over_prob": 0.0, "under_prob": 0.0, "over_counts": {"0": 164}, "under_counts": {"0": 164}, "avg_over_mag": 0.0, "avg_under_mag": 0.0, "avg_over": 0.0, "avg_under": 0.0}], [[0.25, 0.30000000000000004], {"acc": 0.7248677248677249, "nll": 0.6118555951777787, "mse": 0.20901597527901505, "N": 189, "over_prob": 0.0, "under_prob": 0.0, "over_counts": {"0": 172}, "under_counts": {"0": 172}, "avg_over_mag": 0.0, "avg_under_mag": 0.0, "avg_over": 0.0, "avg_under": 0.0}], [[0.30000000000000004, 0.35000000000000003], {"acc": 0.5752212389380531, "nll": 0.7051074679193907, "mse": 0.25405797505462124, "N": 339, "over_prob": 0.0, "under_prob": 0.0, "over_counts": {"0": 320}, "under_counts": {"0": 320}, "avg_over_mag": 0.0, "avg_under_mag": 0.0, "avg_over": 0.0, "avg_under": 0.0}], [[0.35000000000000003, 0.4], {"acc": 0.6004618937644342, "nll": 0.6835992555848729, "mse": 0.2446316817198844, "N": 433, "over_prob": 0.0, "under_prob": 0.0, "over_counts": {"0": 406}, "under_counts": {"0": 406}, "avg_over_mag": 0.0, "avg_under_mag": 0.0, "avg_over": 0.0, "avg_under": 0.0}], [[0.4, 0.45], {"acc": 0.5797373358348968, "nll": 0.6840630518720834, "mse": 0.24524139193441202, "N": 533, "over_prob": 0.0, "under_prob": 0.0, "over_counts": {"0": 468}, "under_counts": {"0": 468}, "avg_over_mag": 0.0, "avg_under_mag": 0.0, "avg_over": 0.0, "avg_under": 0.0}], [[0.45, 0.5], {"acc": 0.5119887165021156, "nll": 0.7070157316805195, "mse": 0.2563764075817868, "N": 709, "over_prob": 0.0, "under_prob": 0.003289473684210509, "over_counts": {"0": 608}, "under_counts": {"0": 606, "1": 2}, "avg_over_mag": 0.0, "avg_under_mag": 1.0, "avg_over": 0.0, "avg_under": 1.0}], [[0.5, 0.55], {"acc": 0.4932170542635659, "nll": 0.7190527108545894, "mse": 0.2617142603032909, "N": 1032, "over_prob": 0.0, "under_prob": 0.0035502958579881616, "over_counts": {"0": 845}, "under_counts": {"0": 842, "1": 3}, "avg_over_mag": 0.0, "avg_under_mag": 1.0, "avg_over": 0.0, "avg_under": 1.0}], [[0.55, 0.6000000000000001], {"acc": 0.5777777777777777, "nll": 0.6881267172021782, "mse": 0.24686073964320168, "N": 1440, "over_prob": 0.0, "under_prob": 0.0062611806797853164, "over_counts": {"0": 1118}, "under_counts": {"0": 1111, "1": 7}, "avg_over_mag": 0.0, "avg_under_mag": 1.0, "avg_over": 0.0, "avg_under": 1.0}], [[0.6000000000000001, 0.65], {"acc": 0.6094158674803836, "nll": 0.6851850667294523, "mse": 0.24480957353139152, "N": 2294, "over_prob": 0.0, "under_prob": 0.0082889283599763, "over_counts": {"0": 1689}, "under_counts": {"0": 1675, "1": 14}, "avg_over_mag": 0.0, "avg_under_mag": 1.0, "avg_over": 0.0, "avg_under": 1.0}], [[0.65, 0.7000000000000001], {"acc": 0.6666666666666666, "nll": 0.6507039198355357, "mse": 0.2272332805384299, "N": 2883, "over_prob": 0.0, "under_prob": 0.036002149382052706, "over_counts": {"0": 1861}, "under_counts": {"0": 1794, "1": 65, "2": 2}, "avg_over_mag": 0.0, "avg_under_mag": 1.0298507462686568, "avg_over": 0.0, "avg_under": 1.0298507462686568}], [[0.7000000000000001, 0.75], {"acc": 0.719401520726024, "nll": 0.6081485861014125, "mse": 0.2067190168040168, "N": 4077, "over_prob": 0.0, "under_prob": 0.07508116883116878, "over_counts": {"0": 2464}, "under_counts": {"0": 2279, "1": 157, "2": 24, "3": 2, "4": 1, "5": 1}, "avg_over_mag": 0.0, "avg_under_mag": 1.1891891891891893, "avg_over": 0.0, "avg_under": 1.1891891891891893}], [[0.75, 0.8], {"acc": 0.7768417575156921, "nll": 0.5411986869786444, "mse": 0.1766173071764686, "N": 6054, "over_prob": 0.0, "under_prob": 0.21979476994372726, "over_counts": {"0": 3021}, "under_counts": {"0": 2357, "1": 549, "2": 76, "3": 28, "5": 4, "4": 4, "6": 2, "8": 1}, "avg_over_mag": 0.0, "avg_under_mag": 1.266566265060241, "avg_over": 0.0, "avg_under": 1.266566265060241}], [[0.8, 0.8500000000000001], {"acc": 0.8242624866127933, "nll": 0.4761562750065136, "mse": 0.14776148567142797, "N": 10271, "over_prob": 0.0, "under_prob": 0.5729248494370254, "over_counts": {"0": 3819}, "under_counts": {"0": 1631, "1": 1368, "2": 430, "3": 194, "4": 79, "5": 45, "6": 31, "9": 10, "7": 9, "8": 7, "10": 4, "12": 3, "11": 2, "18": 2, "13": 1, "23": 1, "28": 1, "17": 1}, "avg_over_mag": 0.0, "avg_under_mag": 1.8103290676416819, "avg_over": 0.0, "avg_under": 1.8103290676416819}], [[0.8500000000000001, 0.9], {"acc": 0.8762510425354462, "nll": 0.3809033457828208, "mse": 0.10972409701534569, "N": 19184, "over_prob": 0.4345915717994807, "under_prob": 0.0, "over_counts": {"0": 2831, "1": 1392, "2": 421, "3": 164, "4": 71, "6": 33, "5": 30, "7": 19, "8": 13, "9": 9, "12": 4, "11": 4, "14": 4, "10": 3, "13": 3, "16": 1, "23": 1, "15": 1, "34": 1, "19": 1, "22": 1}, "under_counts": {"0": 5007}, "avg_over_mag": 1.8483455882352942, "avg_under_mag": 0.0, "avg_over": 1.8483455882352942, "avg_under": 0.0}], [[0.9, 0.9500000000000001], {"acc": 0.926790231813723, "nll": 0.2657552047356516, "mse": 0.06840511934434794, "N": 38738, "over_prob": 0.1022608695652174, "under_prob": 0.0, "over_counts": {"0": 5162, "1": 511, "2": 58, "3": 9, "4": 4, "5": 2, "9": 2, "8": 1, "6": 1}, "under_counts": {"0": 5750}, "avg_over_mag": 1.2108843537414966, "avg_under_mag": 0.0, "avg_over": 1.2108843537414966, "avg_under": 0.0}], [[0.9500000000000001, 1.0], {"acc": 0.9730337078651685, "nll": 0.1229296301963331, "mse": 0.026238658076290673, "N": 69865, "over_prob": 0.0017252533965925743, "under_prob": 0.0, "over_counts": {"0": 4629, "1": 8}, "under_counts": {"0": 4637}, "avg_over_mag": 1.0, "avg_under_mag": 0.0, "avg_over": 1.0, "avg_under": 0.0}]]}