{"auc": 0.6979284213334356, "over_prob": 0.37644596232235317, "under_prob": 0.34515809188057733, "over_counts": {"0": 5660, "1": 1798, "2": 693, "3": 315, "4": 205, "5": 139, "6": 91, "7": 53, "9": 24, "8": 22, "10": 13, "12": 11, "11": 10, "15": 9, "13": 7, "16": 4, "18": 3, "17": 3, "22": 2, "14": 2, "19": 2, "32": 2, "25": 2, "28": 1, "39": 1, "20": 1, "26": 1, "30": 1, "46": 1, "51": 1}, "under_counts": {"0": 5944, "1": 1620, "2": 628, "3": 313, "4": 180, "5": 107, "6": 59, "8": 51, "7": 47, "9": 30, "10": 20, "11": 14, "12": 11, "17": 7, "14": 6, "16": 6, "15": 6, "13": 6, "22": 4, "21": 3, "20": 2, "63": 2, "24": 1, "29": 1, "25": 1, "41": 1, "58": 1, "18": 1, "75": 1, "19": 1, "91": 1, "57": 1, "27": 1}, "avg_over_mag": 2.3950834064969273, "avg_under_mag": 2.6061283115225025, "avg_over": 2.3950834064969273, "avg_under": 2.6061283115225025, "acc": 0.8865859662642349, "nll": 0.3273676476194399, "mse": 0.09405728523658817, "metrics_by_prob": [[[0.0, 0.05], {"acc": 1.0, "nll": 0.0008219841443303592, "mse": 8.107551598291407e-07, "N": 6, "over_prob": 0.0, "under_prob": 0.0, "over_counts": {"0": 4}, "under_counts": {"0": 4}, "avg_over_mag": 0.0, "avg_under_mag": 0.0, "avg_over": 0.0, "avg_under": 0.0}], [[0.05, 0.1], {"acc": 1.0, "nll": 0.024929234215288892, "mse": 0.00211062134693995, "N": 8, "over_prob": 0.0, "under_prob": 0.0, "over_counts": {"0": 8}, "under_counts": {"0": 8}, "avg_over_mag": 0.0, "avg_under_mag": 0.0, "avg_over": 0.0, "avg_under": 0.0}], [[0.1, 0.15000000000000002], {"acc": 0.8571428571428571, "nll": 0.439936551190712, "mse": 0.12905130683208396, "N": 56, "over_prob": 0.0, "under_prob": 0.0, "over_counts": {"0": 23}, "under_counts": {"0": 23}, "avg_over_mag": 0.0, "avg_under_mag": 0.0, "avg_over": 0.0, "avg_under": 0.0}], [[0.15000000000000002, 0.2], {"acc": 0.8297872340425532, "nll": 0.5387786592120484, "mse": 0.16787801357528856, "N": 47, "over_prob": 0.0, "under_prob": 0.0, "over_counts": {"0": 47}, "under_counts": {"0": 47}, "avg_over_mag": 0.0, "avg_under_mag": 0.0, "avg_over": 0.0, "avg_under": 0.0}], [[0.2, 0.25], {"acc": 0.8837209302325582, "nll": 0.4339874633791907, "mse": 0.13160263058576804, "N": 43, "over_prob": 0.0, "under_prob": 0.0, "over_counts": {"0": 42}, "under_counts": {"0": 42}, "avg_over_mag": 0.0, "avg_under_mag": 0.0, "avg_over": 0.0, "avg_under": 0.0}], [[0.25, 0.30000000000000004], {"acc": 0.6346153846153846, "nll": 0.7262314509865168, "mse": 0.24764783995750772, "N": 52, "over_prob": 0.0, "under_prob": 0.0, "over_counts": {"0": 52}, "under_counts": {"0": 52}, "avg_over_mag": 0.0, "avg_under_mag": 0.0, "avg_over": 0.0, "avg_under": 0.0}], [[0.30000000000000004, 0.35000000000000003], {"acc": 0.6043956043956044, "nll": 0.7215900060624002, "mse": 0.25263789625781913, "N": 91, "over_prob": 0.0, "under_prob": 0.0, "over_counts": {"0": 91}, "under_counts": {"0": 91}, "avg_over_mag": 0.0, "avg_under_mag": 0.0, "avg_over": 0.0, "avg_under": 0.0}], [[0.35000000000000003, 0.4], {"acc": 0.5033112582781457, "nll": 0.7527341104498071, "mse": 0.2760346042518988, "N": 151, "over_prob": 0.0, "under_prob": 0.0, "over_counts": {"0": 132}, "under_counts": {"0": 132}, "avg_over_mag": 0.0, "avg_under_mag": 0.0, "avg_over": 0.0, "avg_under": 0.0}], [[0.4, 0.45], {"acc": 0.5504885993485342, "nll": 0.691403667674939, "mse": 0.24843395642215452, "N": 307, "over_prob": 0.0, "under_prob": 0.0, "over_counts": {"0": 290}, "under_counts": {"0": 290}, "avg_over_mag": 0.0, "avg_under_mag": 0.0, "avg_over": 0.0, "avg_under": 0.0}], [[0.45, 0.5], {"acc": 0.5284872298624754, "nll": 0.708547416654147, "mse": 0.2571003348382405, "N": 509, "over_prob": 0.0, "under_prob": 0.0, "over_counts": {"0": 450}, "under_counts": {"0": 450}, "avg_over_mag": 0.0, "avg_under_mag": 0.0, "avg_over": 0.0, "avg_under": 0.0}], [[0.5, 0.55], {"acc": 0.5011904761904762, "nll": 0.7172448109216923, "mse": 0.2611419217325377, "N": 840, "over_prob": 0.0, "under_prob": 0.0, "over_counts": {"0": 677}, "under_counts": {"0": 677}, "avg_over_mag": 0.0, "avg_under_mag": 0.0, "avg_over": 0.0, "avg_under": 0.0}], [[0.55, 0.6000000000000001], {"acc": 0.5643564356435643, "nll": 0.6995178350784228, "mse": 0.25215953080091247, "N": 1212, "over_prob": 0.0, "under_prob": 0.0030150753768843908, "over_counts": {"0": 995}, "under_counts": {"0": 992, "1": 3}, "avg_over_mag": 0.0, "avg_under_mag": 1.0, "avg_over": 0.0, "avg_under": 1.0}], [[0.6000000000000001, 0.65], {"acc": 0.6200731409995937, "nll": 0.6722125247993429, "mse": 0.23868505603722562, "N": 2461, "over_prob": 0.0, "under_prob": 0.005681818181818232, "over_counts": {"0": 1760}, "under_counts": {"0": 1750, "1": 10}, "avg_over_mag": 0.0, "avg_under_mag": 1.0, "avg_over": 0.0, "avg_under": 1.0}], [[0.65, 0.7000000000000001], {"acc": 0.6604400166044002, "nll": 0.6461831424896117, "mse": 0.2256946835555682, "N": 4818, "over_prob": 0.0, "under_prob": 0.028598665395614842, "over_counts": {"0": 2098}, "under_counts": {"0": 2038, "1": 54, "2": 6}, "avg_over_mag": 0.0, "avg_under_mag": 1.1, "avg_over": 0.0, "avg_under": 1.1}], [[0.7000000000000001, 0.75], {"acc": 0.7194860813704497, "nll": 0.602728468512073, "mse": 0.20477894254212742, "N": 5604, "over_prob": 0.0, "under_prob": 0.06996336996336994, "over_counts": {"0": 2730}, "under_counts": {"0": 2539, "1": 152, "2": 24, "3": 11, "6": 2, "4": 1, "7": 1}, "avg_over_mag": 0.0, "avg_under_mag": 1.3403141361256545, "avg_over": 0.0, "avg_under": 1.3403141361256545}], [[0.75, 0.8], {"acc": 0.7783996683250415, "nll": 0.5366817612549125, "mse": 0.17500421513703848, "N": 9648, "over_prob": 0.0, "under_prob": 0.19853518179440233, "over_counts": {"0": 3823}, "under_counts": {"0": 3064, "1": 564, "2": 115, "3": 36, "4": 21, "5": 9, "7": 6, "8": 3, "6": 3, "9": 1, "11": 1}, "avg_over_mag": 0.0, "avg_under_mag": 1.4953886693017129, "avg_over": 0.0, "avg_under": 1.4953886693017129}], [[0.8, 0.8500000000000001], {"acc": 0.8276306210449683, "nll": 0.4720680357813653, "mse": 0.1461259954726368, "N": 17857, "over_prob": 0.0, "under_prob": 0.5580706579225725, "over_counts": {"0": 4727}, "under_counts": {"0": 2089, "1": 1484, "2": 471, "3": 227, "4": 133, "5": 80, "6": 55, "8": 45, "7": 41, "9": 22, "10": 14, "11": 10, "12": 10, "15": 9, "13": 5, "14": 5, "17": 4, "22": 3, "21": 3, "20": 3, "16": 2, "24": 1, "63": 1, "26": 1, "25": 1, "41": 1, "55": 1, "18": 1, "75": 1, "57": 1, "91": 1, "50": 1, "27": 1}, "avg_over_mag": 0.0, "avg_under_mag": 2.537907505686126, "avg_over": 0.0, "avg_under": 2.537907505686126}], [[0.8500000000000001, 0.9], {"acc": 0.8789322795598946, "nll": 0.37790638574341673, "mse": 0.10842664804132933, "N": 25812, "over_prob": 0.5231481481481481, "under_prob": 0.0, "over_counts": {"0": 2369, "1": 1473, "2": 506, "3": 229, "4": 152, "5": 75, "6": 59, "7": 32, "8": 17, "9": 12, "10": 8, "15": 6, "11": 5, "16": 3, "18": 3, "17": 3, "25": 2, "32": 2, "12": 2, "13": 2, "14": 2, "26": 1, "39": 1, "30": 1, "46": 1, "51": 1, "22": 1}, "under_counts": {"0": 4968}, "avg_over_mag": 2.216621777606772, "avg_under_mag": 0.0, "avg_over": 2.216621777606772, "avg_under": 0.0}], [[0.9, 0.9500000000000001], {"acc": 0.9288873383675261, "nll": 0.26166127764637714, "mse": 0.06679988729197171, "N": 88859, "over_prob": 0.24953521999586858, "under_prob": 0.0, "over_counts": {"0": 3633, "1": 821, "2": 182, "3": 61, "5": 34, "4": 33, "6": 21, "7": 16, "9": 7, "12": 7, "10": 6, "13": 4, "8": 4, "11": 3, "15": 3, "28": 1, "20": 1, "19": 1, "17": 1, "16": 1, "14": 1}, "under_counts": {"0": 4841}, "avg_over_mag": 1.9793046357615893, "avg_under_mag": 0.0, "avg_over": 1.9793046357615893, "avg_under": 0.0}], [[0.9500000000000001, 1.0], {"acc": 0.9679106835656356, "nll": 0.14414490927467716, "mse": 0.03127459496392732, "N": 28483, "over_prob": 0.013102282333051551, "under_prob": 0.0, "over_counts": {"0": 2335, "1": 30, "2": 1}, "under_counts": {"0": 2366}, "avg_over_mag": 1.032258064516129, "avg_under_mag": 0.0, "avg_over": 1.032258064516129, "avg_under": 0.0}]]}