{"auc": 0.7695417034630673, "over_prob": 0.501817781205244, "under_prob": 0.37666629943814034, "over_counts": {"0": 4522, "1": 1674, "2": 1125, "3": 629, "4": 348, "5": 229, "6": 160, "7": 102, "8": 58, "9": 42, "10": 34, "11": 30, "12": 28, "14": 18, "15": 12, "16": 12, "13": 10, "18": 7, "17": 6, "19": 6, "21": 3, "25": 3, "23": 2, "28": 2, "24": 2, "22": 2, "146": 1, "30": 1, "66": 1, "91": 1, "33": 1, "43": 1, "84": 1, "59": 1, "37": 1, "26": 1, "40": 1}, "under_counts": {"0": 5658, "1": 1714, "2": 573, "3": 329, "4": 176, "5": 147, "6": 90, "7": 68, "8": 47, "9": 30, "11": 23, "10": 23, "14": 17, "16": 14, "13": 14, "15": 13, "12": 13, "17": 12, "20": 11, "19": 9, "21": 9, "30": 7, "18": 7, "27": 7, "28": 5, "26": 5, "23": 5, "39": 3, "22": 3, "35": 3, "24": 3, "25": 3, "32": 3, "38": 3, "37": 3, "46": 3, "34": 2, "43": 2, "31": 2, "41": 2, "49": 1, "55": 1, "61": 1, "52": 1, "29": 1, "80": 1, "82": 1, "33": 1, "112": 1, "45": 1, "88": 1, "79": 1, "63": 1, "59": 1, "67": 1, "36": 1}, "avg_over_mag": 3.0632272228320527, "avg_under_mag": 3.598128107633811, "avg_over": 3.0632272228320527, "avg_under": 3.598128107633811, "acc": 0.899108442503639, "nll": 0.2953743681660096, "mse": 0.08388331383623523, "metrics_by_prob": [[[0.0, 0.05], {"acc": 0.9109026963657679, "nll": 0.2113495379985715, "mse": 0.0653657427481206, "N": 4265, "over_prob": 0.0, "under_prob": 0.26294820717131473, "over_counts": {"0": 251}, "under_counts": {"0": 185, "1": 62, "2": 3, "3": 1}, "avg_over_mag": 0.0, "avg_under_mag": 1.0757575757575757, "avg_over": 0.0, "avg_under": 1.0757575757575757}], [[0.05, 0.1], {"acc": 0.17857142857142858, "nll": 1.456952628698451, "mse": 0.5042960502737274, "N": 56, "over_prob": 0.0, "under_prob": 0.2692307692307693, "over_counts": {"0": 52}, "under_counts": {"0": 38, "1": 11, "2": 3}, "avg_over_mag": 0.0, "avg_under_mag": 1.2142857142857142, "avg_over": 0.0, "avg_under": 1.2142857142857142}], [[0.1, 0.15000000000000002], {"acc": 0.5827338129496403, "nll": 0.9730817386518269, "mse": 0.3234454912594169, "N": 139, "over_prob": 0.0, "under_prob": 0.19512195121951215, "over_counts": {"0": 123}, "under_counts": {"0": 99, "1": 15, "2": 8, "3": 1}, "avg_over_mag": 0.0, "avg_under_mag": 1.4166666666666667, "avg_over": 0.0, "avg_under": 1.4166666666666667}], [[0.15000000000000002, 0.2], {"acc": 0.5826771653543307, "nll": 0.9454662639276754, "mse": 0.3126130036068489, "N": 127, "over_prob": 0.0, "under_prob": 0.19191919191919193, "over_counts": {"0": 99}, "under_counts": {"0": 80, "1": 13, "2": 4, "3": 2}, "avg_over_mag": 0.0, "avg_under_mag": 1.4210526315789473, "avg_over": 0.0, "avg_under": 1.4210526315789473}], [[0.2, 0.25], {"acc": 0.36, "nll": 1.0481589272473315, "mse": 0.36944334172918614, "N": 200, "over_prob": 0.0, "under_prob": 0.18232044198895025, "over_counts": {"0": 181}, "under_counts": {"0": 148, "1": 25, "2": 5, "3": 3}, "avg_over_mag": 0.0, "avg_under_mag": 1.3333333333333333, "avg_over": 0.0, "avg_under": 1.3333333333333333}], [[0.25, 0.30000000000000004], {"acc": 0.39705882352941174, "nll": 1.0745689272626908, "mse": 0.3780161658612433, "N": 204, "over_prob": 0.0, "under_prob": 0.1657754010695187, "over_counts": {"0": 187}, "under_counts": {"0": 156, "1": 25, "2": 5, "3": 1}, "avg_over_mag": 0.0, "avg_under_mag": 1.2258064516129032, "avg_over": 0.0, "avg_under": 1.2258064516129032}], [[0.30000000000000004, 0.35000000000000003], {"acc": 0.33423180592991913, "nll": 0.9991695079937745, "mse": 0.3658439642556264, "N": 371, "over_prob": 0.0, "under_prob": 0.10601719197707737, "over_counts": {"0": 349}, "under_counts": {"0": 312, "1": 33, "2": 3, "3": 1}, "avg_over_mag": 0.0, "avg_under_mag": 1.135135135135135, "avg_over": 0.0, "avg_under": 1.135135135135135}], [[0.35000000000000003, 0.4], {"acc": 0.4049429657794677, "nll": 0.8879192082479466, "mse": 0.3249349561299164, "N": 526, "over_prob": 0.0, "under_prob": 0.10782241014799154, "over_counts": {"0": 473}, "under_counts": {"0": 422, "1": 48, "2": 3}, "avg_over_mag": 0.0, "avg_under_mag": 1.0588235294117647, "avg_over": 0.0, "avg_under": 1.0588235294117647}], [[0.4, 0.45], {"acc": 0.476027397260274, "nll": 0.9129604442646486, "mse": 0.3235762677677687, "N": 584, "over_prob": 0.0, "under_prob": 0.20272904483430798, "over_counts": {"0": 513}, "under_counts": {"0": 409, "1": 94, "2": 9, "3": 1}, "avg_over_mag": 0.0, "avg_under_mag": 1.1057692307692308, "avg_over": 0.0, "avg_under": 1.1057692307692308}], [[0.45, 0.5], {"acc": 0.4672657252888318, "nll": 0.8519967236442505, "mse": 0.3058642485788792, "N": 779, "over_prob": 0.0, "under_prob": 0.15210843373493976, "over_counts": {"0": 664}, "under_counts": {"0": 563, "1": 95, "2": 5, "3": 1}, "avg_over_mag": 0.0, "avg_under_mag": 1.0693069306930694, "avg_over": 0.0, "avg_under": 1.0693069306930694}], [[0.5, 0.55], {"acc": 0.5020644095788604, "nll": 0.8438625567209551, "mse": 0.3047648227129721, "N": 1211, "over_prob": 0.0, "under_prob": 0.15132924335378328, "over_counts": {"0": 978}, "under_counts": {"0": 830, "1": 129, "2": 16, "3": 3}, "avg_over_mag": 0.0, "avg_under_mag": 1.1486486486486487, "avg_over": 0.0, "avg_under": 1.1486486486486487}], [[0.55, 0.6000000000000001], {"acc": 0.5473801560758083, "nll": 0.7949081973100276, "mse": 0.28441477118294706, "N": 1794, "over_prob": 0.0, "under_prob": 0.14664701547531322, "over_counts": {"0": 1357}, "under_counts": {"0": 1158, "1": 176, "2": 17, "3": 6}, "avg_over_mag": 0.0, "avg_under_mag": 1.1457286432160805, "avg_over": 0.0, "avg_under": 1.1457286432160805}], [[0.6000000000000001, 0.65], {"acc": 0.629154078549849, "nll": 0.7410809457523341, "mse": 0.2561641200713126, "N": 2648, "over_prob": 0.0, "under_prob": 0.17178552837064032, "over_counts": {"0": 1921}, "under_counts": {"0": 1591, "1": 248, "2": 50, "3": 20, "4": 9, "5": 2, "6": 1}, "avg_over_mag": 0.0, "avg_under_mag": 1.393939393939394, "avg_over": 0.0, "avg_under": 1.393939393939394}], [[0.65, 0.7000000000000001], {"acc": 0.6653507440024294, "nll": 0.71129220192391, "mse": 0.2423008715959576, "N": 3293, "over_prob": 0.0, "under_prob": 0.21333333333333337, "over_counts": {"0": 2100}, "under_counts": {"0": 1652, "1": 300, "2": 91, "3": 28, "4": 13, "6": 5, "5": 5, "8": 2, "7": 2, "12": 2}, "avg_over_mag": 0.0, "avg_under_mag": 1.6227678571428572, "avg_over": 0.0, "avg_under": 1.6227678571428572}], [[0.7000000000000001, 0.75], {"acc": 0.7145677928916191, "nll": 0.6486905279468247, "mse": 0.21655642152290733, "N": 4558, "over_prob": 0.0, "under_prob": 0.2610108303249098, "over_counts": {"0": 2770}, "under_counts": {"0": 2047, "1": 520, "2": 109, "3": 41, "4": 21, "5": 15, "6": 7, "7": 3, "12": 2, "9": 2, "8": 1, "10": 1, "15": 1}, "avg_over_mag": 0.0, "avg_under_mag": 1.6016597510373445, "avg_over": 0.0, "avg_under": 1.6016597510373445}], [[0.75, 0.8], {"acc": 0.7734442213937482, "nll": 0.5680765379842028, "mse": 0.1824644008520307, "N": 6974, "over_prob": 0.0, "under_prob": 0.4103828306264501, "over_counts": {"0": 3448}, "under_counts": {"0": 2033, "1": 932, "2": 233, "3": 105, "4": 49, "5": 27, "8": 14, "7": 12, "6": 12, "9": 7, "11": 5, "10": 4, "12": 3, "15": 2, "18": 2, "14": 2, "31": 1, "13": 1, "21": 1, "25": 1, "20": 1, "19": 1}, "avg_over_mag": 0.0, "avg_under_mag": 1.9286219081272085, "avg_over": 0.0, "avg_under": 1.9286219081272085}], [[0.8, 0.8500000000000001], {"acc": 0.8233422638981915, "nll": 0.4936859117164241, "mse": 0.15186051905838552, "N": 11944, "over_prob": 0.0, "under_prob": 0.5638593243868579, "over_counts": {"0": 4322}, "under_counts": {"0": 1885, "1": 1322, "2": 446, "3": 231, "4": 141, "5": 84, "6": 38, "7": 37, "9": 20, "8": 20, "10": 15, "11": 13, "12": 12, "13": 10, "14": 8, "16": 6, "17": 5, "15": 5, "28": 4, "21": 2, "29": 2, "18": 2, "19": 2, "23": 2, "42": 1, "30": 1, "31": 1, "32": 1, "26": 1, "25": 1, "40": 1, "27": 1, "22": 1, "20": 1}, "avg_over_mag": 0.0, "avg_under_mag": 2.5769388592531803, "avg_over": 0.0, "avg_under": 2.5769388592531803}], [[0.8500000000000001, 0.9], {"acc": 0.8729816533943421,