{"over_prob": 0.48639418310014326, "under_prob": 0.5204362674892586, "over_counts": {"0": 4662, "1": 1650, "2": 879, "3": 501, "4": 300, "5": 276, "6": 159, "7": 131, "8": 110, "9": 63, "11": 57, "10": 51, "13": 33, "12": 26, "14": 23, "15": 20, "17": 17, "16": 13, "19": 11, "21": 10, "20": 9, "18": 9, "24": 6, "25": 6, "22": 6, "29": 5, "26": 4, "32": 4, "28": 4, "30": 3, "27": 3, "35": 3, "33": 2, "31": 2, "23": 2, "38": 2, "37": 2, "36": 2, "46": 1, "44": 1, "34": 1, "62": 1, "60": 1, "43": 1, "51": 1, "63": 1, "54": 1, "58": 1, "82": 1}, "under_counts": {"0": 4353, "1": 1988, "2": 1056, "3": 528, "4": 322, "5": 218, "6": 162, "7": 107, "8": 59, "9": 58, "10": 41, "12": 38, "11": 27, "14": 22, "13": 20, "16": 15, "17": 14, "15": 7, "20": 5, "18": 4, "21": 4, "24": 3, "22": 3, "19": 3, "23": 2, "26": 2, "47": 2, "30": 2, "28": 2, "40": 1, "34": 1, "27": 1, "53": 1, "25": 1, "71": 1, "87": 1, "44": 1, "122": 1, "52": 1}, "avg_over_mag": 3.794110985277463, "avg_under_mag": 3.0493226079593563, "avg_over": 3.794110985277463, "avg_under": 3.0493226079593563, "acc": 0.8759365099751691, "auc": 0.6359263973245733, "nll": 0.41058777338960817, "mse": 0.10387610193680542, "metrics_by_prob": [[[0.0, 0.05], {"acc": 0.5, "nll": 1.7854414273705597, "mse": 0.4400327424164689, "N": 6, "over_prob": 0.0, "under_prob": 0.5, "over_counts": {"0": 4}, "under_counts": {"1": 2, "0": 2}, "avg_over_mag": 0.0, "avg_under_mag": 1.0, "avg_over": 0.0, "avg_under": 1.0}], [[0.05, 0.1], {"acc": 0.875, "nll": 0.38106780378317817, "mse": 0.12680321507617626, "N": 8, "over_prob": 0.0, "under_prob": 0.0, "over_counts": {"0": 8}, "under_counts": {"0": 8}, "avg_over_mag": 0.0, "avg_under_mag": 0.0, "avg_over": 0.0, "avg_under": 0.0}], [[0.1, 0.15000000000000002], {"acc": 0.8571428571428571, "nll": 0.3993304173263634, "mse": 0.1203712426385334, "N": 56, "over_prob": 0.0, "under_prob": 0.0, "over_counts": {"0": 23}, "under_counts": {"0": 23}, "avg_over_mag": 0.0, "avg_under_mag": 0.0, "avg_over": 0.0, "avg_under": 0.0}], [[0.15000000000000002, 0.2], {"acc": 0.7446808510638298, "nll": 0.796044244865934, "mse": 0.2059153268444714, "N": 47, "over_prob": 0.0, "under_prob": 0.06382978723404253, "over_counts": {"0": 47}, "under_counts": {"0": 44, "1": 3}, "avg_over_mag": 0.0, "avg_under_mag": 1.0, "avg_over": 0.0, "avg_under": 1.0}], [[0.2, 0.25], {"acc": 0.6744186046511628, "nll": 0.9941186080988647, "mse": 0.2941692171199111, "N": 43, "over_prob": 0.0, "under_prob": 0.19047619047619047, "over_counts": {"0": 42}, "under_counts": {"0": 34, "1": 8}, "avg_over_mag": 0.0, "avg_under_mag": 1.0, "avg_over": 0.0, "avg_under": 1.0}], [[0.25, 0.30000000000000004], {"acc": 0.5961538461538461, "nll": 0.7121493563479786, "mse": 0.2495542121904571, "N": 52, "over_prob": 0.0, "under_prob": 0.038461538461538436, "over_counts": {"0": 52}, "under_counts": {"0": 50, "1": 2}, "avg_over_mag": 0.0, "avg_under_mag": 1.0, "avg_over": 0.0, "avg_under": 1.0}], [[0.30000000000000004, 0.35000000000000003], {"acc": 0.46153846153846156, "nll": 0.9842811313750156, "mse": 0.3152546625918091, "N": 91, "over_prob": 0.0, "under_prob": 0.07692307692307687, "over_counts": {"0": 91}, "under_counts": {"0": 84, "1": 7}, "avg_over_mag": 0.0, "avg_under_mag": 1.0, "avg_over": 0.0, "avg_under": 1.0}], [[0.35000000000000003, 0.4], {"acc": 0.4768211920529801, "nll": 1.0452048244535999, "mse": 0.3332487883573855, "N": 151, "over_prob": 0.0, "under_prob": 0.10606060606060608, "over_counts": {"0": 132}, "under_counts": {"0": 118, "1": 13, "5": 1}, "avg_over_mag": 0.0, "avg_under_mag": 1.2857142857142858, "avg_over": 0.0, "avg_under": 1.2857142857142858}], [[0.4, 0.45], {"acc": 0.5309446254071661, "nll": 0.8992639963879627, "mse": 0.2863462189366246, "N": 307, "over_prob": 0.0, "under_prob": 0.07586206896551728, "over_counts": {"0": 290}, "under_counts": {"0": 268, "1": 22}, "avg_over_mag": 0.0, "avg_under_mag": 1.0, "avg_over": 0.0, "avg_under": 1.0}], [[0.45, 0.5], {"acc": 0.44204322200392926, "nll": 0.9094138952761105, "mse": 0.30254417196605227, "N": 509, "over_prob": 0.0, "under_prob": 0.11111111111111116, "over_counts": {"0": 450}, "under_counts": {"0": 400, "1": 49, "2": 1}, "avg_over_mag": 0.0, "avg_under_mag": 1.02, "avg_over": 0.0, "avg_under": 1.02}], [[0.5, 0.55], {"acc": 0.5178571428571429, "nll": 0.9340814181111656, "mse": 0.2968997965800305, "N": 840, "over_prob": 0.0, "under_prob": 0.14475627769571642, "over_counts": {"0": 677}, "under_counts": {"0": 579, "1": 88, "2": 6, "3": 3, "5": 1}, "avg_over_mag": 0.0, "avg_under_mag": 1.163265306122449, "avg_over": 0.0, "avg_under": 1.163265306122449}], [[0.55, 0.6000000000000001], {"acc": 0.5453795379537953, "nll": 0.9067510110076492, "mse": 0.2852206798066721, "N": 1212, "over_prob": 0.0, "under_prob": 0.14673366834170853, "over_counts": {"0": 995}, "under_counts": {"0": 849, "1": 134, "2": 8, "3": 3, "8": 1}, "avg_over_mag": 0.0, "avg_under_mag": 1.143835616438356, "avg_over": 0.0, "avg_under": 1.143835616438356}], [[0.6000000000000001, 0.65], {"acc": 0.6042259244209671, "nll": 0.8380150134000282, "mse": 0.2680360486874276, "N": 2461, "over_prob": 0.0, "under_prob": 0.17329545454545459, "over_counts": {"0": 1760}, "under_counts": {"0": 1455, "1": 266, "2": 23, "3": 12, "4": 3, "9": 1}, "avg_over_mag": 0.0, "avg_under_mag": 1.2098360655737705, "avg_over": 0.0, "avg_under": 1.2098360655737705}], [[0.65, 0.7000000000000001], {"acc": 0.651307596513076, "nll": 0.7506087626390197, "mse": 0.24330990260466256, "N": 4818, "over_prob": 0.0, "under_prob": 0.24356530028598666, "over_counts": {"0": 2098}, "under_counts": {"0": 1587, "1": 401, "2": 77, "4": 13, "3": 12, "5": 3, "7": 2, "6": 1, "10": 1, "9": 1}, "avg_over_mag": 0.0, "avg_under_mag": 1.3639921722113504, "avg_over": 0.0, "avg_under": 1.3639921722113504}], [[0.7000000000000001, 0.75], {"acc": 0.6889721627408993, "nll": 0.7468692623242413, "mse": 0.2276327124777573, "N": 5604, "over_prob": 0.0, "under_prob": 0.315018315018315, "over_counts": {"0": 2730}, "under_counts": {"0": 1870, "1": 664, "2": 105, "3": 33, "4": 21, "5": 14, "6": 8, "8": 4, "7": 4, "9": 3, "11": 1, "12": 1, "20": 1, "31": 1}, "avg_over_mag": 0.0, "avg_under_mag": 1.5534883720930233, "avg_over": 0.0, "avg_under": 1.5534883720930233}], [[0.75, 0.8], {"acc": 0.7553897180762852, "nll": 0.6680995684695139, "mse": 0.19355065194947924, "N": 9648, "over_prob": 0.0, "under_prob": 0.47135757258697353, "over_counts": {"0": 3823}, "under_counts": {"0": 2021, "1": 1255, "2": 273, "3": 122, "4": 65, "5": 30, "6": 20, "7": 12, "8": 6, "9": 6, "15": 3, "11": 3, "10": 2, "12": 2, "16": 2, "13": 1}, "avg_over_mag": 0.0, "avg_under_mag": 1.6925638179800222, "avg_over": 0.0, "avg_under": 1.6925638179800222}], [[0.8, 0.8500000000000001], {"acc": 0.8053424427395419, "nll": 0.6038984225419546, "mse": 0.1627799227745129, "N": 17857, "over_prob": 0.0, "under_prob": 0.6983287497355617, "over_counts": {"0": 4727}, "under_counts": {"1": 1872, "0": 1426, "2": 578, "3": 255, "4": 160, "5": 116, "6": 78, "7": 49, "8": 33, "9": 29, "12": 28, "10": 22, "11": 18, "16": 8, "13": 8, "17": 7, "14": 7, "15": 6, "20": 4, "21": 3, "25": 3, "27": 2, "22": 2, "46": 2, "23": 2, "71": 1, "122": 1, "41": 1, "87": 1, "32": 1, "47": 1, "19": 1, "18": 1, "26": 1}, "avg_over_mag": 0.0, "avg_under_mag": 2.5928506513177827, "avg_over": 0.0, "avg_under": 2.5928506513177827}], [[0.8500000000000001, 0.9], {"acc": 0.8583217108321711, "nll": 0.509914695384354, "mse": 0.12400463759935614, "N": 25812, "over_prob": 0.5855475040257649, "under_prob": 0.0, "over_counts": {"0": 2059, "1": 1463, "2": 556, "3": 262, "4": 163, "5": 133, "6": 74, "7": 67, "8": 44, "10": 25, "11": 24, "9": 20, "14": 13, "12": 9, "13": 9, "17": 8, "18": 6, "24": 5, "16": 4, "29": 3, "15": 3, "20": 3, "25": 2, "32": 2, "21": 2, "26": 1, "31": 1, "35": 1, "33": 1, "54": 1, "19": 1, "62": 1, "82": 1, "27": 1}, "under_counts": {"0": 4968}, "avg_over_mag": 2.8150567205225165, "avg_under_mag": 0.0, "avg_over": 2.8150567205225165,