{"auc": 0.8029602067103945, "over_prob": 0.14669218434800602, "under_prob": 0.14669218434800602, "over_counts": {"0": 16497, "1": 1049, "2": 667, "3": 405, "4": 216, "5": 129, "6": 80, "7": 52, "8": 42, "9": 35, "10": 27, "11": 18, "12": 17, "18": 13, "14": 9, "16": 9, "13": 8, "15": 7, "24": 6, "17": 5, "26": 4, "36": 4, "21": 4, "20": 3, "23": 3, "19": 3, "25": 3, "35": 2, "33": 2, "30": 2, "28": 2, "44": 2, "37": 1, "31": 1, "22": 1, "38": 1, "39": 1, "34": 1, "27": 1, "29": 1}, "under_counts": {"0": 14055, "1": 2894, "2": 1154, "3": 417, "4": 258, "5": 160, "6": 60, "7": 58, "8": 43, "9": 41, "10": 24, "11": 24, "12": 23, "18": 21, "14": 18, "16": 17, "13": 15, "15": 10, "24": 9, "17": 7, "26": 6, "36": 4, "21": 3, "20": 3, "23": 2, "19": 2, "25": 1, "35": 1, "33": 1, "30": 1, "28": 1}, "avg_over_mag": 3.3166431593794075, "avg_under_mag": 3.3166431593794075, "avg_over": 3.3166431593794075, "avg_under": 3.3166431593794075, "acc": 0.725938418761538, "nll": 0.5337398219632262, "mse": 0.1799731654218536, "metrics_by_prob": [[[0.0, 0.05], {"acc": 0.9840948874268124, "nll": 0.08641229528481832, "mse": 0.016771727259496997, "N": 33134, "over_prob": 0.0, "under_prob": 0.0, "over_counts": {"0": 974}, "under_counts": {"0": 974}, "avg_over_mag": 0.0, "avg_under_mag": 0.0, "avg_over": 0.0, "avg_under": 0.0}], [[0.05, 0.1], {"acc": 0.930268560274618, "nll": 0.27372162681779466, "mse": 0.0698418359488003, "N": 14857, "over_prob": 0.0, "under_prob": 0.0, "over_counts": {"0": 1533}, "under_counts": {"0": 1533}, "avg_over_mag": 0.0, "avg_under_mag": 0.0, "avg_over": 0.0, "avg_under": 0.0}], [[0.1, 0.15000000000000002], {"acc": 0.8796303253437523, "nll": 0.38539834068364026, "mse": 0.11152515596332518, "N": 13309, "over_prob": 0.0, "under_prob": 0.0, "over_counts": {"0": 2136}, "under_counts": {"0": 2136}, "avg_over_mag": 0.0, "avg_under_mag": 0.0, "avg_over": 0.0, "avg_under": 0.0}], [[0.15000000000000002, 0.2], {"acc": 0.8285627283800243, "nll": 0.47079328155809447, "mse": 0.14674076631957797, "N": 13136, "over_prob": 0.0, "under_prob": 0.0, "over_counts": {"0": 2827}, "under_counts": {"0": 2827}, "avg_over_mag": 0.0, "avg_under_mag": 0.0, "avg_over": 0.0, "avg_under": 0.0}], [[0.2, 0.25], {"acc": 0.7690953114681929, "nll": 0.5523612730978263, "mse": 0.18244323033824122, "N": 13629, "over_prob": 0.0, "under_prob": 0.0, "over_counts": {"0": 3560}, "under_counts": {"0": 3560}, "avg_over_mag": 0.0, "avg_under_mag": 0.0, "avg_over": 0.0, "avg_under": 0.0}], [[0.25, 0.30000000000000004], {"acc": 0.7208153610685961, "nll": 0.6000181197550689, "mse": 0.20464365556777234, "N": 14374, "over_prob": 0.0, "under_prob": 0.0, "over_counts": {"0": 4363}, "under_counts": {"0": 4363}, "avg_over_mag": 0.0, "avg_under_mag": 0.0, "avg_over": 0.0, "avg_under": 0.0}], [[0.30000000000000004, 0.35000000000000003], {"acc": 0.6729277517789601, "nll": 0.6383136290748982, "mse": 0.2228136193528014, "N": 15599, "over_prob": 0.0, "under_prob": 0.0, "over_counts": {"0": 5189}, "under_counts": {"0": 5188}, "avg_over_mag": 0.0, "avg_under_mag": 0.0, "avg_over": 0.0, "avg_under": 0.0}], [[0.35000000000000003, 0.4], {"acc": 0.606623062871958, "nll": 0.6739939287996541, "mse": 0.24016665434631862, "N": 16971, "over_prob": 0.0, "under_prob": 0.0, "over_counts": {"0": 6111}, "under_counts": {"0": 6110}, "avg_over_mag": 0.0, "avg_under_mag": 0.0, "avg_over": 0.0, "avg_under": 0.0}], [[0.4, 0.45], {"acc": 0.5557319784058431, "nll": 0.6925560842483817, "mse": 0.24937826577482436, "N": 18894, "over_prob": 0.0, "under_prob": 0.0, "over_counts": {"0": 7038}, "under_counts": {"0": 7036}, "avg_over_mag": 0.0, "avg_under_mag": 0.0, "avg_over": 0.0, "avg_under": 0.0}], [[0.45, 0.5], {"acc": 0.5087021864546468, "nll": 0.7022730976451512, "mse": 0.2542630262442419, "N": 20627, "over_prob": 0.0, "under_prob": 0.0, "over_counts": {"0": 7979}, "under_counts": {"0": 7974}, "avg_over_mag": 0.0, "avg_under_mag": 0.0, "avg_over": 0.0, "avg_under": 0.0}], [[0.5, 0.55], {"acc": 0.49559960885412035, "nll": 0.7072658282638843, "mse": 0.2566391883721152, "N": 22498, "over_prob": 0.0, "under_prob": 0.0, "over_counts": {"0": 8640}, "under_counts": {"0": 8635}, "avg_over_mag": 0.0, "avg_under_mag": 0.0, "avg_over": 0.0, "avg_under": 0.0}], [[0.55, 0.6000000000000001], {"acc": 0.5428901352688882, "nll": 0.6941994507610626, "mse": 0.2501346479804474, "N": 24248, "over_prob": 0.0, "under_prob": 0.0, "over_counts": {"0": 9173}, "under_counts": {"0": 9157}, "avg_over_mag": 0.0, "avg_under_mag": 0.0, "avg_over": 0.0, "avg_under": 0.0}], [[0.6000000000000001, 0.65], {"acc": 0.6057254391672089, "nll": 0.6732631352867481, "mse": 0.23966232697995826, "N": 26129, "over_prob": 0.0, "under_prob": 0.0, "over_counts": {"0": 9530}, "under_counts": {"0": 9449}, "avg_over_mag": 0.0, "avg_under_mag": 0.0, "avg_over": 0.0, "avg_under": 0.0}], [[0.65, 0.7000000000000001], {"acc": 0.6627595687721584, "nll": 0.6477151798293589, "mse": 0.22698061610226392, "N": 27642, "over_prob": 0.0, "under_prob": 0.0, "over_counts": {"0": 9581}, "under_counts": {"0": 9358}, "avg_over_mag": 0.0, "avg_under_mag": 0.0, "avg_over": 0.0, "avg_under": 0.0}], [[0.7000000000000001, 0.75], {"acc": 0.7165026495079485, "nll": 0.6083529563060964, "mse": 0.20774901421403494, "N": 29062, "over_prob": 0.0, "under_prob": 0.0, "over_counts": {"0": 9274}, "under_counts": {"0": 8595}, "avg_over_mag": 0.0, "avg_under_mag": 0.0, "avg_over": 0.0, "avg_under": 0.0}], [[0.75, 0.8], {"acc": 0.776900159357029, "nll": 0.5469110484601143, "mse": 0.17860184332944518, "N": 28866, "over_prob": 0.0, "under_prob": 0.0, "over_counts": {"0": 8623}, "under_counts": {"0": 6934}, "avg_over_mag": 0.0, "avg_under_mag": 0.0, "avg_over": 0.0, "avg_under": 0.0}], [[0.8, 0.8500000000000001], {"acc": 0.8251066422912858, "nll": 0.48200403683714094, "mse": 0.14907052498202827, "N": 27897, "over_prob": 0.0, "under_prob": 0.0, "over_counts": {"0": 7540}, "under_counts": {"0": 4016}, "avg_over_mag": 0.0, "avg_under_mag": 0.0, "avg_over": 0.0, "avg_under": 0.0}], [[0.8500000000000001, 0.9], {"acc": 0.8736631905924118, "nll": 0.3967669847484041, "mse": 0.11365964449645367, "N": 22535, "over_prob": 0.47484493452791177, "under_prob": 0.47484493452791177, "over_counts": {"0": 3048, "1": 1068, "2": 690, "3": 403, "4": 176, "5": 100, "6": 68, "7": 48, "8": 32, "9": 28, "11": 21, "10": 17, "12": 15, "17": 13, "16": 11, "14": 9, "29": 9, "18": 9, "28": 6, "15": 6, "24": 4, "26": 4, "13": 3, "19": 3, "22": 3, "20": 3, "21": 3, "23": 2, "25": 2}, "under_counts": {"0": 5804}, "avg_over_mag": 3.0765602322206096, "avg_under_mag": 3.0765602322206096, "avg_over": 3.0765602322206096, "avg_under": 3.0765602322206096}], [[0.9, 0.9500000000000001], {"acc": 0.919838523644752, "nll": 0.3000813945395894, "mse": 0.07645059687386674, "N": 10404, "over_prob": 0.1502574002574003, "under_prob": 0.1502574002574003, "over_counts": {"0": 2641, "1": 270, "2": 120, "3": 33, "4": 16, "5": 7, "6": 5, "9": 3, "8": 2, "16": 2, "7": 2, "15": 2, "10": 1, "18": 1, "13": 1, "11": 1, "12": 1}, "under_counts": {"0": 3108}, "avg_over_mag": 1.9721627408993576, "avg_under_mag": 1.9721627408993576, "avg_over": 1.9721627408993576, "avg_under": 1.9721627408993576}], [[0.9500000000000001, 1.0], {"acc": 0.9565619223659889, "nll": 0.17551771113865314, "mse": 0.04154240368904677, "N": 1082, "over_prob": 0.00421940928270037, "under_prob": 0.00421940928270037, "over_counts": {"0": 472, "1": 1, "5": 1}, "under_counts": {"0": 474}, "avg_over_mag": 3.0, "avg_under_mag": 3.0, "avg_over": 3.0, "avg_under": 3.0}]]}