{"auc": 0.8003068419210624, "over_prob": 0.16914084725598721, "under_prob": 0.2746081828997051, "over_counts": {"0": 16063, "1": 1569, "2": 820, "3": 376, "4": 153, "5": 97, "6": 54, "7": 43, "9": 21, "8": 21, "11": 20, "13": 14, "10": 12, "12": 12, "16": 9, "18": 6, "14": 6, "19": 4, "15": 4, "22": 4, "24": 4, "21": 3, "17": 3, "26": 2, "27": 2, "25": 2, "20": 2, "33": 2, "31": 1, "30": 1, "37": 1, "29": 1, "23": 1}, "under_counts": {"0": 14024, "1": 2610, "2": 1161, "3": 522, "4": 264, "5": 150, "6": 129, "7": 81, "8": 58, "9": 45, "11": 33, "10": 33, "12": 30, "14": 25, "13": 23, "15": 19, "16": 18, "20": 17, "19": 14, "17": 11, "22": 11, "18": 10, "21": 8, "24": 8, "23": 6, "26": 5, "31": 5, "27": 3, "28": 3, "29": 3, "40": 2, "30": 1, "36": 1}, "avg_over_mag": 2.527217125382263, "avg_under_mag": 2.8602373328310415, "avg_over": 2.527217125382263, "avg_under": 2.8602373328310415, "acc": 0.7236694496990324, "nll": 0.5363114517684036, "mse": 0.18114867997232717, "metrics_by_prob": [[[0.0, 0.05], {"acc": 0.9840948874268124, "nll": 0.08675747544201277, "mse": 0.016797582599102034, "N": 33134, "over_prob": 0.0, "under_prob": 0.0, "over_counts": {"0": 974}, "under_counts": {"0": 974}, "avg_over_mag": 0.0, "avg_under_mag": 0.0, "avg_over": 0.0, "avg_under": 0.0}], [[0.05, 0.1], {"acc": 0.9303358686141213, "nll": 0.26956817483260614, "mse": 0.06887830956171856, "N": 14857, "over_prob": 0.0, "under_prob": 0.0, "over_counts": {"0": 1533}, "under_counts": {"0": 1533}, "avg_over_mag": 0.0, "avg_under_mag": 0.0, "avg_over": 0.0, "avg_under": 0.0}], [[0.1, 0.15000000000000002], {"acc": 0.8795551882184988, "nll": 0.3853966107647672, "mse": 0.11127425893853125, "N": 13309, "over_prob": 0.0, "under_prob": 0.0, "over_counts": {"0": 2136}, "under_counts": {"0": 2136}, "avg_over_mag": 0.0, "avg_under_mag": 0.0, "avg_over": 0.0, "avg_under": 0.0}], [[0.15000000000000002, 0.2], {"acc": 0.8284104750304506, "nll": 0.47035452145933343, "mse": 0.14651394479063962, "N": 13136, "over_prob": 0.0, "under_prob": 0.0, "over_counts": {"0": 2827}, "under_counts": {"0": 2827}, "avg_over_mag": 0.0, "avg_under_mag": 0.0, "avg_over": 0.0, "avg_under": 0.0}], [[0.2, 0.25], {"acc": 0.7668941228263262, "nll": 0.5538341087157371, "mse": 0.18268386477504622, "N": 13629, "over_prob": 0.0, "under_prob": 0.0, "over_counts": {"0": 3560}, "under_counts": {"0": 3560}, "avg_over_mag": 0.0, "avg_under_mag": 0.0, "avg_over": 0.0, "avg_under": 0.0}], [[0.25, 0.30000000000000004], {"acc": 0.7151106163907054, "nll": 0.6045340167868657, "mse": 0.2062642553487631, "N": 14374, "over_prob": 0.0, "under_prob": 0.0, "over_counts": {"0": 4363}, "under_counts": {"0": 4363}, "avg_over_mag": 0.0, "avg_under_mag": 0.0, "avg_over": 0.0, "avg_under": 0.0}], [[0.30000000000000004, 0.35000000000000003], {"acc": 0.6658119110199372, "nll": 0.6439522200337419, "mse": 0.22496678598983205, "N": 15599, "over_prob": 0.0, "under_prob": 0.0, "over_counts": {"0": 5189}, "under_counts": {"0": 5189}, "avg_over_mag": 0.0, "avg_under_mag": 0.0, "avg_over": 0.0, "avg_under": 0.0}], [[0.35000000000000003, 0.4], {"acc": 0.5987861646337871, "nll": 0.684116019927305, "mse": 0.24436466708465954, "N": 16971, "over_prob": 0.0, "under_prob": 0.0, "over_counts": {"0": 6111}, "under_counts": {"0": 6111}, "avg_over_mag": 0.0, "avg_under_mag": 0.0, "avg_over": 0.0, "avg_under": 0.0}], [[0.4, 0.45], {"acc": 0.5504922197523023, "nll": 0.6988235991026912, "mse": 0.25201535189292473, "N": 18894, "over_prob": 0.0, "under_prob": 0.0, "over_counts": {"0": 7038}, "under_counts": {"0": 7038}, "avg_over_mag": 0.0, "avg_under_mag": 0.0, "avg_over": 0.0, "avg_under": 0.0}], [[0.45, 0.5], {"acc": 0.5093809085179619, "nll": 0.7103734660685023, "mse": 0.2579789335253193, "N": 20627, "over_prob": 0.0, "under_prob": 0.0005013159543802992, "over_counts": {"0": 7979}, "under_counts": {"0": 7975, "1": 4}, "avg_over_mag": 0.0, "avg_under_mag": 1.0, "avg_over": 0.0, "avg_under": 1.0}], [[0.5, 0.55], {"acc": 0.4994666192550449, "nll": 0.7140809064510486, "mse": 0.2597455499895522, "N": 22498, "over_prob": 0.0, "under_prob": 0.0010416666666667185, "over_counts": {"0": 8640}, "under_counts": {"0": 8631, "1": 8, "2": 1}, "avg_over_mag": 0.0, "avg_under_mag": 1.1111111111111112, "avg_over": 0.0, "avg_under": 1.1111111111111112}], [[0.55, 0.6000000000000001], {"acc": 0.5402095018145826, "nll": 0.7009809013050663, "mse": 0.25322084928786126, "N": 24248, "over_prob": 0.0, "under_prob": 0.0008721247138341326, "over_counts": {"0": 9173}, "under_counts": {"0": 9165, "1": 7, "2": 1}, "avg_over_mag": 0.0, "avg_under_mag": 1.125, "avg_over": 0.0, "avg_under": 1.125}], [[0.6000000000000001, 0.65], {"acc": 0.5980711087297639, "nll": 0.6774663496906332, "mse": 0.2416535788232305, "N": 26129, "over_prob": 0.0, "under_prob": 0.004302203567680962, "over_counts": {"0": 9530}, "under_counts": {"0": 9489, "1": 36, "2": 3, "4": 1, "6": 1}, "avg_over_mag": 0.0, "avg_under_mag": 1.2682926829268293, "avg_over": 0.0, "avg_under": 1.2682926829268293}], [[0.65, 0.7000000000000001], {"acc": 0.6563562694450474, "nll": 0.6497874678572235, "mse": 0.2278287424934111, "N": 27642, "over_prob": 0.0, "under_prob": 0.018995929443690662, "over_counts": {"0": 9581}, "under_counts": {"0": 9399, "1": 159, "2": 15, "3": 4, "6": 2, "4": 1, "5": 1}, "avg_over_mag": 0.0, "avg_under_mag": 1.2197802197802199, "avg_over": 0.0, "avg_under": 1.2197802197802199}], [[0.7000000000000001, 0.75], {"acc": 0.713818732365288, "nll": 0.6100578497300514, "mse": 0.20844862331204053, "N": 29062, "over_prob": 0.0, "under_prob": 0.07785205952124219, "over_counts": {"0": 9274}, "under_counts": {"0": 8552, "1": 584, "2": 81, "3": 25, "4": 12, "5": 9, "8": 4, "9": 3, "6": 3, "7": 1}, "avg_over_mag": 0.0, "avg_under_mag": 1.3822714681440442, "avg_over": 0.0, "avg_under": 1.3822714681440442}], [[0.75, 0.8], {"acc": 0.7763458740386614, "nll": 0.5467936625028835, "mse": 0.17862330808848892, "N": 28866, "over_prob": 0.0, "under_prob": 0.23216977849936216, "over_counts": {"0": 8623}, "under_counts": {"0": 6621, "1": 1293, "2": 359, "3": 132, "4": 82, "5": 34, "6": 25, "7": 21, "8": 13, "9": 10, "10": 8, "13": 8, "11": 7, "14": 4, "15": 2, "12": 2, "20": 1, "16": 1}, "avg_over_mag": 0.0, "avg_under_mag": 1.8996003996003996, "avg_over": 0.0, "avg_under": 1.8996003996003996}], [[0.8, 0.8500000000000001], {"acc": 0.824927411549629, "nll": 0.4802795620761487, "mse": 0.14871681589427208, "N": 27897, "over_prob": 0.0, "under_prob": 0.5263925729442971, "over_counts": {"0": 7540}, "under_counts": {"0": 3571, "1": 2001, "2": 936, "3": 365, "4": 191, "5": 128, "6": 62, "7": 40, "8": 38, "9": 36, "10": 27, "11": 24, "12": 19, "13": 19, "14": 18, "15": 15, "16": 12, "17": 10, "20": 6, "18": 5, "23": 5, "24": 5, "19": 4, "22": 3}, "avg_over_mag": 0.0, "avg_under_mag": 2.5414462081128746, "avg_over": 0.0, "avg_under": 2.5414462081128746}], [[0.8500000000000001, 0.9], {"acc": 0.8737075660084314, "nll": 0.39555890492197754, "mse": 0.11348656505252247, "N": 22535, "over_prob": 0.5301516195727085, "under_prob": 0.0, "over_counts": {"0": 2727, "1": 1563, "2": 757, "3": 317, "4": 140, "5": 83, "6": 41, "7": 40, "9": 23, "8": 19, "11": 15, "10": 11, "12": 10, "13": 9, "20": 7, "15": 7, "14": 6, "16": 6, "21": 5, "17": 5, "19": 4, "18": 3, "22": 3, "24": 1, "23": 1, "27": 1}, "under_counts": {"0": 5804}, "avg_over_mag": 2.3675658108547286, "avg_under_mag": 0.0, "avg_over": 2.3675658108547286, "avg_under": 0.0}], [[0.9, 0.9500000000000001], {"acc": 0.919838523644752, "nll": 0.29780407413962573, "mse": 0.0762237604922562, "N": 10404, "over_prob": 0.20592020592020588, "under_prob": 0.0, "over_counts": {"0": 2468, "1": 487, "2": 89, "3": 26, "4": 18, "6": 7, "5": 4, "11": 3, "9": 2, "7": 1, "10": 1, "8": 1, "15": 1}, "under_counts": {"0": 3108}, "avg_over_mag": 1.5125, "avg_under_mag": 0.0, "avg_over": 1.5125, "avg_under": 0.0}], [[0.9500000000000001, 1.0], {"acc": 0.9565619223659889, "nll": 0.18415315794802953, "mse": 0.04254270038616686, "N": 1082,