{"over_prob": 0.5038435451051322, "under_prob": 0.47852136558896674, "over_counts": {"0": 4389, "1": 1591, "2": 911, "3": 565, "4": 359, "5": 243, "6": 168, "7": 138, "8": 108, "10": 60, "9": 58, "11": 43, "13": 30, "12": 29, "14": 26, "15": 19, "19": 13, "18": 11, "21": 9, "23": 9, "16": 9, "17": 8, "27": 6, "28": 5, "26": 5, "24": 4, "31": 4, "22": 4, "20": 4, "39": 3, "56": 2, "25": 2, "37": 1, "44": 1, "48": 1, "33": 1, "40": 1, "36": 1, "30": 1, "45": 1, "54": 1, "29": 1, "58": 1}, "under_counts": {"0": 4613, "1": 2015, "2": 906, "3": 450, "4": 262, "5": 151, "6": 107, "7": 78, "8": 71, "9": 44, "10": 32, "11": 27, "12": 18, "15": 13, "13": 10, "17": 9, "14": 8, "19": 7, "16": 5, "18": 4, "21": 4, "20": 3, "22": 2, "26": 2, "40": 1, "41": 1, "75": 1, "34": 1, "59": 1}, "avg_over_mag": 3.6466232892079873, "avg_under_mag": 2.676352468698323, "avg_over": 3.6466232892079873, "avg_under": 2.676352468698323, "acc": 0.8813340110696939, "auc": 0.6376546673243177, "nll": 0.38828591801431783, "mse": 0.10027045269918217, "metrics_by_prob": [[[0.0, 0.05], {"acc": 0.8, "nll": 0.2972198615259528, "mse": 0.09877731790795047, "N": 5, "over_prob": 0.0, "under_prob": 0.0, "over_counts": {"0": 4}, "under_counts": {"0": 4}, "avg_over_mag": 0.0, "avg_under_mag": 0.0, "avg_over": 0.0, "avg_under": 0.0}], [[0.05, 0.1], {"acc": 0.6, "nll": 1.3820301351054325, "mse": 0.37418485572463417, "N": 5, "over_prob": 0.0, "under_prob": 0.19999999999999996, "over_counts": {"0": 5}, "under_counts": {"0": 4, "1": 1}, "avg_over_mag": 0.0, "avg_under_mag": 1.0, "avg_over": 0.0, "avg_under": 1.0}], [[0.1, 0.15000000000000002], {"acc": 0.8461538461538461, "nll": 0.5002903296368374, "mse": 0.12231021541415103, "N": 52, "over_prob": 0.0, "under_prob": 0.045454545454545414, "over_counts": {"0": 22}, "under_counts": {"0": 21, "2": 1}, "avg_over_mag": 0.0, "avg_under_mag": 2.0, "avg_over": 0.0, "avg_under": 2.0}], [[0.15000000000000002, 0.2], {"acc": 0.7083333333333334, "nll": 0.5771453967344161, "mse": 0.19728744390102124, "N": 48, "over_prob": 0.0, "under_prob": 0.0, "over_counts": {"0": 48}, "under_counts": {"0": 48}, "avg_over_mag": 0.0, "avg_under_mag": 0.0, "avg_over": 0.0, "avg_under": 0.0}], [[0.2, 0.25], {"acc": 0.5833333333333334, "nll": 1.1526701362433374, "mse": 0.28754514676264864, "N": 36, "over_prob": 0.0, "under_prob": 0.11111111111111116, "over_counts": {"0": 36}, "under_counts": {"0": 32, "1": 4}, "avg_over_mag": 0.0, "avg_under_mag": 1.0, "avg_over": 0.0, "avg_under": 1.0}], [[0.25, 0.30000000000000004], {"acc": 0.6666666666666666, "nll": 0.6931247013133753, "mse": 0.24004100169311654, "N": 42, "over_prob": 0.0, "under_prob": 0.0, "over_counts": {"0": 42}, "under_counts": {"0": 42}, "avg_over_mag": 0.0, "avg_under_mag": 0.0, "avg_over": 0.0, "avg_under": 0.0}], [[0.30000000000000004, 0.35000000000000003], {"acc": 0.631578947368421, "nll": 0.7047218608159568, "mse": 0.24395248286465043, "N": 76, "over_prob": 0.0, "under_prob": 0.052631578947368474, "over_counts": {"0": 76}, "under_counts": {"0": 72, "1": 4}, "avg_over_mag": 0.0, "avg_under_mag": 1.0, "avg_over": 0.0, "avg_under": 1.0}], [[0.35000000000000003, 0.4], {"acc": 0.4797297297297297, "nll": 0.8387739786473691, "mse": 0.29595693849597987, "N": 148, "over_prob": 0.0, "under_prob": 0.06818181818181823, "over_counts": {"0": 132}, "under_counts": {"0": 123, "1": 8, "5": 1}, "avg_over_mag": 0.0, "avg_under_mag": 1.4444444444444444, "avg_over": 0.0, "avg_under": 1.4444444444444444}], [[0.4, 0.45], {"acc": 0.521594684385382, "nll": 0.8174126937361037, "mse": 0.2843153470443934, "N": 301, "over_prob": 0.0, "under_prob": 0.08650519031141868, "over_counts": {"0": 289}, "under_counts": {"0": 264, "1": 24, "3": 1}, "avg_over_mag": 0.0, "avg_under_mag": 1.08, "avg_over": 0.0, "avg_under": 1.08}], [[0.45, 0.5], {"acc": 0.47044917257683216, "nll": 0.8895192363576385, "mse": 0.2982413052712472, "N": 423, "over_prob": 0.0, "under_prob": 0.07161125319693096, "over_counts": {"0": 391}, "under_counts": {"0": 363, "1": 26, "2": 2}, "avg_over_mag": 0.0, "avg_under_mag": 1.0714285714285714, "avg_over": 0.0, "avg_under": 1.0714285714285714}], [[0.5, 0.55], {"acc": 0.5236111111111111, "nll": 0.8763765349465105, "mse": 0.2788775414128425, "N": 720, "over_prob": 0.0, "under_prob": 0.09379968203497613, "over_counts": {"0": 629}, "under_counts": {"0": 570, "1": 54, "3": 3, "2": 2}, "avg_over_mag": 0.0, "avg_under_mag": 1.1355932203389831, "avg_over": 0.0, "avg_under": 1.1355932203389831}], [[0.55, 0.6000000000000001], {"acc": 0.5789473684210527, "nll": 0.7955427970592487, "mse": 0.26548108844167156, "N": 1045, "over_prob": 0.0, "under_prob": 0.1280087527352297, "over_counts": {"0": 914}, "under_counts": {"0": 797, "1": 113, "4": 2, "2": 1, "6": 1}, "avg_over_mag": 0.0, "avg_under_mag": 1.1025641025641026, "avg_over": 0.0, "avg_under": 1.1025641025641026}], [[0.6000000000000001, 0.65], {"acc": 0.597566471383506, "nll": 0.7841968837185164, "mse": 0.2604378121546571, "N": 2219, "over_prob": 0.0, "under_prob": 0.13549969343960755, "over_counts": {"0": 1631}, "under_counts": {"0": 1410, "1": 193, "2": 18, "3": 5, "4": 3, "5": 1, "10": 1}, "avg_over_mag": 0.0, "avg_under_mag": 1.2262443438914028, "avg_over": 0.0, "avg_under": 1.2262443438914028}], [[0.65, 0.7000000000000001], {"acc": 0.6493212669683258, "nll": 0.7412115301108898, "mse": 0.24323833284666257, "N": 4420, "over_prob": 0.0, "under_prob": 0.23751274209989803, "over_counts": {"0": 1962}, "under_counts": {"0": 1496, "1": 389, "2": 53, "3": 17, "5": 2, "7": 2, "4": 2, "11": 1}, "avg_over_mag": 0.0, "avg_under_mag": 1.2639484978540771, "avg_over": 0.0, "avg_under": 1.2639484978540771}], [[0.7000000000000001, 0.75], {"acc": 0.7019438444924406, "nll": 0.7046777318493593, "mse": 0.21915876538221654, "N": 5093, "over_prob": 0.0, "under_prob": 0.27345844504021444, "over_counts": {"0": 2611}, "under_counts": {"0": 1897, "1": 566, "2": 78, "3": 25, "4": 17, "5": 10, "7": 7, "6": 5, "8": 4, "9": 1, "20": 1}, "avg_over_mag": 0.0, "avg_under_mag": 1.477591036414566, "avg_over": 0.0, "avg_under": 1.477591036414566}], [[0.75, 0.8], {"acc": 0.7555839925546766, "nll": 0.64444358888566, "mse": 0.19361239466933725, "N": 8596, "over_prob": 0.0, "under_prob": 0.40417353102690834, "over_counts": {"0": 3642}, "under_counts": {"0": 2170, "1": 1085, "2": 182, "3": 87, "4": 59, "5": 26, "7": 12, "10": 5, "6": 5, "8": 3, "11": 3, "9": 2, "12": 1, "14": 1, "16": 1}, "avg_over_mag": 0.0, "avg_under_mag": 1.6012228260869565, "avg_over": 0.0, "avg_under": 1.6012228260869565}], [[0.8, 0.8500000000000001], {"acc": 0.8103513174404015, "nll": 0.5707799760084299, "mse": 0.15925404097170978, "N": 15940, "over_prob": 0.0, "under_prob": 0.6370630907891844, "over_counts": {"0": 4549}, "under_counts": {"1": 1675, "0": 1651, "2": 523, "3": 219, "4": 158, "5": 95, "6": 52, "8": 36, "7": 32, "9": 29, "10": 16, "15": 15, "11": 15, "12": 8, "13": 5, "19": 4, "17": 3, "22": 2, "14": 2, "20": 2, "21": 1, "18": 1, "37": 1, "41": 1, "75": 1, "52": 1, "16": 1}, "avg_over_mag": 0.0, "avg_under_mag": 2.339544513457557, "avg_over": 0.0, "avg_under": 2.339544513457557}], [[0.8500000000000001, 0.9], {"acc": 0.8608073263981506, "nll": 0.4962881675480306, "mse": 0.12390571217507022, "N": 22494, "over_prob": 0.6072916666666667, "under_prob": 0.0, "over_counts": {"0": 1885, "1": 1416, "2": 579, "3": 311, "4": 172, "5": 118, "6": 91, "7": 72, "8": 45, "9": 25, "10": 22, "11": 12, "12": 8, "14": 7, "15": 5, "13": 4, "17": 4, "21": 3, "25": 3, "23": 2, "22": 2, "19": 2, "16": 2, "18": 2, "29": 1, "24": 1, "26": 1, "27": 1, "45": 1, "37": 1, "31": 1, "56": 1}, "under_counts": {"0": 4800}, "avg_over_mag": 2.665523156089194, "avg_under_mag": 0.0, "avg_over": 2.665523156089194, "avg_under": 0.0}], [[0.9, 0.9500000000000001], {"acc": 0.9268506302730629, "nll": 0.30231770822489845, "mse": 0.07001827589205767, "N": 90199, "over_prob": 0.5113275460512386, "under_prob": 0.0, "over_counts": {"0": 2308, "1": 1125, "2": 534, "3": 213, "4": 140, "5": 93,