{"auc": 0.7175398949373962, "over_prob": 0.12349895339869998, "under_prob": 0.09463479123058283, "over_counts": {"0": 7956, "1": 872, "2": 110, "3": 40, "9": 36, "4": 29, "5": 16, "7": 6, "8": 6, "6": 5, "11": 1}, "under_counts": {"0": 8218, "1": 587, "2": 114, "3": 56, "4": 41, "5": 14, "9": 5, "8": 5, "7": 5, "27": 4, "12": 3, "17": 3, "6": 3, "14": 2, "30": 2, "11": 2, "10": 1, "23": 1, "19": 1, "35": 1, "25": 1, "20": 1, "26": 1, "29": 1, "24": 1, "13": 1, "91": 1, "32": 1, "15": 1}, "avg_over_mag": 1.6619090098126672, "avg_under_mag": 2.3538998835855645, "avg_over": 1.6619090098126672, "avg_under": 2.3538998835855645, "acc": 0.8876348574364243, "nll": 0.31962876527786227, "mse": 0.09223459775984716, "metrics_by_prob": [[[0.0, 0.05], {"acc": 1.0, "nll": 0.06306799161641129, "mse": 0.003835970012541469, "N": 6, "over_prob": 0.0, "under_prob": 0.0, "over_counts": {"0": 4}, "under_counts": {"0": 4}, "avg_over_mag": 0.0, "avg_under_mag": 0.0, "avg_over": 0.0, "avg_under": 0.0}], [[0.05, 0.1], {"acc": 1.0, "nll": 0.13663278255915395, "mse": 0.01632013174204342, "N": 8, "over_prob": 0.0, "under_prob": 0.0, "over_counts": {"0": 8}, "under_counts": {"0": 8}, "avg_over_mag": 0.0, "avg_under_mag": 0.0, "avg_over": 0.0, "avg_under": 0.0}], [[0.1, 0.15000000000000002], {"acc": 0.8571428571428571, "nll": 0.4095645168807175, "mse": 0.12221462199378538, "N": 56, "over_prob": 0.0, "under_prob": 0.0, "over_counts": {"0": 23}, "under_counts": {"0": 23}, "avg_over_mag": 0.0, "avg_under_mag": 0.0, "avg_over": 0.0, "avg_under": 0.0}], [[0.15000000000000002, 0.2], {"acc": 0.8297872340425532, "nll": 0.4589201756249447, "mse": 0.14238089898224712, "N": 47, "over_prob": 0.0, "under_prob": 0.0, "over_counts": {"0": 47}, "under_counts": {"0": 47}, "avg_over_mag": 0.0, "avg_under_mag": 0.0, "avg_over": 0.0, "avg_under": 0.0}], [[0.2, 0.25], {"acc": 0.8837209302325582, "nll": 0.4388297230243136, "mse": 0.13098931391304414, "N": 43, "over_prob": 0.0, "under_prob": 0.0, "over_counts": {"0": 42}, "under_counts": {"0": 42}, "avg_over_mag": 0.0, "avg_under_mag": 0.0, "avg_over": 0.0, "avg_under": 0.0}], [[0.25, 0.30000000000000004], {"acc": 0.6538461538461539, "nll": 0.6629741569385452, "mse": 0.2329334084293643, "N": 52, "over_prob": 0.0, "under_prob": 0.0, "over_counts": {"0": 52}, "under_counts": {"0": 52}, "avg_over_mag": 0.0, "avg_under_mag": 0.0, "avg_over": 0.0, "avg_under": 0.0}], [[0.30000000000000004, 0.35000000000000003], {"acc": 0.6593406593406593, "nll": 0.6420890159856062, "mse": 0.22515030641405473, "N": 91, "over_prob": 0.0, "under_prob": 0.0, "over_counts": {"0": 91}, "under_counts": {"0": 91}, "avg_over_mag": 0.0, "avg_under_mag": 0.0, "avg_over": 0.0, "avg_under": 0.0}], [[0.35000000000000003, 0.4], {"acc": 0.5496688741721855, "nll": 0.7030866487472696, "mse": 0.2544782728488348, "N": 151, "over_prob": 0.0, "under_prob": 0.0, "over_counts": {"0": 132}, "under_counts": {"0": 132}, "avg_over_mag": 0.0, "avg_under_mag": 0.0, "avg_over": 0.0, "avg_under": 0.0}], [[0.4, 0.45], {"acc": 0.5570032573289903, "nll": 0.6864676369127396, "mse": 0.24665388267937458, "N": 307, "over_prob": 0.0, "under_prob": 0.0, "over_counts": {"0": 290}, "under_counts": {"0": 290}, "avg_over_mag": 0.0, "avg_under_mag": 0.0, "avg_over": 0.0, "avg_under": 0.0}], [[0.45, 0.5], {"acc": 0.5245579567779961, "nll": 0.6898181451676889, "mse": 0.24832716713602762, "N": 509, "over_prob": 0.0, "under_prob": 0.0, "over_counts": {"0": 450}, "under_counts": {"0": 450}, "avg_over_mag": 0.0, "avg_under_mag": 0.0, "avg_over": 0.0, "avg_under": 0.0}], [[0.5, 0.55], {"acc": 0.5011904761904762, "nll": 0.7002502700017953, "mse": 0.25344406092497873, "N": 840, "over_prob": 0.0, "under_prob": 0.0, "over_counts": {"0": 677}, "under_counts": {"0": 677}, "avg_over_mag": 0.0, "avg_under_mag": 0.0, "avg_over": 0.0, "avg_under": 0.0}], [[0.55, 0.6000000000000001], {"acc": 0.58003300330033, "nll": 0.6823082500098713, "mse": 0.24452702006030294, "N": 1212, "over_prob": 0.0, "under_prob": 0.0, "over_counts": {"0": 995}, "under_counts": {"0": 995}, "avg_over_mag": 0.0, "avg_under_mag": 0.0, "avg_over": 0.0, "avg_under": 0.0}], [[0.6000000000000001, 0.65], {"acc": 0.6371393742381146, "nll": 0.6566347661776206, "mse": 0.2318990093823981, "N": 2461, "over_prob": 0.0, "under_prob": 0.0, "over_counts": {"0": 1760}, "under_counts": {"0": 1760}, "avg_over_mag": 0.0, "avg_under_mag": 0.0, "avg_over": 0.0, "avg_under": 0.0}], [[0.65, 0.7000000000000001], {"acc": 0.6741386467413865, "nll": 0.6312676798014797, "mse": 0.21970057133083437, "N": 4818, "over_prob": 0.0, "under_prob": 0.0, "over_counts": {"0": 2098}, "under_counts": {"0": 2098}, "avg_over_mag": 0.0, "avg_under_mag": 0.0, "avg_over": 0.0, "avg_under": 0.0}], [[0.7000000000000001, 0.75], {"acc": 0.7244825124910778, "nll": 0.5904005731780378, "mse": 0.20026912929525267, "N": 5604, "over_prob": 0.0, "under_prob": 0.0, "over_counts": {"0": 2730}, "under_counts": {"0": 2730}, "avg_over_mag": 0.0, "avg_under_mag": 0.0, "avg_over": 0.0, "avg_under": 0.0}], [[0.75, 0.8], {"acc": 0.7803689883913765, "nll": 0.526329157757373, "mse": 0.17136950938804107, "N": 9648, "over_prob": 0.0, "under_prob": 0.0018310227569970916, "over_counts": {"0": 3823}, "under_counts": {"0": 3816, "1": 7}, "avg_over_mag": 0.0, "avg_under_mag": 1.0, "avg_over": 0.0, "avg_under": 1.0}], [[0.8, 0.8500000000000001], {"acc": 0.8280226241809935, "nll": 0.4587448406664534, "mse": 0.1423297199456067, "N": 17857, "over_prob": 0.0, "under_prob": 0.18087581975883227, "over_counts": {"0": 4727}, "under_counts": {"0": 3872, "1": 585, "2": 113, "3": 55, "4": 41, "5": 14, "9": 5, "8": 5, "7": 5, "27": 4, "12": 3, "17": 3, "6": 3, "14": 2, "30": 2, "11": 2, "10": 1, "23": 1, "19": 1, "35": 1, "25": 1, "20": 1, "26": 1, "29": 1, "24": 1, "13": 1, "91": 1, "32": 1, "15": 1}, "avg_over_mag": 0.0, "avg_under_mag": 2.3567251461988303, "avg_over": 0.0, "avg_under": 2.3567251461988303}], [[0.8500000000000001, 0.9], {"acc": 0.8790097629009763, "nll": 0.36855752298960226, "mse": 0.10628615416488377, "N": 25812, "over_prob": 0.2248389694041868, "under_prob": 0.0, "over_counts": {"0": 3851, "1": 870, "2": 109, "3": 41, "9": 36, "4": 28, "5": 16, "8": 6, "7": 5, "6": 5, "11": 1}, "under_counts": {"0": 4968}, "avg_over_mag": 1.6571172784243509, "avg_under_mag": 0.0, "avg_over": 1.6571172784243509, "avg_under": 0.0}], [[0.9, 0.9500000000000001], {"acc": 0.9288873383675261, "nll": 0.2556792300497716, "mse": 0.06594675559741027, "N": 88859, "over_prob": 0.001239413344350293, "under_prob": 0.0, "over_counts": {"0": 4835, "1": 4, "4": 1, "2": 1}, "under_counts": {"0": 4841}, "avg_over_mag": 1.6666666666666667, "avg_under_mag": 0.0, "avg_over": 1.6666666666666667, "avg_under": 0.0}], [[0.9500000000000001, 1.0], {"acc": 0.9679106835656356, "nll": 0.14105583840921054, "mse": 0.031025192415178232, "N": 28483, "over_prob": 0.0004226542688081647, "under_prob": 0.0, "over_counts": {"0": 2365, "2": 1}, "under_counts": {"0": 2366}, "avg_over_mag": 2.0, "avg_under_mag": 0.0, "avg_over": 2.0, "avg_under": 0.0}]]}