{"auc": 0.7936348422279, "over_prob": 0.33382319692516393, "under_prob": 0.33212751526113493, "over_counts": {"0": 5893, "1": 1745, "2": 658, "3": 259, "4": 119, "5": 63, "6": 34, "7": 24, "8": 13, "9": 10, "11": 7, "10": 6, "12": 4, "16": 3, "17": 2, "13": 2, "18": 1, "14": 1, "15": 1, "26": 1}, "under_counts": {"0": 5908, "1": 1746, "2": 596, "3": 281, "4": 117, "5": 77, "6": 38, "7": 30, "8": 21, "10": 7, "12": 6, "9": 6, "13": 5, "11": 2, "15": 1, "26": 1, "20": 1, "23": 1, "24": 1, "14": 1}, "avg_over_mag": 1.8831696579749408, "avg_under_mag": 1.9213750850918994, "avg_over": 1.8831696579749408, "avg_under": 1.9213750850918994, "acc": 0.9076301818592567, "nll": 0.2663758713474942, "mse": 0.07521852414039357, "metrics_by_prob": [[[0.0, 0.05], {"acc": 1.0, "nll": 0.0016452440912307375, "mse": 6.398546221602806e-05, "N": 1486, "over_prob": 0.0, "under_prob": 0.0, "over_counts": {"0": 99}, "under_counts": {"0": 99}, "avg_over_mag": 0.0, "avg_under_mag": 0.0, "avg_over": 0.0, "avg_under": 0.0}], [[0.05, 0.1], {"acc": 0.8923076923076924, "nll": 0.3588404047111896, "mse": 0.09853593211407119, "N": 65, "over_prob": 0.0, "under_prob": 0.0, "over_counts": {"0": 60}, "under_counts": {"0": 60}, "avg_over_mag": 0.0, "avg_under_mag": 0.0, "avg_over": 0.0, "avg_under": 0.0}], [[0.1, 0.15000000000000002], {"acc": 0.8823529411764706, "nll": 0.38415750125064824, "mse": 0.11167867831061563, "N": 119, "over_prob": 0.0, "under_prob": 0.0, "over_counts": {"0": 106}, "under_counts": {"0": 106}, "avg_over_mag": 0.0, "avg_under_mag": 0.0, "avg_over": 0.0, "avg_under": 0.0}], [[0.15000000000000002, 0.2], {"acc": 0.8017241379310345, "nll": 0.5417497386179598, "mse": 0.17200656408482196, "N": 116, "over_prob": 0.0, "under_prob": 0.0, "over_counts": {"0": 93}, "under_counts": {"0": 93}, "avg_over_mag": 0.0, "avg_under_mag": 0.0, "avg_over": 0.0, "avg_under": 0.0}], [[0.2, 0.25], {"acc": 0.8011049723756906, "nll": 0.5283883604026864, "mse": 0.172428917079573, "N": 181, "over_prob": 0.0, "under_prob": 0.0, "over_counts": {"0": 169}, "under_counts": {"0": 169}, "avg_over_mag": 0.0, "avg_under_mag": 0.0, "avg_over": 0.0, "avg_under": 0.0}], [[0.25, 0.30000000000000004], {"acc": 0.7195767195767195, "nll": 0.6415718133803978, "mse": 0.21392100233010253, "N": 189, "over_prob": 0.0, "under_prob": 0.0, "over_counts": {"0": 179}, "under_counts": {"0": 179}, "avg_over_mag": 0.0, "avg_under_mag": 0.0, "avg_over": 0.0, "avg_under": 0.0}], [[0.30000000000000004, 0.35000000000000003], {"acc": 0.641566265060241, "nll": 0.6782651409586326, "mse": 0.23529866455902732, "N": 332, "over_prob": 0.0, "under_prob": 0.0, "over_counts": {"0": 318}, "under_counts": {"0": 318}, "avg_over_mag": 0.0, "avg_under_mag": 0.0, "avg_over": 0.0, "avg_under": 0.0}], [[0.35000000000000003, 0.4], {"acc": 0.6075949367088608, "nll": 0.6796127870317284, "mse": 0.24210614985133444, "N": 474, "over_prob": 0.0, "under_prob": 0.0, "over_counts": {"0": 450}, "under_counts": {"0": 450}, "avg_over_mag": 0.0, "avg_under_mag": 0.0, "avg_over": 0.0, "avg_under": 0.0}], [[0.4, 0.45], {"acc": 0.5255972696245734, "nll": 0.7027323506115819, "mse": 0.2543027061259675, "N": 586, "over_prob": 0.0, "under_prob": 0.0, "over_counts": {"0": 513}, "under_counts": {"0": 513}, "avg_over_mag": 0.0, "avg_under_mag": 0.0, "avg_over": 0.0, "avg_under": 0.0}], [[0.45, 0.5], {"acc": 0.5316091954022989, "nll": 0.6986647791793333, "mse": 0.2525110842891308, "N": 696, "over_prob": 0.0, "under_prob": 0.003278688524590123, "over_counts": {"0": 610}, "under_counts": {"0": 608, "1": 2}, "avg_over_mag": 0.0, "avg_under_mag": 1.0, "avg_over": 0.0, "avg_under": 1.0}], [[0.5, 0.55], {"acc": 0.5401262398557258, "nll": 0.6995464334865688, "mse": 0.25278254191378297, "N": 1109, "over_prob": 0.0, "under_prob": 0.007692307692307665, "over_counts": {"0": 910}, "under_counts": {"0": 903, "1": 7}, "avg_over_mag": 0.0, "avg_under_mag": 1.0, "avg_over": 0.0, "avg_under": 1.0}], [[0.55, 0.6000000000000001], {"acc": 0.5474025974025974, "nll": 0.7018694169221567, "mse": 0.25318995586484755, "N": 1540, "over_prob": 0.0, "under_prob": 0.007640067911714787, "over_counts": {"0": 1178}, "under_counts": {"0": 1169, "1": 9}, "avg_over_mag": 0.0, "avg_under_mag": 1.0, "avg_over": 0.0, "avg_under": 1.0}], [[0.6000000000000001, 0.65], {"acc": 0.6241900647948164, "nll": 0.679106706269786, "mse": 0.24089477234733175, "N": 2315, "over_prob": 0.0, "under_prob": 0.010969976905311762, "over_counts": {"0": 1732}, "under_counts": {"0": 1713, "1": 18, "2": 1}, "avg_over_mag": 0.0, "avg_under_mag": 1.0526315789473684, "avg_over": 0.0, "avg_under": 1.0526315789473684}], [[0.65, 0.7000000000000001], {"acc": 0.6710526315789473, "nll": 0.640803474692547, "mse": 0.22338855523272677, "N": 3040, "over_prob": 0.0, "under_prob": 0.02060843964671244, "over_counts": {"0": 2038}, "under_counts": {"0": 1996, "1": 41, "2": 1}, "avg_over_mag": 0.0, "avg_under_mag": 1.0238095238095237, "avg_over": 0.0, "avg_under": 1.0238095238095237}], [[0.7000000000000001, 0.75], {"acc": 0.7134677049931287, "nll": 0.6121665721277874, "mse": 0.20865759719882634, "N": 4366, "over_prob": 0.0, "under_prob": 0.07714808043875687, "over_counts": {"0": 2735}, "under_counts": {"0": 2524, "1": 196, "2": 13, "3": 2}, "avg_over_mag": 0.0, "avg_under_mag": 1.080568720379147, "avg_over": 0.0, "avg_under": 1.080568720379147}], [[0.75, 0.8], {"acc": 0.7700629743258518, "nll": 0.5528903747264039, "mse": 0.18095868574132343, "N": 6193, "over_prob": 0.0, "under_prob": 0.22949308755760367, "over_counts": {"0": 3255}, "under_counts": {"0": 2508, "1": 612, "2": 107, "3": 19, "4": 6, "6": 1, "5": 1, "8": 1}, "avg_over_mag": 0.0, "avg_under_mag": 1.2396251673360108, "avg_over": 0.0, "avg_under": 1.2396251673360108}], [[0.8, 0.8500000000000001], {"acc": 0.8298124203241668, "nll": 0.4641499846415289, "mse": 0.1432930534815793, "N": 10982, "over_prob": 0.0, "under_prob": 0.5965855940130964, "over_counts": {"0": 4276}, "under_counts": {"0": 1725, "1": 1631, "2": 509, "3": 197, "4": 99, "5": 49, "6": 23, "7": 18, "8": 9, "11": 4, "9": 3, "10": 3, "12": 2, "18": 2, "16": 2}, "avg_over_mag": 0.0, "avg_under_mag": 1.728733829870639, "avg_over": 0.0, "avg_under": 1.728733829870639}], [[0.8500000000000001, 0.9], {"acc": 0.8811814830772177, "nll": 0.36926178512442137, "mse": 0.10577155804518168, "N": 20889, "over_prob": 0.46210488505747127, "under_prob": 0.0, "over_counts": {"0": 2995, "1": 1606, "2": 566, "3": 187, "4": 87, "5": 51, "6": 25, "7": 23, "11": 6, "9": 5, "10": 5, "8": 4, "12": 4, "13": 2, "17": 1, "15": 1}, "under_counts": {"0": 5568}, "avg_over_mag": 1.7535950252623398, "avg_under_mag": 0.0, "avg_over": 1.7535950252623398, "avg_under": 0.0}], [[0.9, 0.9500000000000001], {"acc": 0.930563512615441, "nll": 0.2560726179020406, "mse": 0.06521386211177091, "N": 43637, "over_prob": 0.12576312576312576, "under_prob": 0.0, "over_counts": {"0": 5728, "1": 685, "2": 106, "3": 24, "5": 3, "6": 2, "4": 2, "7": 1, "11": 1}, "under_counts": {"0": 6552}, "avg_over_mag": 1.2402912621359223, "avg_under_mag": 0.0, "avg_over": 1.2402912621359223, "avg_under": 0.0}], [[0.9500000000000001, 1.0], {"acc": 0.9723157025842911, "nll": 0.12583950338684252, "mse": 0.026942933382783505, "N": 78745, "over_prob": 0.005096262740656887, "under_prob": 0.0, "over_counts": {"0": 5271, "1": 27}, "under_counts": {"0": 5298}, "avg_over_mag": 1.0, "avg_under_mag": 0.0, "avg_over": 1.0, "avg_under": 0.0}]]}