{"acc": 0.8222277933516168, "auc": 0.6805824566881291, "nll": 0.5929111497730415, "mse": 0.13979882973923705}