{"auc": 0.719917504759646, "over_prob": 0.10103576314246632, "under_prob": 0.09634551495016608, "over_counts": {"0": 9200, "1": 784, "2": 129, "6": 35, "3": 33, "4": 29, "5": 15, "7": 2, "8": 2, "10": 1, "9": 1, "14": 1, "13": 1, "21": 1}, "under_counts": {"0": 9248, "1": 702, "2": 122, "3": 51, "4": 32, "5": 18, "6": 13, "10": 8, "8": 8, "7": 7, "12": 5, "9": 5, "13": 3, "29": 1, "30": 1, "45": 1, "23": 1, "27": 1, "20": 1, "34": 1, "17": 1, "22": 1, "18": 1, "14": 1, "28": 1}, "avg_over_mag": 1.5851063829787233, "avg_under_mag": 2.0679513184584177, "avg_over": 1.5851063829787233, "avg_under": 2.0679513184584177, "acc": 0.8880672741703757, "nll": 0.31916307041530106, "mse": 0.09206600210049011, "metrics_by_prob": [[[0.0, 0.05], {"acc": 1.0, "nll": 0.04655083115098511, "mse": 0.002276395345732033, "N": 5, "over_prob": 0.0, "under_prob": 0.0, "over_counts": {"0": 2}, "under_counts": {"0": 2}, "avg_over_mag": 0.0, "avg_under_mag": 0.0, "avg_over": 0.0, "avg_under": 0.0}], [[0.05, 0.1], {"acc": 0.8571428571428571, "nll": 0.41364681015275523, "mse": 0.12321623388672773, "N": 7, "over_prob": 0.0, "under_prob": 0.0, "over_counts": {"0": 7}, "under_counts": {"0": 7}, "avg_over_mag": 0.0, "avg_under_mag": 0.0, "avg_over": 0.0, "avg_under": 0.0}], [[0.1, 0.15000000000000002], {"acc": 0.92, "nll": 0.2948599139253814, "mse": 0.07692230694132533, "N": 75, "over_prob": 0.0, "under_prob": 0.0, "over_counts": {"0": 29}, "under_counts": {"0": 29}, "avg_over_mag": 0.0, "avg_under_mag": 0.0, "avg_over": 0.0, "avg_under": 0.0}], [[0.15000000000000002, 0.2], {"acc": 0.8214285714285714, "nll": 0.4631781534660245, "mse": 0.14510795211987854, "N": 56, "over_prob": 0.0, "under_prob": 0.0, "over_counts": {"0": 56}, "under_counts": {"0": 56}, "avg_over_mag": 0.0, "avg_under_mag": 0.0, "avg_over": 0.0, "avg_under": 0.0}], [[0.2, 0.25], {"acc": 0.7894736842105263, "nll": 0.5240015333458117, "mse": 0.16893721098051426, "N": 57, "over_prob": 0.0, "under_prob": 0.0, "over_counts": {"0": 57}, "under_counts": {"0": 57}, "avg_over_mag": 0.0, "avg_under_mag": 0.0, "avg_over": 0.0, "avg_under": 0.0}], [[0.25, 0.30000000000000004], {"acc": 0.765625, "nll": 0.552469984530849, "mse": 0.18297208277357319, "N": 64, "over_prob": 0.0, "under_prob": 0.0, "over_counts": {"0": 64}, "under_counts": {"0": 64}, "avg_over_mag": 0.0, "avg_under_mag": 0.0, "avg_over": 0.0, "avg_under": 0.0}], [[0.30000000000000004, 0.35000000000000003], {"acc": 0.6293103448275862, "nll": 0.660631493306281, "mse": 0.23387613925142228, "N": 116, "over_prob": 0.0, "under_prob": 0.0, "over_counts": {"0": 116}, "under_counts": {"0": 116}, "avg_over_mag": 0.0, "avg_under_mag": 0.0, "avg_over": 0.0, "avg_under": 0.0}], [[0.35000000000000003, 0.4], {"acc": 0.6853932584269663, "nll": 0.6463752084178569, "mse": 0.2268313816054095, "N": 178, "over_prob": 0.0, "under_prob": 0.0, "over_counts": {"0": 166}, "under_counts": {"0": 166}, "avg_over_mag": 0.0, "avg_under_mag": 0.0, "avg_over": 0.0, "avg_under": 0.0}], [[0.4, 0.45], {"acc": 0.5783783783783784, "nll": 0.681623366707172, "mse": 0.24423891878608808, "N": 370, "over_prob": 0.0, "under_prob": 0.0, "over_counts": {"0": 355}, "under_counts": {"0": 355}, "avg_over_mag": 0.0, "avg_under_mag": 0.0, "avg_over": 0.0, "avg_under": 0.0}], [[0.45, 0.5], {"acc": 0.5367132867132867, "nll": 0.6915607632689171, "mse": 0.24919297321831818, "N": 572, "over_prob": 0.0, "under_prob": 0.0, "over_counts": {"0": 513}, "under_counts": {"0": 513}, "avg_over_mag": 0.0, "avg_under_mag": 0.0, "avg_over": 0.0, "avg_under": 0.0}], [[0.5, 0.55], {"acc": 0.5331161780673181, "nll": 0.689709083804436, "mse": 0.24826965230437437, "N": 921, "over_prob": 0.0, "under_prob": 0.0, "over_counts": {"0": 756}, "under_counts": {"0": 756}, "avg_over_mag": 0.0, "avg_under_mag": 0.0, "avg_over": 0.0, "avg_under": 0.0}], [[0.55, 0.6000000000000001], {"acc": 0.5800933125972006, "nll": 0.6802985500573995, "mse": 0.24360991688982897, "N": 1286, "over_prob": 0.0, "under_prob": 0.0, "over_counts": {"0": 1123}, "under_counts": {"0": 1123}, "avg_over_mag": 0.0, "avg_under_mag": 0.0, "avg_over": 0.0, "avg_under": 0.0}], [[0.6000000000000001, 0.65], {"acc": 0.6262740656851642, "nll": 0.6603400677081909, "mse": 0.23377983761985935, "N": 2649, "over_prob": 0.0, "under_prob": 0.0, "over_counts": {"0": 1909}, "under_counts": {"0": 1909}, "avg_over_mag": 0.0, "avg_under_mag": 0.0, "avg_over": 0.0, "avg_under": 0.0}], [[0.65, 0.7000000000000001], {"acc": 0.6723199329983249, "nll": 0.6336459164952541, "mse": 0.2207242391925522, "N": 4776, "over_prob": 0.0, "under_prob": 0.0008756567425569628, "over_counts": {"0": 2284}, "under_counts": {"0": 2282, "8": 1, "1": 1}, "avg_over_mag": 0.0, "avg_under_mag": 4.5, "avg_over": 0.0, "avg_under": 4.5}], [[0.7000000000000001, 0.75], {"acc": 0.7380323539121822, "nll": 0.5758916171528908, "mse": 0.1936673552009158, "N": 6058, "over_prob": 0.0, "under_prob": 0.0006607201850016287, "over_counts": {"0": 3027}, "under_counts": {"0": 3025, "1": 2}, "avg_over_mag": 0.0, "avg_under_mag": 1.0, "avg_over": 0.0, "avg_under": 1.0}], [[0.75, 0.8], {"acc": 0.7789044636643802, "nll": 0.529419039822456, "mse": 0.17258863623678253, "N": 10059, "over_prob": 0.0, "under_prob": 0.002133206921071329, "over_counts": {"0": 4219}, "under_counts": {"0": 4210, "1": 6, "3": 2, "2": 1}, "avg_over_mag": 0.0, "avg_under_mag": 1.5555555555555556, "avg_over": 0.0, "avg_under": 1.5555555555555556}], [[0.8, 0.8500000000000001], {"acc": 0.824642800653767, "nll": 0.4641530850561244, "mse": 0.1445516290719148, "N": 18967, "over_prob": 0.0, "under_prob": 0.18580889309366133, "over_counts": {"0": 5285}, "under_counts": {"0": 4303, "1": 704, "2": 118, "3": 51, "4": 32, "5": 18, "6": 13, "10": 8, "8": 8, "7": 6, "9": 5, "12": 4, "13": 3, "29": 1, "30": 1, "45": 1, "23": 1, "27": 1, "20": 1, "34": 1, "17": 1, "22": 1, "18": 1, "14": 1, "28": 1}, "avg_over_mag": 0.0, "avg_under_mag": 2.05091649694501, "avg_over": 0.0, "avg_under": 2.05091649694501}], [[0.8500000000000001, 0.9], {"acc": 0.879115675990676, "nll": 0.36813243535380713, "mse": 0.10615743620882219, "N": 27456, "over_prob": 0.18018817681519617, "under_prob": 0.0, "over_counts": {"0": 4618, "1": 768, "2": 127, "6": 34, "3": 33, "4": 30, "5": 15, "7": 2, "8": 2, "10": 1, "9": 1, "13": 1, "21": 1}, "under_counts": {"0": 5633}, "avg_over_mag": 1.5793103448275863, "avg_under_mag": 0.0, "avg_over": 1.5793103448275863, "avg_under": 0.0}], [[0.9, 0.9500000000000001], {"acc": 0.9286457830290933, "nll": 0.25609681317224475, "mse": 0.0661277492617844, "N": 93183, "over_prob": 0.003981900452488696, "under_prob": 0.0, "over_counts": {"0": 5503, "1": 20, "2": 1, "10": 1}, "under_counts": {"0": 5525}, "avg_over_mag": 1.4545454545454546, "avg_under_mag": 0.0, "avg_over": 1.4545454545454546, "avg_under": 0.0}], [[0.9500000000000001, 1.0], {"acc": 0.9662227189469436, "nll": 0.14603536328507902, "mse": 0.03252404028708644, "N": 32211, "over_prob": 0.0003759398496240296, "under_prob": 0.0, "over_counts": {"0": 2659, "4": 1}, "under_counts": {"0": 2660}, "avg_over_mag": 4.0, "avg_under_mag": 0.0, "avg_over": 4.0, "avg_under": 0.0}]]}