{"over_prob": 0.22748668080484147, "under_prob": 0.22748668080484147, "over_counts": {"0": 14935, "1": 2079, "2": 1093, "3": 540, "4": 227, "5": 122, "6": 80, "7": 56, "8": 45, "9": 35, "11": 23, "10": 22, "13": 19, "12": 11, "18": 8, "15": 7, "14": 6, "19": 4, "22": 3, "24": 3, "16": 3, "17": 3, "21": 2, "28": 1, "33": 1, "27": 1, "31": 1, "26": 1, "25": 1, "20": 1}, "under_counts": {"0": 3491, "1": 2211, "2": 1859, "3": 1550, "4": 1294, "5": 1193, "6": 943, "7": 829, "8": 663, "9": 587, "11": 485, "10": 448, "13": 317, "12": 294, "18": 254, "15": 218, "14": 203, "19": 188, "22": 141, "24": 140, "16": 133, "17": 103, "21": 94, "28": 93, "33": 77, "27": 70, "31": 69, "26": 65, "25": 57, "20": 44}, "avg_over_mag": 2.42837653478854, "avg_under_mag": 2.42837653478854, "avg_over": 2.42837653478854, "avg_under": 2.42837653478854, "acc": 0.5485764498231166, "auc": 0.5816533221854097, "nll": 1.3829329991687078, "mse": 0.3414709814020316, "metrics_by_prob": [[[0.0, 0.05], {"acc": 0.3059696987988169, "nll": 1.8682212248976913, "mse": 0.5143909746560013, "N": 33134, "over_prob": 0.0, "under_prob": 0.0, "over_counts": {"0": 974}, "under_counts": {"0": 161}, "avg_over_mag": 0.0, "avg_under_mag": 0.0, "avg_over": 0.0, "avg_under": 0.0}], [[0.05, 0.1], {"acc": 0.3417917479975769, "nll": 1.7888122980551677, "mse": 0.48252599122984235, "N": 14857, "over_prob": 0.0, "under_prob": 0.0, "over_counts": {"0": 1533}, "under_counts": {"0": 358}, "avg_over_mag": 0.0, "avg_under_mag": 0.0, "avg_over": 0.0, "avg_under": 0.0}], [[0.1, 0.15000000000000002], {"acc": 0.3665940341122549, "nll": 1.7455461953487166, "mse": 0.46237145658294093, "N": 13309, "over_prob": 0.0, "under_prob": 0.0, "over_counts": {"0": 2136}, "under_counts": {"0": 610}, "avg_over_mag": 0.0, "avg_under_mag": 0.0, "avg_over": 0.0, "avg_under": 0.0}], [[0.15000000000000002, 0.2], {"acc": 0.37477161997563946, "nll": 1.7146002425075835, "mse": 0.4542986921802919, "N": 13136, "over_prob": 0.0, "under_prob": 0.0, "over_counts": {"0": 2827}, "under_counts": {"0": 936}, "avg_over_mag": 0.0, "avg_under_mag": 0.0, "avg_over": 0.0, "avg_under": 0.0}], [[0.2, 0.25], {"acc": 0.3921050700711718, "nll": 1.7158927812963944, "mse": 0.44322914225384846, "N": 13629, "over_prob": 0.0, "under_prob": 0.0, "over_counts": {"0": 3560}, "under_counts": {"0": 1259}, "avg_over_mag": 0.0, "avg_under_mag": 0.0, "avg_over": 0.0, "avg_under": 0.0}], [[0.25, 0.30000000000000004], {"acc": 0.4108807569222207, "nll": 1.7151242817830585, "mse": 0.43549478614592624, "N": 14374, "over_prob": 0.0, "under_prob": 0.0, "over_counts": {"0": 4363}, "under_counts": {"0": 1572}, "avg_over_mag": 0.0, "avg_under_mag": 0.0, "avg_over": 0.0, "avg_under": 0.0}], [[0.30000000000000004, 0.35000000000000003], {"acc": 0.4147060709019809, "nll": 1.7358935558302007, "mse": 0.4333258194480058, "N": 15599, "over_prob": 0.0, "under_prob": 0.0, "over_counts": {"0": 5189}, "under_counts": {"0": 1886}, "avg_over_mag": 0.0, "avg_under_mag": 0.0, "avg_over": 0.0, "avg_under": 0.0}], [[0.35000000000000003, 0.4], {"acc": 0.4432266808084379, "nll": 1.6911216929739075, "mse": 0.4167790947503951, "N": 16971, "over_prob": 0.0, "under_prob": 0.0, "over_counts": {"0": 6111}, "under_counts": {"0": 2249}, "avg_over_mag": 0.0, "avg_under_mag": 0.0, "avg_over": 0.0, "avg_under": 0.0}], [[0.4, 0.45], {"acc": 0.45591192971313643, "nll": 1.6948471971035546, "mse": 0.4080241669664626, "N": 18894, "over_prob": 0.0, "under_prob": 0.0, "over_counts": {"0": 7038}, "under_counts": {"0": 2485}, "avg_over_mag": 0.0, "avg_under_mag": 0.0, "avg_over": 0.0, "avg_under": 0.0}], [[0.45, 0.5], {"acc": 0.48518931497551754, "nll": 1.6186794454965472, "mse": 0.3881409196096887, "N": 20627, "over_prob": 0.0, "under_prob": 0.0, "over_counts": {"0": 7979}, "under_counts": {"0": 2832}, "avg_over_mag": 0.0, "avg_under_mag": 0.0, "avg_over": 0.0, "avg_under": 0.0}], [[0.5, 0.55], {"acc": 0.5163570095119566, "nll": 1.553223149837234, "mse": 0.36724620628556537, "N": 22498, "over_prob": 0.0, "under_prob": 0.0, "over_counts": {"0": 8640}, "under_counts": {"0": 2970}, "avg_over_mag": 0.0, "avg_under_mag": 0.0, "avg_over": 0.0, "avg_under": 0.0}], [[0.55, 0.6000000000000001], {"acc": 0.5503134279115803, "nll": 1.4618439148133182, "mse": 0.34366449873525, "N": 24248, "over_prob": 0.0, "under_prob": 0.0, "over_counts": {"0": 9173}, "under_counts": {"0": 3093}, "avg_over_mag": 0.0, "avg_under_mag": 0.0, "avg_over": 0.0, "avg_under": 0.0}], [[0.6000000000000001, 0.65], {"acc": 0.5869723295954686, "nll": 1.356256217024467, "mse": 0.3154772260468412, "N": 26129, "over_prob": 0.0, "under_prob": 0.0, "over_counts": {"0": 9530}, "under_counts": {"0": 3236}, "avg_over_mag": 0.0, "avg_under_mag": 0.0, "avg_over": 0.0, "avg_under": 0.0}], [[0.65, 0.7000000000000001], {"acc": 0.621698864047464, "nll": 1.2489850696422924, "mse": 0.2920487250480154, "N": 27642, "over_prob": 0.0, "under_prob": 0.0, "over_counts": {"0": 9581}, "under_counts": {"0": 3253}, "avg_over_mag": 0.0, "avg_under_mag": 0.0, "avg_over": 0.0, "avg_under": 0.0}], [[0.7000000000000001, 0.75], {"acc": 0.6606565274241277, "nll": 1.1368472310455673, "mse": 0.2652493069736718, "N": 29062, "over_prob": 0.0, "under_prob": 0.0, "over_counts": {"0": 9274}, "under_counts": {"0": 3140}, "avg_over_mag": 0.0, "avg_under_mag": 0.0, "avg_over": 0.0, "avg_under": 0.0}], [[0.75, 0.8], {"acc": 0.7190466292524077, "nll": 0.9626150272194266, "mse": 0.22307690763340576, "N": 28866, "over_prob": 0.0, "under_prob": 0.0, "over_counts": {"0": 8623}, "under_counts": {"0": 2793}, "avg_over_mag": 0.0, "avg_under_mag": 0.0, "avg_over": 0.0, "avg_under": 0.0}], [[0.8, 0.8500000000000001], {"acc": 0.7688998817077105, "nll": 0.7975462107109967, "mse": 0.18707062047707407, "N": 27897, "over_prob": 0.0, "under_prob": 0.0, "over_counts": {"0": 7540}, "under_counts": {"0": 2368}, "avg_over_mag": 0.0, "avg_under_mag": 0.0, "avg_over": 0.0, "avg_under": 0.0}], [[0.8500000000000001, 0.9], {"acc": 0.8286221433325938, "nll": 0.6299559098730538, "mse": 0.1432429798457502, "N": 22535, "over_prob": 0.618711233631978, "under_prob": 0.618711233631978, "over_counts": {"0": 2213, "1": 2005, "2": 845, "3": 329, "4": 129, "5": 74, "6": 49, "7": 40, "8": 34, "9": 25, "11": 18, "10": 15, "12": 8, "14": 4, "18": 4, "13": 4, "15": 3, "16": 2, "23": 1, "19": 1, "17": 1}, "under_counts": {"0": 5804}, "avg_over_mag": 2.060428849902534, "avg_under_mag": 2.060428849902534, "avg_over": 2.060428849902534, "avg_under": 2.060428849902534}], [[0.9, 0.9500000000000001], {"acc": 0.8874471357170319, "nll": 0.439864625037671, "mse": 0.10044491954549767, "N": 10404, "over_prob": 0.5521235521235521, "under_prob": 0.5521235521235521, "over_counts": {"0": 1392, "1": 1050, "2": 401, "3": 140, "4": 53, "6": 24, "5": 18, "7": 10, "11": 5, "8": 5, "9": 4, "15": 2, "12": 2, "14": 1, "19": 1}, "under_counts": {"0": 3108}, "avg_over_mag": 1.7517482517482517, "avg_under_mag": 1.7517482517482517, "avg_over": 1.7517482517482517, "avg_under": 1.7517482517482517}], [[0.9500000000000001, 1.0], {"acc": 0.8807763401109058, "nll": 0.4150412512916914, "mse": 0.10232131893334628, "N": 1082, "over_prob": 0.3248945147679325, "under_prob": 0.3248945147679325, "over_counts": {"0": 320, "1": 118, "2": 18, "4": 5, "3": 3, "5": 2, "7": 2, "6": 2, "11": 1, "20": 1, "16": 1, "9": 1}, "under_counts": {"0": 474}, "avg_over_mag": 1.7857142857142858, "avg_under_mag": 1.7857142857142858, "avg_over": 1.7857142857142858, "avg_under": 1.7857142857142858}]]}