{"acc": 0.8461012930384898, "auc": 0.7615284301225126, "nll": 0.4355642177615646, "mse": 0.11839668584386051}