{"auc": 0.7126788921363392, "over_prob": 0.0994799909563645, "under_prob": 0.0998191272891702, "over_counts": {"0": 7966, "1": 718, "2": 92, "3": 30, "6": 21, "5": 9, "4": 7, "11": 1, "7": 1, "9": 1}, "under_counts": {"0": 7963, "1": 591, "2": 145, "3": 63, "4": 28, "5": 14, "8": 8, "7": 6, "6": 4, "9": 3, "16": 3, "11": 2, "17": 2, "19": 2, "32": 2, "15": 2, "64": 1, "22": 1, "14": 1, "12": 1, "24": 1, "23": 1, "29": 1, "27": 1}, "avg_over_mag": 1.384090909090909, "avg_under_mag": 2.1064552661381652, "avg_over": 1.384090909090909, "avg_under": 2.1064552661381652, "acc": 0.8893764825482887, "nll": 0.3176813853864225, "mse": 0.09134614862350628, "metrics_by_prob": [[[0.0, 0.05], {"acc": 1.0, "nll": 0.05779176638711879, "mse": 0.0032432874812320838, "N": 5, "over_prob": 0.0, "under_prob": 0.0, "over_counts": {"0": 4}, "under_counts": {"0": 4}, "avg_over_mag": 0.0, "avg_under_mag": 0.0, "avg_over": 0.0, "avg_under": 0.0}], [[0.05, 0.1], {"acc": 0.8, "nll": 0.5442370848740679, "mse": 0.17040885096059735, "N": 5, "over_prob": 0.0, "under_prob": 0.0, "over_counts": {"0": 5}, "under_counts": {"0": 5}, "avg_over_mag": 0.0, "avg_under_mag": 0.0, "avg_over": 0.0, "avg_under": 0.0}], [[0.1, 0.15000000000000002], {"acc": 0.8846153846153846, "nll": 0.3476465090511806, "mse": 0.0993003363481224, "N": 52, "over_prob": 0.0, "under_prob": 0.0, "over_counts": {"0": 22}, "under_counts": {"0": 22}, "avg_over_mag": 0.0, "avg_under_mag": 0.0, "avg_over": 0.0, "avg_under": 0.0}], [[0.15000000000000002, 0.2], {"acc": 0.7916666666666666, "nll": 0.5065848269880469, "mse": 0.16368963484770124, "N": 48, "over_prob": 0.0, "under_prob": 0.0, "over_counts": {"0": 48}, "under_counts": {"0": 48}, "avg_over_mag": 0.0, "avg_under_mag": 0.0, "avg_over": 0.0, "avg_under": 0.0}], [[0.2, 0.25], {"acc": 0.7777777777777778, "nll": 0.5317876933710797, "mse": 0.17327605857047834, "N": 36, "over_prob": 0.0, "under_prob": 0.0, "over_counts": {"0": 36}, "under_counts": {"0": 36}, "avg_over_mag": 0.0, "avg_under_mag": 0.0, "avg_over": 0.0, "avg_under": 0.0}], [[0.25, 0.30000000000000004], {"acc": 0.7142857142857143, "nll": 0.5986372886036362, "mse": 0.20421211874007963, "N": 42, "over_prob": 0.0, "under_prob": 0.0, "over_counts": {"0": 42}, "under_counts": {"0": 42}, "avg_over_mag": 0.0, "avg_under_mag": 0.0, "avg_over": 0.0, "avg_under": 0.0}], [[0.30000000000000004, 0.35000000000000003], {"acc": 0.6578947368421053, "nll": 0.6507974878177655, "mse": 0.22898804605298495, "N": 76, "over_prob": 0.0, "under_prob": 0.0, "over_counts": {"0": 76}, "under_counts": {"0": 76}, "avg_over_mag": 0.0, "avg_under_mag": 0.0, "avg_over": 0.0, "avg_under": 0.0}], [[0.35000000000000003, 0.4], {"acc": 0.5405405405405406, "nll": 0.7032996139133834, "mse": 0.2547040249162634, "N": 148, "over_prob": 0.0, "under_prob": 0.0, "over_counts": {"0": 132}, "under_counts": {"0": 132}, "avg_over_mag": 0.0, "avg_under_mag": 0.0, "avg_over": 0.0, "avg_under": 0.0}], [[0.4, 0.45], {"acc": 0.5980066445182725, "nll": 0.6782744881324873, "mse": 0.24257502462922453, "N": 301, "over_prob": 0.0, "under_prob": 0.0, "over_counts": {"0": 289}, "under_counts": {"0": 289}, "avg_over_mag": 0.0, "avg_under_mag": 0.0, "avg_over": 0.0, "avg_under": 0.0}], [[0.45, 0.5], {"acc": 0.5011820330969267, "nll": 0.695595174978239, "mse": 0.2511458060116756, "N": 423, "over_prob": 0.0, "under_prob": 0.0, "over_counts": {"0": 391}, "under_counts": {"0": 391}, "avg_over_mag": 0.0, "avg_under_mag": 0.0, "avg_over": 0.0, "avg_under": 0.0}], [[0.5, 0.55], {"acc": 0.5458333333333333, "nll": 0.6918940412787454, "mse": 0.24935072869141625, "N": 720, "over_prob": 0.0, "under_prob": 0.0, "over_counts": {"0": 629}, "under_counts": {"0": 629}, "avg_over_mag": 0.0, "avg_under_mag": 0.0, "avg_over": 0.0, "avg_under": 0.0}], [[0.55, 0.6000000000000001], {"acc": 0.5990430622009569, "nll": 0.6784781310998576, "mse": 0.2426318681953942, "N": 1045, "over_prob": 0.0, "under_prob": 0.0, "over_counts": {"0": 914}, "under_counts": {"0": 914}, "avg_over_mag": 0.0, "avg_under_mag": 0.0, "avg_over": 0.0, "avg_under": 0.0}], [[0.6000000000000001, 0.65], {"acc": 0.6273095989184317, "nll": 0.6608933196066884, "mse": 0.23399431100851115, "N": 2219, "over_prob": 0.0, "under_prob": 0.0, "over_counts": {"0": 1631}, "under_counts": {"0": 1631}, "avg_over_mag": 0.0, "avg_under_mag": 0.0, "avg_over": 0.0, "avg_under": 0.0}], [[0.65, 0.7000000000000001], {"acc": 0.6773755656108598, "nll": 0.6288843398398084, "mse": 0.21854682472373332, "N": 4420, "over_prob": 0.0, "under_prob": 0.0, "over_counts": {"0": 1962}, "under_counts": {"0": 1962}, "avg_over_mag": 0.0, "avg_under_mag": 0.0, "avg_over": 0.0, "avg_under": 0.0}], [[0.7000000000000001, 0.75], {"acc": 0.7264873355586099, "nll": 0.5872182880155626, "mse": 0.1989168535810802, "N": 5093, "over_prob": 0.0, "under_prob": 0.0, "over_counts": {"0": 2611}, "under_counts": {"0": 2611}, "avg_over_mag": 0.0, "avg_under_mag": 0.0, "avg_over": 0.0, "avg_under": 0.0}], [[0.75, 0.8], {"acc": 0.7774546300604932, "nll": 0.5297628182318359, "mse": 0.17290255674204025, "N": 8596, "over_prob": 0.0, "under_prob": 0.0016474464579900872, "over_counts": {"0": 3642}, "under_counts": {"0": 3636, "1": 6}, "avg_over_mag": 0.0, "avg_under_mag": 1.0, "avg_over": 0.0, "avg_under": 1.0}], [[0.8, 0.8500000000000001], {"acc": 0.8292973651191969, "nll": 0.45628297013120556, "mse": 0.141357250981085, "N": 15940, "over_prob": 0.0, "under_prob": 0.1934491096944383, "over_counts": {"0": 4549}, "under_counts": {"0": 3669, "1": 590, "2": 143, "3": 63, "4": 28, "5": 14, "8": 8, "6": 5, "7": 5, "9": 3, "16": 3, "11": 2, "17": 2, "19": 2, "32": 2, "15": 2, "64": 1, "22": 1, "14": 1, "12": 1, "24": 1, "23": 1, "29": 1, "27": 1}, "avg_over_mag": 0.0, "avg_under_mag": 2.106818181818182, "avg_over": 0.0, "avg_under": 2.106818181818182}], [[0.8500000000000001, 0.9], {"acc": 0.8735662843424913, "nll": 0.37926754524522854, "mse": 0.11039244864769449, "N": 22494, "over_prob": 0.18333333333333335, "under_prob": 0.0, "over_counts": {"0": 3920, "1": 718, "2": 93, "3": 30, "6": 21, "5": 9, "4": 7, "11": 1, "9": 1}, "under_counts": {"0": 4800}, "avg_over_mag": 1.378409090909091, "avg_under_mag": 0.0, "avg_over": 1.378409090909091, "avg_under": 0.0}], [[0.9, 0.9500000000000001], {"acc": 0.9289238239891795, "nll": 0.255472008583125, "mse": 0.06589464150973932, "N": 90199, "over_prob": 0.0004234596654668632, "under_prob": 0.0, "over_counts": {"0": 4721, "1": 1, "4": 1}, "under_counts": {"0": 4723}, "avg_over_mag": 2.5, "avg_under_mag": 0.0, "avg_over": 2.5, "avg_under": 0.0}], [[0.9500000000000001, 1.0], {"acc": 0.9665449638860227, "nll": 0.14530542332358226, "mse": 0.03226510161738657, "N": 25198, "over_prob": 0.0, "under_prob": 0.0, "over_counts": {"0": 2338}, "under_counts": {"0": 2338}, "avg_over_mag": 0.0, "avg_under_mag": 0.0, "avg_over": 0.0, "avg_under": 0.0}]]}