{"auc": 0.8636922026469044, "over_prob": 0.3107289427398866, "under_prob": 0.29743990619503613, "over_counts": {"0": 7054, "1": 1953, "2": 656, "3": 262, "4": 106, "5": 65, "6": 39, "7": 27, "8": 24, "9": 12, "10": 7, "13": 5, "11": 4, "12": 4, "14": 3, "19": 2, "15": 2, "26": 2, "16": 2, "22": 1, "27": 1, "29": 1, "18": 1, "17": 1}, "under_counts": {"0": 7190, "1": 1806, "2": 651, "3": 258, "4": 138, "5": 71, "6": 40, "7": 23, "8": 13, "9": 11, "11": 6, "10": 6, "14": 3, "12": 3, "15": 3, "16": 3, "17": 2, "18": 2, "13": 2, "35": 1, "25": 1, "19": 1}, "avg_over_mag": 1.9047169811320754, "avg_under_mag": 1.9267411300919843, "avg_over": 1.9047169811320754, "avg_under": 1.9267411300919843, "acc": 0.9083670742366853, "nll": 0.26004795926760177, "mse": 0.07405958012299303, "metrics_by_prob": [[[0.0, 0.05], {"acc": 0.9996759821790199, "nll": 0.0017155620092379443, "mse": 0.0003165437375285297, "N": 12345, "over_prob": 0.0, "under_prob": 0.0, "over_counts": {"0": 681}, "under_counts": {"0": 681}, "avg_over_mag": 0.0, "avg_under_mag": 0.0, "avg_over": 0.0, "avg_under": 0.0}], [[0.05, 0.1], {"acc": 0.9659090909090909, "nll": 0.1562248699154334, "mse": 0.03392424363398136, "N": 88, "over_prob": 0.0, "under_prob": 0.0, "over_counts": {"0": 75}, "under_counts": {"0": 75}, "avg_over_mag": 0.0, "avg_under_mag": 0.0, "avg_over": 0.0, "avg_under": 0.0}], [[0.1, 0.15000000000000002], {"acc": 0.8802816901408451, "nll": 0.40587602234052167, "mse": 0.11431197366642294, "N": 142, "over_prob": 0.0, "under_prob": 0.0, "over_counts": {"0": 121}, "under_counts": {"0": 121}, "avg_over_mag": 0.0, "avg_under_mag": 0.0, "avg_over": 0.0, "avg_under": 0.0}], [[0.15000000000000002, 0.2], {"acc": 0.7986111111111112, "nll": 0.5406752353940062, "mse": 0.1727112701969007, "N": 144, "over_prob": 0.0, "under_prob": 0.0, "over_counts": {"0": 115}, "under_counts": {"0": 115}, "avg_over_mag": 0.0, "avg_under_mag": 0.0, "avg_over": 0.0, "avg_under": 0.0}], [[0.2, 0.25], {"acc": 0.7850467289719626, "nll": 0.5400932873914484, "mse": 0.1767584927879338, "N": 214, "over_prob": 0.0, "under_prob": 0.0, "over_counts": {"0": 200}, "under_counts": {"0": 200}, "avg_over_mag": 0.0, "avg_under_mag": 0.0, "avg_over": 0.0, "avg_under": 0.0}], [[0.25, 0.30000000000000004], {"acc": 0.723404255319149, "nll": 0.594403138150852, "mse": 0.20130103448897, "N": 188, "over_prob": 0.0, "under_prob": 0.0, "over_counts": {"0": 178}, "under_counts": {"0": 178}, "avg_over_mag": 0.0, "avg_under_mag": 0.0, "avg_over": 0.0, "avg_under": 0.0}], [[0.30000000000000004, 0.35000000000000003], {"acc": 0.6269035532994924, "nll": 0.6870564327026102, "mse": 0.24479785897648285, "N": 394, "over_prob": 0.0, "under_prob": 0.0, "over_counts": {"0": 376}, "under_counts": {"0": 376}, "avg_over_mag": 0.0, "avg_under_mag": 0.0, "avg_over": 0.0, "avg_under": 0.0}], [[0.35000000000000003, 0.4], {"acc": 0.5881226053639846, "nll": 0.6763869712465617, "mse": 0.24126242414753638, "N": 522, "over_prob": 0.0, "under_prob": 0.0, "over_counts": {"0": 488}, "under_counts": {"0": 488}, "avg_over_mag": 0.0, "avg_under_mag": 0.0, "avg_over": 0.0, "avg_under": 0.0}], [[0.4, 0.45], {"acc": 0.5432835820895522, "nll": 0.7006241403683139, "mse": 0.2531832385347419, "N": 670, "over_prob": 0.0, "under_prob": 0.0, "over_counts": {"0": 584}, "under_counts": {"0": 584}, "avg_over_mag": 0.0, "avg_under_mag": 0.0, "avg_over": 0.0, "avg_under": 0.0}], [[0.45, 0.5], {"acc": 0.4981684981684982, "nll": 0.7117266238384489, "mse": 0.25860409075216834, "N": 819, "over_prob": 0.0, "under_prob": 0.0, "over_counts": {"0": 692}, "under_counts": {"0": 692}, "avg_over_mag": 0.0, "avg_under_mag": 0.0, "avg_over": 0.0, "avg_under": 0.0}], [[0.5, 0.55], {"acc": 0.4992138364779874, "nll": 0.7099573464755028, "mse": 0.2577663701496112, "N": 1272, "over_prob": 0.0, "under_prob": 0.0019120458891013214, "over_counts": {"0": 1046}, "under_counts": {"0": 1044, "1": 2}, "avg_over_mag": 0.0, "avg_under_mag": 1.0, "avg_over": 0.0, "avg_under": 1.0}], [[0.55, 0.6000000000000001], {"acc": 0.5655452436194895, "nll": 0.6956810927688841, "mse": 0.25030480173869046, "N": 1724, "over_prob": 0.0, "under_prob": 0.003714710252600284, "over_counts": {"0": 1346}, "under_counts": {"0": 1341, "1": 5}, "avg_over_mag": 0.0, "avg_under_mag": 1.0, "avg_over": 0.0, "avg_under": 1.0}], [[0.6000000000000001, 0.65], {"acc": 0.6148288973384031, "nll": 0.6761918376307166, "mse": 0.24048778358561532, "N": 2630, "over_prob": 0.0, "under_prob": 0.008121827411167515, "over_counts": {"0": 1970}, "under_counts": {"0": 1954, "1": 16}, "avg_over_mag": 0.0, "avg_under_mag": 1.0, "avg_over": 0.0, "avg_under": 1.0}], [[0.65, 0.7000000000000001], {"acc": 0.6586466165413534, "nll": 0.6517060926746391, "mse": 0.22818909845734078, "N": 3325, "over_prob": 0.0, "under_prob": 0.0232766338406446, "over_counts": {"0": 2234}, "under_counts": {"0": 2182, "1": 50, "2": 1, "5": 1}, "avg_over_mag": 0.0, "avg_under_mag": 1.0961538461538463, "avg_over": 0.0, "avg_under": 1.0961538461538463}], [[0.7000000000000001, 0.75], {"acc": 0.7221168037107316, "nll": 0.6045208276827799, "mse": 0.20495382800311293, "N": 4743, "over_prob": 0.0, "under_prob": 0.0845588235294118, "over_counts": {"0": 2992}, "under_counts": {"0": 2739, "1": 242, "2": 6, "4": 3, "3": 1, "11": 1}, "avg_over_mag": 0.0, "avg_under_mag": 1.1067193675889329, "avg_over": 0.0, "avg_under": 1.1067193675889329}], [[0.75, 0.8], {"acc": 0.7757374204742625, "nll": 0.5438260749795754, "mse": 0.1775752305930234, "N": 6916, "over_prob": 0.0, "under_prob": 0.2245351096308632, "over_counts": {"0": 3603}, "under_counts": {"0": 2794, "1": 671, "2": 98, "3": 23, "4": 10, "5": 4, "6": 2, "8": 1}, "avg_over_mag": 0.0, "avg_under_mag": 1.2558714462299134, "avg_over": 0.0, "avg_under": 1.2558714462299134}], [[0.8, 0.8500000000000001], {"acc": 0.8246575342465754, "nll": 0.47567865839127366, "mse": 0.1476020226306147, "N": 12045, "over_prob": 0.0, "under_prob": 0.5625675383617895, "over_counts": {"0": 4627}, "under_counts": {"0": 2024, "1": 1668, "2": 530, "3": 193, "4": 104, "5": 45, "6": 22, "7": 11, "8": 8, "10": 6, "11": 4, "9": 4, "13": 2, "24": 1, "12": 1, "20": 1, "15": 1, "17": 1, "14": 1}, "avg_over_mag": 0.0, "avg_under_mag": 1.7245485977718018, "avg_over": 0.0, "avg_under": 1.7245485977718018}], [[0.8500000000000001, 0.9], {"acc": 0.8742216687422167, "nll": 0.38524849810982925, "mse": 0.11134217549990516, "N": 22484, "over_prob": 0.4571475843812045, "under_prob": 0.0, "over_counts": {"0": 3281, "1": 1774, "2": 536, "3": 209, "4": 89, "5": 55, "6": 30, "7": 24, "8": 14, "9": 8, "11": 6, "13": 4, "10": 3, "14": 3, "17": 2, "12": 2, "15": 2, "23": 1, "26": 1}, "under_counts": {"0": 6044}, "avg_over_mag": 1.7962359753890698, "avg_under_mag": 0.0, "avg_over": 1.7962359753890698, "avg_under": 0.0}], [[0.9, 0.9500000000000001], {"acc": 0.9266023798880303, "nll": 0.2662095132048676, "mse": 0.06856392878664207, "N": 46977, "over_prob": 0.11705120990433315, "under_prob": 0.0, "over_counts": {"0": 6276, "1": 687, "2": 107, "3": 21, "4": 9, "5": 2, "6": 1, "8": 1, "14": 1, "11": 1, "9": 1, "7": 1}, "under_counts": {"0": 7108}, "avg_over_mag": 1.2800480769230769, "avg_under_mag": 0.0, "avg_over": 1.2800480769230769, "avg_under": 0.0}], [[0.9500000000000001, 1.0], {"acc": 0.9727353114560817, "nll": 0.12428268237066116, "mse": 0.026555132017883103, "N": 81424, "over_prob": 0.0048025613660619415, "under_prob": 0.0, "over_counts": {"0": 5595, "1": 26, "3": 1}, "under_counts": {"0": 5622}, "avg_over_mag": 1.0740740740740742, "avg_under_mag": 0.0, "avg_over": 1.0740740740740742, "avg_under": 0.0}]]}