{"auc": 0.6949946138433183, "over_prob": 0.35776220453735597, "under_prob": 0.3100130656847606, "over_counts": {"0": 5407, "1": 1617, "2": 626, "3": 326, "4": 171, "5": 91, "6": 58, "7": 40, "8": 21, "9": 18, "10": 11, "11": 8, "13": 5, "12": 5, "16": 3, "28": 2, "20": 2, "25": 1, "22": 1, "18": 1, "15": 1, "17": 1, "97": 1, "29": 1, "78": 1}, "under_counts": {"0": 5809, "1": 1367, "2": 481, "3": 270, "4": 155, "5": 93, "6": 66, "7": 37, "8": 32, "9": 25, "11": 21, "10": 18, "12": 14, "13": 10, "14": 6, "19": 2, "15": 2, "50": 2, "109": 1, "90": 1, "22": 1, "30": 1, "21": 1, "32": 1, "18": 1, "16": 1, "26": 1}, "avg_over_mag": 2.2284196547144752, "avg_under_mag": 2.5613026819923372, "avg_over": 2.2284196547144752, "avg_under": 2.5613026819923372, "acc": 0.888078979747736, "nll": 0.32535528893011045, "mse": 0.09326892256716814, "metrics_by_prob": [[[0.0, 0.05], {"acc": 1.0, "nll": 0.0004249490473086978, "mse": 2.8802050817280637e-07, "N": 14, "over_prob": 0.0, "under_prob": 0.0, "over_counts": {"0": 8}, "under_counts": {"0": 8}, "avg_over_mag": 0.0, "avg_under_mag": 0.0, "avg_over": 0.0, "avg_under": 0.0}], [[0.05, 0.1], {"acc": 0.9230769230769231, "nll": 0.3947247693228102, "mse": 0.07598479691773893, "N": 13, "over_prob": 0.0, "under_prob": 0.0, "over_counts": {"0": 13}, "under_counts": {"0": 13}, "avg_over_mag": 0.0, "avg_under_mag": 0.0, "avg_over": 0.0, "avg_under": 0.0}], [[0.1, 0.15000000000000002], {"acc": 0.8333333333333334, "nll": 0.3747057642954738, "mse": 0.1136961393280087, "N": 30, "over_prob": 0.0, "under_prob": 0.0, "over_counts": {"0": 14}, "under_counts": {"0": 14}, "avg_over_mag": 0.0, "avg_under_mag": 0.0, "avg_over": 0.0, "avg_under": 0.0}], [[0.15000000000000002, 0.2], {"acc": 0.8421052631578947, "nll": 0.49053581428452336, "mse": 0.15055876635607088, "N": 38, "over_prob": 0.0, "under_prob": 0.0, "over_counts": {"0": 37}, "under_counts": {"0": 37}, "avg_over_mag": 0.0, "avg_under_mag": 0.0, "avg_over": 0.0, "avg_under": 0.0}], [[0.2, 0.25], {"acc": 0.8148148148148148, "nll": 0.48731002000732687, "mse": 0.1588908810572954, "N": 27, "over_prob": 0.0, "under_prob": 0.0, "over_counts": {"0": 27}, "under_counts": {"0": 27}, "avg_over_mag": 0.0, "avg_under_mag": 0.0, "avg_over": 0.0, "avg_under": 0.0}], [[0.25, 0.30000000000000004], {"acc": 0.5588235294117647, "nll": 0.7418228164559568, "mse": 0.26898319189825737, "N": 34, "over_prob": 0.0, "under_prob": 0.0, "over_counts": {"0": 34}, "under_counts": {"0": 34}, "avg_over_mag": 0.0, "avg_under_mag": 0.0, "avg_over": 0.0, "avg_under": 0.0}], [[0.30000000000000004, 0.35000000000000003], {"acc": 0.5142857142857142, "nll": 0.7394609912153035, "mse": 0.26383344371264744, "N": 70, "over_prob": 0.0, "under_prob": 0.0, "over_counts": {"0": 70}, "under_counts": {"0": 70}, "avg_over_mag": 0.0, "avg_under_mag": 0.0, "avg_over": 0.0, "avg_under": 0.0}], [[0.35000000000000003, 0.4], {"acc": 0.4537037037037037, "nll": 0.7618704601321068, "mse": 0.2808920690437776, "N": 108, "over_prob": 0.0, "under_prob": 0.0, "over_counts": {"0": 104}, "under_counts": {"0": 104}, "avg_over_mag": 0.0, "avg_under_mag": 0.0, "avg_over": 0.0, "avg_under": 0.0}], [[0.4, 0.45], {"acc": 0.5498154981549815, "nll": 0.6856303585554524, "mse": 0.246289012438105, "N": 271, "over_prob": 0.0, "under_prob": 0.0, "over_counts": {"0": 264}, "under_counts": {"0": 264}, "avg_over_mag": 0.0, "avg_under_mag": 0.0, "avg_over": 0.0, "avg_under": 0.0}], [[0.45, 0.5], {"acc": 0.5215189873417722, "nll": 0.7172852045594764, "mse": 0.2611447078562979, "N": 395, "over_prob": 0.0, "under_prob": 0.0, "over_counts": {"0": 376}, "under_counts": {"0": 376}, "avg_over_mag": 0.0, "avg_under_mag": 0.0, "avg_over": 0.0, "avg_under": 0.0}], [[0.5, 0.55], {"acc": 0.5, "nll": 0.7114325669307763, "mse": 0.2586395870724922, "N": 652, "over_prob": 0.0, "under_prob": 0.0, "over_counts": {"0": 576}, "under_counts": {"0": 576}, "avg_over_mag": 0.0, "avg_under_mag": 0.0, "avg_over": 0.0, "avg_under": 0.0}], [[0.55, 0.6000000000000001], {"acc": 0.5589189189189189, "nll": 0.6909908431954331, "mse": 0.24857325569328512, "N": 925, "over_prob": 0.0, "under_prob": 0.0011806375442738881, "over_counts": {"0": 847}, "under_counts": {"0": 846, "1": 1}, "avg_over_mag": 0.0, "avg_under_mag": 1.0, "avg_over": 0.0, "avg_under": 1.0}], [[0.6000000000000001, 0.65], {"acc": 0.6353158137390502, "nll": 0.6578283509299117, "mse": 0.23204977778628144, "N": 2169, "over_prob": 0.0, "under_prob": 0.0006406149903908087, "over_counts": {"0": 1561}, "under_counts": {"0": 1560, "1": 1}, "avg_over_mag": 0.0, "avg_under_mag": 1.0, "avg_over": 0.0, "avg_under": 1.0}], [[0.65, 0.7000000000000001], {"acc": 0.6690366972477064, "nll": 0.6423036140799633, "mse": 0.22436359423542318, "N": 4360, "over_prob": 0.0, "under_prob": 0.01055408970976257, "over_counts": {"0": 1895}, "under_counts": {"0": 1875, "1": 20}, "avg_over_mag": 0.0, "avg_under_mag": 1.0, "avg_over": 0.0, "avg_under": 1.0}], [[0.7000000000000001, 0.75], {"acc": 0.7241448289657931, "nll": 0.5953918789302128, "mse": 0.20202007440110709, "N": 4999, "over_prob": 0.0, "under_prob": 0.046717680225533575, "over_counts": {"0": 2483}, "under_counts": {"0": 2367, "1": 91, "2": 18, "3": 4, "4": 3}, "avg_over_mag": 0.0, "avg_under_mag": 1.3017241379310345, "avg_over": 0.0, "avg_under": 1.3017241379310345}], [[0.75, 0.8], {"acc": 0.7771177379113698, "nll": 0.5417152360420154, "mse": 0.1768438161104781, "N": 8417, "over_prob": 0.0, "under_prob": 0.15581061692969866, "over_counts": {"0": 3485}, "under_counts": {"0": 2942, "1": 427, "2": 65, "3": 31, "5": 10, "7": 4, "4": 3, "6": 2, "9": 1}, "avg_over_mag": 0.0, "avg_under_mag": 1.401473296500921, "avg_over": 0.0, "avg_under": 1.401473296500921}], [[0.8, 0.8500000000000001], {"acc": 0.8270745557794468, "nll": 0.46989214542962415, "mse": 0.1457011047254921, "N": 16377, "over_prob": 0.0, "under_prob": 0.523491478581299, "over_counts": {"0": 4342}, "under_counts": {"0": 2069, "1": 1239, "2": 395, "3": 212, "4": 132, "5": 84, "6": 60, "7": 34, "8": 26, "9": 20, "10": 18, "11": 17, "12": 10, "13": 6, "14": 5, "15": 2, "19": 1, "16": 1, "30": 1, "18": 1, "24": 1, "21": 1, "109": 1, "47": 1, "22": 1, "17": 1, "90": 1, "48": 1, "26": 1}, "avg_over_mag": 0.0, "avg_under_mag": 2.530136383633964, "avg_over": 0.0, "avg_under": 2.530136383633964}], [[0.8500000000000001, 0.9], {"acc": 0.8781600035418604, "nll": 0.3765561980309339, "mse": 0.10844763049325237, "N": 22587, "over_prob": 0.5031556039173014, "under_prob": 0.0, "over_counts": {"0": 2283, "1": 1331, "2": 448, "3": 218, "4": 114, "5": 71, "6": 41, "7": 27, "8": 15, "9": 13, "10": 8, "13": 6, "11": 5, "28": 2, "16": 2, "17": 2, "12": 1, "25": 1, "22": 1, "18": 1, "14": 1, "97": 1, "20": 1, "29": 1, "78": 1}, "under_counts": {"0": 4595}, "avg_over_mag": 2.1686851211072664, "avg_under_mag": 0.0, "avg_over": 2.1686851211072664, "avg_under": 0.0}], [[0.9, 0.9500000000000001], {"acc": 0.9282677128359331, "nll": 0.26225741853806084, "mse": 0.06718748997570988, "N": 85136, "over_prob": 0.22197309417040356, "under_prob": 0.0, "over_counts": {"0": 3470, "1": 668, "2": 162, "3": 69, "4": 45, "6": 13, "5": 13, "7": 10, "10": 3, "9": 3, "8": 2, "11": 1, "12": 1}, "under_counts": {"0": 4460}, "avg_over_mag": 1.7050505050505051, "avg_under_mag": 0.0, "avg_over": 1.7050505050505051, "avg_under": 0.0}], [[0.9500000000000001, 1.0], {"acc": 0.9660969233862859, "nll": 0.14973276353427356, "mse": 0.03289467604507238, "N": 24865, "over_prob": 0.004670714619336769, "under_prob": 0.0, "over_counts": {"0": 2131, "1": 10}, "under_counts": {"0": 2141}, "avg_over_mag": 1.0, "avg_under_mag": 0.0, "avg_over": 1.0, "avg_under": 0.0}]]}