{"auc": 0.6987695201308678, "over_prob": 0.341267217630854, "under_prob": 0.3278236914600551, "over_counts": {"0": 5978, "1": 1634, "2": 612, "3": 346, "4": 204, "5": 116, "6": 67, "7": 43, "8": 21, "9": 16, "10": 12, "11": 8, "13": 4, "14": 3, "15": 3, "12": 2, "17": 1, "30": 1, "64": 1, "45": 1, "44": 1, "19": 1}, "under_counts": {"0": 6100, "1": 1558, "2": 517, "3": 320, "4": 201, "5": 115, "6": 73, "7": 51, "9": 31, "8": 30, "10": 22, "12": 12, "11": 8, "17": 6, "13": 5, "14": 4, "19": 3, "15": 3, "16": 3, "18": 2, "76": 1, "69": 1, "59": 1, "55": 1, "60": 1, "65": 1, "61": 1, "37": 1, "33": 1, "22": 1, "54": 1}, "avg_over_mag": 2.226993865030675, "avg_under_mag": 2.5872268907563023, "avg_over": 2.226993865030675, "avg_under": 2.5872268907563023, "acc": 0.8879388827342627, "nll": 0.3244707871954291, "mse": 0.09299014568144656, "metrics_by_prob": [[[0.0, 0.05], {"acc": 1.0, "nll": 0.0005216427419083722, "mse": 5.169146592785141e-07, "N": 11, "over_prob": 0.0, "under_prob": 0.0, "over_counts": {"0": 3}, "under_counts": {"0": 3}, "avg_over_mag": 0.0, "avg_under_mag": 0.0, "avg_over": 0.0, "avg_under": 0.0}], [[0.05, 0.1], {"acc": 0.9333333333333333, "nll": 0.3196951179347776, "mse": 0.06549697747654427, "N": 15, "over_prob": 0.0, "under_prob": 0.0, "over_counts": {"0": 15}, "under_counts": {"0": 15}, "avg_over_mag": 0.0, "avg_under_mag": 0.0, "avg_over": 0.0, "avg_under": 0.0}], [[0.1, 0.15000000000000002], {"acc": 0.9565217391304348, "nll": 0.21442109121395947, "mse": 0.04987350904469946, "N": 69, "over_prob": 0.0, "under_prob": 0.0, "over_counts": {"0": 24}, "under_counts": {"0": 24}, "avg_over_mag": 0.0, "avg_under_mag": 0.0, "avg_over": 0.0, "avg_under": 0.0}], [[0.15000000000000002, 0.2], {"acc": 0.8163265306122449, "nll": 0.533427524578377, "mse": 0.16655045607266838, "N": 49, "over_prob": 0.0, "under_prob": 0.0, "over_counts": {"0": 49}, "under_counts": {"0": 49}, "avg_over_mag": 0.0, "avg_under_mag": 0.0, "avg_over": 0.0, "avg_under": 0.0}], [[0.2, 0.25], {"acc": 0.8205128205128205, "nll": 0.5923645336626402, "mse": 0.17307935056991386, "N": 39, "over_prob": 0.0, "under_prob": 0.0, "over_counts": {"0": 39}, "under_counts": {"0": 39}, "avg_over_mag": 0.0, "avg_under_mag": 0.0, "avg_over": 0.0, "avg_under": 0.0}], [[0.25, 0.30000000000000004], {"acc": 0.7307692307692307, "nll": 0.5555190423351453, "mse": 0.18677200473559083, "N": 52, "over_prob": 0.0, "under_prob": 0.0, "over_counts": {"0": 52}, "under_counts": {"0": 52}, "avg_over_mag": 0.0, "avg_under_mag": 0.0, "avg_over": 0.0, "avg_under": 0.0}], [[0.30000000000000004, 0.35000000000000003], {"acc": 0.5172413793103449, "nll": 0.7213058717693983, "mse": 0.26427964355177913, "N": 87, "over_prob": 0.0, "under_prob": 0.0, "over_counts": {"0": 87}, "under_counts": {"0": 87}, "avg_over_mag": 0.0, "avg_under_mag": 0.0, "avg_over": 0.0, "avg_under": 0.0}], [[0.35000000000000003, 0.4], {"acc": 0.5704697986577181, "nll": 0.6952128788607957, "mse": 0.24941649300837382, "N": 149, "over_prob": 0.0, "under_prob": 0.0, "over_counts": {"0": 139}, "under_counts": {"0": 139}, "avg_over_mag": 0.0, "avg_under_mag": 0.0, "avg_over": 0.0, "avg_under": 0.0}], [[0.4, 0.45], {"acc": 0.5164473684210527, "nll": 0.7252393895829716, "mse": 0.26413498151644665, "N": 304, "over_prob": 0.0, "under_prob": 0.0, "over_counts": {"0": 291}, "under_counts": {"0": 291}, "avg_over_mag": 0.0, "avg_under_mag": 0.0, "avg_over": 0.0, "avg_under": 0.0}], [[0.45, 0.5], {"acc": 0.5, "nll": 0.7038632231481349, "mse": 0.2552212449858467, "N": 462, "over_prob": 0.0, "under_prob": 0.0, "over_counts": {"0": 413}, "under_counts": {"0": 413}, "avg_over_mag": 0.0, "avg_under_mag": 0.0, "avg_over": 0.0, "avg_under": 0.0}], [[0.5, 0.55], {"acc": 0.5065868263473053, "nll": 0.7066478233234931, "mse": 0.25615792230970813, "N": 835, "over_prob": 0.0, "under_prob": 0.0, "over_counts": {"0": 683}, "under_counts": {"0": 683}, "avg_over_mag": 0.0, "avg_under_mag": 0.0, "avg_over": 0.0, "avg_under": 0.0}], [[0.55, 0.6000000000000001], {"acc": 0.5757307351638619, "nll": 0.6924570776803768, "mse": 0.24898528501097064, "N": 1129, "over_prob": 0.0, "under_prob": 0.0010504201680672232, "over_counts": {"0": 952}, "under_counts": {"0": 951, "1": 1}, "avg_over_mag": 0.0, "avg_under_mag": 1.0, "avg_over": 0.0, "avg_under": 1.0}], [[0.6000000000000001, 0.65], {"acc": 0.5975882090218848, "nll": 0.6751611611058728, "mse": 0.2406996020958263, "N": 2239, "over_prob": 0.0, "under_prob": 0.0005924170616113944, "over_counts": {"0": 1688}, "under_counts": {"0": 1687, "1": 1}, "avg_over_mag": 0.0, "avg_under_mag": 1.0, "avg_over": 0.0, "avg_under": 1.0}], [[0.65, 0.7000000000000001], {"acc": 0.6604651162790698, "nll": 0.6498620546202435, "mse": 0.2278306777758704, "N": 4300, "over_prob": 0.0, "under_prob": 0.016458852867830442, "over_counts": {"0": 2005}, "under_counts": {"0": 1972, "1": 32, "2": 1}, "avg_over_mag": 0.0, "avg_under_mag": 1.0303030303030303, "avg_over": 0.0, "avg_under": 1.0303030303030303}], [[0.7000000000000001, 0.75], {"acc": 0.725508148690716, "nll": 0.5935739577359056, "mse": 0.20110942097640516, "N": 5461, "over_prob": 0.0, "under_prob": 0.061156412157153395, "over_counts": {"0": 2698}, "under_counts": {"0": 2533, "1": 132, "2": 28, "5": 3, "4": 2}, "avg_over_mag": 0.0, "avg_under_mag": 1.2787878787878788, "avg_over": 0.0, "avg_under": 1.2787878787878788}], [[0.75, 0.8], {"acc": 0.7787158409242391, "nll": 0.5387704884010658, "mse": 0.1759806245920059, "N": 9002, "over_prob": 0.0, "under_prob": 0.17694586587664962, "over_counts": {"0": 3713}, "under_counts": {"0": 3056, "1": 505, "2": 84, "3": 35, "4": 21, "5": 7, "7": 2, "6": 2, "10": 1}, "avg_over_mag": 0.0, "avg_under_mag": 1.4200913242009132, "avg_over": 0.0, "avg_under": 1.4200913242009132}], [[0.8, 0.8500000000000001], {"acc": 0.8341968911917098, "nll": 0.4583195031443712, "mse": 0.14101806065459138, "N": 17370, "over_prob": 0.0, "under_prob": 0.5505256382750483, "over_counts": {"0": 4661}, "under_counts": {"0": 2095, "1": 1405, "2": 418, "3": 260, "4": 161, "5": 93, "6": 71, "7": 37, "9": 31, "8": 27, "10": 20, "12": 9, "11": 6, "13": 4, "17": 4, "14": 3, "19": 3, "22": 1, "33": 1, "37": 1, "58": 1, "16": 1, "18": 1, "57": 1, "15": 1, "76": 1, "56": 1, "55": 1, "53": 1, "69": 1, "49": 1}, "avg_over_mag": 0.0, "avg_under_mag": 2.53975058456742, "avg_over": 0.0, "avg_under": 2.53975058456742}], [[0.8500000000000001, 0.9], {"acc": 0.8743820039551747, "nll": 0.3840400944734299, "mse": 0.11111736171514183, "N": 24272, "over_prob": 0.490520371117386, "under_prob": 0.0, "over_counts": {"0": 2526, "1": 1380, "2": 474, "3": 248, "4": 144, "5": 78, "6": 45, "7": 19, "8": 10, "10": 6, "9": 6, "11": 6, "14": 4, "13": 3, "12": 2, "17": 1, "30": 1, "64": 1, "45": 1, "15": 1, "44": 1, "19": 1}, "under_counts": {"0": 4958}, "avg_over_mag": 2.078125, "avg_under_mag": 0.0, "avg_over": 2.078125, "avg_under": 0.0}], [[0.9, 0.9500000000000001], {"acc": 0.9281129063745248, "nll": 0.2633333416340085, "mse": 0.06741223625038789, "N": 87081, "over_prob": 0.20369985450010397, "under_prob": 0.0, "over_counts": {"0": 3831, "1": 657, "2": 137, "3": 75, "4": 29, "5": 25, "7": 17, "6": 15, "8": 9, "9": 7, "10": 6, "11": 2, "12": 1}, "under_counts": {"0": 4811}, "avg_over_mag": 1.8724489795918366, "avg_under_mag": 0.0, "avg_over": 1.8724489795918366, "avg_under": 0.0}], [[0.9500000000000001, 1.0], {"acc": 0.966578267373861, "nll": 0.14859324335024154, "mse": 0.03248149175537802, "N": 29412, "over_prob": 0.003348681456676439, "under_prob": 0.0, "over_counts": {"0": 2381, "1": 8}, "under_counts": {"0": 2389}, "avg_over_mag": 1.0, "avg_under_mag": 0.0, "avg_over": 1.0, "avg_under": 0.0}]]}