{"auc": 0.8202381291923043, "over_prob": 0.30842975206611567, "under_prob": 0.3155922865013774, "over_counts": {"0": 6276, "1": 1664, "2": 595, "3": 221, "4": 115, "5": 69, "6": 41, "7": 30, "8": 16, "9": 13, "11": 10, "10": 7, "12": 4, "22": 3, "14": 2, "18": 2, "13": 1, "19": 1, "26": 1, "17": 1, "15": 1, "24": 1, "23": 1}, "under_counts": {"0": 6211, "1": 1721, "2": 563, "3": 259, "4": 134, "5": 71, "6": 34, "7": 23, "9": 12, "8": 12, "11": 8, "10": 7, "12": 5, "13": 4, "16": 3, "18": 3, "22": 1, "19": 1, "17": 1, "15": 1, "21": 1}, "avg_over_mag": 1.9714183637013218, "avg_under_mag": 1.937849162011173, "avg_over": 1.9714183637013218, "avg_under": 1.937849162011173, "acc": 0.9072820805317597, "nll": 0.26586132011709807, "mse": 0.0753060545397207, "metrics_by_prob": [[[0.0, 0.05], {"acc": 0.9993172507965408, "nll": 0.004892550633366419, "mse": 0.0006960498029372961, "N": 4394, "over_prob": 0.0, "under_prob": 0.0, "over_counts": {"0": 252}, "under_counts": {"0": 252}, "avg_over_mag": 0.0, "avg_under_mag": 0.0, "avg_over": 0.0, "avg_under": 0.0}], [[0.05, 0.1], {"acc": 0.8918918918918919, "nll": 0.3628914944315336, "mse": 0.09836683717878549, "N": 111, "over_prob": 0.0, "under_prob": 0.0, "over_counts": {"0": 77}, "under_counts": {"0": 77}, "avg_over_mag": 0.0, "avg_under_mag": 0.0, "avg_over": 0.0, "avg_under": 0.0}], [[0.1, 0.15000000000000002], {"acc": 0.9420289855072463, "nll": 0.2778345003821625, "mse": 0.06635921290835309, "N": 138, "over_prob": 0.0, "under_prob": 0.0, "over_counts": {"0": 120}, "under_counts": {"0": 120}, "avg_over_mag": 0.0, "avg_under_mag": 0.0, "avg_over": 0.0, "avg_under": 0.0}], [[0.15000000000000002, 0.2], {"acc": 0.8367346938775511, "nll": 0.4697114119532218, "mse": 0.1460594400223514, "N": 147, "over_prob": 0.0, "under_prob": 0.0, "over_counts": {"0": 113}, "under_counts": {"0": 113}, "avg_over_mag": 0.0, "avg_under_mag": 0.0, "avg_over": 0.0, "avg_under": 0.0}], [[0.2, 0.25], {"acc": 0.7692307692307693, "nll": 0.5444199885772564, "mse": 0.18011336679831122, "N": 208, "over_prob": 0.0, "under_prob": 0.0, "over_counts": {"0": 190}, "under_counts": {"0": 190}, "avg_over_mag": 0.0, "avg_under_mag": 0.0, "avg_over": 0.0, "avg_under": 0.0}], [[0.25, 0.30000000000000004], {"acc": 0.722488038277512, "nll": 0.586587446435968, "mse": 0.19949565739581943, "N": 209, "over_prob": 0.0, "under_prob": 0.0, "over_counts": {"0": 199}, "under_counts": {"0": 199}, "avg_over_mag": 0.0, "avg_under_mag": 0.0, "avg_over": 0.0, "avg_under": 0.0}], [[0.30000000000000004, 0.35000000000000003], {"acc": 0.6222826086956522, "nll": 0.6709067374243596, "mse": 0.23840139984530231, "N": 368, "over_prob": 0.0, "under_prob": 0.0, "over_counts": {"0": 347}, "under_counts": {"0": 347}, "avg_over_mag": 0.0, "avg_under_mag": 0.0, "avg_over": 0.0, "avg_under": 0.0}], [[0.35000000000000003, 0.4], {"acc": 0.5818181818181818, "nll": 0.688664205248746, "mse": 0.24718199887029926, "N": 495, "over_prob": 0.0, "under_prob": 0.0, "over_counts": {"0": 454}, "under_counts": {"0": 454}, "avg_over_mag": 0.0, "avg_under_mag": 0.0, "avg_over": 0.0, "avg_under": 0.0}], [[0.4, 0.45], {"acc": 0.5441176470588235, "nll": 0.7020600433065564, "mse": 0.2540606051535432, "N": 612, "over_prob": 0.0, "under_prob": 0.0, "over_counts": {"0": 519}, "under_counts": {"0": 519}, "avg_over_mag": 0.0, "avg_under_mag": 0.0, "avg_over": 0.0, "avg_under": 0.0}], [[0.45, 0.5], {"acc": 0.5052356020942408, "nll": 0.7075959451597835, "mse": 0.25632198962130787, "N": 764, "over_prob": 0.0, "under_prob": 0.001577287066246047, "over_counts": {"0": 634}, "under_counts": {"0": 633, "1": 1}, "avg_over_mag": 0.0, "avg_under_mag": 1.0, "avg_over": 0.0, "avg_under": 1.0}], [[0.5, 0.55], {"acc": 0.5067506750675067, "nll": 0.7100573640721584, "mse": 0.25749045342132576, "N": 1111, "over_prob": 0.0, "under_prob": 0.0032679738562091387, "over_counts": {"0": 918}, "under_counts": {"0": 915, "1": 3}, "avg_over_mag": 0.0, "avg_under_mag": 1.0, "avg_over": 0.0, "avg_under": 1.0}], [[0.55, 0.6000000000000001], {"acc": 0.5625388923459863, "nll": 0.6950165800671385, "mse": 0.25025292503837315, "N": 1607, "over_prob": 0.0, "under_prob": 0.0016313213703099683, "over_counts": {"0": 1226}, "under_counts": {"0": 1224, "1": 2}, "avg_over_mag": 0.0, "avg_under_mag": 1.0, "avg_over": 0.0, "avg_under": 1.0}], [[0.6000000000000001, 0.65], {"acc": 0.6142241379310345, "nll": 0.6744249675909626, "mse": 0.239828956617854, "N": 2320, "over_prob": 0.0, "under_prob": 0.006432748538011679, "over_counts": {"0": 1710}, "under_counts": {"0": 1699, "1": 11}, "avg_over_mag": 0.0, "avg_under_mag": 1.0, "avg_over": 0.0, "avg_under": 1.0}], [[0.65, 0.7000000000000001], {"acc": 0.664306404892179, "nll": 0.6543622053022858, "mse": 0.22920922928213575, "N": 3107, "over_prob": 0.0, "under_prob": 0.01806640625, "over_counts": {"0": 2048}, "under_counts": {"0": 2011, "1": 37}, "avg_over_mag": 0.0, "avg_under_mag": 1.0, "avg_over": 0.0, "avg_under": 1.0}], [[0.7000000000000001, 0.75], {"acc": 0.7263181921935631, "nll": 0.5965090223440859, "mse": 0.20181549884682448, "N": 4381, "over_prob": 0.0, "under_prob": 0.086875466070097, "over_counts": {"0": 2682}, "under_counts": {"0": 2449, "1": 219, "2": 13, "4": 1}, "avg_over_mag": 0.0, "avg_under_mag": 1.0686695278969958, "avg_over": 0.0, "avg_under": 1.0686695278969958}], [[0.75, 0.8], {"acc": 0.7706020328381548, "nll": 0.5495666455722377, "mse": 0.18010209294409082, "N": 6395, "over_prob": 0.0, "under_prob": 0.2079297820823245, "over_counts": {"0": 3304}, "under_counts": {"0": 2617, "1": 575, "2": 79, "3": 19, "4": 9, "5": 4, "7": 1}, "avg_over_mag": 0.0, "avg_under_mag": 1.2416302765647744, "avg_over": 0.0, "avg_under": 1.2416302765647744}], [[0.8, 0.8500000000000001], {"acc": 0.827118046372212, "nll": 0.4703398086082989, "mse": 0.14578221899452415, "N": 11343, "over_prob": 0.0, "under_prob": 0.5816705336426914, "over_counts": {"0": 4310}, "under_counts": {"0": 1803, "1": 1596, "2": 498, "3": 201, "4": 95, "5": 43, "6": 28, "8": 13, "7": 10, "11": 6, "9": 6, "10": 3, "13": 3, "16": 2, "14": 1, "12": 1, "15": 1}, "avg_over_mag": 0.0, "avg_under_mag": 1.752692461108895, "avg_over": 0.0, "avg_under": 1.752692461108895}], [[0.8500000000000001, 0.9], {"acc": 0.8798090424038192, "nll": 0.37460170901296097, "mse": 0.1073827008268738, "N": 21366, "over_prob": 0.4382204610951008, "under_prob": 0.0, "over_counts": {"0": 3119, "1": 1496, "2": 518, "3": 166, "4": 95, "5": 63, "6": 33, "7": 18, "9": 10, "8": 10, "10": 8, "11": 6, "13": 3, "15": 2, "12": 1, "19": 1, "17": 1, "16": 1, "20": 1}, "under_counts": {"0": 5552}, "avg_over_mag": 1.8569667077681875, "avg_under_mag": 0.0, "avg_over": 1.8569667077681875, "avg_under": 0.0}], [[0.9, 0.9500000000000001], {"acc": 0.9291148303947016, "nll": 0.25939318855384796, "mse": 0.06641461626713685, "N": 44692, "over_prob": 0.12110939907550078, "under_prob": 0.0, "over_counts": {"0": 5704, "1": 673, "2": 73, "3": 26, "4": 7, "7": 2, "5": 2, "13": 1, "6": 1, "11": 1}, "under_counts": {"0": 6490}, "avg_over_mag": 1.2455470737913485, "avg_under_mag": 0.0, "avg_over": 1.2455470737913485, "avg_under": 0.0}], [[0.9500000000000001, 1.0], {"acc": 0.9720249459081074, "nll": 0.12664689878715604, "mse": 0.027200587045447137, "N": 78570, "over_prob": 0.0038402457757296116, "under_prob": 0.0, "over_counts": {"0": 5188, "1": 19, "2": 1}, "under_counts": {"0": 5208}, "avg_over_mag": 1.05, "avg_under_mag": 0.0, "avg_over": 1.05, "avg_under": 0.0}]]}