{"auc": 0.6948285338247774, "over_prob": 0.3404928781370111, "under_prob": 0.3493104227899616, "over_counts": {"0": 5834, "1": 1561, "2": 625, "3": 322, "4": 189, "5": 111, "6": 63, "7": 39, "8": 24, "9": 24, "10": 16, "11": 11, "16": 6, "12": 3, "17": 3, "18": 2, "15": 2, "13": 2, "23": 2, "14": 1, "22": 1, "41": 1, "21": 1, "20": 1, "19": 1, "47": 1}, "under_counts": {"0": 5756, "1": 1740, "2": 527, "3": 282, "4": 185, "5": 125, "6": 59, "7": 55, "8": 35, "9": 21, "10": 16, "11": 15, "13": 6, "12": 6, "17": 4, "16": 3, "14": 2, "19": 1, "77": 1, "23": 1, "18": 1, "15": 1, "21": 1, "34": 1, "20": 1, "61": 1}, "avg_over_mag": 2.301792828685259, "avg_under_mag": 2.3042071197411005, "avg_over": 2.301792828685259, "avg_under": 2.3042071197411005, "acc": 0.888529312097594, "nll": 0.3244174420296065, "mse": 0.09287595197911036, "metrics_by_prob": [[[0.0, 0.05], {"acc": 1.0, "nll": 0.00027462426766520256, "mse": 9.848853719274456e-08, "N": 5, "over_prob": 0.0, "under_prob": 0.0, "over_counts": {"0": 4}, "under_counts": {"0": 4}, "avg_over_mag": 0.0, "avg_under_mag": 0.0, "avg_over": 0.0, "avg_under": 0.0}], [[0.05, 0.1], {"acc": 0.8, "nll": 1.1670039001516601, "mse": 0.20993766180162718, "N": 5, "over_prob": 0.0, "under_prob": 0.0, "over_counts": {"0": 5}, "under_counts": {"0": 5}, "avg_over_mag": 0.0, "avg_under_mag": 0.0, "avg_over": 0.0, "avg_under": 0.0}], [[0.1, 0.15000000000000002], {"acc": 0.8846153846153846, "nll": 0.331031499947735, "mse": 0.09675373978986368, "N": 52, "over_prob": 0.0, "under_prob": 0.0, "over_counts": {"0": 22}, "under_counts": {"0": 22}, "avg_over_mag": 0.0, "avg_under_mag": 0.0, "avg_over": 0.0, "avg_under": 0.0}], [[0.15000000000000002, 0.2], {"acc": 0.7916666666666666, "nll": 0.5002096747881225, "mse": 0.1637558775855996, "N": 48, "over_prob": 0.0, "under_prob": 0.0, "over_counts": {"0": 48}, "under_counts": {"0": 48}, "avg_over_mag": 0.0, "avg_under_mag": 0.0, "avg_over": 0.0, "avg_under": 0.0}], [[0.2, 0.25], {"acc": 0.7777777777777778, "nll": 0.5856362507789191, "mse": 0.17862669860487376, "N": 36, "over_prob": 0.0, "under_prob": 0.0, "over_counts": {"0": 36}, "under_counts": {"0": 36}, "avg_over_mag": 0.0, "avg_under_mag": 0.0, "avg_over": 0.0, "avg_under": 0.0}], [[0.25, 0.30000000000000004], {"acc": 0.6904761904761905, "nll": 0.6224033443945105, "mse": 0.21443667560443988, "N": 42, "over_prob": 0.0, "under_prob": 0.0, "over_counts": {"0": 42}, "under_counts": {"0": 42}, "avg_over_mag": 0.0, "avg_under_mag": 0.0, "avg_over": 0.0, "avg_under": 0.0}], [[0.30000000000000004, 0.35000000000000003], {"acc": 0.5657894736842105, "nll": 0.6985387967422791, "mse": 0.2504052662227332, "N": 76, "over_prob": 0.0, "under_prob": 0.0, "over_counts": {"0": 76}, "under_counts": {"0": 76}, "avg_over_mag": 0.0, "avg_under_mag": 0.0, "avg_over": 0.0, "avg_under": 0.0}], [[0.35000000000000003, 0.4], {"acc": 0.527027027027027, "nll": 0.7196399274361983, "mse": 0.2609322449778292, "N": 148, "over_prob": 0.0, "under_prob": 0.0, "over_counts": {"0": 132}, "under_counts": {"0": 132}, "avg_over_mag": 0.0, "avg_under_mag": 0.0, "avg_over": 0.0, "avg_under": 0.0}], [[0.4, 0.45], {"acc": 0.584717607973422, "nll": 0.6953105524925483, "mse": 0.25042182458120055, "N": 301, "over_prob": 0.0, "under_prob": 0.0, "over_counts": {"0": 289}, "under_counts": {"0": 289}, "avg_over_mag": 0.0, "avg_under_mag": 0.0, "avg_over": 0.0, "avg_under": 0.0}], [[0.45, 0.5], {"acc": 0.5602836879432624, "nll": 0.70366577203906, "mse": 0.25435364251559717, "N": 423, "over_prob": 0.0, "under_prob": 0.0, "over_counts": {"0": 391}, "under_counts": {"0": 391}, "avg_over_mag": 0.0, "avg_under_mag": 0.0, "avg_over": 0.0, "avg_under": 0.0}], [[0.5, 0.55], {"acc": 0.5027777777777778, "nll": 0.7127965752387836, "mse": 0.2591450559490383, "N": 720, "over_prob": 0.0, "under_prob": 0.0, "over_counts": {"0": 629}, "under_counts": {"0": 629}, "avg_over_mag": 0.0, "avg_under_mag": 0.0, "avg_over": 0.0, "avg_under": 0.0}], [[0.55, 0.6000000000000001], {"acc": 0.5665071770334928, "nll": 0.6897362759153478, "mse": 0.24761210294519137, "N": 1045, "over_prob": 0.0, "under_prob": 0.002188183807439792, "over_counts": {"0": 914}, "under_counts": {"0": 912, "1": 2}, "avg_over_mag": 0.0, "avg_under_mag": 1.0, "avg_over": 0.0, "avg_under": 1.0}], [[0.6000000000000001, 0.65], {"acc": 0.615592609283461, "nll": 0.6714432670242882, "mse": 0.23863168472423307, "N": 2219, "over_prob": 0.0, "under_prob": 0.006131207847946074, "over_counts": {"0": 1631}, "under_counts": {"0": 1621, "1": 10}, "avg_over_mag": 0.0, "avg_under_mag": 1.0, "avg_over": 0.0, "avg_under": 1.0}], [[0.65, 0.7000000000000001], {"acc": 0.6678733031674208, "nll": 0.6423595756194312, "mse": 0.22428176070863146, "N": 4420, "over_prob": 0.0, "under_prob": 0.020387359836901098, "over_counts": {"0": 1962}, "under_counts": {"0": 1922, "1": 39, "2": 1}, "avg_over_mag": 0.0, "avg_under_mag": 1.025, "avg_over": 0.0, "avg_under": 1.025}], [[0.7000000000000001, 0.75], {"acc": 0.7235421166306696, "nll": 0.5990682358835965, "mse": 0.20337447489165983, "N": 5093, "over_prob": 0.0, "under_prob": 0.05476828801225586, "over_counts": {"0": 2611}, "under_counts": {"0": 2468, "1": 118, "2": 19, "3": 4, "4": 2}, "avg_over_mag": 0.0, "avg_under_mag": 1.2307692307692308, "avg_over": 0.0, "avg_under": 1.2307692307692308}], [[0.75, 0.8], {"acc": 0.7762912982782689, "nll": 0.537611243478023, "mse": 0.17578122420419742, "N": 8596, "over_prob": 0.0, "under_prob": 0.18341570565623289, "over_counts": {"0": 3642}, "under_counts": {"0": 2974, "1": 541, "2": 73, "3": 31, "4": 10, "5": 7, "6": 5, "8": 1}, "avg_over_mag": 0.0, "avg_under_mag": 1.3368263473053892, "avg_over": 0.0, "avg_under": 1.3368263473053892}], [[0.8, 0.8500000000000001], {"acc": 0.8291718946047679, "nll": 0.4671097068133814, "mse": 0.14453255433525647, "N": 15940, "over_prob": 0.0, "under_prob": 0.5823257858870081, "over_counts": {"0": 4549}, "under_counts": {"0": 1900, "1": 1572, "2": 405, "3": 216, "4": 149, "5": 107, "6": 57, "7": 43, "8": 26, "9": 21, "10": 17, "11": 10, "13": 5, "12": 5, "16": 4, "17": 3, "14": 1, "18": 1, "20": 1, "34": 1, "21": 1, "15": 1, "23": 1, "77": 1, "55": 1}, "avg_over_mag": 0.0, "avg_under_mag": 2.2642506606266517, "avg_over": 0.0, "avg_under": 2.2642506606266517}], [[0.8500000000000001, 0.9], {"acc": 0.8735218280430337, "nll": 0.38755684489751857, "mse": 0.11221052631893412, "N": 22494, "over_prob": 0.48458333333333337, "under_prob": 0.0, "over_counts": {"0": 2474, "1": 1323, "2": 469, "3": 232, "4": 126, "5": 73, "6": 34, "7": 18, "8": 15, "9": 7, "10": 5, "16": 4, "17": 4, "11": 4, "18": 2, "23": 2, "12": 2, "13": 1, "22": 1, "41": 1, "21": 1, "14": 1, "47": 1}, "under_counts": {"0": 4800}, "avg_over_mag": 2.0760963026655204, "avg_under_mag": 0.0, "avg_over": 2.0760963026655204, "avg_under": 0.0}], [[0.9, 0.9500000000000001], {"acc": 0.9289238239891795, "nll": 0.2610206032245695, "mse": 0.06668352294725687, "N": 90199, "over_prob": 0.21257675206436588, "under_prob": 0.0, "over_counts": {"0": 3719, "1": 656, "2": 144, "3": 59, "4": 39, "6": 23, "5": 21, "7": 16, "9": 14, "8": 10, "10": 8, "11": 7, "15": 2, "16": 2, "14": 1, "12": 1, "13": 1}, "under_counts": {"0": 4723}, "avg_over_mag": 2.087649402390438, "avg_under_mag": 0.0, "avg_over": 2.087649402390438, "avg_under": 0.0}], [[0.9500000000000001, 1.0], {"acc": 0.9665449638860227, "nll": 0.14833689788995322, "mse": 0.03249985292913429, "N": 25198, "over_prob": 0.0034217279726261873, "under_prob": 0.0, "over_counts": {"0": 2330, "1": 8}, "under_counts": {"0": 2338}, "avg_over_mag": 1.0, "avg_under_mag": 0.0, "avg_over": 1.0, "avg_under": 0.0}]]}