{"auc": 0.8069798667034519, "over_prob": 0.11869363880087735, "under_prob": 0.11576894954911043, "over_counts": {"0": 3616, "1": 427, "2": 53, "3": 7}, "under_counts": {"0": 3628, "1": 465, "2": 10}, "avg_over_mag": 1.1375770020533882, "avg_under_mag": 1.0210526315789474, "avg_over": 1.1375770020533882, "avg_under": 1.0210526315789474, "acc": 0.868875773305838, "nll": 0.33284320122972, "mse": 0.09979135542513994, "metrics_by_prob": [[[0.0, 0.05], {"acc": NaN, "nll": NaN, "mse": NaN, "N": 0}], [[0.05, 0.1], {"acc": 1.0, "nll": 0.10965688718551096, "mse": 0.010786575516505805, "N": 18, "over_prob": 0.0, "under_prob": 0.0, "over_counts": {"0": 18}, "under_counts": {"0": 18}, "avg_over_mag": 0.0, "avg_under_mag": 0.0, "avg_over": 0.0, "avg_under": 0.0}], [[0.1, 0.15000000000000002], {"acc": 0.8870967741935484, "nll": 0.351844460157584, "mse": 0.10019633849326195, "N": 186, "over_prob": 0.0, "under_prob": 0.0, "over_counts": {"0": 186}, "under_counts": {"0": 186}, "avg_over_mag": 0.0, "avg_under_mag": 0.0, "avg_over": 0.0, "avg_under": 0.0}], [[0.15000000000000002, 0.2], {"acc": 0.8275862068965517, "nll": 0.4617369616820301, "mse": 0.1434166034251368, "N": 203, "over_prob": 0.0, "under_prob": 0.0, "over_counts": {"0": 203}, "under_counts": {"0": 203}, "avg_over_mag": 0.0, "avg_under_mag": 0.0, "avg_over": 0.0, "avg_under": 0.0}], [[0.2, 0.25], {"acc": 0.7835616438356164, "nll": 0.5303079654849693, "mse": 0.17242862775799328, "N": 365, "over_prob": 0.0, "under_prob": 0.0, "over_counts": {"0": 365}, "under_counts": {"0": 365}, "avg_over_mag": 0.0, "avg_under_mag": 0.0, "avg_over": 0.0, "avg_under": 0.0}], [[0.25, 0.30000000000000004], {"acc": 0.7511520737327189, "nll": 0.5629360654414723, "mse": 0.18779468805744143, "N": 217, "over_prob": 0.0, "under_prob": 0.0, "over_counts": {"0": 217}, "under_counts": {"0": 217}, "avg_over_mag": 0.0, "avg_under_mag": 0.0, "avg_over": 0.0, "avg_under": 0.0}], [[0.30000000000000004, 0.35000000000000003], {"acc": 0.6943907156673114, "nll": 0.6247512903575383, "mse": 0.21641565324580248, "N": 517, "over_prob": 0.0, "under_prob": 0.0, "over_counts": {"0": 517}, "under_counts": {"0": 517}, "avg_over_mag": 0.0, "avg_under_mag": 0.0, "avg_over": 0.0, "avg_under": 0.0}], [[0.35000000000000003, 0.4], {"acc": 0.618421052631579, "nll": 0.6654624450263266, "mse": 0.23620694034169692, "N": 456, "over_prob": 0.0, "under_prob": 0.0, "over_counts": {"0": 456}, "under_counts": {"0": 456}, "avg_over_mag": 0.0, "avg_under_mag": 0.0, "avg_over": 0.0, "avg_under": 0.0}], [[0.4, 0.45], {"acc": 0.5621970920840065, "nll": 0.6818885300781021, "mse": 0.24442065517739486, "N": 619, "over_prob": 0.0, "under_prob": 0.0, "over_counts": {"0": 619}, "under_counts": {"0": 619}, "avg_over_mag": 0.0, "avg_under_mag": 0.0, "avg_over": 0.0, "avg_under": 0.0}], [[0.45, 0.5], {"acc": 0.5544959128065395, "nll": 0.6894561872714092, "mse": 0.24815617356051858, "N": 734, "over_prob": 0.0, "under_prob": 0.0, "over_counts": {"0": 734}, "under_counts": {"0": 734}, "avg_over_mag": 0.0, "avg_under_mag": 0.0, "avg_over": 0.0, "avg_under": 0.0}], [[0.5, 0.55], {"acc": 0.5059101654846335, "nll": 0.6996013676691571, "mse": 0.2531939649340071, "N": 846, "over_prob": 0.0, "under_prob": 0.0, "over_counts": {"0": 827}, "under_counts": {"0": 827}, "avg_over_mag": 0.0, "avg_under_mag": 0.0, "avg_over": 0.0, "avg_under": 0.0}], [[0.55, 0.6000000000000001], {"acc": 0.5560344827586207, "nll": 0.693305739684101, "mse": 0.2499644523468734, "N": 928, "over_prob": 0.0, "under_prob": 0.0, "over_counts": {"0": 928}, "under_counts": {"0": 928}, "avg_over_mag": 0.0, "avg_under_mag": 0.0, "avg_over": 0.0, "avg_under": 0.0}], [[0.6000000000000001, 0.65], {"acc": 0.6280788177339901, "nll": 0.659536204547337, "mse": 0.2333623727020663, "N": 1218, "over_prob": 0.0, "under_prob": 0.0, "over_counts": {"0": 1195}, "under_counts": {"0": 1195}, "avg_over_mag": 0.0, "avg_under_mag": 0.0, "avg_over": 0.0, "avg_under": 0.0}], [[0.65, 0.7000000000000001], {"acc": 0.6726361031518625, "nll": 0.6374907345500771, "mse": 0.22249918709862052, "N": 1396, "over_prob": 0.0, "under_prob": 0.0, "over_counts": {"0": 1376}, "under_counts": {"0": 1376}, "avg_over_mag": 0.0, "avg_under_mag": 0.0, "avg_over": 0.0, "avg_under": 0.0}], [[0.7000000000000001, 0.75], {"acc": 0.7165697674418605, "nll": 0.5970883279861906, "mse": 0.2034348672134007, "N": 2064, "over_prob": 0.0, "under_prob": 0.0, "over_counts": {"0": 1849}, "under_counts": {"0": 1849}, "avg_over_mag": 0.0, "avg_under_mag": 0.0, "avg_over": 0.0, "avg_under": 0.0}], [[0.75, 0.8], {"acc": 0.7740132727907789, "nll": 0.5358268326983348, "mse": 0.17541982294023367, "N": 2863, "over_prob": 0.0, "under_prob": 0.0012919896640827266, "over_counts": {"0": 2322}, "under_counts": {"0": 2319, "1": 3}, "avg_over_mag": 0.0, "avg_under_mag": 1.0, "avg_over": 0.0, "avg_under": 1.0}], [[0.8, 0.8500000000000001], {"acc": 0.8273397879207007, "nll": 0.46002310120726836, "mse": 0.14286299339638955, "N": 4338, "over_prob": 0.0, "under_prob": 0.16909932360270563, "over_counts": {"0": 2809}, "under_counts": {"0": 2334, "1": 468, "2": 7}, "avg_over_mag": 0.0, "avg_under_mag": 1.0147368421052632, "avg_over": 0.0, "avg_under": 1.0147368421052632}], [[0.8500000000000001, 0.9], {"acc": 0.8793774319066148, "nll": 0.3674124488931031, "mse": 0.10592074753564007, "N": 7710, "over_prob": 0.1662683509730284, "under_prob": 0.0, "over_counts": {"0": 2442, "1": 428, "2": 52, "3": 7}, "under_counts": {"0": 2929}, "avg_over_mag": 1.135523613963039, "avg_under_mag": 0.0, "avg_over": 1.135523613963039, "avg_under": 0.0}], [[0.9, 0.9500000000000001], {"acc": 0.9295171339563862, "nll": 0.2545522355059845, "mse": 0.06547548151762858, "N": 15408, "over_prob": 0.00037537537537535304, "under_prob": 0.0, "over_counts": {"0": 2663, "1": 1}, "under_counts": {"0": 2664}, "avg_over_mag": 1.0, "avg_under_mag": 0.0, "avg_over": 1.0, "avg_under": 0.0}], [[0.9500000000000001, 1.0], {"acc": 0.9678337251020661, "nll": 0.13894552615769962, "mse": 0.03095547434815166, "N": 16166, "over_prob": 0.0, "under_prob": 0.0, "over_counts": {"0": 1594}, "under_counts": {"0": 1594}, "avg_over_mag": 0.0, "avg_under_mag": 0.0, "avg_over": 0.0, "avg_under": 0.0}]]}