{"over_prob": 0.6793478260869565, "under_prob": 0.24275362318840576, "over_counts": {"0": 1239, "1": 555, "2": 466, "3": 356, "4": 322, "5": 209, "6": 160, "7": 127, "8": 99, "9": 65, "11": 50, "10": 42, "13": 35, "12": 31, "14": 19, "16": 17, "19": 14, "15": 13, "17": 10, "20": 8, "18": 6, "23": 5, "22": 3, "24": 3, "27": 3, "37": 2, "26": 2, "21": 2, "39": 1}, "under_counts": {"0": 2926, "1": 683, "2": 164, "3": 62, "4": 18, "5": 8, "7": 2, "6": 1}, "avg_over_mag": 4.529142857142857, "avg_under_mag": 1.4168443496801706, "avg_over": 4.529142857142857, "avg_under": 1.4168443496801706, "acc": 0.858387321108305, "auc": 0.7460978089225673, "nll": 0.3722090962761594, "mse": 0.11179543642363009, "metrics_by_prob": [[[0.0, 0.05], {"acc": NaN, "nll": NaN, "mse": NaN, "N": 0}], [[0.05, 0.1], {"acc": 0.8125, "nll": 0.5819255622510353, "mse": 0.18273657720837333, "N": 16, "over_prob": 0.0, "under_prob": 0.0625, "over_counts": {"0": 16}, "under_counts": {"0": 15, "1": 1}, "avg_over_mag": 0.0, "avg_under_mag": 1.0, "avg_over": 0.0, "avg_under": 1.0}], [[0.1, 0.15000000000000002], {"acc": 0.7045454545454546, "nll": 0.6667583708093319, "mse": 0.22506451567213023, "N": 176, "over_prob": 0.0, "under_prob": 0.03409090909090906, "over_counts": {"0": 176}, "under_counts": {"0": 170, "1": 6}, "avg_over_mag": 0.0, "avg_under_mag": 1.0, "avg_over": 0.0, "avg_under": 1.0}], [[0.15000000000000002, 0.2], {"acc": 0.574468085106383, "nll": 0.8176914249535944, "mse": 0.2875125101526207, "N": 188, "over_prob": 0.0, "under_prob": 0.08510638297872342, "over_counts": {"0": 188}, "under_counts": {"0": 172, "1": 16}, "avg_over_mag": 0.0, "avg_under_mag": 1.0, "avg_over": 0.0, "avg_under": 1.0}], [[0.2, 0.25], {"acc": 0.5755813953488372, "nll": 0.6983424275757265, "mse": 0.24850956601383353, "N": 344, "over_prob": 0.0, "under_prob": 0.01744186046511631, "over_counts": {"0": 344}, "under_counts": {"0": 338, "1": 6}, "avg_over_mag": 0.0, "avg_under_mag": 1.0, "avg_over": 0.0, "avg_under": 1.0}], [[0.25, 0.30000000000000004], {"acc": 0.569377990430622, "nll": 0.7663191713636303, "mse": 0.2749454179595438, "N": 209, "over_prob": 0.0, "under_prob": 0.04784688995215314, "over_counts": {"0": 209}, "under_counts": {"0": 199, "1": 10}, "avg_over_mag": 0.0, "avg_under_mag": 1.0, "avg_over": 0.0, "avg_under": 1.0}], [[0.30000000000000004, 0.35000000000000003], {"acc": 0.46361746361746364, "nll": 0.7868117037549139, "mse": 0.2856401712523294, "N": 481, "over_prob": 0.0, "under_prob": 0.043659043659043606, "over_counts": {"0": 481}, "under_counts": {"0": 460, "1": 21}, "avg_over_mag": 0.0, "avg_under_mag": 1.0, "avg_over": 0.0, "avg_under": 1.0}], [[0.35000000000000003, 0.4], {"acc": 0.5011600928074246, "nll": 0.7926073304133604, "mse": 0.2852819917825497, "N": 431, "over_prob": 0.0, "under_prob": 0.06032482598607891, "over_counts": {"0": 431}, "under_counts": {"0": 405, "1": 26}, "avg_over_mag": 0.0, "avg_under_mag": 1.0, "avg_over": 0.0, "avg_under": 1.0}], [[0.4, 0.45], {"acc": 0.5147313691507799, "nll": 0.8035658824572531, "mse": 0.28819610368327886, "N": 577, "over_prob": 0.0, "under_prob": 0.05372616984402079, "over_counts": {"0": 577}, "under_counts": {"0": 546, "1": 31}, "avg_over_mag": 0.0, "avg_under_mag": 1.0, "avg_over": 0.0, "avg_under": 1.0}], [[0.45, 0.5], {"acc": 0.504297994269341, "nll": 0.738712386681051, "mse": 0.2683562897495218, "N": 698, "over_prob": 0.0, "under_prob": 0.034383954154727836, "over_counts": {"0": 698}, "under_counts": {"0": 674, "1": 24}, "avg_over_mag": 0.0, "avg_under_mag": 1.0, "avg_over": 0.0, "avg_under": 1.0}], [[0.5, 0.55], {"acc": 0.525062656641604, "nll": 0.7659461612141, "mse": 0.2755129271514921, "N": 798, "over_prob": 0.0, "under_prob": 0.06402048655569781, "over_counts": {"0": 781}, "under_counts": {"0": 731, "1": 50}, "avg_over_mag": 0.0, "avg_under_mag": 1.0, "avg_over": 0.0, "avg_under": 1.0}], [[0.55, 0.6000000000000001], {"acc": 0.5367483296213809, "nll": 0.7281107090441523, "mse": 0.26200089366112844, "N": 898, "over_prob": 0.0, "under_prob": 0.04231625835189312, "over_counts": {"0": 898}, "under_counts": {"0": 860, "1": 38}, "avg_over_mag": 0.0, "avg_under_mag": 1.0, "avg_over": 0.0, "avg_under": 1.0}], [[0.6000000000000001, 0.65], {"acc": 0.6020942408376964, "nll": 0.7090590645554656, "mse": 0.2509715352868868, "N": 1146, "over_prob": 0.0, "under_prob": 0.06288751107174495, "over_counts": {"0": 1129}, "under_counts": {"0": 1058, "1": 71}, "avg_over_mag": 0.0, "avg_under_mag": 1.0, "avg_over": 0.0, "avg_under": 1.0}], [[0.65, 0.7000000000000001], {"acc": 0.629742033383915, "nll": 0.6718977850299682, "mse": 0.2354596711553148, "N": 1318, "over_prob": 0.0, "under_prob": 0.043043812451959984, "over_counts": {"0": 1301}, "under_counts": {"0": 1245, "1": 56}, "avg_over_mag": 0.0, "avg_under_mag": 1.0, "avg_over": 0.0, "avg_under": 1.0}], [[0.7000000000000001, 0.75], {"acc": 0.6934905176832393, "nll": 0.6472561865884636, "mse": 0.22159101396106748, "N": 1951, "over_prob": 0.0, "under_prob": 0.06239267315397823, "over_counts": {"0": 1747}, "under_counts": {"0": 1638, "1": 106, "2": 3}, "avg_over_mag": 0.0, "avg_under_mag": 1.0275229357798166, "avg_over": 0.0, "avg_under": 1.0275229357798166}], [[0.75, 0.8], {"acc": 0.7605371130175308, "nll": 0.5658226186354, "mse": 0.18787608507135312, "N": 2681, "over_prob": 0.0, "under_prob": 0.0951286764705882, "over_counts": {"0": 2176}, "under_counts": {"0": 1969, "1": 193, "2": 14}, "avg_over_mag": 0.0, "avg_under_mag": 1.067632850241546, "avg_over": 0.0, "avg_under": 1.067632850241546}], [[0.8, 0.8500000000000001], {"acc": 0.8165228113440197, "nll": 0.5037296690656088, "mse": 0.1597324513084871, "N": 4055, "over_prob": 0.0, "under_prob": 0.19916222391469918, "over_counts": {"0": 2626}, "under_counts": {"0": 2103, "1": 434, "2": 70, "3": 14, "4": 2, "5": 2, "6": 1}, "avg_over_mag": 0.0, "avg_under_mag": 1.2237093690248566, "avg_over": 0.0, "avg_under": 1.2237093690248566}], [[0.8500000000000001, 0.9], {"acc": 0.8672959466962799, "nll": 0.4287858544031049, "mse": 0.12685854039298242, "N": 7204, "over_prob": 0.8084112149532711, "under_prob": 0.0, "over_counts": {"1": 1079, "2": 590, "0": 533, "3": 210, "4": 150, "5": 93, "6": 52, "8": 23, "7": 21, "10": 12, "9": 7, "13": 4, "11": 3, "12": 3, "15": 2}, "under_counts": {"0": 2782}, "avg_over_mag": 2.192530013339262, "avg_under_mag": 0.0, "avg_over": 2.192530013339262, "avg_under": 0.0}], [[0.9, 0.9500000000000001], {"acc": 0.929486758230926, "nll": 0.28678957181529774, "mse": 0.07393818451871709, "N": 15217, "over_prob": 0.7420109119251754, "under_prob": 0.0, "over_counts": {"1": 700, "0": 662, "2": 460, "3": 301, "4": 147, "5": 93, "6": 68, "7": 40, "8": 29, "9": 25, "10": 11, "12": 7, "11": 7, "13": 4, "14": 3, "15": 2, "24": 1, "22": 1, "17": 1, "21": 1, "16": 1, "19": 1, "18": 1}, "under_counts": {"0": 2566}, "avg_over_mag": 2.7589285714285716, "avg_under_mag": 0.0, "avg_over": 2.7589285714285716, "avg_under": 0.0}], [[0.9500000000000001, 1.0], {"acc": 0.9682539682539683, "nll": 0.16731087840316705, "mse": 0.03564722490559999, "N": 16254, "over_prob": 0.5003111387678905, "under_prob": 0.0, "over_counts": {"0": 803, "1": 414, "2": 192, "3": 75, "4": 46, "5": 34, "6": 14, "7": 12, "8": 7, "9": 4, "10": 2, "11": 2, "12": 1, "14": 1}, "under_counts": {"0": 1607}, "avg_over_mag": 2.120646766169154, "avg_under_mag": 0.0, "avg_over": 2.120646766169154, "avg_under": 0.0}]]}