{"auc": 0.8068123225201982, "over_prob": 0.14829192546583847, "under_prob": 0.135351966873706, "over_counts": {"0": 3291, "1": 492, "2": 75, "3": 5, "4": 1}, "under_counts": {"0": 3341, "1": 472, "2": 44, "3": 6, "4": 1}, "avg_over_mag": 1.1535776614310647, "avg_under_mag": 1.112810707456979, "avg_over": 1.1535776614310647, "avg_under": 1.112810707456979, "acc": 0.8711064748728085, "nll": 0.32844040351502884, "mse": 0.09823861232193375, "metrics_by_prob": [[[0.0, 0.05], {"acc": NaN, "nll": NaN, "mse": NaN, "N": 0}], [[0.05, 0.1], {"acc": 0.9375, "nll": 0.23843882626080481, "mse": 0.05927278678033088, "N": 16, "over_prob": 0.0, "under_prob": 0.0, "over_counts": {"0": 16}, "under_counts": {"0": 16}, "avg_over_mag": 0.0, "avg_under_mag": 0.0, "avg_over": 0.0, "avg_under": 0.0}], [[0.1, 0.15000000000000002], {"acc": 0.8863636363636364, "nll": 0.35884620846498233, "mse": 0.10201468913217565, "N": 176, "over_prob": 0.0, "under_prob": 0.0, "over_counts": {"0": 176}, "under_counts": {"0": 176}, "avg_over_mag": 0.0, "avg_under_mag": 0.0, "avg_over": 0.0, "avg_under": 0.0}], [[0.15000000000000002, 0.2], {"acc": 0.851063829787234, "nll": 0.4241144103836901, "mse": 0.12773425776502823, "N": 188, "over_prob": 0.0, "under_prob": 0.0, "over_counts": {"0": 188}, "under_counts": {"0": 188}, "avg_over_mag": 0.0, "avg_under_mag": 0.0, "avg_over": 0.0, "avg_under": 0.0}], [[0.2, 0.25], {"acc": 0.7703488372093024, "nll": 0.5419996936812922, "mse": 0.1780310168381802, "N": 344, "over_prob": 0.0, "under_prob": 0.0, "over_counts": {"0": 344}, "under_counts": {"0": 344}, "avg_over_mag": 0.0, "avg_under_mag": 0.0, "avg_over": 0.0, "avg_under": 0.0}], [[0.25, 0.30000000000000004], {"acc": 0.7416267942583732, "nll": 0.5631579817649685, "mse": 0.18836492978320105, "N": 209, "over_prob": 0.0, "under_prob": 0.0, "over_counts": {"0": 209}, "under_counts": {"0": 209}, "avg_over_mag": 0.0, "avg_under_mag": 0.0, "avg_over": 0.0, "avg_under": 0.0}], [[0.30000000000000004, 0.35000000000000003], {"acc": 0.656964656964657, "nll": 0.6468711373097974, "mse": 0.22710125233160952, "N": 481, "over_prob": 0.0, "under_prob": 0.0, "over_counts": {"0": 481}, "under_counts": {"0": 481}, "avg_over_mag": 0.0, "avg_under_mag": 0.0, "avg_over": 0.0, "avg_under": 0.0}], [[0.35000000000000003, 0.4], {"acc": 0.6310904872389791, "nll": 0.6574363095214766, "mse": 0.2323803897739325, "N": 431, "over_prob": 0.0, "under_prob": 0.0, "over_counts": {"0": 431}, "under_counts": {"0": 431}, "avg_over_mag": 0.0, "avg_under_mag": 0.0, "avg_over": 0.0, "avg_under": 0.0}], [[0.4, 0.45], {"acc": 0.5805892547660312, "nll": 0.6779905631817043, "mse": 0.24244610763262045, "N": 577, "over_prob": 0.0, "under_prob": 0.0, "over_counts": {"0": 577}, "under_counts": {"0": 577}, "avg_over_mag": 0.0, "avg_under_mag": 0.0, "avg_over": 0.0, "avg_under": 0.0}], [[0.45, 0.5], {"acc": 0.5171919770773639, "nll": 0.6901258190588532, "mse": 0.24848259443467963, "N": 698, "over_prob": 0.0, "under_prob": 0.0, "over_counts": {"0": 698}, "under_counts": {"0": 698}, "avg_over_mag": 0.0, "avg_under_mag": 0.0, "avg_over": 0.0, "avg_under": 0.0}], [[0.5, 0.55], {"acc": 0.5225563909774437, "nll": 0.6914810976633482, "mse": 0.24916849986095263, "N": 798, "over_prob": 0.0, "under_prob": 0.0, "over_counts": {"0": 781}, "under_counts": {"0": 781}, "avg_over_mag": 0.0, "avg_under_mag": 0.0, "avg_over": 0.0, "avg_under": 0.0}], [[0.55, 0.6000000000000001], {"acc": 0.5812917594654788, "nll": 0.6850976061283579, "mse": 0.24592336277720822, "N": 898, "over_prob": 0.0, "under_prob": 0.0, "over_counts": {"0": 898}, "under_counts": {"0": 898}, "avg_over_mag": 0.0, "avg_under_mag": 0.0, "avg_over": 0.0, "avg_under": 0.0}], [[0.6000000000000001, 0.65], {"acc": 0.6282722513089005, "nll": 0.66322088760681, "mse": 0.23508411862751077, "N": 1146, "over_prob": 0.0, "under_prob": 0.0, "over_counts": {"0": 1129}, "under_counts": {"0": 1129}, "avg_over_mag": 0.0, "avg_under_mag": 0.0, "avg_over": 0.0, "avg_under": 0.0}], [[0.65, 0.7000000000000001], {"acc": 0.6805766312594841, "nll": 0.6277930676270911, "mse": 0.21803257164868792, "N": 1318, "over_prob": 0.0, "under_prob": 0.0, "over_counts": {"0": 1301}, "under_counts": {"0": 1301}, "avg_over_mag": 0.0, "avg_under_mag": 0.0, "avg_over": 0.0, "avg_under": 0.0}], [[0.7000000000000001, 0.75], {"acc": 0.7119425935417735, "nll": 0.6002340605284963, "mse": 0.20503653559412557, "N": 1951, "over_prob": 0.0, "under_prob": 0.0, "over_counts": {"0": 1747}, "under_counts": {"0": 1747}, "avg_over_mag": 0.0, "avg_under_mag": 0.0, "avg_over": 0.0, "avg_under": 0.0}], [[0.75, 0.8], {"acc": 0.7773218948153674, "nll": 0.5310849184358541, "mse": 0.17335498678689698, "N": 2681, "over_prob": 0.0, "under_prob": 0.0009191176470588758, "over_counts": {"0": 2176}, "under_counts": {"0": 2174, "1": 2}, "avg_over_mag": 0.0, "avg_under_mag": 1.0, "avg_over": 0.0, "avg_under": 1.0}], [[0.8, 0.8500000000000001], {"acc": 0.8283600493218249, "nll": 0.4586272905417929, "mse": 0.14223276840970886, "N": 4055, "over_prob": 0.0, "under_prob": 0.1987814166031988, "over_counts": {"0": 2626}, "under_counts": {"0": 2104, "1": 471, "2": 45, "3": 5, "4": 1}, "avg_over_mag": 0.0, "avg_under_mag": 1.1111111111111112, "avg_over": 0.0, "avg_under": 1.1111111111111112}], [[0.8500000000000001, 0.9], {"acc": 0.8710438645197113, "nll": 0.3837093822117001, "mse": 0.1121533699906102, "N": 7204, "over_prob": 0.20596693026599566, "under_prob": 0.0, "over_counts": {"0": 2209, "1": 492, "2": 75, "3": 5, "4": 1}, "under_counts": {"0": 2782}, "avg_over_mag": 1.1535776614310647, "avg_under_mag": 0.0, "avg_over": 1.1535776614310647, "avg_under": 0.0}], [[0.9, 0.9500000000000001], {"acc": 0.9302753499375698, "nll": 0.25182350879762816, "mse": 0.06472378438013976, "N": 15217, "over_prob": 0.0, "under_prob": 0.0, "over_counts": {"0": 2566}, "under_counts": {"0": 2566}, "avg_over_mag": 0.0, "avg_under_mag": 0.0, "avg_over": 0.0, "avg_under": 0.0}], [[0.9500000000000001, 1.0], {"acc": 0.9686846314753291, "nll": 0.1367667674986106, "mse": 0.03019895815613484, "N": 16254, "over_prob": 0.0, "under_prob": 0.0, "over_counts": {"0": 1607}, "under_counts": {"0": 1607}, "avg_over_mag": 0.0, "avg_under_mag": 0.0, "avg_over": 0.0, "avg_under": 0.0}]]}