{"auc": 0.8071436716553655, "over_prob": 0.12448240165631475, "under_prob": 0.09730848861283647, "over_counts": {"0": 3383, "1": 445, "2": 36}, "under_counts": {"0": 3488, "1": 366, "2": 10}, "avg_over_mag": 1.0748440748440748, "avg_under_mag": 1.0265957446808511, "avg_over": 1.0748440748440748, "avg_under": 1.0265957446808511, "acc": 0.8712711833388236, "nll": 0.3281730950602902, "mse": 0.0981448539097922, "metrics_by_prob": [[[0.0, 0.05], {"acc": NaN, "nll": NaN, "mse": NaN, "N": 0}], [[0.05, 0.1], {"acc": 0.9375, "nll": 0.24164663348377438, "mse": 0.05981483971237671, "N": 16, "over_prob": 0.0, "under_prob": 0.0, "over_counts": {"0": 16}, "under_counts": {"0": 16}, "avg_over_mag": 0.0, "avg_under_mag": 0.0, "avg_over": 0.0, "avg_under": 0.0}], [[0.1, 0.15000000000000002], {"acc": 0.8863636363636364, "nll": 0.35954850628780055, "mse": 0.10225906959766617, "N": 176, "over_prob": 0.0, "under_prob": 0.0, "over_counts": {"0": 176}, "under_counts": {"0": 176}, "avg_over_mag": 0.0, "avg_under_mag": 0.0, "avg_over": 0.0, "avg_under": 0.0}], [[0.15000000000000002, 0.2], {"acc": 0.851063829787234, "nll": 0.422744731848657, "mse": 0.1273575262126256, "N": 188, "over_prob": 0.0, "under_prob": 0.0, "over_counts": {"0": 188}, "under_counts": {"0": 188}, "avg_over_mag": 0.0, "avg_under_mag": 0.0, "avg_over": 0.0, "avg_under": 0.0}], [[0.2, 0.25], {"acc": 0.7703488372093024, "nll": 0.5413096434991695, "mse": 0.17780079944264543, "N": 344, "over_prob": 0.0, "under_prob": 0.0, "over_counts": {"0": 344}, "under_counts": {"0": 344}, "avg_over_mag": 0.0, "avg_under_mag": 0.0, "avg_over": 0.0, "avg_under": 0.0}], [[0.25, 0.30000000000000004], {"acc": 0.7416267942583732, "nll": 0.5668817507800359, "mse": 0.18983827043213297, "N": 209, "over_prob": 0.0, "under_prob": 0.0, "over_counts": {"0": 209}, "under_counts": {"0": 209}, "avg_over_mag": 0.0, "avg_under_mag": 0.0, "avg_over": 0.0, "avg_under": 0.0}], [[0.30000000000000004, 0.35000000000000003], {"acc": 0.656964656964657, "nll": 0.646596463691178, "mse": 0.22698268960251383, "N": 481, "over_prob": 0.0, "under_prob": 0.0, "over_counts": {"0": 481}, "under_counts": {"0": 481}, "avg_over_mag": 0.0, "avg_under_mag": 0.0, "avg_over": 0.0, "avg_under": 0.0}], [[0.35000000000000003, 0.4], {"acc": 0.6310904872389791, "nll": 0.656190293995151, "mse": 0.23180622748367863, "N": 431, "over_prob": 0.0, "under_prob": 0.0, "over_counts": {"0": 431}, "under_counts": {"0": 431}, "avg_over_mag": 0.0, "avg_under_mag": 0.0, "avg_over": 0.0, "avg_under": 0.0}], [[0.4, 0.45], {"acc": 0.5892547660311959, "nll": 0.6764189304525582, "mse": 0.24168635348342074, "N": 577, "over_prob": 0.0, "under_prob": 0.0, "over_counts": {"0": 577}, "under_counts": {"0": 577}, "avg_over_mag": 0.0, "avg_under_mag": 0.0, "avg_over": 0.0, "avg_under": 0.0}], [[0.45, 0.5], {"acc": 0.5229226361031518, "nll": 0.6887578068096888, "mse": 0.24781655981027542, "N": 698, "over_prob": 0.0, "under_prob": 0.0, "over_counts": {"0": 698}, "under_counts": {"0": 698}, "avg_over_mag": 0.0, "avg_under_mag": 0.0, "avg_over": 0.0, "avg_under": 0.0}], [[0.5, 0.55], {"acc": 0.5200501253132832, "nll": 0.6912152662939133, "mse": 0.24903291525900706, "N": 798, "over_prob": 0.0, "under_prob": 0.0, "over_counts": {"0": 781}, "under_counts": {"0": 781}, "avg_over_mag": 0.0, "avg_under_mag": 0.0, "avg_over": 0.0, "avg_under": 0.0}], [[0.55, 0.6000000000000001], {"acc": 0.5835189309576837, "nll": 0.6829208437344384, "mse": 0.24486706218197637, "N": 898, "over_prob": 0.0, "under_prob": 0.0, "over_counts": {"0": 898}, "under_counts": {"0": 898}, "avg_over_mag": 0.0, "avg_under_mag": 0.0, "avg_over": 0.0, "avg_under": 0.0}], [[0.6000000000000001, 0.65], {"acc": 0.6282722513089005, "nll": 0.660989677178575, "mse": 0.23404813632593552, "N": 1146, "over_prob": 0.0, "under_prob": 0.0, "over_counts": {"0": 1129}, "under_counts": {"0": 1129}, "avg_over_mag": 0.0, "avg_under_mag": 0.0, "avg_over": 0.0, "avg_under": 0.0}], [[0.65, 0.7000000000000001], {"acc": 0.6805766312594841, "nll": 0.6281664890178279, "mse": 0.21816388809847384, "N": 1318, "over_prob": 0.0, "under_prob": 0.0, "over_counts": {"0": 1301}, "under_counts": {"0": 1301}, "avg_over_mag": 0.0, "avg_under_mag": 0.0, "avg_over": 0.0, "avg_under": 0.0}], [[0.7000000000000001, 0.75], {"acc": 0.7119425935417735, "nll": 0.5998734062443778, "mse": 0.20488528568145367, "N": 1951, "over_prob": 0.0, "under_prob": 0.0, "over_counts": {"0": 1747}, "under_counts": {"0": 1747}, "avg_over_mag": 0.0, "avg_under_mag": 0.0, "avg_over": 0.0, "avg_under": 0.0}], [[0.75, 0.8], {"acc": 0.7773218948153674, "nll": 0.5308515150638392, "mse": 0.17330553683161096, "N": 2681, "over_prob": 0.0, "under_prob": 0.0, "over_counts": {"0": 2176}, "under_counts": {"0": 2176}, "avg_over_mag": 0.0, "avg_under_mag": 0.0, "avg_over": 0.0, "avg_under": 0.0}], [[0.8, 0.8500000000000001], {"acc": 0.8283600493218249, "nll": 0.4578965381094893, "mse": 0.14202760015740987, "N": 4055, "over_prob": 0.0, "under_prob": 0.14318354912414322, "over_counts": {"0": 2626}, "under_counts": {"0": 2250, "1": 366, "2": 10}, "avg_over_mag": 0.0, "avg_under_mag": 1.0265957446808511, "avg_over": 0.0, "avg_under": 1.0265957446808511}], [[0.8500000000000001, 0.9], {"acc": 0.8710438645197113, "nll": 0.3830414945259825, "mse": 0.11200741887953464, "N": 7204, "over_prob": 0.1728971962616822, "under_prob": 0.0, "over_counts": {"0": 2301, "1": 445, "2": 36}, "under_counts": {"0": 2782}, "avg_over_mag": 1.0748440748440748, "avg_under_mag": 0.0, "avg_over": 1.0748440748440748, "avg_under": 0.0}], [[0.9, 0.9500000000000001], {"acc": 0.9302753499375698, "nll": 0.25198128796673547, "mse": 0.06474804035809711, "N": 15217, "over_prob": 0.0, "under_prob": 0.0, "over_counts": {"0": 2566}, "under_counts": {"0": 2566}, "avg_over_mag": 0.0, "avg_under_mag": 0.0, "avg_over": 0.0, "avg_under": 0.0}], [[0.9500000000000001, 1.0], {"acc": 0.9686846314753291, "nll": 0.1366683953857465, "mse": 0.030192060711260706, "N": 16254, "over_prob": 0.0, "under_prob": 0.0, "over_counts": {"0": 1607}, "under_counts": {"0": 1607}, "avg_over_mag": 0.0, "avg_under_mag": 0.0, "avg_over": 0.0, "avg_under": 0.0}]]}