{"over_prob": 0.45224861040929765, "under_prob": 0.47751389590702376, "over_counts": {"0": 2168, "1": 779, "2": 410, "3": 220, "4": 131, "5": 84, "6": 52, "7": 39, "8": 25, "10": 14, "9": 13, "11": 7, "16": 3, "13": 2, "14": 2, "20": 2, "15": 2, "21": 2, "12": 2, "18": 1}, "under_counts": {"0": 2068, "1": 1140, "2": 484, "3": 167, "4": 52, "5": 26, "7": 9, "6": 8, "10": 2, "9": 1, "14": 1}, "avg_over_mag": 2.5575418994413406, "avg_under_mag": 1.6407407407407408, "avg_over": 2.5575418994413406, "avg_under": 1.6407407407407408, "acc": 0.881673646235565, "auc": 0.7616125525844561, "nll": 0.3187983361333638, "mse": 0.09334245639935412, "metrics_by_prob": [[[0.0, 0.05], {"acc": NaN, "nll": NaN, "mse": NaN, "N": 0}], [[0.05, 0.1], {"acc": 0.75, "nll": 0.5685508325552503, "mse": 0.1866867852113907, "N": 24, "over_prob": 0.0, "under_prob": 0.0, "over_counts": {"0": 24}, "under_counts": {"0": 24}, "avg_over_mag": 0.0, "avg_under_mag": 0.0, "avg_over": 0.0, "avg_under": 0.0}], [[0.1, 0.15000000000000002], {"acc": 0.6421052631578947, "nll": 0.6713857581243284, "mse": 0.23245567757198468, "N": 95, "over_prob": 0.0, "under_prob": 0.03191489361702127, "over_counts": {"0": 94}, "under_counts": {"0": 91, "1": 3}, "avg_over_mag": 0.0, "avg_under_mag": 1.0, "avg_over": 0.0, "avg_under": 1.0}], [[0.15000000000000002, 0.2], {"acc": 0.5419354838709678, "nll": 0.7690810171063497, "mse": 0.278061128919793, "N": 155, "over_prob": 0.0, "under_prob": 0.03947368421052633, "over_counts": {"0": 152}, "under_counts": {"0": 146, "1": 6}, "avg_over_mag": 0.0, "avg_under_mag": 1.0, "avg_over": 0.0, "avg_under": 1.0}], [[0.2, 0.25], {"acc": 0.4186991869918699, "nll": 0.8727355595629464, "mse": 0.320674767839033, "N": 246, "over_prob": 0.0, "under_prob": 0.053497942386831254, "over_counts": {"0": 243}, "under_counts": {"0": 230, "1": 13}, "avg_over_mag": 0.0, "avg_under_mag": 1.0, "avg_over": 0.0, "avg_under": 1.0}], [[0.25, 0.30000000000000004], {"acc": 0.4772727272727273, "nll": 0.8736661565515125, "mse": 0.3166522819834164, "N": 264, "over_prob": 0.0, "under_prob": 0.09541984732824427, "over_counts": {"0": 262}, "under_counts": {"0": 237, "1": 25}, "avg_over_mag": 0.0, "avg_under_mag": 1.0, "avg_over": 0.0, "avg_under": 1.0}], [[0.30000000000000004, 0.35000000000000003], {"acc": 0.41106719367588934, "nll": 0.922133242860404, "mse": 0.33520257050331365, "N": 253, "over_prob": 0.0, "under_prob": 0.09199999999999997, "over_counts": {"0": 250}, "under_counts": {"0": 227, "1": 23}, "avg_over_mag": 0.0, "avg_under_mag": 1.0, "avg_over": 0.0, "avg_under": 1.0}], [[0.35000000000000003, 0.4], {"acc": 0.4084507042253521, "nll": 0.8916196954879211, "mse": 0.3262241246731498, "N": 355, "over_prob": 0.0, "under_prob": 0.09322033898305082, "over_counts": {"0": 354}, "under_counts": {"0": 321, "1": 33}, "avg_over_mag": 0.0, "avg_under_mag": 1.0, "avg_over": 0.0, "avg_under": 1.0}], [[0.4, 0.45], {"acc": 0.4095860566448802, "nll": 0.8898071673767304, "mse": 0.3268736476696768, "N": 459, "over_prob": 0.0, "under_prob": 0.09911894273127753, "over_counts": {"0": 454}, "under_counts": {"0": 409, "1": 45}, "avg_over_mag": 0.0, "avg_under_mag": 1.0, "avg_over": 0.0, "avg_under": 1.0}], [[0.45, 0.5], {"acc": 0.4939759036144578, "nll": 0.8484187084293999, "mse": 0.30684473505741594, "N": 581, "over_prob": 0.0, "under_prob": 0.10657193605683835, "over_counts": {"0": 563}, "under_counts": {"0": 503, "1": 60}, "avg_over_mag": 0.0, "avg_under_mag": 1.0, "avg_over": 0.0, "avg_under": 1.0}], [[0.5, 0.55], {"acc": 0.5518867924528302, "nll": 0.7981209203341771, "mse": 0.28483870126762706, "N": 636, "over_prob": 0.0, "under_prob": 0.15024232633279488, "over_counts": {"0": 619}, "under_counts": {"0": 526, "1": 93}, "avg_over_mag": 0.0, "avg_under_mag": 1.0, "avg_over": 0.0, "avg_under": 1.0}], [[0.55, 0.6000000000000001], {"acc": 0.546975546975547, "nll": 0.8101666544520465, "mse": 0.2897019741901751, "N": 777, "over_prob": 0.0, "under_prob": 0.128552097428958, "over_counts": {"0": 739}, "under_counts": {"0": 644, "1": 95}, "avg_over_mag": 0.0, "avg_under_mag": 1.0, "avg_over": 0.0, "avg_under": 1.0}], [[0.6000000000000001, 0.65], {"acc": 0.6133625410733844, "nll": 0.7247427909620271, "mse": 0.2541240283402791, "N": 913, "over_prob": 0.0, "under_prob": 0.16608996539792387, "over_counts": {"0": 867}, "under_counts": {"0": 723, "1": 144}, "avg_over_mag": 0.0, "avg_under_mag": 1.0, "avg_over": 0.0, "avg_under": 1.0}], [[0.65, 0.7000000000000001], {"acc": 0.6574977817213842, "nll": 0.6886298399292071, "mse": 0.23716047005824709, "N": 1127, "over_prob": 0.0, "under_prob": 0.17919075144508667, "over_counts": {"0": 1038}, "under_counts": {"0": 852, "1": 182, "2": 3, "3": 1}, "avg_over_mag": 0.0, "avg_under_mag": 1.0268817204301075, "avg_over": 0.0, "avg_under": 1.0268817204301075}], [[0.7000000000000001, 0.75], {"acc": 0.7203551046290425, "nll": 0.62879743799661, "mse": 0.21098416182314841, "N": 1577, "over_prob": 0.0, "under_prob": 0.24927953890489918, "over_counts": {"0": 1388}, "under_counts": {"0": 1042, "1": 335, "2": 9, "3": 2}, "avg_over_mag": 0.0, "avg_under_mag": 1.0375722543352601, "avg_over": 0.0, "avg_under": 1.0375722543352601}], [[0.75, 0.8], {"acc": 0.7780362959516054, "nll": 0.5595222722034879, "mse": 0.18136481689074047, "N": 2149, "over_prob": 0.0, "under_prob": 0.33175635718509755, "over_counts": {"0": 1691}, "under_counts": {"0": 1130, "1": 524, "2": 30, "3": 5, "4": 1, "5": 1}, "avg_over_mag": 0.0, "avg_under_mag": 1.0837789661319073, "avg_over": 0.0, "avg_under": 1.0837789661319073}], [[0.8, 0.8500000000000001], {"acc": 0.8177542621987066, "nll": 0.4967293843887159, "mse": 0.15496667692399924, "N": 3402, "over_prob": 0.0, "under_prob": 0.5185185185185186, "over_counts": {"0": 2241}, "under_counts": {"0": 1079, "1": 994, "2": 127, "3": 27, "4": 6, "6": 3, "5": 3, "9": 1, "8": 1}, "avg_over_mag": 0.0, "avg_under_mag": 1.2074010327022375, "avg_over": 0.0, "avg_under": 1.2074010327022375}], [[0.8500000000000001, 0.9], {"acc": 0.8752281400365024, "nll": 0.39550917498372484, "mse": 0.11425969557252627, "N": 6027, "over_prob": 0.47077922077922074, "under_prob": 0.0, "over_counts": {"0": 1467, "1": 798, "2": 257, "3": 141, "4": 60, "5": 29, "6": 12, "7": 4, "9": 2, "10": 1, "8": 1}, "under_counts": {"0": 2772}, "avg_over_mag": 1.728735632183908, "avg_under_mag": 0.0, "avg_over": 1.728735632183908, "avg_under": 0.0}], [[0.9, 0.9500000000000001], {"acc": 0.9306246750352819, "nll": 0.26526068290558197, "mse": 0.06755989323495919, "N": 13463, "over_prob": 0.3779132305485837, "under_prob": 0.0, "over_counts": {"0": 1735, "1": 656, "2": 204, "3": 108, "4": 36, "5": 27, "6": 10, "7": 7, "8": 4, "16": 1, "11": 1}, "under_counts": {"0": 2789}, "avg_over_mag": 1.7409867172675522, "avg_under_mag": 0.0, "avg_over": 1.7409867172675522, "avg_under": 0.0}], [[0.9500000000000001, 1.0], {"acc": 0.9730338070438698, "nll": 0.13586209138048538, "mse": 0.027997421306461386, "N": 22658, "over_prob": 0.14728312678741662, "under_prob": 0.0, "over_counts": {"0": 1789, "1": 221, "2": 59, "3": 11, "5": 6, "4": 5, "6": 3, "15": 2, "7": 1, "10": 1}, "under_counts": {"0": 2098}, "avg_over_mag": 1.5760517799352751, "avg_under_mag": 0.0, "avg_over": 1.5760517799352751, "avg_under": 0.0}]]}