{"auc": 0.8156197947991823, "over_prob": 0.23676012461059193, "under_prob": 0.23052959501557635, "over_counts": {"0": 3185, "1": 678, "2": 192, "3": 69, "4": 33, "5": 7, "6": 6, "7": 2, "8": 1}, "under_counts": {"0": 3211, "1": 651, "2": 161, "3": 67, "4": 31, "5": 20, "6": 14, "7": 5, "12": 2, "11": 2, "9": 2, "8": 2, "18": 1, "19": 1, "10": 1, "15": 1, "16": 1}, "avg_over_mag": 1.5121457489878543, "avg_under_mag": 1.7411642411642412, "avg_over": 1.5121457489878543, "avg_under": 1.7411642411642412, "acc": 0.8971232672529438, "nll": 0.27765835050270293, "mse": 0.08042429520478597, "metrics_by_prob": [[[0.0, 0.05], {"acc": 1.0, "nll": 0.16872174017051464, "mse": 0.0241790604208698, "N": 2, "over_prob": 0.0, "under_prob": 0.0, "over_counts": {"0": 2}, "under_counts": {"0": 2}, "avg_over_mag": 0.0, "avg_under_mag": 0.0, "avg_over": 0.0, "avg_under": 0.0}], [[0.05, 0.1], {"acc": 0.8, "nll": 0.4220029353608106, "mse": 0.13311716559561237, "N": 45, "over_prob": 0.0, "under_prob": 0.0, "over_counts": {"0": 45}, "under_counts": {"0": 45}, "avg_over_mag": 0.0, "avg_under_mag": 0.0, "avg_over": 0.0, "avg_under": 0.0}], [[0.1, 0.15000000000000002], {"acc": 0.8141592920353983, "nll": 0.4782334148730317, "mse": 0.1502562000053096, "N": 113, "over_prob": 0.0, "under_prob": 0.0, "over_counts": {"0": 110}, "under_counts": {"0": 110}, "avg_over_mag": 0.0, "avg_under_mag": 0.0, "avg_over": 0.0, "avg_under": 0.0}], [[0.15000000000000002, 0.2], {"acc": 0.8307692307692308, "nll": 0.448405345404621, "mse": 0.13898756629495512, "N": 195, "over_prob": 0.0, "under_prob": 0.0, "over_counts": {"0": 194}, "under_counts": {"0": 194}, "avg_over_mag": 0.0, "avg_under_mag": 0.0, "avg_over": 0.0, "avg_under": 0.0}], [[0.2, 0.25], {"acc": 0.7481751824817519, "nll": 0.5720679754601712, "mse": 0.19160082517864754, "N": 274, "over_prob": 0.0, "under_prob": 0.0, "over_counts": {"0": 271}, "under_counts": {"0": 271}, "avg_over_mag": 0.0, "avg_under_mag": 0.0, "avg_over": 0.0, "avg_under": 0.0}], [[0.25, 0.30000000000000004], {"acc": 0.7381818181818182, "nll": 0.5811125720033024, "mse": 0.19590802387630935, "N": 275, "over_prob": 0.0, "under_prob": 0.0, "over_counts": {"0": 273}, "under_counts": {"0": 273}, "avg_over_mag": 0.0, "avg_under_mag": 0.0, "avg_over": 0.0, "avg_under": 0.0}], [[0.30000000000000004, 0.35000000000000003], {"acc": 0.71280276816609, "nll": 0.6127825700378925, "mse": 0.21059039268389756, "N": 289, "over_prob": 0.0, "under_prob": 0.0, "over_counts": {"0": 284}, "under_counts": {"0": 284}, "avg_over_mag": 0.0, "avg_under_mag": 0.0, "avg_over": 0.0, "avg_under": 0.0}], [[0.35000000000000003, 0.4], {"acc": 0.6022727272727273, "nll": 0.6843968855430308, "mse": 0.2447088087671678, "N": 440, "over_prob": 0.0, "under_prob": 0.0, "over_counts": {"0": 433}, "under_counts": {"0": 433}, "avg_over_mag": 0.0, "avg_under_mag": 0.0, "avg_over": 0.0, "avg_under": 0.0}], [[0.4, 0.45], {"acc": 0.5483870967741935, "nll": 0.6991850186449888, "mse": 0.2522614633197154, "N": 496, "over_prob": 0.0, "under_prob": 0.0, "over_counts": {"0": 485}, "under_counts": {"0": 485}, "avg_over_mag": 0.0, "avg_under_mag": 0.0, "avg_over": 0.0, "avg_under": 0.0}], [[0.45, 0.5], {"acc": 0.5070643642072213, "nll": 0.7050187177116064, "mse": 0.25528424481327283, "N": 637, "over_prob": 0.0, "under_prob": 0.0, "over_counts": {"0": 626}, "under_counts": {"0": 626}, "avg_over_mag": 0.0, "avg_under_mag": 0.0, "avg_over": 0.0, "avg_under": 0.0}], [[0.5, 0.55], {"acc": 0.5258620689655172, "nll": 0.703778322513039, "mse": 0.2544448493874192, "N": 696, "over_prob": 0.0, "under_prob": 0.0014836795252225476, "over_counts": {"0": 674}, "under_counts": {"0": 673, "1": 1}, "avg_over_mag": 0.0, "avg_under_mag": 1.0, "avg_over": 0.0, "avg_under": 1.0}], [[0.55, 0.6000000000000001], {"acc": 0.5773874862788145, "nll": 0.6888300342150174, "mse": 0.2472705344442474, "N": 911, "over_prob": 0.0, "under_prob": 0.006976744186046546, "over_counts": {"0": 860}, "under_counts": {"0": 854, "1": 6}, "avg_over_mag": 0.0, "avg_under_mag": 1.0, "avg_over": 0.0, "avg_under": 1.0}], [[0.6000000000000001, 0.65], {"acc": 0.6198704103671706, "nll": 0.6753522293006029, "mse": 0.240361627504159, "N": 926, "over_prob": 0.0, "under_prob": 0.006810442678774176, "over_counts": {"0": 881}, "under_counts": {"0": 875, "1": 6}, "avg_over_mag": 0.0, "avg_under_mag": 1.0, "avg_over": 0.0, "avg_under": 1.0}], [[0.65, 0.7000000000000001], {"acc": 0.6558490566037736, "nll": 0.6621369518371432, "mse": 0.23251893261141168, "N": 1325, "over_prob": 0.0, "under_prob": 0.01565074135090605, "over_counts": {"0": 1214}, "under_counts": {"0": 1195, "1": 18, "4": 1}, "avg_over_mag": 0.0, "avg_under_mag": 1.1578947368421053, "avg_over": 0.0, "avg_under": 1.1578947368421053}], [[0.7000000000000001, 0.75], {"acc": 0.7411285631180919, "nll": 0.5771534851135565, "mse": 0.1936302687106796, "N": 1719, "over_prob": 0.0, "under_prob": 0.03688799463447345, "over_counts": {"0": 1491}, "under_counts": {"0": 1436, "1": 47, "2": 6, "8": 1, "3": 1}, "avg_over_mag": 0.0, "avg_under_mag": 1.2727272727272727, "avg_over": 0.0, "avg_under": 1.2727272727272727}], [[0.75, 0.8], {"acc": 0.7728405315614618, "nll": 0.539941917414663, "mse": 0.17650183469706202, "N": 2408, "over_prob": 0.0, "under_prob": 0.08977685521536072, "over_counts": {"0": 1927}, "under_counts": {"0": 1754, "1": 123, "2": 30, "3": 12, "4": 4, "5": 4}, "avg_over_mag": 0.0, "avg_under_mag": 1.4739884393063585, "avg_over": 0.0, "avg_under": 1.4739884393063585}], [[0.8, 0.8500000000000001], {"acc": 0.8307533539731682, "nll": 0.4618972275174064, "mse": 0.142456286604378, "N": 3876, "over_prob": 0.0, "under_prob": 0.35045436586329515, "over_counts": {"0": 2531}, "under_counts": {"0": 1644, "1": 660, "2": 134, "3": 49, "4": 21, "5": 11, "6": 5, "7": 3, "10": 1, "15": 1, "16": 1, "9": 1}, "avg_over_mag": 0.0, "avg_under_mag": 1.4825253664036078, "avg_over": 0.0, "avg_under": 1.4825253664036078}], [[0.8500000000000001, 0.9], {"acc": 0.8737576027295654, "nll": 0.3818684696568787, "mse": 0.11090414222729611, "N": 6741, "over_prob": 0.2893858477970628, "under_prob": 0.0, "over_counts": {"0": 2129, "1": 673, "2": 140, "3": 39, "4": 9, "5": 4, "8": 1, "6": 1}, "under_counts": {"0": 2996}, "avg_over_mag": 1.314878892733564, "avg_under_mag": 0.0, "avg_over": 1.314878892733564, "avg_under": 0.0}], [[0.9, 0.9500000000000001], {"acc": 0.9266700469007478, "nll": 0.26578380655220296, "mse": 0.0684662967167816, "N": 15778, "over_prob": 0.06941715782580227, "under_prob": 0.0, "over_counts": {"0": 2842, "1": 176, "2": 29, "3": 7}, "under_counts": {"0": 3054}, "avg_over_mag": 1.2028301886792452, "avg_under_mag": 0.0, "avg_over": 1.2028301886792452, "avg_under": 0.0}], [[0.9500000000000001, 1.0], {"acc": 0.9758549292011756, "nll": 0.11375311545677715, "mse": 0.023777358836558328, "N": 29944, "over_prob": 0.032562125107112205, "under_prob": 0.0, "over_counts": {"0": 2258, "1": 55, "2": 19, "3": 2}, "under_counts": {"0": 2334}, "avg_over_mag": 1.3026315789473684, "avg_under_mag": 0.0, "avg_over": 1.3026315789473684, "avg_under": 0.0}]]}