{"auc": 0.819019021428979, "over_prob": 0.1416361416361417, "under_prob": 0.13626373626373622, "over_counts": {"0": 3515, "1": 510, "2": 56, "3": 10, "4": 4}, "under_counts": {"0": 3537, "1": 508, "2": 46, "3": 4}, "avg_over_mag": 1.1517241379310346, "avg_under_mag": 1.096774193548387, "avg_over": 1.1517241379310346, "avg_under": 1.096774193548387, "acc": 0.8753117206982544, "nll": 0.3150723117989144, "mse": 0.09444774613424764, "metrics_by_prob": [[[0.0, 0.05], {"acc": NaN, "nll": NaN, "mse": NaN, "N": 0}], [[0.05, 0.1], {"acc": 0.8947368421052632, "nll": 0.3384799388297618, "mse": 0.09451659434223594, "N": 19, "over_prob": 0.0, "under_prob": 0.0, "over_counts": {"0": 19}, "under_counts": {"0": 19}, "avg_over_mag": 0.0, "avg_under_mag": 0.0, "avg_over": 0.0, "avg_under": 0.0}], [[0.1, 0.15000000000000002], {"acc": 0.875, "nll": 0.36683806101245187, "mse": 0.10740773902667226, "N": 184, "over_prob": 0.0, "under_prob": 0.0, "over_counts": {"0": 184}, "under_counts": {"0": 184}, "avg_over_mag": 0.0, "avg_under_mag": 0.0, "avg_over": 0.0, "avg_under": 0.0}], [[0.15000000000000002, 0.2], {"acc": 0.7951219512195122, "nll": 0.5073527008854352, "mse": 0.16296786994210702, "N": 205, "over_prob": 0.0, "under_prob": 0.0, "over_counts": {"0": 205}, "under_counts": {"0": 205}, "avg_over_mag": 0.0, "avg_under_mag": 0.0, "avg_over": 0.0, "avg_under": 0.0}], [[0.2, 0.25], {"acc": 0.8054794520547945, "nll": 0.5039612571852348, "mse": 0.1605956234149297, "N": 365, "over_prob": 0.0, "under_prob": 0.0, "over_counts": {"0": 365}, "under_counts": {"0": 365}, "avg_over_mag": 0.0, "avg_under_mag": 0.0, "avg_over": 0.0, "avg_under": 0.0}], [[0.25, 0.30000000000000004], {"acc": 0.7222222222222222, "nll": 0.5914945255348467, "mse": 0.2007998590080613, "N": 216, "over_prob": 0.0, "under_prob": 0.0, "over_counts": {"0": 216}, "under_counts": {"0": 216}, "avg_over_mag": 0.0, "avg_under_mag": 0.0, "avg_over": 0.0, "avg_under": 0.0}], [[0.30000000000000004, 0.35000000000000003], {"acc": 0.6731898238747553, "nll": 0.631588387978578, "mse": 0.21992063872838624, "N": 511, "over_prob": 0.0, "under_prob": 0.0, "over_counts": {"0": 511}, "under_counts": {"0": 511}, "avg_over_mag": 0.0, "avg_under_mag": 0.0, "avg_over": 0.0, "avg_under": 0.0}], [[0.35000000000000003, 0.4], {"acc": 0.6148796498905909, "nll": 0.6680823930931579, "mse": 0.23753264900656673, "N": 457, "over_prob": 0.0, "under_prob": 0.0, "over_counts": {"0": 457}, "under_counts": {"0": 457}, "avg_over_mag": 0.0, "avg_under_mag": 0.0, "avg_over": 0.0, "avg_under": 0.0}], [[0.4, 0.45], {"acc": 0.5721311475409836, "nll": 0.6842129529866458, "mse": 0.24551564584752833, "N": 610, "over_prob": 0.0, "under_prob": 0.0, "over_counts": {"0": 610}, "under_counts": {"0": 610}, "avg_over_mag": 0.0, "avg_under_mag": 0.0, "avg_over": 0.0, "avg_under": 0.0}], [[0.45, 0.5], {"acc": 0.4676753782668501, "nll": 0.7048080865667834, "mse": 0.2557855583097359, "N": 727, "over_prob": 0.0, "under_prob": 0.0, "over_counts": {"0": 727}, "under_counts": {"0": 727}, "avg_over_mag": 0.0, "avg_under_mag": 0.0, "avg_over": 0.0, "avg_under": 0.0}], [[0.5, 0.55], {"acc": 0.5198079231692677, "nll": 0.6939857522104163, "mse": 0.25041850352385076, "N": 833, "over_prob": 0.0, "under_prob": 0.0, "over_counts": {"0": 814}, "under_counts": {"0": 814}, "avg_over_mag": 0.0, "avg_under_mag": 0.0, "avg_over": 0.0, "avg_under": 0.0}], [[0.55, 0.6000000000000001], {"acc": 0.5662650602409639, "nll": 0.6848789134764965, "mse": 0.2458265645011959, "N": 913, "over_prob": 0.0, "under_prob": 0.0, "over_counts": {"0": 913}, "under_counts": {"0": 913}, "avg_over_mag": 0.0, "avg_under_mag": 0.0, "avg_over": 0.0, "avg_under": 0.0}], [[0.6000000000000001, 0.65], {"acc": 0.6633416458852868, "nll": 0.6422201403609497, "mse": 0.22494400022545094, "N": 1203, "over_prob": 0.0, "under_prob": 0.0, "over_counts": {"0": 1179}, "under_counts": {"0": 1179}, "avg_over_mag": 0.0, "avg_under_mag": 0.0, "avg_over": 0.0, "avg_under": 0.0}], [[0.65, 0.7000000000000001], {"acc": 0.6784922394678492, "nll": 0.6290652472156237, "mse": 0.21861882426431925, "N": 1353, "over_prob": 0.0, "under_prob": 0.0, "over_counts": {"0": 1329}, "under_counts": {"0": 1329}, "avg_over_mag": 0.0, "avg_under_mag": 0.0, "avg_over": 0.0, "avg_under": 0.0}], [[0.7000000000000001, 0.75], {"acc": 0.7397934087555337, "nll": 0.5780634778356072, "mse": 0.19445145015645682, "N": 2033, "over_prob": 0.0, "under_prob": 0.0, "over_counts": {"0": 1815}, "under_counts": {"0": 1815}, "avg_over_mag": 0.0, "avg_under_mag": 0.0, "avg_over": 0.0, "avg_under": 0.0}], [[0.75, 0.8], {"acc": 0.7758436944937833, "nll": 0.5323752689840623, "mse": 0.17398871609309183, "N": 2815, "over_prob": 0.0, "under_prob": 0.0017497812773403787, "over_counts": {"0": 2286}, "under_counts": {"0": 2282, "1": 4}, "avg_over_mag": 0.0, "avg_under_mag": 1.0, "avg_over": 0.0, "avg_under": 1.0}], [[0.8, 0.8500000000000001], {"acc": 0.8267139479905438, "nll": 0.4615975311743951, "mse": 0.14339814440584392, "N": 4230, "over_prob": 0.0, "under_prob": 0.20203488372093026, "over_counts": {"0": 2752}, "under_counts": {"0": 2196, "1": 508, "2": 44, "3": 4}, "avg_over_mag": 0.0, "avg_under_mag": 1.0935251798561152, "avg_over": 0.0, "avg_under": 1.0935251798561152}], [[0.8500000000000001, 0.9], {"acc": 0.8778944534194938, "nll": 0.37026122729537125, "mse": 0.10700621001229074, "N": 7428, "over_prob": 0.20104166666666667, "under_prob": 0.0, "over_counts": {"0": 2301, "1": 509, "2": 56, "3": 10, "4": 4}, "under_counts": {"0": 2880}, "avg_over_mag": 1.151986183074266, "avg_under_mag": 0.0, "avg_over": 1.151986183074266, "avg_under": 0.0}], [[0.9, 0.9500000000000001], {"acc": 0.9302276854309262, "nll": 0.2516855914772085, "mse": 0.06474325414703017, "N": 14318, "over_prob": 0.0003877471888328321, "under_prob": 0.0, "over_counts": {"0": 2578, "1": 1}, "under_counts": {"0": 2579}, "avg_over_mag": 1.0, "avg_under_mag": 0.0, "avg_over": 1.0, "avg_under": 0.0}], [[0.9500000000000001, 1.0], {"acc": 0.9764913636112798, "nll": 0.10814001471119668, "mse": 0.02282515775328418, "N": 18121, "over_prob": 0.0, "under_prob": 0.0, "over_counts": {"0": 1502}, "under_counts": {"0": 1502}, "avg_over_mag": 0.0, "avg_under_mag": 0.0, "avg_over": 0.0, "avg_under": 0.0}]]}