{"over_prob": 0.7494516207652937, "under_prob": 0.3699731903485255, "over_counts": {"0": 1028, "1": 570, "2": 478, "3": 455, "4": 378, "5": 277, "6": 198, "7": 164, "8": 137, "9": 89, "10": 71, "11": 61, "12": 43, "13": 27, "15": 25, "14": 25, "16": 23, "17": 10, "19": 8, "18": 7, "21": 6, "23": 4, "22": 3, "26": 3, "31": 2, "20": 2, "27": 2, "48": 1, "50": 1, "29": 1, "28": 1, "24": 1, "25": 1, "37": 1}, "under_counts": {"0": 2585, "1": 1009, "2": 275, "3": 122, "4": 49, "5": 26, "6": 16, "7": 11, "8": 5, "13": 1, "12": 1, "9": 1, "10": 1, "11": 1}, "avg_over_mag": 4.737886178861789, "avg_under_mag": 1.6594202898550725, "avg_over": 4.737886178861789, "avg_under": 1.6594202898550725, "acc": 0.873408945459717, "auc": 0.7085806843577962, "nll": 0.3613687869509991, "mse": 0.1053030646573906, "metrics_by_prob": [[[0.0, 0.05], {"acc": 1.0, "nll": 0.2753016955420937, "mse": 0.057915792483492545, "N": 1, "over_prob": 0.0, "under_prob": 0.0, "over_counts": {"0": 1}, "under_counts": {"0": 1}, "avg_over_mag": 0.0, "avg_under_mag": 0.0, "avg_over": 0.0, "avg_under": 0.0}], [[0.05, 0.1], {"acc": 0.7142857142857143, "nll": 0.7689279201097102, "mse": 0.2355328203097705, "N": 28, "over_prob": 0.0, "under_prob": 0.0714285714285714, "over_counts": {"0": 28}, "under_counts": {"0": 26, "1": 2}, "avg_over_mag": 0.0, "avg_under_mag": 1.0, "avg_over": 0.0, "avg_under": 1.0}], [[0.1, 0.15000000000000002], {"acc": 0.6551724137931034, "nll": 0.6960578627952789, "mse": 0.23903331333210714, "N": 87, "over_prob": 0.0, "under_prob": 0.05813953488372092, "over_counts": {"0": 86}, "under_counts": {"0": 81, "1": 5}, "avg_over_mag": 0.0, "avg_under_mag": 1.0, "avg_over": 0.0, "avg_under": 1.0}], [[0.15000000000000002, 0.2], {"acc": 0.6484848484848484, "nll": 0.7522685715458742, "mse": 0.24502320845421044, "N": 165, "over_prob": 0.0, "under_prob": 0.14110429447852757, "over_counts": {"0": 163}, "under_counts": {"0": 140, "1": 23}, "avg_over_mag": 0.0, "avg_under_mag": 1.0, "avg_over": 0.0, "avg_under": 1.0}], [[0.2, 0.25], {"acc": 0.516, "nll": 0.9198783408955923, "mse": 0.32107026278471335, "N": 250, "over_prob": 0.0, "under_prob": 0.12851405622489964, "over_counts": {"0": 249}, "under_counts": {"0": 217, "1": 32}, "avg_over_mag": 0.0, "avg_under_mag": 1.0, "avg_over": 0.0, "avg_under": 1.0}], [[0.25, 0.30000000000000004], {"acc": 0.5370370370370371, "nll": 0.9541449985357154, "mse": 0.31510692988569317, "N": 270, "over_prob": 0.0, "under_prob": 0.14179104477611937, "over_counts": {"0": 268}, "under_counts": {"0": 230, "1": 38}, "avg_over_mag": 0.0, "avg_under_mag": 1.0, "avg_over": 0.0, "avg_under": 1.0}], [[0.30000000000000004, 0.35000000000000003], {"acc": 0.5135135135135135, "nll": 0.85789324154248, "mse": 0.30125238141395705, "N": 259, "over_prob": 0.0, "under_prob": 0.14785992217898836, "over_counts": {"0": 257}, "under_counts": {"0": 219, "1": 38}, "avg_over_mag": 0.0, "avg_under_mag": 1.0, "avg_over": 0.0, "avg_under": 1.0}], [[0.35000000000000003, 0.4], {"acc": 0.5121951219512195, "nll": 0.8556345501420344, "mse": 0.298748306227897, "N": 369, "over_prob": 0.0, "under_prob": 0.11780821917808215, "over_counts": {"0": 365}, "under_counts": {"0": 322, "1": 43}, "avg_over_mag": 0.0, "avg_under_mag": 1.0, "avg_over": 0.0, "avg_under": 1.0}], [[0.4, 0.45], {"acc": 0.5244897959183673, "nll": 0.8798996076955055, "mse": 0.3004411466157616, "N": 490, "over_prob": 0.0, "under_prob": 0.12240663900414939, "over_counts": {"0": 482}, "under_counts": {"0": 423, "1": 59}, "avg_over_mag": 0.0, "avg_under_mag": 1.0, "avg_over": 0.0, "avg_under": 1.0}], [[0.45, 0.5], {"acc": 0.5160714285714286, "nll": 0.8496057943764701, "mse": 0.2985934430220033, "N": 560, "over_prob": 0.0, "under_prob": 0.09420289855072461, "over_counts": {"0": 552}, "under_counts": {"0": 500, "1": 52}, "avg_over_mag": 0.0, "avg_under_mag": 1.0, "avg_over": 0.0, "avg_under": 1.0}], [[0.5, 0.55], {"acc": 0.4797101449275362, "nll": 0.857281026093452, "mse": 0.30130182133807715, "N": 690, "over_prob": 0.0, "under_prob": 0.13813813813813813, "over_counts": {"0": 666}, "under_counts": {"0": 574, "1": 91, "2": 1}, "avg_over_mag": 0.0, "avg_under_mag": 1.0108695652173914, "avg_over": 0.0, "avg_under": 1.0108695652173914}], [[0.55, 0.6000000000000001], {"acc": 0.5240506329113924, "nll": 0.8057809716205434, "mse": 0.2859511142532137, "N": 790, "over_prob": 0.0, "under_prob": 0.12648221343873522, "over_counts": {"0": 759}, "under_counts": {"0": 663, "1": 94, "2": 2}, "avg_over_mag": 0.0, "avg_under_mag": 1.0208333333333333, "avg_over": 0.0, "avg_under": 1.0208333333333333}], [[0.6000000000000001, 0.65], {"acc": 0.5950226244343891, "nll": 0.7250148531918584, "mse": 0.2500476747898751, "N": 884, "over_prob": 0.0, "under_prob": 0.13755980861244022, "over_counts": {"0": 836}, "under_counts": {"0": 721, "1": 113, "4": 1, "3": 1}, "avg_over_mag": 0.0, "avg_under_mag": 1.0434782608695652, "avg_over": 0.0, "avg_under": 1.0434782608695652}], [[0.65, 0.7000000000000001], {"acc": 0.6388663967611335, "nll": 0.7190845207271821, "mse": 0.24652372738716175, "N": 1235, "over_prob": 0.0, "under_prob": 0.16798592788038702, "over_counts": {"0": 1137}, "under_counts": {"0": 946, "1": 183, "2": 5, "5": 2, "3": 1}, "avg_over_mag": 0.0, "avg_under_mag": 1.0785340314136125, "avg_over": 0.0, "avg_under": 1.0785340314136125}], [[0.7000000000000001, 0.75], {"acc": 0.6914498141263941, "nll": 0.6484475719078749, "mse": 0.21803493746530128, "N": 1614, "over_prob": 0.0, "under_prob": 0.18660968660968658, "over_counts": {"0": 1404}, "under_counts": {"0": 1142, "1": 243, "2": 14, "3": 2, "4": 2, "5": 1}, "avg_over_mag": 0.0, "avg_under_mag": 1.1068702290076335, "avg_over": 0.0, "avg_under": 1.1068702290076335}], [[0.75, 0.8], {"acc": 0.7235524597300828, "nll": 0.6197980846756812, "mse": 0.20456981595011384, "N": 2297, "over_prob": 0.0, "under_prob": 0.21769815418023886, "over_counts": {"0": 1842}, "under_counts": {"0": 1441, "1": 353, "2": 38, "3": 6, "6": 2, "7": 1, "5": 1}, "avg_over_mag": 0.0, "avg_under_mag": 1.174563591022444, "avg_over": 0.0, "avg_under": 1.174563591022444}], [[0.8, 0.8500000000000001], {"acc": 0.8043974871501999, "nll": 0.5234244252823003, "mse": 0.1652982493299992, "N": 3502, "over_prob": 0.0, "under_prob": 0.31729131175468483, "over_counts": {"0": 2348}, "under_counts": {"0": 1603, "1": 605, "2": 96, "3": 31, "4": 8, "5": 4, "7": 1}, "avg_over_mag": 0.0, "avg_under_mag": 1.2738255033557047, "avg_over": 0.0, "avg_under": 1.2738255033557047}], [[0.8500000000000001, 0.9], {"acc": 0.8612066270709596, "nll": 0.4447731991071387, "mse": 0.13104081683622273, "N": 6398, "over_prob": 0.7768938083708059, "under_prob": 0.0, "over_counts": {"1": 1298, "0": 645, "2": 530, "3": 208, "4": 126, "5": 43, "6": 18, "8": 9, "7": 6, "9": 3, "10": 2, "12": 2, "11": 1}, "under_counts": {"0": 2891}, "avg_over_mag": 1.7831700801424755, "avg_under_mag": 0.0, "avg_over": 1.7831700801424755, "avg_under": 0.0}], [[0.9, 0.9500000000000001], {"acc": 0.9259546834192137, "nll": 0.30750512905414384, "mse": 0.08046121216297243, "N": 14167, "over_prob": 0.8055746730901583, "under_prob": 0.0, "over_counts": {"1": 867, "2": 625, "0": 565, "3": 356, "4": 202, "5": 133, "6": 52, "7": 37, "8": 14, "9": 13, "11": 12, "10": 11, "12": 6, "13": 6, "16": 2, "15": 2, "25": 1, "18": 1, "17": 1}, "under_counts": {"0": 2906}, "avg_over_mag": 2.55104656129859, "avg_under_mag": 0.0, "avg_over": 2.55104656129859, "avg_under": 0.0}], [[0.9500000000000001, 1.0], {"acc": 0.969589115155884, "nll": 0.17689348020944207, "mse": 0.03826462259398615, "N": 22196, "over_prob": 0.7513686131386861, "under_prob": 0.0, "over_counts": {"1": 596, "0": 545, "2": 396, "3": 248, "4": 143, "5": 98, "6": 56, "7": 29, "9": 19, "8": 18, "10": 14, "12": 11, "11": 6, "14": 6, "13": 3, "33": 1, "18": 1, "17": 1, "15": 1}, "under_counts": {"0": 2192}, "avg_over_mag": 2.788099574984821, "avg_under_mag": 0.0, "avg_over": 2.788099574984821, "avg_under": 0.0}]]}