{"auc": 0.8097174838298686, "over_prob": 0.28676099039919156, "under_prob": 0.17357251136937846, "over_counts": {"0": 2823, "1": 798, "2": 203, "3": 76, "4": 39, "5": 13, "6": 2, "7": 2, "10": 1, "8": 1}, "under_counts": {"0": 3271, "1": 444, "2": 122, "3": 48, "4": 23, "5": 20, "6": 13, "7": 4, "9": 4, "8": 3, "12": 3, "19": 1, "14": 1, "11": 1}, "avg_over_mag": 1.4951541850220265, "avg_under_mag": 1.8486171761280932, "avg_over": 1.4951541850220265, "avg_under": 1.8486171761280932, "acc": 0.8907380214281829, "nll": 0.2923437859186627, "mse": 0.08528805358981147, "metrics_by_prob": [[[0.0, 0.05], {"acc": NaN, "nll": NaN, "mse": NaN, "N": 0}], [[0.05, 0.1], {"acc": 0.9583333333333334, "nll": 0.22555805814998364, "mse": 0.04923091630845733, "N": 24, "over_prob": 0.0, "under_prob": 0.0, "over_counts": {"0": 24}, "under_counts": {"0": 24}, "avg_over_mag": 0.0, "avg_under_mag": 0.0, "avg_over": 0.0, "avg_under": 0.0}], [[0.1, 0.15000000000000002], {"acc": 0.9157894736842105, "nll": 0.3300664734239669, "mse": 0.08791097145578466, "N": 95, "over_prob": 0.0, "under_prob": 0.0, "over_counts": {"0": 94}, "under_counts": {"0": 94}, "avg_over_mag": 0.0, "avg_under_mag": 0.0, "avg_over": 0.0, "avg_under": 0.0}], [[0.15000000000000002, 0.2], {"acc": 0.7870967741935484, "nll": 0.5357109583555478, "mse": 0.17359868347335672, "N": 155, "over_prob": 0.0, "under_prob": 0.0, "over_counts": {"0": 152}, "under_counts": {"0": 152}, "avg_over_mag": 0.0, "avg_under_mag": 0.0, "avg_over": 0.0, "avg_under": 0.0}], [[0.2, 0.25], {"acc": 0.7926829268292683, "nll": 0.530026414184634, "mse": 0.17169945759285565, "N": 246, "over_prob": 0.0, "under_prob": 0.0, "over_counts": {"0": 243}, "under_counts": {"0": 243}, "avg_over_mag": 0.0, "avg_under_mag": 0.0, "avg_over": 0.0, "avg_under": 0.0}], [[0.25, 0.30000000000000004], {"acc": 0.7310606060606061, "nll": 0.5793483768637695, "mse": 0.1956404168391236, "N": 264, "over_prob": 0.0, "under_prob": 0.0, "over_counts": {"0": 262}, "under_counts": {"0": 262}, "avg_over_mag": 0.0, "avg_under_mag": 0.0, "avg_over": 0.0, "avg_under": 0.0}], [[0.30000000000000004, 0.35000000000000003], {"acc": 0.6837944664031621, "nll": 0.6338061371327549, "mse": 0.22036256664277207, "N": 253, "over_prob": 0.0, "under_prob": 0.0040000000000000036, "over_counts": {"0": 250}, "under_counts": {"0": 249, "1": 1}, "avg_over_mag": 0.0, "avg_under_mag": 1.0, "avg_over": 0.0, "avg_under": 1.0}], [[0.35000000000000003, 0.4], {"acc": 0.6450704225352113, "nll": 0.665217242767863, "mse": 0.23602033330915417, "N": 355, "over_prob": 0.0, "under_prob": 0.0, "over_counts": {"0": 354}, "under_counts": {"0": 354}, "avg_over_mag": 0.0, "avg_under_mag": 0.0, "avg_over": 0.0, "avg_under": 0.0}], [[0.4, 0.45], {"acc": 0.5533769063180828, "nll": 0.6880673058252448, "mse": 0.24731104250517627, "N": 459, "over_prob": 0.0, "under_prob": 0.0, "over_counts": {"0": 454}, "under_counts": {"0": 454}, "avg_over_mag": 0.0, "avg_under_mag": 0.0, "avg_over": 0.0, "avg_under": 0.0}], [[0.45, 0.5], {"acc": 0.5094664371772806, "nll": 0.7007997669117971, "mse": 0.25341690022351615, "N": 581, "over_prob": 0.0, "under_prob": 0.0, "over_counts": {"0": 563}, "under_counts": {"0": 563}, "avg_over_mag": 0.0, "avg_under_mag": 0.0, "avg_over": 0.0, "avg_under": 0.0}], [[0.5, 0.55], {"acc": 0.5188679245283019, "nll": 0.7007543903734351, "mse": 0.2534962070313553, "N": 636, "over_prob": 0.0, "under_prob": 0.003231017770597755, "over_counts": {"0": 619}, "under_counts": {"0": 617, "1": 2}, "avg_over_mag": 0.0, "avg_under_mag": 1.0, "avg_over": 0.0, "avg_under": 1.0}], [[0.55, 0.6000000000000001], {"acc": 0.555984555984556, "nll": 0.7052867227180853, "mse": 0.25397848633983894, "N": 777, "over_prob": 0.0, "under_prob": 0.008119079837618393, "over_counts": {"0": 739}, "under_counts": {"0": 733, "1": 3, "2": 3}, "avg_over_mag": 0.0, "avg_under_mag": 1.5, "avg_over": 0.0, "avg_under": 1.5}], [[0.6000000000000001, 0.65], {"acc": 0.615553121577218, "nll": 0.6874688176143233, "mse": 0.24494196175742994, "N": 913, "over_prob": 0.0, "under_prob": 0.014994232987312617, "over_counts": {"0": 867}, "under_counts": {"0": 854, "1": 9, "2": 3, "4": 1}, "avg_over_mag": 0.0, "avg_under_mag": 1.4615384615384615, "avg_over": 0.0, "avg_under": 1.4615384615384615}], [[0.65, 0.7000000000000001], {"acc": 0.673469387755102, "nll": 0.6454171789397061, "mse": 0.22469531986299496, "N": 1127, "over_prob": 0.0, "under_prob": 0.01830443159922923, "over_counts": {"0": 1038}, "under_counts": {"0": 1019, "1": 15, "2": 4}, "avg_over_mag": 0.0, "avg_under_mag": 1.2105263157894737, "avg_over": 0.0, "avg_under": 1.2105263157894737}], [[0.7000000000000001, 0.75], {"acc": 0.7273303741280913, "nll": 0.600487713545037, "mse": 0.20350023505995624, "N": 1577, "over_prob": 0.0, "under_prob": 0.03458213256484155, "over_counts": {"0": 1388}, "under_counts": {"0": 1340, "1": 39, "2": 7, "3": 2}, "avg_over_mag": 0.0, "avg_under_mag": 1.2291666666666667, "avg_over": 0.0, "avg_under": 1.2291666666666667}], [[0.75, 0.8], {"acc": 0.7817589576547231, "nll": 0.5322946501050632, "mse": 0.17301967452037545, "N": 2149, "over_prob": 0.0, "under_prob": 0.0792430514488468, "over_counts": {"0": 1691}, "under_counts": {"0": 1557, "1": 91, "2": 27, "3": 9, "4": 5, "15": 1, "5": 1}, "avg_over_mag": 0.0, "avg_under_mag": 1.5820895522388059, "avg_over": 0.0, "avg_under": 1.5820895522388059}], [[0.8, 0.8500000000000001], {"acc": 0.8206937095825985, "nll": 0.47897362270100463, "mse": 0.14948404298797455, "N": 3402, "over_prob": 0.0, "under_prob": 0.2815707273538599, "over_counts": {"0": 2241}, "under_counts": {"0": 1610, "1": 454, "2": 107, "3": 41, "4": 14, "5": 7, "6": 3, "7": 2, "12": 1, "11": 1, "8": 1}, "avg_over_mag": 0.0, "avg_under_mag": 1.497622820919176, "avg_over": 0.0, "avg_under": 1.497622820919176}], [[0.8500000000000001, 0.9], {"acc": 0.8760577401692384, "nll": 0.38088640779505667, "mse": 0.11007867342623776, "N": 6027, "over_prob": 0.3625541125541125, "under_prob": 0.0, "over_counts": {"0": 1767, "1": 784, "2": 163, "3": 38, "4": 15, "5": 3, "6": 1, "8": 1}, "under_counts": {"0": 2772}, "avg_over_mag": 1.3064676616915423, "avg_under_mag": 0.0, "avg_over": 1.3064676616915423, "avg_under": 0.0}], [[0.9, 0.9500000000000001], {"acc": 0.9308475079848474, "nll": 0.25493370548996847, "mse": 0.06498412139643463, "N": 13463, "over_prob": 0.09071351738974542, "under_prob": 0.0, "over_counts": {"0": 2536, "1": 217, "2": 29, "3": 6, "5": 1}, "under_counts": {"0": 2789}, "avg_over_mag": 1.1778656126482214, "avg_under_mag": 0.0, "avg_over": 1.1778656126482214, "avg_under": 0.0}], [[0.9500000000000001, 1.0], {"acc": 0.9730779415658929, "nll": 0.123863463297795, "mse": 0.026432986464111956, "N": 22658, "over_prob": 0.03479504289799806, "under_prob": 0.0, "over_counts": {"0": 2025, "1": 61, "2": 11, "3": 1}, "under_counts": {"0": 2098}, "avg_over_mag": 1.178082191780822, "avg_under_mag": 0.0, "avg_over": 1.178082191780822, "avg_under": 0.0}]]}