{"acc": 0.8344564121610867, "auc": 0.8436157499539485, "nll": 0.38373555283755023, "mse": 0.11935490503066278}