{"over_prob": 0.4167265756050803, "under_prob": 0.5391804457225018, "over_counts": {"0": 2434, "1": 863, "2": 338, "3": 196, "4": 122, "5": 77, "6": 49, "7": 25, "8": 22, "9": 18, "10": 7, "13": 6, "11": 5, "12": 2, "16": 2, "19": 1, "25": 1, "18": 1, "15": 1, "23": 1, "22": 1, "14": 1}, "under_counts": {"0": 1923, "1": 1222, "2": 641, "3": 206, "4": 88, "5": 39, "6": 22, "7": 15, "8": 8, "9": 6, "10": 2, "14": 1}, "avg_over_mag": 2.4163312248418634, "avg_under_mag": 1.8035555555555556, "avg_over": 2.4163312248418634, "avg_under": 1.8035555555555556, "acc": 0.890132657624087, "auc": 0.7673553275546472, "nll": 0.302336722989188, "mse": 0.0873567961202514, "metrics_by_prob": [[[0.0, 0.05], {"acc": 0.5, "nll": 0.8054983292506268, "mse": 0.30270510318098687, "N": 2, "over_prob": 0.0, "under_prob": 0.0, "over_counts": {"0": 2}, "under_counts": {"0": 2}, "avg_over_mag": 0.0, "avg_under_mag": 0.0, "avg_over": 0.0, "avg_under": 0.0}], [[0.05, 0.1], {"acc": 0.6444444444444445, "nll": 0.7215297238823649, "mse": 0.24363794001983397, "N": 45, "over_prob": 0.0, "under_prob": 0.0444444444444444, "over_counts": {"0": 45}, "under_counts": {"0": 43, "1": 2}, "avg_over_mag": 0.0, "avg_under_mag": 1.0, "avg_over": 0.0, "avg_under": 1.0}], [[0.1, 0.15000000000000002], {"acc": 0.6283185840707964, "nll": 0.6468923674426069, "mse": 0.226077309180352, "N": 113, "over_prob": 0.0, "under_prob": 0.036363636363636376, "over_counts": {"0": 110}, "under_counts": {"0": 106, "1": 4}, "avg_over_mag": 0.0, "avg_under_mag": 1.0, "avg_over": 0.0, "avg_under": 1.0}], [[0.15000000000000002, 0.2], {"acc": 0.6307692307692307, "nll": 0.7732364299851331, "mse": 0.2706464720436606, "N": 195, "over_prob": 0.0, "under_prob": 0.07731958762886593, "over_counts": {"0": 194}, "under_counts": {"0": 179, "1": 15}, "avg_over_mag": 0.0, "avg_under_mag": 1.0, "avg_over": 0.0, "avg_under": 1.0}], [[0.2, 0.25], {"acc": 0.5182481751824818, "nll": 0.8754395637147604, "mse": 0.31544243634651387, "N": 274, "over_prob": 0.0, "under_prob": 0.09225092250922506, "over_counts": {"0": 271}, "under_counts": {"0": 246, "1": 25}, "avg_over_mag": 0.0, "avg_under_mag": 1.0, "avg_over": 0.0, "avg_under": 1.0}], [[0.25, 0.30000000000000004], {"acc": 0.4690909090909091, "nll": 0.8897557287126621, "mse": 0.3170242582195898, "N": 275, "over_prob": 0.0, "under_prob": 0.10989010989010994, "over_counts": {"0": 273}, "under_counts": {"0": 243, "1": 30}, "avg_over_mag": 0.0, "avg_under_mag": 1.0, "avg_over": 0.0, "avg_under": 1.0}], [[0.30000000000000004, 0.35000000000000003], {"acc": 0.3806228373702422, "nll": 0.9318812546758956, "mse": 0.3386891696168164, "N": 289, "over_prob": 0.0, "under_prob": 0.12676056338028174, "over_counts": {"0": 284}, "under_counts": {"0": 248, "1": 36}, "avg_over_mag": 0.0, "avg_under_mag": 1.0, "avg_over": 0.0, "avg_under": 1.0}], [[0.35000000000000003, 0.4], {"acc": 0.45227272727272727, "nll": 0.8510011417411898, "mse": 0.3082813722044266, "N": 440, "over_prob": 0.0, "under_prob": 0.09237875288683606, "over_counts": {"0": 433}, "under_counts": {"0": 393, "1": 40}, "avg_over_mag": 0.0, "avg_under_mag": 1.0, "avg_over": 0.0, "avg_under": 1.0}], [[0.4, 0.45], {"acc": 0.4798387096774194, "nll": 0.849570206200066, "mse": 0.3057814146377875, "N": 496, "over_prob": 0.0, "under_prob": 0.0907216494845361, "over_counts": {"0": 485}, "under_counts": {"0": 441, "1": 43, "2": 1}, "avg_over_mag": 0.0, "avg_under_mag": 1.0227272727272727, "avg_over": 0.0, "avg_under": 1.0227272727272727}], [[0.45, 0.5], {"acc": 0.4850863422291994, "nll": 0.8481550776157785, "mse": 0.30770787400767385, "N": 637, "over_prob": 0.0, "under_prob": 0.11182108626198084, "over_counts": {"0": 626}, "under_counts": {"0": 556, "1": 69, "2": 1}, "avg_over_mag": 0.0, "avg_under_mag": 1.0142857142857142, "avg_over": 0.0, "avg_under": 1.0142857142857142}], [[0.5, 0.55], {"acc": 0.5545977011494253, "nll": 0.7832222126452741, "mse": 0.27888718642333726, "N": 696, "over_prob": 0.0, "under_prob": 0.12908011869436198, "over_counts": {"0": 674}, "under_counts": {"0": 587, "1": 86, "2": 1}, "avg_over_mag": 0.0, "avg_under_mag": 1.0114942528735633, "avg_over": 0.0, "avg_under": 1.0114942528735633}], [[0.55, 0.6000000000000001], {"acc": 0.5587266739846323, "nll": 0.78903913324054, "mse": 0.28041679876424175, "N": 911, "over_prob": 0.0, "under_prob": 0.15116279069767447, "over_counts": {"0": 860}, "under_counts": {"0": 730, "1": 130}, "avg_over_mag": 0.0, "avg_under_mag": 1.0, "avg_over": 0.0, "avg_under": 1.0}], [[0.6000000000000001, 0.65], {"acc": 0.6079913606911447, "nll": 0.7357210381805582, "mse": 0.2593277061397449, "N": 926, "over_prob": 0.0, "under_prob": 0.17707150964812712, "over_counts": {"0": 881}, "under_counts": {"0": 725, "1": 154, "2": 2}, "avg_over_mag": 0.0, "avg_under_mag": 1.0128205128205128, "avg_over": 0.0, "avg_under": 1.0128205128205128}], [[0.65, 0.7000000000000001], {"acc": 0.6430188679245283, "nll": 0.7307848413120371, "mse": 0.25376048626954856, "N": 1325, "over_prob": 0.0, "under_prob": 0.21828665568369032, "over_counts": {"0": 1214}, "under_counts": {"0": 949, "1": 260, "2": 5}, "avg_over_mag": 0.0, "avg_under_mag": 1.0188679245283019, "avg_over": 0.0, "avg_under": 1.0188679245283019}], [[0.7000000000000001, 0.75], {"acc": 0.7422920302501455, "nll": 0.6091894033590822, "mse": 0.20183850347772703, "N": 1719, "over_prob": 0.0, "under_prob": 0.26693494299128107, "over_counts": {"0": 1491}, "under_counts": {"0": 1093, "1": 382, "2": 15, "3": 1}, "avg_over_mag": 0.0, "avg_under_mag": 1.0427135678391959, "avg_over": 0.0, "avg_under": 1.0427135678391959}], [[0.75, 0.8], {"acc": 0.7703488372093024, "nll": 0.5596418253954923, "mse": 0.18163382573454076, "N": 2408, "over_prob": 0.0, "under_prob": 0.38713025428126624, "over_counts": {"0": 1927}, "under_counts": {"0": 1181, "1": 682, "2": 47, "3": 13, "4": 4}, "avg_over_mag": 0.0, "avg_under_mag": 1.113941018766756, "avg_over": 0.0, "avg_under": 1.113941018766756}], [[0.8, 0.8500000000000001], {"acc": 0.8281733746130031, "nll": 0.47729311232676236, "mse": 0.14586075241991406, "N": 3876, "over_prob": 0.0, "under_prob": 0.5815883050177795, "over_counts": {"0": 2531}, "under_counts": {"1": 1197, "0": 1059, "2": 197, "3": 43, "4": 14, "5": 12, "6": 5, "9": 2, "7": 2}, "avg_over_mag": 0.0, "avg_under_mag": 1.2894021739130435, "avg_over": 0.0, "avg_under": 1.2894021739130435}], [[0.8500000000000001, 0.9], {"acc": 0.8721257973594422, "nll": 0.39390369060651903, "mse": 0.11407046690714644, "N": 6741, "over_prob": 0.4118825100133512, "under_prob": 0.0, "over_counts": {"0": 1762, "1": 818, "2": 252, "3": 90, "4": 43, "5": 20, "6": 6, "7": 3, "9": 1, "8": 1}, "under_counts": {"0": 2996}, "avg_over_mag": 1.5705024311183144, "avg_under_mag": 0.0, "avg_over": 1.5705024311183144, "avg_under": 0.0}], [[0.9, 0.9500000000000001], {"acc": 0.9266066675117252, "nll": 0.27317940106090716, "mse": 0.07023070114628892, "N": 15778, "over_prob": 0.3127046496398166, "under_prob": 0.0, "over_counts": {"0": 2099, "1": 601, "2": 190, "3": 78, "4": 45, "5": 18, "6": 9, "7": 6, "9": 6, "10": 1, "8": 1}, "under_counts": {"0": 3054}, "avg_over_mag": 1.730890052356021, "avg_under_mag": 0.0, "avg_over": 1.730890052356021, "avg_under": 0.0}], [[0.9500000000000001, 1.0], {"acc": 0.9757547421854128, "nll": 0.12730448283816345, "mse": 0.02549375315594215, "N": 29944, "over_prob": 0.14224507283633248, "under_prob": 0.0, "over_counts": {"0": 2002, "1": 218, "2": 50, "3": 34, "4": 14, "6": 6, "9": 3, "5": 2, "7": 2, "11": 1, "19": 1, "18": 1}, "under_counts": {"0": 2334}, "avg_over_mag": 1.8403614457831325, "avg_under_mag": 0.0, "avg_over": 1.8403614457831325, "avg_under": 0.0}]]}