{"auc": 0.8064750148638574, "over_prob": 0.15232756519619794, "under_prob": 0.14696563490129178, "over_counts": {"0": 3478, "1": 533, "2": 78, "3": 13, "4": 1}, "under_counts": {"0": 3500, "1": 527, "2": 71, "3": 5}, "avg_over_mag": 1.1712, "avg_under_mag": 1.1343283582089552, "avg_over": 1.1712, "avg_under": 1.1343283582089552, "acc": 0.8686446704117187, "nll": 0.3331008313045022, "mse": 0.0998620957603142, "metrics_by_prob": [[[0.0, 0.05], {"acc": NaN, "nll": NaN, "mse": NaN, "N": 0}], [[0.05, 0.1], {"acc": 1.0, "nll": 0.10463819856179593, "mse": 0.009870594035621539, "N": 18, "over_prob": 0.0, "under_prob": 0.0, "over_counts": {"0": 18}, "under_counts": {"0": 18}, "avg_over_mag": 0.0, "avg_under_mag": 0.0, "avg_over": 0.0, "avg_under": 0.0}], [[0.1, 0.15000000000000002], {"acc": 0.8870967741935484, "nll": 0.35145906412230943, "mse": 0.10009083054624657, "N": 186, "over_prob": 0.0, "under_prob": 0.0, "over_counts": {"0": 186}, "under_counts": {"0": 186}, "avg_over_mag": 0.0, "avg_under_mag": 0.0, "avg_over": 0.0, "avg_under": 0.0}], [[0.15000000000000002, 0.2], {"acc": 0.8275862068965517, "nll": 0.4633939238694387, "mse": 0.14385684679590352, "N": 203, "over_prob": 0.0, "under_prob": 0.0, "over_counts": {"0": 203}, "under_counts": {"0": 203}, "avg_over_mag": 0.0, "avg_under_mag": 0.0, "avg_over": 0.0, "avg_under": 0.0}], [[0.2, 0.25], {"acc": 0.7835616438356164, "nll": 0.5294725537336438, "mse": 0.1720839375241996, "N": 365, "over_prob": 0.0, "under_prob": 0.0, "over_counts": {"0": 365}, "under_counts": {"0": 365}, "avg_over_mag": 0.0, "avg_under_mag": 0.0, "avg_over": 0.0, "avg_under": 0.0}], [[0.25, 0.30000000000000004], {"acc": 0.7511520737327189, "nll": 0.5630933379631834, "mse": 0.18785186571586332, "N": 217, "over_prob": 0.0, "under_prob": 0.0, "over_counts": {"0": 217}, "under_counts": {"0": 217}, "avg_over_mag": 0.0, "avg_under_mag": 0.0, "avg_over": 0.0, "avg_under": 0.0}], [[0.30000000000000004, 0.35000000000000003], {"acc": 0.6943907156673114, "nll": 0.6247788811170751, "mse": 0.21643183224083287, "N": 517, "over_prob": 0.0, "under_prob": 0.0, "over_counts": {"0": 517}, "under_counts": {"0": 517}, "avg_over_mag": 0.0, "avg_under_mag": 0.0, "avg_over": 0.0, "avg_under": 0.0}], [[0.35000000000000003, 0.4], {"acc": 0.618421052631579, "nll": 0.6640904663427957, "mse": 0.23555041780536742, "N": 456, "over_prob": 0.0, "under_prob": 0.0, "over_counts": {"0": 456}, "under_counts": {"0": 456}, "avg_over_mag": 0.0, "avg_under_mag": 0.0, "avg_over": 0.0, "avg_under": 0.0}], [[0.4, 0.45], {"acc": 0.5589660743134087, "nll": 0.6818172544641309, "mse": 0.24437309222653417, "N": 619, "over_prob": 0.0, "under_prob": 0.0, "over_counts": {"0": 619}, "under_counts": {"0": 619}, "avg_over_mag": 0.0, "avg_under_mag": 0.0, "avg_over": 0.0, "avg_under": 0.0}], [[0.45, 0.5], {"acc": 0.5395095367847411, "nll": 0.6921206538034312, "mse": 0.249485905822724, "N": 734, "over_prob": 0.0, "under_prob": 0.0, "over_counts": {"0": 734}, "under_counts": {"0": 734}, "avg_over_mag": 0.0, "avg_under_mag": 0.0, "avg_over": 0.0, "avg_under": 0.0}], [[0.5, 0.55], {"acc": 0.5070921985815603, "nll": 0.7005180168235006, "mse": 0.2536450506017125, "N": 846, "over_prob": 0.0, "under_prob": 0.0, "over_counts": {"0": 827}, "under_counts": {"0": 827}, "avg_over_mag": 0.0, "avg_under_mag": 0.0, "avg_over": 0.0, "avg_under": 0.0}], [[0.55, 0.6000000000000001], {"acc": 0.5549568965517241, "nll": 0.6939420285526601, "mse": 0.25028494075682933, "N": 928, "over_prob": 0.0, "under_prob": 0.0, "over_counts": {"0": 928}, "under_counts": {"0": 928}, "avg_over_mag": 0.0, "avg_under_mag": 0.0, "avg_over": 0.0, "avg_under": 0.0}], [[0.6000000000000001, 0.65], {"acc": 0.6280788177339901, "nll": 0.659408453089024, "mse": 0.233306330687165, "N": 1218, "over_prob": 0.0, "under_prob": 0.0, "over_counts": {"0": 1195}, "under_counts": {"0": 1195}, "avg_over_mag": 0.0, "avg_under_mag": 0.0, "avg_over": 0.0, "avg_under": 0.0}], [[0.65, 0.7000000000000001], {"acc": 0.6726361031518625, "nll": 0.6381713070883339, "mse": 0.22273463219116285, "N": 1396, "over_prob": 0.0, "under_prob": 0.0, "over_counts": {"0": 1376}, "under_counts": {"0": 1376}, "avg_over_mag": 0.0, "avg_under_mag": 0.0, "avg_over": 0.0, "avg_under": 0.0}], [[0.7000000000000001, 0.75], {"acc": 0.7165697674418605, "nll": 0.5979087644946169, "mse": 0.2037511922028681, "N": 2064, "over_prob": 0.0, "under_prob": 0.0, "over_counts": {"0": 1849}, "under_counts": {"0": 1849}, "avg_over_mag": 0.0, "avg_under_mag": 0.0, "avg_over": 0.0, "avg_under": 0.0}], [[0.75, 0.8], {"acc": 0.7740132727907789, "nll": 0.5355577611390594, "mse": 0.1753135451356551, "N": 2863, "over_prob": 0.0, "under_prob": 0.0017226528854435985, "over_counts": {"0": 2322}, "under_counts": {"0": 2318, "1": 4}, "avg_over_mag": 0.0, "avg_under_mag": 1.0, "avg_over": 0.0, "avg_under": 1.0}], [[0.8, 0.8500000000000001], {"acc": 0.8273397879207007, "nll": 0.4605937801553134, "mse": 0.14302321057692044, "N": 4338, "over_prob": 0.0, "under_prob": 0.21466714133143472, "over_counts": {"0": 2809}, "under_counts": {"0": 2206, "1": 530, "2": 69, "3": 4}, "avg_over_mag": 0.0, "avg_under_mag": 1.1276948590381426, "avg_over": 0.0, "avg_under": 1.1276948590381426}], [[0.8500000000000001, 0.9], {"acc": 0.8793774319066148, "nll": 0.36807650416255394, "mse": 0.106047874516493, "N": 7710, "over_prob": 0.21270058040286788, "under_prob": 0.0, "over_counts": {"0": 2306, "1": 532, "2": 77, "3": 13, "4": 1}, "under_counts": {"0": 2929}, "avg_over_mag": 1.1701444622792938, "avg_under_mag": 0.0, "avg_over": 1.1701444622792938, "avg_under": 0.0}], [[0.9, 0.9500000000000001], {"acc": 0.9295171339563862, "nll": 0.2548489569387789, "mse": 0.06551291293047913, "N": 15408, "over_prob": 0.0011261261261261701, "under_prob": 0.0, "over_counts": {"0": 2661, "1": 3}, "under_counts": {"0": 2664}, "avg_over_mag": 1.0, "avg_under_mag": 0.0, "avg_over": 1.0, "avg_under": 0.0}], [[0.9500000000000001, 1.0], {"acc": 0.9678337251020661, "nll": 0.1388241353571567, "mse": 0.030945816455144336, "N": 16166, "over_prob": 0.0, "under_prob": 0.0, "over_counts": {"0": 1594}, "under_counts": {"0": 1594}, "avg_over_mag": 0.0, "avg_under_mag": 0.0, "avg_over": 0.0, "avg_under": 0.0}]]}