{"over_prob": 0.7665947759405703, "under_prob": 0.23028995926192186, "over_counts": {"0": 974, "1": 524, "2": 432, "3": 380, "4": 311, "5": 244, "6": 223, "7": 203, "8": 162, "9": 124, "10": 107, "11": 94, "13": 61, "12": 53, "14": 48, "15": 42, "16": 30, "18": 25, "17": 19, "19": 13, "20": 13, "22": 10, "21": 9, "24": 7, "29": 6, "25": 5, "23": 5, "26": 5, "31": 5, "30": 5, "28": 5, "36": 4, "39": 3, "27": 3, "56": 2, "32": 2, "33": 2, "57": 1, "45": 1, "96": 1, "42": 1, "44": 1, "55": 1, "35": 1, "63": 1, "58": 1, "40": 1, "34": 1, "38": 1, "54": 1}, "under_counts": {"0": 3212, "1": 680, "2": 161, "3": 61, "4": 31, "5": 13, "7": 4, "6": 4, "8": 2, "11": 1, "9": 1, "13": 1, "19": 1, "12": 1}, "avg_over_mag": 6.117224132541419, "avg_under_mag": 1.5671175858480748, "avg_over": 6.117224132541419, "avg_under": 1.5671175858480748, "acc": 0.8890296616485318, "auc": 0.740109238181279, "nll": 0.33003416622646964, "mse": 0.09439938029793526, "metrics_by_prob": [[[0.0, 0.05], {"acc": 0.5, "nll": 0.9356340588097738, "mse": 0.36392708857876643, "N": 2, "over_prob": 0.0, "under_prob": 0.0, "over_counts": {"0": 2}, "under_counts": {"0": 2}, "avg_over_mag": 0.0, "avg_under_mag": 0.0, "avg_over": 0.0, "avg_under": 0.0}], [[0.05, 0.1], {"acc": 0.6444444444444445, "nll": 0.7365666236704372, "mse": 0.2550515362947187, "N": 45, "over_prob": 0.0, "under_prob": 0.0444444444444444, "over_counts": {"0": 45}, "under_counts": {"0": 43, "1": 2}, "avg_over_mag": 0.0, "avg_under_mag": 1.0, "avg_over": 0.0, "avg_under": 1.0}], [[0.1, 0.15000000000000002], {"acc": 0.584070796460177, "nll": 0.6740378317418164, "mse": 0.23954854160508612, "N": 113, "over_prob": 0.0, "under_prob": 0.027272727272727226, "over_counts": {"0": 110}, "under_counts": {"0": 107, "1": 3}, "avg_over_mag": 0.0, "avg_under_mag": 1.0, "avg_over": 0.0, "avg_under": 1.0}], [[0.15000000000000002, 0.2], {"acc": 0.5692307692307692, "nll": 0.7723614183538401, "mse": 0.2774022875902065, "N": 195, "over_prob": 0.0, "under_prob": 0.04123711340206182, "over_counts": {"0": 194}, "under_counts": {"0": 186, "1": 8}, "avg_over_mag": 0.0, "avg_under_mag": 1.0, "avg_over": 0.0, "avg_under": 1.0}], [[0.2, 0.25], {"acc": 0.4744525547445255, "nll": 0.8191722591926115, "mse": 0.2987717253789523, "N": 274, "over_prob": 0.0, "under_prob": 0.05166051660516602, "over_counts": {"0": 271}, "under_counts": {"0": 257, "1": 14}, "avg_over_mag": 0.0, "avg_under_mag": 1.0, "avg_over": 0.0, "avg_under": 1.0}], [[0.25, 0.30000000000000004], {"acc": 0.4763636363636364, "nll": 0.8259395153838858, "mse": 0.2989443108685585, "N": 275, "over_prob": 0.0, "under_prob": 0.05128205128205132, "over_counts": {"0": 273}, "under_counts": {"0": 259, "1": 14}, "avg_over_mag": 0.0, "avg_under_mag": 1.0, "avg_over": 0.0, "avg_under": 1.0}], [[0.30000000000000004, 0.35000000000000003], {"acc": 0.3944636678200692, "nll": 0.8615659748016722, "mse": 0.3172012933687028, "N": 289, "over_prob": 0.0, "under_prob": 0.05633802816901412, "over_counts": {"0": 284}, "under_counts": {"0": 268, "1": 16}, "avg_over_mag": 0.0, "avg_under_mag": 1.0, "avg_over": 0.0, "avg_under": 1.0}], [[0.35000000000000003, 0.4], {"acc": 0.4659090909090909, "nll": 0.7885703367317413, "mse": 0.28845350156760663, "N": 440, "over_prob": 0.0, "under_prob": 0.0484988452655889, "over_counts": {"0": 433}, "under_counts": {"0": 412, "1": 21}, "avg_over_mag": 0.0, "avg_under_mag": 1.0, "avg_over": 0.0, "avg_under": 1.0}], [[0.4, 0.45], {"acc": 0.48588709677419356, "nll": 0.7815427075386235, "mse": 0.28467124295764806, "N": 496, "over_prob": 0.0, "under_prob": 0.053608247422680444, "over_counts": {"0": 485}, "under_counts": {"0": 459, "1": 26}, "avg_over_mag": 0.0, "avg_under_mag": 1.0, "avg_over": 0.0, "avg_under": 1.0}], [[0.45, 0.5], {"acc": 0.4976452119309262, "nll": 0.7939201742218946, "mse": 0.2905063885131478, "N": 637, "over_prob": 0.0, "under_prob": 0.05591054313099042, "over_counts": {"0": 626}, "under_counts": {"0": 591, "1": 34, "2": 1}, "avg_over_mag": 0.0, "avg_under_mag": 1.0285714285714285, "avg_over": 0.0, "avg_under": 1.0285714285714285}], [[0.5, 0.55], {"acc": 0.5603448275862069, "nll": 0.7374949140916046, "mse": 0.26519853054405174, "N": 696, "over_prob": 0.0, "under_prob": 0.05786350148367958, "over_counts": {"0": 674}, "under_counts": {"0": 635, "1": 39}, "avg_over_mag": 0.0, "avg_under_mag": 1.0, "avg_over": 0.0, "avg_under": 1.0}], [[0.55, 0.6000000000000001], {"acc": 0.5532381997804611, "nll": 0.7401146780005748, "mse": 0.26736422739101684, "N": 911, "over_prob": 0.0, "under_prob": 0.06395348837209303, "over_counts": {"0": 860}, "under_counts": {"0": 805, "1": 55}, "avg_over_mag": 0.0, "avg_under_mag": 1.0, "avg_over": 0.0, "avg_under": 1.0}], [[0.6000000000000001, 0.65], {"acc": 0.5896328293736501, "nll": 0.7035734082818526, "mse": 0.24995181591580257, "N": 926, "over_prob": 0.0, "under_prob": 0.06356413166855845, "over_counts": {"0": 881}, "under_counts": {"0": 825, "1": 54, "2": 2}, "avg_over_mag": 0.0, "avg_under_mag": 1.0357142857142858, "avg_over": 0.0, "avg_under": 1.0357142857142858}], [[0.65, 0.7000000000000001], {"acc": 0.6467924528301887, "nll": 0.6993193782169548, "mse": 0.24622979265043246, "N": 1325, "over_prob": 0.0, "under_prob": 0.0733113673805601, "over_counts": {"0": 1214}, "under_counts": {"0": 1125, "1": 86, "2": 2, "3": 1}, "avg_over_mag": 0.0, "avg_under_mag": 1.0449438202247192, "avg_over": 0.0, "avg_under": 1.0449438202247192}], [[0.7000000000000001, 0.75], {"acc": 0.7329842931937173, "nll": 0.6025110386062235, "mse": 0.20320472560643865, "N": 1719, "over_prob": 0.0, "under_prob": 0.09121395036887991, "over_counts": {"0": 1491}, "under_counts": {"0": 1355, "1": 127, "2": 9}, "avg_over_mag": 0.0, "avg_under_mag": 1.0661764705882353, "avg_over": 0.0, "avg_under": 1.0661764705882353}], [[0.75, 0.8], {"acc": 0.7657807308970099, "nll": 0.5574618215675519, "mse": 0.18394389849953274, "N": 2408, "over_prob": 0.0, "under_prob": 0.1271406331084587, "over_counts": {"0": 1927}, "under_counts": {"0": 1682, "1": 222, "2": 15, "3": 4, "4": 3, "5": 1}, "avg_over_mag": 0.0, "avg_under_mag": 1.146938775510204, "avg_over": 0.0, "avg_under": 1.146938775510204}], [[0.8, 0.8500000000000001], {"acc": 0.8276573787409701, "nll": 0.48552501805053927, "mse": 0.15216044917309118, "N": 3876, "over_prob": 0.0, "under_prob": 0.20821809561438165, "over_counts": {"0": 2531}, "under_counts": {"0": 2004, "1": 432, "2": 69, "3": 12, "4": 5, "6": 3, "5": 2, "9": 1, "10": 1, "15": 1, "7": 1}, "avg_over_mag": 0.0, "avg_under_mag": 1.3187855787476281, "avg_over": 0.0, "avg_under": 1.3187855787476281}], [[0.8500000000000001, 0.9], {"acc": 0.8715324135884883, "nll": 0.41102420158568287, "mse": 0.12162121878009045, "N": 6741, "over_prob": 0.832109479305741, "under_prob": 0.0, "over_counts": {"1": 1296, "2": 696, "0": 503, "3": 257, "4": 122, "5": 61, "6": 28, "7": 14, "8": 7, "11": 4, "9": 4, "10": 2, "15": 1, "14": 1}, "under_counts": {"0": 2996}, "avg_over_mag": 1.8864821500200561, "avg_under_mag": 0.0, "avg_over": 1.8864821500200561, "avg_under": 0.0}], [[0.9, 0.9500000000000001], {"acc": 0.9259094942324756, "nll": 0.30717745704301314, "mse": 0.08072766005254688, "N": 15778, "over_prob": 0.8297314996725605, "under_prob": 0.0, "over_counts": {"1": 755, "2": 628, "0": 520, "3": 425, "4": 261, "5": 153, "6": 95, "7": 70, "8": 40, "9": 30, "11": 15, "10": 15, "12": 9, "14": 8, "13": 7, "16": 6, "15": 4, "18": 2, "17": 2, "19": 2, "21": 1, "22": 1, "33": 1, "26": 1, "29": 1, "20": 1, "28": 1}, "under_counts": {"0": 3054}, "avg_over_mag": 3.0836621941594315, "avg_under_mag": 0.0, "avg_over": 3.0836621941594315, "avg_under": 0.0}], [[0.9500000000000001, 1.0], {"acc": 0.9753873897942826, "nll": 0.17687311728521904, "mse": 0.035717580405893776, "N": 29944, "over_prob": 0.7570694087403599, "under_prob": 0.0, "over_counts": {"1": 571, "0": 567, "2": 336, "3": 239, "4": 177, "5": 103, "6": 77, "7": 58, "8": 43, "9": 27, "10": 25, "11": 17, "14": 16, "12": 10, "15": 9, "17": 7, "13": 7, "22": 4,