{"auc": 0.8208039954351253, "over_prob": 0.13515456506110712, "under_prob": 0.1133477114785526, "over_counts": {"0": 3609, "1": 532, "2": 32}, "under_counts": {"0": 3700, "1": 469, "2": 4}, "avg_over_mag": 1.0567375886524824, "avg_under_mag": 1.0084566596194504, "avg_over": 1.0567375886524824, "avg_under": 1.0084566596194504, "acc": 0.884617677746311, "nll": 0.2985206377146139, "mse": 0.08836176428596589, "metrics_by_prob": [[[0.0, 0.05], {"acc": NaN, "nll": NaN, "mse": NaN, "N": 0}], [[0.05, 0.1], {"acc": 0.8947368421052632, "nll": 0.33656183477390494, "mse": 0.09419502777494476, "N": 19, "over_prob": 0.0, "under_prob": 0.0, "over_counts": {"0": 19}, "under_counts": {"0": 19}, "avg_over_mag": 0.0, "avg_under_mag": 0.0, "avg_over": 0.0, "avg_under": 0.0}], [[0.1, 0.15000000000000002], {"acc": 0.8894736842105263, "nll": 0.35107907819637146, "mse": 0.0992191484031918, "N": 190, "over_prob": 0.0, "under_prob": 0.0, "over_counts": {"0": 190}, "under_counts": {"0": 190}, "avg_over_mag": 0.0, "avg_under_mag": 0.0, "avg_over": 0.0, "avg_under": 0.0}], [[0.15000000000000002, 0.2], {"acc": 0.782608695652174, "nll": 0.5380811073758607, "mse": 0.17435029126319576, "N": 207, "over_prob": 0.0, "under_prob": 0.0, "over_counts": {"0": 207}, "under_counts": {"0": 207}, "avg_over_mag": 0.0, "avg_under_mag": 0.0, "avg_over": 0.0, "avg_under": 0.0}], [[0.2, 0.25], {"acc": 0.8, "nll": 0.5087420445486935, "mse": 0.16302476226756074, "N": 375, "over_prob": 0.0, "under_prob": 0.0, "over_counts": {"0": 375}, "under_counts": {"0": 375}, "avg_over_mag": 0.0, "avg_under_mag": 0.0, "avg_over": 0.0, "avg_under": 0.0}], [[0.25, 0.30000000000000004], {"acc": 0.726457399103139, "nll": 0.5921398110534583, "mse": 0.20073245779096938, "N": 223, "over_prob": 0.0, "under_prob": 0.0, "over_counts": {"0": 223}, "under_counts": {"0": 223}, "avg_over_mag": 0.0, "avg_under_mag": 0.0, "avg_over": 0.0, "avg_under": 0.0}], [[0.30000000000000004, 0.35000000000000003], {"acc": 0.6793893129770993, "nll": 0.6324389913033498, "mse": 0.22017525236786123, "N": 524, "over_prob": 0.0, "under_prob": 0.0, "over_counts": {"0": 524}, "under_counts": {"0": 524}, "avg_over_mag": 0.0, "avg_under_mag": 0.0, "avg_over": 0.0, "avg_under": 0.0}], [[0.35000000000000003, 0.4], {"acc": 0.6201716738197425, "nll": 0.6615954880744502, "mse": 0.2344403472436596, "N": 466, "over_prob": 0.0, "under_prob": 0.0, "over_counts": {"0": 466}, "under_counts": {"0": 466}, "avg_over_mag": 0.0, "avg_under_mag": 0.0, "avg_over": 0.0, "avg_under": 0.0}], [[0.4, 0.45], {"acc": 0.5893416927899686, "nll": 0.6744211283725122, "mse": 0.24072347163264846, "N": 638, "over_prob": 0.0, "under_prob": 0.0, "over_counts": {"0": 638}, "under_counts": {"0": 638}, "avg_over_mag": 0.0, "avg_under_mag": 0.0, "avg_over": 0.0, "avg_under": 0.0}], [[0.45, 0.5], {"acc": 0.4819277108433735, "nll": 0.6947214091660248, "mse": 0.2507789634905853, "N": 747, "over_prob": 0.0, "under_prob": 0.0, "over_counts": {"0": 747}, "under_counts": {"0": 747}, "avg_over_mag": 0.0, "avg_under_mag": 0.0, "avg_over": 0.0, "avg_under": 0.0}], [[0.5, 0.55], {"acc": 0.509895227008149, "nll": 0.6969963023085984, "mse": 0.25189638829016053, "N": 859, "over_prob": 0.0, "under_prob": 0.0, "over_counts": {"0": 840}, "under_counts": {"0": 840}, "avg_over_mag": 0.0, "avg_under_mag": 0.0, "avg_over": 0.0, "avg_under": 0.0}], [[0.55, 0.6000000000000001], {"acc": 0.5830687830687831, "nll": 0.6823337645325623, "mse": 0.24459120592814299, "N": 945, "over_prob": 0.0, "under_prob": 0.0, "over_counts": {"0": 945}, "under_counts": {"0": 945}, "avg_over_mag": 0.0, "avg_under_mag": 0.0, "avg_over": 0.0, "avg_under": 0.0}], [[0.6000000000000001, 0.65], {"acc": 0.6216, "nll": 0.663212878037055, "mse": 0.2351636276593921, "N": 1250, "over_prob": 0.0, "under_prob": 0.0, "over_counts": {"0": 1229}, "under_counts": {"0": 1229}, "avg_over_mag": 0.0, "avg_under_mag": 0.0, "avg_over": 0.0, "avg_under": 0.0}], [[0.65, 0.7000000000000001], {"acc": 0.6685314685314685, "nll": 0.637339724495811, "mse": 0.22253770700743208, "N": 1430, "over_prob": 0.0, "under_prob": 0.0, "over_counts": {"0": 1411}, "under_counts": {"0": 1411}, "avg_over_mag": 0.0, "avg_under_mag": 0.0, "avg_over": 0.0, "avg_under": 0.0}], [[0.7000000000000001, 0.75], {"acc": 0.7287259050305595, "nll": 0.5869455391272556, "mse": 0.19867332488744038, "N": 2127, "over_prob": 0.0, "under_prob": 0.0, "over_counts": {"0": 1911}, "under_counts": {"0": 1911}, "avg_over_mag": 0.0, "avg_under_mag": 0.0, "avg_over": 0.0, "avg_under": 0.0}], [[0.75, 0.8], {"acc": 0.7863881401617251, "nll": 0.5195235535691046, "mse": 0.16830936081761202, "N": 2968, "over_prob": 0.0, "under_prob": 0.0, "over_counts": {"0": 2415}, "under_counts": {"0": 2415}, "avg_over_mag": 0.0, "avg_under_mag": 0.0, "avg_over": 0.0, "avg_under": 0.0}], [[0.8, 0.8500000000000001], {"acc": 0.8401428890377316, "nll": 0.4408316110848189, "mse": 0.13475082741067862, "N": 4479, "over_prob": 0.0, "under_prob": 0.1618754277891855, "over_counts": {"0": 2922}, "under_counts": {"0": 2449, "1": 469, "2": 4}, "avg_over_mag": 0.0, "avg_under_mag": 1.0084566596194504, "avg_over": 0.0, "avg_under": 1.0084566596194504}], [[0.8500000000000001, 0.9], {"acc": 0.875898834614431, "nll": 0.3747562163126928, "mse": 0.10861883411937083, "N": 8066, "over_prob": 0.18386675375571526, "under_prob": 0.0, "over_counts": {"0": 2499, "1": 531, "2": 32}, "under_counts": {"0": 3062}, "avg_over_mag": 1.0568383658969804, "avg_under_mag": 0.0, "avg_over": 1.0568383658969804, "avg_under": 0.0}], [[0.9, 0.9500000000000001], {"acc": 0.9261804609277801, "nll": 0.26213837618016345, "mse": 0.06820266547823073, "N": 16879, "over_prob": 0.0003479471120390043, "under_prob": 0.0, "over_counts": {"0": 2873, "1": 1}, "under_counts": {"0": 2874}, "avg_over_mag": 1.0, "avg_under_mag": 0.0, "avg_over": 1.0, "avg_under": 0.0}], [[0.9500000000000001, 1.0], {"acc": 0.9754231111830918, "nll": 0.11074922129294237, "mse": 0.02378103664425119, "N": 24698, "over_prob": 0.0, "under_prob": 0.0, "over_counts": {"0": 1842}, "under_counts": {"0": 1842}, "avg_over_mag": 0.0, "avg_under_mag": 0.0, "avg_over": 0.0, "avg_under": 0.0}]]}