{"auc": 0.8178076000250944, "over_prob": 0.12210577626127228, "under_prob": 0.11406288081891303, "over_counts": {"0": 3602, "1": 445, "2": 47, "3": 7, "4": 2}, "under_counts": {"0": 3635, "1": 412, "2": 47, "3": 5, "5": 2, "8": 1, "6": 1}, "avg_over_mag": 1.1337325349301397, "avg_under_mag": 1.1645299145299146, "avg_over": 1.1337325349301397, "avg_under": 1.1645299145299146, "acc": 0.8909194339756809, "nll": 0.28994897637772055, "mse": 0.08473387008200439, "metrics_by_prob": [[[0.0, 0.05], {"acc": 1.0, "nll": 0.047919782708316545, "mse": 0.0021892808964122444, "N": 1, "over_prob": 0.0, "under_prob": 0.0, "over_counts": {"0": 1}, "under_counts": {"0": 1}, "avg_over_mag": 0.0, "avg_under_mag": 0.0, "avg_over": 0.0, "avg_under": 0.0}], [[0.05, 0.1], {"acc": 0.8928571428571429, "nll": 0.34098582043204245, "mse": 0.09614164114799222, "N": 28, "over_prob": 0.0, "under_prob": 0.0, "over_counts": {"0": 28}, "under_counts": {"0": 28}, "avg_over_mag": 0.0, "avg_under_mag": 0.0, "avg_over": 0.0, "avg_under": 0.0}], [[0.1, 0.15000000000000002], {"acc": 0.8850574712643678, "nll": 0.3585407099430693, "mse": 0.10202926352856484, "N": 87, "over_prob": 0.0, "under_prob": 0.0, "over_counts": {"0": 86}, "under_counts": {"0": 86}, "avg_over_mag": 0.0, "avg_under_mag": 0.0, "avg_over": 0.0, "avg_under": 0.0}], [[0.15000000000000002, 0.2], {"acc": 0.8363636363636363, "nll": 0.4374418586566006, "mse": 0.1344557633558457, "N": 165, "over_prob": 0.0, "under_prob": 0.0, "over_counts": {"0": 163}, "under_counts": {"0": 163}, "avg_over_mag": 0.0, "avg_under_mag": 0.0, "avg_over": 0.0, "avg_under": 0.0}], [[0.2, 0.25], {"acc": 0.788, "nll": 0.5151879491283432, "mse": 0.16656528963406375, "N": 250, "over_prob": 0.0, "under_prob": 0.0, "over_counts": {"0": 249}, "under_counts": {"0": 249}, "avg_over_mag": 0.0, "avg_under_mag": 0.0, "avg_over": 0.0, "avg_under": 0.0}], [[0.25, 0.30000000000000004], {"acc": 0.762962962962963, "nll": 0.5505550533152187, "mse": 0.18194485933721247, "N": 270, "over_prob": 0.0, "under_prob": 0.0, "over_counts": {"0": 268}, "under_counts": {"0": 268}, "avg_over_mag": 0.0, "avg_under_mag": 0.0, "avg_over": 0.0, "avg_under": 0.0}], [[0.30000000000000004, 0.35000000000000003], {"acc": 0.694980694980695, "nll": 0.6181041304007427, "mse": 0.2133883997839245, "N": 259, "over_prob": 0.0, "under_prob": 0.0, "over_counts": {"0": 257}, "under_counts": {"0": 257}, "avg_over_mag": 0.0, "avg_under_mag": 0.0, "avg_over": 0.0, "avg_under": 0.0}], [[0.35000000000000003, 0.4], {"acc": 0.6476964769647696, "nll": 0.6527292038939688, "mse": 0.23003414103868525, "N": 369, "over_prob": 0.0, "under_prob": 0.0, "over_counts": {"0": 365}, "under_counts": {"0": 365}, "avg_over_mag": 0.0, "avg_under_mag": 0.0, "avg_over": 0.0, "avg_under": 0.0}], [[0.4, 0.45], {"acc": 0.5897959183673469, "nll": 0.6770383695093294, "mse": 0.242001823555803, "N": 490, "over_prob": 0.0, "under_prob": 0.0, "over_counts": {"0": 482}, "under_counts": {"0": 482}, "avg_over_mag": 0.0, "avg_under_mag": 0.0, "avg_over": 0.0, "avg_under": 0.0}], [[0.45, 0.5], {"acc": 0.525, "nll": 0.6918152469661316, "mse": 0.24932431954513992, "N": 560, "over_prob": 0.0, "under_prob": 0.0, "over_counts": {"0": 552}, "under_counts": {"0": 552}, "avg_over_mag": 0.0, "avg_under_mag": 0.0, "avg_over": 0.0, "avg_under": 0.0}], [[0.5, 0.55], {"acc": 0.5333333333333333, "nll": 0.6930185691964901, "mse": 0.24992152925678895, "N": 690, "over_prob": 0.0, "under_prob": 0.0, "over_counts": {"0": 666}, "under_counts": {"0": 666}, "avg_over_mag": 0.0, "avg_under_mag": 0.0, "avg_over": 0.0, "avg_under": 0.0}], [[0.55, 0.6000000000000001], {"acc": 0.5481012658227848, "nll": 0.6891387794769197, "mse": 0.24794217188199477, "N": 790, "over_prob": 0.0, "under_prob": 0.0, "over_counts": {"0": 759}, "under_counts": {"0": 759}, "avg_over_mag": 0.0, "avg_under_mag": 0.0, "avg_over": 0.0, "avg_under": 0.0}], [[0.6000000000000001, 0.65], {"acc": 0.6595022624434389, "nll": 0.6506391953946371, "mse": 0.22890229161580974, "N": 884, "over_prob": 0.0, "under_prob": 0.0, "over_counts": {"0": 836}, "under_counts": {"0": 836}, "avg_over_mag": 0.0, "avg_under_mag": 0.0, "avg_over": 0.0, "avg_under": 0.0}], [[0.65, 0.7000000000000001], {"acc": 0.6728744939271255, "nll": 0.6383528341632413, "mse": 0.22281666311194281, "N": 1235, "over_prob": 0.0, "under_prob": 0.0, "over_counts": {"0": 1137}, "under_counts": {"0": 1137}, "avg_over_mag": 0.0, "avg_under_mag": 0.0, "avg_over": 0.0, "avg_under": 0.0}], [[0.7000000000000001, 0.75], {"acc": 0.7372986369268897, "nll": 0.5760992978628287, "mse": 0.19377258108287598, "N": 1614, "over_prob": 0.0, "under_prob": 0.0, "over_counts": {"0": 1404}, "under_counts": {"0": 1404}, "avg_over_mag": 0.0, "avg_under_mag": 0.0, "avg_over": 0.0, "avg_under": 0.0}], [[0.75, 0.8], {"acc": 0.7622986504135829, "nll": 0.5499589245164174, "mse": 0.1817007906947253, "N": 2297, "over_prob": 0.0, "under_prob": 0.0032573289902280145, "over_counts": {"0": 1842}, "under_counts": {"0": 1836, "1": 6}, "avg_over_mag": 0.0, "avg_under_mag": 1.0, "avg_over": 0.0, "avg_under": 1.0}], [[0.8, 0.8500000000000001], {"acc": 0.8326670474014849, "nll": 0.4519284094239681, "mse": 0.1394673320735817, "N": 3502, "over_prob": 0.0, "under_prob": 0.19846678023850084, "over_counts": {"0": 2348}, "under_counts": {"0": 1882, "1": 414, "2": 43, "3": 5, "5": 2, "8": 1, "6": 1}, "avg_over_mag": 0.0, "avg_under_mag": 1.1566523605150214, "avg_over": 0.0, "avg_under": 1.1566523605150214}], [[0.8500000000000001, 0.9], {"acc": 0.8769928102532041, "nll": 0.37205454899302703, "mse": 0.1077110887194968, "N": 6398, "over_prob": 0.17260463507436874, "under_prob": 0.0, "over_counts": {"0": 2392, "1": 443, "2": 48, "3": 6, "4": 2}, "under_counts": {"0": 2891}, "avg_over_mag": 1.1322645290581161, "avg_under_mag": 0.0, "avg_over": 1.1322645290581161, "avg_under": 0.0}], [[0.9, 0.9500000000000001], {"acc": 0.9311780899272958, "nll": 0.2502108458102504, "mse": 0.06405653004466441, "N": 14167, "over_prob": 0.0010323468685478066, "under_prob": 0.0, "over_counts": {"0": 2903, "1": 3}, "under_counts": {"0": 2906}, "avg_over_mag": 1.0, "avg_under_mag": 0.0, "avg_over": 1.0, "avg_under": 0.0}], [[0.9500000000000001, 1.0], {"acc": 0.9729230491980537, "nll": 0.12221466031182716, "mse": 0.02624669200503505, "N": 22196, "over_prob": 0.0, "under_prob": 0.0, "over_counts": {"0": 2192}, "under_counts": {"0": 2192}, "avg_over_mag": 0.0, "avg_under_mag": 0.0, "avg_over": 0.0, "avg_under": 0.0}]]}