{"auc": 0.842675383945513, "over_prob": 0.390964590964591, "under_prob": 0.17362637362637368, "over_counts": {"0": 2494, "1": 626, "2": 332, "3": 233, "4": 147, "5": 75, "6": 65, "7": 35, "8": 25, "9": 21, "10": 15, "14": 6, "13": 5, "12": 5, "11": 4, "16": 3, "19": 2, "15": 1, "17": 1}, "under_counts": {"0": 3384, "1": 291, "2": 175, "3": 99, "4": 54, "5": 29, "6": 17, "8": 13, "7": 9, "9": 9, "11": 3, "10": 3, "12": 3, "15": 2, "14": 2, "16": 1, "22": 1}, "avg_over_mag": 2.8088694565896315, "avg_under_mag": 2.5935302390998594, "avg_over": 2.8088694565896315, "avg_under": 2.5935302390998594, "acc": 0.8189101713800605, "nll": 0.3951057064598664, "mse": 0.1259837711432204, "metrics_by_prob": [[[0.0, 0.05], {"acc": 0.9020408163265307, "nll": 0.3811891506793431, "mse": 0.10980422349260732, "N": 245, "over_prob": 0.0, "under_prob": 0.0, "over_counts": {"0": 131}, "under_counts": {"0": 131}, "avg_over_mag": 0.0, "avg_under_mag": 0.0, "avg_over": 0.0, "avg_under": 0.0}], [[0.05, 0.1], {"acc": 0.8608695652173913, "nll": 0.4087717343192217, "mse": 0.12288505876210921, "N": 575, "over_prob": 0.0, "under_prob": 0.0, "over_counts": {"0": 316}, "under_counts": {"0": 316}, "avg_over_mag": 0.0, "avg_under_mag": 0.0, "avg_over": 0.0, "avg_under": 0.0}], [[0.1, 0.15000000000000002], {"acc": 0.818815331010453, "nll": 0.48336270087156824, "mse": 0.1525378901101489, "N": 861, "over_prob": 0.0, "under_prob": 0.0, "over_counts": {"0": 470}, "under_counts": {"0": 470}, "avg_over_mag": 0.0, "avg_under_mag": 0.0, "avg_over": 0.0, "avg_under": 0.0}], [[0.15000000000000002, 0.2], {"acc": 0.742354031510658, "nll": 0.5606746643085451, "mse": 0.18758610764804617, "N": 1079, "over_prob": 0.0, "under_prob": 0.0, "over_counts": {"0": 602}, "under_counts": {"0": 602}, "avg_over_mag": 0.0, "avg_under_mag": 0.0, "avg_over": 0.0, "avg_under": 0.0}], [[0.2, 0.25], {"acc": 0.6589545844044559, "nll": 0.6257703750304442, "mse": 0.21698195303688877, "N": 1167, "over_prob": 0.0, "under_prob": 0.0, "over_counts": {"0": 705}, "under_counts": {"0": 705}, "avg_over_mag": 0.0, "avg_under_mag": 0.0, "avg_over": 0.0, "avg_under": 0.0}], [[0.25, 0.30000000000000004], {"acc": 0.585431654676259, "nll": 0.683245513433069, "mse": 0.24369756872391027, "N": 1112, "over_prob": 0.0, "under_prob": 0.002673796791443861, "over_counts": {"0": 748}, "under_counts": {"0": 746, "1": 2}, "avg_over_mag": 0.0, "avg_under_mag": 1.0, "avg_over": 0.0, "avg_under": 1.0}], [[0.30000000000000004, 0.35000000000000003], {"acc": 0.5518134715025906, "nll": 0.7057801904556221, "mse": 0.25477740190139464, "N": 1158, "over_prob": 0.0, "under_prob": 0.003783102143757877, "over_counts": {"0": 793}, "under_counts": {"0": 790, "1": 2, "2": 1}, "avg_over_mag": 0.0, "avg_under_mag": 1.3333333333333333, "avg_over": 0.0, "avg_under": 1.3333333333333333}], [[0.35000000000000003, 0.4], {"acc": 0.5288, "nll": 0.7253859173628175, "mse": 0.2635118450388158, "N": 1250, "over_prob": 0.0, "under_prob": 0.00694444444444442, "over_counts": {"0": 864}, "under_counts": {"0": 858, "1": 5, "2": 1}, "avg_over_mag": 0.0, "avg_under_mag": 1.1666666666666667, "avg_over": 0.0, "avg_under": 1.1666666666666667}], [[0.4, 0.45], {"acc": 0.5031496062992126, "nll": 0.7467046984932236, "mse": 0.2729226424102969, "N": 1270, "over_prob": 0.0, "under_prob": 0.01166489925768821, "over_counts": {"0": 943}, "under_counts": {"0": 932, "1": 8, "4": 1, "3": 1, "2": 1}, "avg_over_mag": 0.0, "avg_under_mag": 1.5454545454545454, "avg_over": 0.0, "avg_under": 1.5454545454545454}], [[0.45, 0.5], {"acc": 0.46396396396396394, "nll": 0.7773636598506882, "mse": 0.28711620219589123, "N": 1332, "over_prob": 0.0, "under_prob": 0.015592515592515621, "over_counts": {"0": 962}, "under_counts": {"0": 947, "1": 11, "2": 3, "3": 1}, "avg_over_mag": 0.0, "avg_under_mag": 1.3333333333333333, "avg_over": 0.0, "avg_under": 1.3333333333333333}], [[0.5, 0.55], {"acc": 0.5146726862302483, "nll": 0.745565516178436, "mse": 0.2717225741070528, "N": 1329, "over_prob": 0.0, "under_prob": 0.02051282051282055, "over_counts": {"0": 975}, "under_counts": {"0": 955, "1": 15, "2": 4, "3": 1}, "avg_over_mag": 0.0, "avg_under_mag": 1.3, "avg_over": 0.0, "avg_under": 1.3}], [[0.55, 0.6000000000000001], {"acc": 0.5380782918149466, "nll": 0.7365370535738146, "mse": 0.2674151279156455, "N": 1405, "over_prob": 0.0, "under_prob": 0.03231939163498099, "over_counts": {"0": 1052}, "under_counts": {"0": 1018, "1": 29, "2": 4, "3": 1}, "avg_over_mag": 0.0, "avg_under_mag": 1.1764705882352942, "avg_over": 0.0, "avg_under": 1.1764705882352942}], [[0.6000000000000001, 0.65], {"acc": 0.5652173913043478, "nll": 0.7365071123023207, "mse": 0.2653048018728741, "N": 1564, "over_prob": 0.0, "under_prob": 0.04264577893820709, "over_counts": {"0": 1149}, "under_counts": {"0": 1100, "1": 39, "2": 5, "4": 3, "3": 1, "7": 1}, "avg_over_mag": 0.0, "avg_under_mag": 1.4489795918367347, "avg_over": 0.0, "avg_under": 1.4489795918367347}], [[0.65, 0.7000000000000001], {"acc": 0.6570605187319885, "nll": 0.6586451821978586, "mse": 0.2306122898022063, "N": 1735, "over_prob": 0.0, "under_prob": 0.06313328137178487, "over_counts": {"0": 1283}, "under_counts": {"0": 1202, "1": 60, "2": 13, "3": 7, "6": 1}, "avg_over_mag": 0.0, "avg_under_mag": 1.3950617283950617, "avg_over": 0.0, "avg_under": 1.3950617283950617}], [[0.7000000000000001, 0.75], {"acc": 0.6839276990718124, "nll": 0.6344788014016718, "mse": 0.21860886829934026, "N": 2047, "over_prob": 0.0, "under_prob": 0.09300746775288526, "over_counts": {"0": 1473}, "under_counts": {"0": 1336, "1": 112, "2": 20, "3": 4, "6": 1}, "avg_over_mag": 0.0, "avg_under_mag": 1.2408759124087592, "avg_over": 0.0, "avg_under": 1.2408759124087592}], [[0.75, 0.8], {"acc": 0.7590683466972127, "nll": 0.5553602274192748, "mse": 0.1830914075905107, "N": 2619, "over_prob": 0.0, "under_prob": 0.1617480136208853, "over_counts": {"0": 1762}, "under_counts": {"0": 1477, "1": 204, "2": 53, "3": 15, "4": 11, "5": 2}, "avg_over_mag": 0.0, "avg_under_mag": 1.4350877192982456, "avg_over": 0.0, "avg_under": 1.4350877192982456}], [[0.8, 0.8500000000000001], {"acc": 0.8122495706926159, "nll": 0.4907403752518767, "mse": 0.1550145794648463, "N": 3494, "over_prob": 0.0, "under_prob": 0.28716904276985744, "over_counts": {"0": 1964}, "under_counts": {"0": 1400, "1": 355, "2": 115, "3": 51, "4": 24, "5": 8, "7": 4, "6": 3, "9": 2, "15": 1, "12": 1}, "avg_over_mag": 0.0, "avg_under_mag": 1.7109929078014185, "avg_over": 0.0, "avg_under": 1.7109929078014185}], [[0.8500000000000001, 0.9], {"acc": 0.8714624794595581, "nll": 0.39569124044427084, "mse": 0.11601973376012892, "N": 5477, "over_prob": 0.6802030456852792, "under_prob": 0.0, "over_counts": {"1": 805, "0": 693, "2": 350, "3": 156, "4": 90, "5": 32, "6": 21, "8": 6, "7": 5, "9": 4, "11": 2, "10": 2, "13": 1}, "under_counts": {"0": 2167}, "avg_over_mag": 1.8948439620081412, "avg_under_mag": 0.0, "avg_over": 1.8948439620081412, "avg_under": 0.0}], [[0.9, 0.9500000000000001], {"acc": 0.9241631282709588, "nll": 0.2794128155390077, "mse": 0.07280560211133762, "N": 10127, "over_prob": 0.38229273285568066, "under_prob": 0.0, "over_counts": {"0": 1207, "1": 395, "2": 176, "3": 95, "4": 37, "5": 19, "7": 10, "6": 6, "9": 3, "8": 3, "10": 2, "12": 1}, "under_counts": {"0": 1954}, "avg_over_mag": 1.9598393574297188, "avg_under_mag": 0.0, "avg_over": 1.9598393574297188, "avg_under": 0.0}], [[0.9500000000000001, 1.0], {"acc": 0.9752021563342318, "nll": 0.12022734876236026, "mse": 0.025217491647588894, "N": 16695, "over_prob": 0.10281797410510285, "under_prob": 0.0, "over_counts": {"0": 1178, "1": 78, "2": 30, "3": 12, "4": 11, "5": 2, "6": 2}, "under_counts": {"0": 1313}, "avg_over_mag": 1.7777777777777777, "avg_under_mag": 0.0, "avg_over": 1.7777777777777777, "avg_under": 0.0}]]}