{"over_prob": 0.6912015598342676, "under_prob": 0.28954423592493295, "over_counts": {"0": 1267, "1": 507, "2": 482, "3": 417, "4": 339, "5": 238, "6": 221, "7": 146, "8": 117, "9": 91, "10": 67, "11": 52, "12": 29, "13": 29, "15": 21, "14": 18, "16": 11, "17": 8, "24": 7, "18": 6, "19": 5, "20": 5, "23": 4, "22": 3, "34": 2, "21": 2, "30": 2, "40": 1, "43": 1, "32": 1, "25": 1, "27": 1, "31": 1, "36": 1}, "under_counts": {"0": 2915, "1": 833, "2": 249, "3": 62, "4": 19, "5": 11, "6": 9, "7": 3, "10": 1, "8": 1}, "avg_over_mag": 4.672073342736248, "avg_under_mag": 1.4654882154882154, "avg_over": 4.672073342736248, "avg_under": 1.4654882154882154, "acc": 0.8494631301998151, "auc": 0.7291895908525622, "nll": 0.39119996309236255, "mse": 0.11796106613582955, "metrics_by_prob": [[[0.0, 0.05], {"acc": NaN, "nll": NaN, "mse": NaN, "N": 0}], [[0.05, 0.1], {"acc": 0.8888888888888888, "nll": 0.365200545836727, "mse": 0.10425170134116293, "N": 18, "over_prob": 0.0, "under_prob": 0.0, "over_counts": {"0": 18}, "under_counts": {"0": 18}, "avg_over_mag": 0.0, "avg_under_mag": 0.0, "avg_over": 0.0, "avg_under": 0.0}], [[0.1, 0.15000000000000002], {"acc": 0.7634408602150538, "nll": 0.5499930896327543, "mse": 0.17805719715888843, "N": 186, "over_prob": 0.0, "under_prob": 0.021505376344086002, "over_counts": {"0": 186}, "under_counts": {"0": 182, "1": 4}, "avg_over_mag": 0.0, "avg_under_mag": 1.0, "avg_over": 0.0, "avg_under": 1.0}], [[0.15000000000000002, 0.2], {"acc": 0.6108374384236454, "nll": 0.8284930380794104, "mse": 0.2825103186806504, "N": 203, "over_prob": 0.0, "under_prob": 0.09359605911330049, "over_counts": {"0": 203}, "under_counts": {"0": 184, "1": 19}, "avg_over_mag": 0.0, "avg_under_mag": 1.0, "avg_over": 0.0, "avg_under": 1.0}], [[0.2, 0.25], {"acc": 0.5561643835616439, "nll": 0.834575560379005, "mse": 0.28541671552015885, "N": 365, "over_prob": 0.0, "under_prob": 0.07945205479452055, "over_counts": {"0": 365}, "under_counts": {"0": 336, "1": 29}, "avg_over_mag": 0.0, "avg_under_mag": 1.0, "avg_over": 0.0, "avg_under": 1.0}], [[0.25, 0.30000000000000004], {"acc": 0.631336405529954, "nll": 0.7266276960138304, "mse": 0.2533831781258886, "N": 217, "over_prob": 0.0, "under_prob": 0.04608294930875578, "over_counts": {"0": 217}, "under_counts": {"0": 207, "1": 10}, "avg_over_mag": 0.0, "avg_under_mag": 1.0, "avg_over": 0.0, "avg_under": 1.0}], [[0.30000000000000004, 0.35000000000000003], {"acc": 0.5222437137330754, "nll": 0.8225646599031782, "mse": 0.2902561653022422, "N": 517, "over_prob": 0.0, "under_prob": 0.0522243713733076, "over_counts": {"0": 517}, "under_counts": {"0": 490, "1": 27}, "avg_over_mag": 0.0, "avg_under_mag": 1.0, "avg_over": 0.0, "avg_under": 1.0}], [[0.35000000000000003, 0.4], {"acc": 0.48026315789473684, "nll": 0.8283171237609429, "mse": 0.2941658576981875, "N": 456, "over_prob": 0.0, "under_prob": 0.06798245614035092, "over_counts": {"0": 456}, "under_counts": {"0": 425, "1": 31}, "avg_over_mag": 0.0, "avg_under_mag": 1.0, "avg_over": 0.0, "avg_under": 1.0}], [[0.4, 0.45], {"acc": 0.481421647819063, "nll": 0.8045379884368831, "mse": 0.2900073496928086, "N": 619, "over_prob": 0.0, "under_prob": 0.07108239095315028, "over_counts": {"0": 619}, "under_counts": {"0": 575, "1": 44}, "avg_over_mag": 0.0, "avg_under_mag": 1.0, "avg_over": 0.0, "avg_under": 1.0}], [[0.45, 0.5], {"acc": 0.48365122615803813, "nll": 0.7800930572439316, "mse": 0.28273779197123994, "N": 734, "over_prob": 0.0, "under_prob": 0.03542234332425065, "over_counts": {"0": 734}, "under_counts": {"0": 708, "1": 26}, "avg_over_mag": 0.0, "avg_under_mag": 1.0, "avg_over": 0.0, "avg_under": 1.0}], [[0.5, 0.55], {"acc": 0.49645390070921985, "nll": 0.8057886968635704, "mse": 0.2889412001830258, "N": 846, "over_prob": 0.0, "under_prob": 0.08948004836759371, "over_counts": {"0": 827}, "under_counts": {"0": 753, "1": 74}, "avg_over_mag": 0.0, "avg_under_mag": 1.0, "avg_over": 0.0, "avg_under": 1.0}], [[0.55, 0.6000000000000001], {"acc": 0.5431034482758621, "nll": 0.7483773796444428, "mse": 0.2692171992882009, "N": 928, "over_prob": 0.0, "under_prob": 0.032327586206896575, "over_counts": {"0": 928}, "under_counts": {"0": 898, "1": 30}, "avg_over_mag": 0.0, "avg_under_mag": 1.0, "avg_over": 0.0, "avg_under": 1.0}], [[0.6000000000000001, 0.65], {"acc": 0.5689655172413793, "nll": 0.7333738933192621, "mse": 0.26010902128496904, "N": 1218, "over_prob": 0.0, "under_prob": 0.0861924686192469, "over_counts": {"0": 1195}, "under_counts": {"0": 1092, "1": 103}, "avg_over_mag": 0.0, "avg_under_mag": 1.0, "avg_over": 0.0, "avg_under": 1.0}], [[0.65, 0.7000000000000001], {"acc": 0.6196275071633238, "nll": 0.6814342474444907, "mse": 0.23889725518497246, "N": 1396, "over_prob": 0.0, "under_prob": 0.05232558139534882, "over_counts": {"0": 1376}, "under_counts": {"0": 1304, "1": 72}, "avg_over_mag": 0.0, "avg_under_mag": 1.0, "avg_over": 0.0, "avg_under": 1.0}], [[0.7000000000000001, 0.75], {"acc": 0.6531007751937985, "nll": 0.6644789215644442, "mse": 0.23000804493440213, "N": 2064, "over_prob": 0.0, "under_prob": 0.07787993510005409, "over_counts": {"0": 1849}, "under_counts": {"0": 1705, "1": 138, "2": 6}, "avg_over_mag": 0.0, "avg_under_mag": 1.0416666666666667, "avg_over": 0.0, "avg_under": 1.0416666666666667}], [[0.75, 0.8], {"acc": 0.7383863080684596, "nll": 0.5893489777082552, "mse": 0.1965565636299862, "N": 2863, "over_prob": 0.0, "under_prob": 0.12618432385874245, "over_counts": {"0": 2322}, "under_counts": {"0": 2029, "1": 276, "2": 17}, "avg_over_mag": 0.0, "avg_under_mag": 1.0580204778156996, "avg_over": 0.0, "avg_under": 1.0580204778156996}], [[0.8, 0.8500000000000001], {"acc": 0.8088981097279853, "nll": 0.5098244753729331, "mse": 0.16235852293424557, "N": 4338, "over_prob": 0.0, "under_prob": 0.23994304022783908, "over_counts": {"0": 2809}, "under_counts": {"0": 2135, "1": 572, "2": 84, "3": 8, "4": 6, "7": 2, "5": 2}, "avg_over_mag": 0.0, "avg_under_mag": 1.2047477744807122, "avg_over": 0.0, "avg_under": 1.2047477744807122}], [[0.8500000000000001, 0.9], {"acc": 0.8682230869001297, "nll": 0.42777606015012476, "mse": 0.12577757290551259, "N": 7710, "over_prob": 0.8159781495390919, "under_prob": 0.0, "over_counts": {"1": 1149, "2": 624, "0": 539, "3": 263, "4": 178, "5": 84, "6": 32, "8": 24, "7": 17, "10": 6, "11": 4, "9": 4, "13": 2, "12": 2, "14": 1}, "under_counts": {"0": 2929}, "avg_over_mag": 2.102510460251046, "avg_under_mag": 0.0, "avg_over": 2.102510460251046, "avg_under": 0.0}], [[0.9, 0.9500000000000001], {"acc": 0.925168743509865, "nll": 0.30715662604859945, "mse": 0.07985090166159305, "N": 15408, "over_prob": 0.795045045045045, "under_prob": 0.0, "over_counts": {"1": 774, "0": 546, "2": 527, "3": 353, "4": 179, "5": 91, "6": 71, "8": 32, "7": 30, "9": 16, "10": 13, "11": 10, "16": 3, "17": 3, "15": 3, "19": 3, "12": 3, "13": 2, "25": 2, "14": 2, "18": 1}, "under_counts": {"0": 2664}, "avg_over_mag": 2.6879131255901796, "avg_under_mag": 0.0, "avg_over": 2.6879131255901796, "avg_under": 0.0}], [[0.9500000000000001, 1.0], {"acc": 0.9661016949152542, "nll": 0.17758844487722075, "mse": 0.03874337800701011, "N": 16166, "over_prob": 0.6455457967377667, "under_prob": 0.0, "over_counts": {"0": 565, "1": 433, "2": 244, "3": 144, "4": 86, "5": 50, "6": 25, "7": 18, "8": 7, "10": 6, "9": 5, "11": 5, "16": 2, "12": 1, "22": 1, "14": 1, "13": 1}, "under_counts": {"0": 1594}, "avg_over_mag": 2.4606413994169096, "avg_under_mag": 0.0, "avg_over": 2.4606413994169096, "avg_under": 0.0}]]}