{"over_prob": 0.43759474482061644, "under_prob": 0.4120768064679131, "over_counts": {"0": 2226, "1": 688, "2": 369, "3": 198, "4": 120, "5": 96, "6": 75, "7": 49, "9": 29, "8": 24, "10": 17, "11": 15, "13": 9, "12": 9, "14": 7, "16": 5, "15": 5, "22": 3, "21": 3, "19": 2, "20": 2, "26": 1, "30": 1, "27": 1, "23": 1, "33": 1, "17": 1, "18": 1}, "under_counts": {"0": 2327, "1": 910, "2": 379, "3": 178, "4": 53, "5": 45, "6": 22, "8": 11, "7": 10, "9": 7, "10": 7, "11": 3, "12": 2, "18": 1, "15": 1, "24": 1, "23": 1}, "avg_over_mag": 3.1293302540415704, "avg_under_mag": 1.96137339055794, "avg_over": 3.1293302540415704, "avg_under": 1.96137339055794, "acc": 0.8266710175667591, "auc": 0.8225945123870827, "nll": 0.40035209104417313, "mse": 0.12503609869714732, "metrics_by_prob": [[[0.0, 0.05], {"acc": 0.9737762237762237, "nll": 0.20535067430233325, "mse": 0.04402902286525346, "N": 572, "over_prob": 0.0, "under_prob": 0.0, "over_counts": {"0": 204}, "under_counts": {"0": 204}, "avg_over_mag": 0.0, "avg_under_mag": 0.0, "avg_over": 0.0, "avg_under": 0.0}], [[0.05, 0.1], {"acc": 0.9013377926421404, "nll": 0.36746938187071326, "mse": 0.10480433641936836, "N": 598, "over_prob": 0.0, "under_prob": 0.00366300366300365, "over_counts": {"0": 273}, "under_counts": {"0": 272, "1": 1}, "avg_over_mag": 0.0, "avg_under_mag": 1.0, "avg_over": 0.0, "avg_under": 1.0}], [[0.1, 0.15000000000000002], {"acc": 0.8144853875476493, "nll": 0.47481722421506795, "mse": 0.14921363853209071, "N": 787, "over_prob": 0.0, "under_prob": 0.010781671159029615, "over_counts": {"0": 371}, "under_counts": {"0": 367, "1": 4}, "avg_over_mag": 0.0, "avg_under_mag": 1.0, "avg_over": 0.0, "avg_under": 1.0}], [[0.15000000000000002, 0.2], {"acc": 0.730195177956372, "nll": 0.58916766893675, "mse": 0.19848653941335992, "N": 871, "over_prob": 0.0, "under_prob": 0.014767932489451518, "over_counts": {"0": 474}, "under_counts": {"0": 467, "1": 7}, "avg_over_mag": 0.0, "avg_under_mag": 1.0, "avg_over": 0.0, "avg_under": 1.0}], [[0.2, 0.25], {"acc": 0.6538071065989848, "nll": 0.6535336070409208, "mse": 0.22782029650083702, "N": 985, "over_prob": 0.0, "under_prob": 0.03442340791738385, "over_counts": {"0": 581}, "under_counts": {"0": 561, "1": 19, "2": 1}, "avg_over_mag": 0.0, "avg_under_mag": 1.05, "avg_over": 0.0, "avg_under": 1.05}], [[0.25, 0.30000000000000004], {"acc": 0.565439672801636, "nll": 0.7291358642582603, "mse": 0.2594917659016678, "N": 978, "over_prob": 0.0, "under_prob": 0.04134762633996936, "over_counts": {"0": 653}, "under_counts": {"0": 626, "1": 26, "2": 1}, "avg_over_mag": 0.0, "avg_under_mag": 1.037037037037037, "avg_over": 0.0, "avg_under": 1.037037037037037}], [[0.30000000000000004, 0.35000000000000003], {"acc": 0.5095969289827256, "nll": 0.7610174567039472, "mse": 0.275999743338659, "N": 1042, "over_prob": 0.0, "under_prob": 0.03660322108345537, "over_counts": {"0": 683}, "under_counts": {"0": 658, "1": 25}, "avg_over_mag": 0.0, "avg_under_mag": 1.0, "avg_over": 0.0, "avg_under": 1.0}], [[0.35000000000000003, 0.4], {"acc": 0.4818355640535373, "nll": 0.7916481632116337, "mse": 0.2899530550867644, "N": 1046, "over_prob": 0.0, "under_prob": 0.058663028649386106, "over_counts": {"0": 733}, "under_counts": {"0": 690, "1": 42, "2": 1}, "avg_over_mag": 0.0, "avg_under_mag": 1.0232558139534884, "avg_over": 0.0, "avg_under": 1.0232558139534884}], [[0.4, 0.45], {"acc": 0.4974271012006861, "nll": 0.7806381876741119, "mse": 0.28380182806010595, "N": 1166, "over_prob": 0.0, "under_prob": 0.0733830845771144, "over_counts": {"0": 804}, "under_counts": {"0": 745, "1": 56, "2": 3}, "avg_over_mag": 0.0, "avg_under_mag": 1.0508474576271187, "avg_over": 0.0, "avg_under": 1.0508474576271187}], [[0.45, 0.5], {"acc": 0.5134037367993501, "nll": 0.7659423609589905, "mse": 0.27809660355754345, "N": 1231, "over_prob": 0.0, "under_prob": 0.08460634547591073, "over_counts": {"0": 851}, "under_counts": {"0": 779, "1": 65, "2": 5, "3": 2}, "avg_over_mag": 0.0, "avg_under_mag": 1.125, "avg_over": 0.0, "avg_under": 1.125}], [[0.5, 0.55], {"acc": 0.502928870292887, "nll": 0.7884019609215143, "mse": 0.28443953525501503, "N": 1195, "over_prob": 0.0, "under_prob": 0.10259433962264153, "over_counts": {"0": 848}, "under_counts": {"0": 761, "1": 77, "2": 9, "6": 1}, "avg_over_mag": 0.0, "avg_under_mag": 1.160919540229885, "avg_over": 0.0, "avg_under": 1.160919540229885}], [[0.55, 0.6000000000000001], {"acc": 0.5458074534161491, "nll": 0.7593789131150585, "mse": 0.2708947823836142, "N": 1288, "over_prob": 0.0, "under_prob": 0.12121212121212122, "over_counts": {"0": 957}, "under_counts": {"0": 841, "1": 105, "2": 9, "3": 1, "4": 1}, "avg_over_mag": 0.0, "avg_under_mag": 1.1206896551724137, "avg_over": 0.0, "avg_under": 1.1206896551724137}], [[0.6000000000000001, 0.65], {"acc": 0.597887323943662, "nll": 0.7114091039819602, "mse": 0.2509435439422893, "N": 1420, "over_prob": 0.0, "under_prob": 0.13163064833005889, "over_counts": {"0": 1018}, "under_counts": {"0": 884, "1": 118, "2": 12, "4": 2, "5": 1, "3": 1}, "avg_over_mag": 0.0, "avg_under_mag": 1.1791044776119404, "avg_over": 0.0, "avg_under": 1.1791044776119404}], [[0.65, 0.7000000000000001], {"acc": 0.6515597410241318, "nll": 0.6810565635021856, "mse": 0.23582196911956102, "N": 1699, "over_prob": 0.0, "under_prob": 0.16787732041969328, "over_counts": {"0": 1239}, "under_counts": {"0": 1031, "1": 176, "2": 27, "3": 4, "4": 1}, "avg_over_mag": 0.0, "avg_under_mag": 1.1826923076923077, "avg_over": 0.0, "avg_under": 1.1826923076923077}], [[0.7000000000000001, 0.75], {"acc": 0.6966998428496595, "nll": 0.6313840256855127, "mse": 0.21442732727315186, "N": 1909, "over_prob": 0.0, "under_prob": 0.21558630735615436, "over_counts": {"0": 1373}, "under_counts": {"0": 1077, "1": 266, "2": 20, "3": 7, "7": 1, "4": 1, "6": 1}, "avg_over_mag": 0.0, "avg_under_mag": 1.162162162162162, "avg_over": 0.0, "avg_under": 1.162162162162162}], [[0.75, 0.8], {"acc": 0.7556927827093786, "nll": 0.5746146145850755, "mse": 0.18882566489498964, "N": 2591, "over_prob": 0.0, "under_prob": 0.30736968244457763, "over_counts": {"0": 1669}, "under_counts": {"0": 1156, "1": 434, "2": 48, "3": 19, "4": 5, "6": 3, "7": 3, "5": 1}, "avg_over_mag": 0.0, "avg_under_mag": 1.2690058479532165, "avg_over": 0.0, "avg_under": 1.2690058479532165}], [[0.8, 0.8500000000000001], {"acc": 0.8205056179775281, "nll": 0.4966048438064692, "mse": 0.15389991480790266, "N": 3560, "over_prob": 0.0, "under_prob": 0.4760479041916168, "over_counts": {"0": 2004}, "under_counts": {"0": 1050, "1": 733, "2": 150, "3": 42, "4": 17, "6": 7, "5": 4, "7": 1}, "avg_over_mag": 0.0, "avg_under_mag": 1.3584905660377358, "avg_over": 0.0, "avg_under": 1.3584905660377358}], [[0.8500000000000001, 0.9], {"acc": 0.8733905579399142, "nll": 0.400847801308851, "mse": 0.11602276475470528, "N": 5592, "over_prob": 0.5802092414995641, "under_prob": 0.0, "over_counts": {"0": 963, "1": 759, "2": 286, "3": 127, "4": 68, "6": 34, "5": 32, "7": 11, "8": 8, "11": 2, "10": 2, "9": 1, "12": 1}, "under_counts": {"0": 2294}, "avg_over_mag": 1.9173553719008265, "avg_under_mag": 0.0, "avg_over": 1.9173553719008265, "avg_under": 0.0}], [[0.9, 0.9500000000000001], {"acc": 0.9284802043422733, "nll": 0.27944289271137923, "mse": 0.07184264925118292, "N": 10962, "over_prob": 0.4531974050046339, "under_prob": 0.0, "over_counts": {"0": 1180, "1": 499, "2": 220, "3": 106, "4": 61, "5": 35, "7": 15, "6": 15, "9": 8, "8": 7, "12": 4, "17": 2, "13": 2, "10": 2, "14": 1, "11": 1}, "under_counts": {"0": 2158}, "avg_over_mag": 2.20040899795501, "avg_under_mag": 0.0, "avg_over": 2.20040899795501, "avg_under": 0.0}], [[0.9500000000000001, 1.0], {"acc": 0.9733869423702852, "nll": 0.13877192420318485, "mse": 0.028591298279681526, "N": 15669, "over_prob": 0.2313777191825972, "under_prob": 0.0, "over_counts": {"0": 1166, "1": 214, "2": 66, "3": 32, "4": 12, "5": 7, "8": 5, "6": 5, "12": 3, "9": 3, "11": 1, "7": 1, "18": 1, "22": 1}, "under_counts": {"0": 1517},