{"over_prob": 0.7311355311355312, "under_prob": 0.24835164835164836, "over_counts": {"0": 1101, "1": 546, "2": 457, "3": 395, "4": 373, "5": 273, "6": 190, "7": 174, "8": 123, "9": 101, "10": 70, "11": 49, "12": 48, "13": 33, "15": 25, "14": 24, "17": 18, "20": 13, "16": 11, "18": 10, "21": 10, "22": 6, "19": 6, "24": 5, "27": 5, "23": 4, "29": 3, "26": 3, "28": 3, "33": 2, "25": 2, "32": 2, "31": 2, "46": 1, "55": 1, "36": 1, "39": 1, "30": 1, "47": 1, "38": 1, "44": 1}, "under_counts": {"0": 3078, "1": 663, "2": 209, "3": 80, "4": 31, "5": 17, "6": 7, "8": 3, "7": 3, "9": 2, "13": 1, "16": 1}, "avg_over_mag": 5.096526386105545, "avg_under_mag": 1.6361848574237954, "avg_over": 5.096526386105545, "avg_under": 1.6361848574237954, "acc": 0.8790081533754267, "auc": 0.7398162228012306, "nll": 0.3426800766040794, "mse": 0.10003480698506456, "metrics_by_prob": [[[0.0, 0.05], {"acc": 1.0, "nll": 0.19651898941078105, "mse": 0.031831651840184216, "N": 1, "over_prob": 0.0, "under_prob": 0.0, "over_counts": {"0": 1}, "under_counts": {"0": 1}, "avg_over_mag": 0.0, "avg_under_mag": 0.0, "avg_over": 0.0, "avg_under": 0.0}], [[0.05, 0.1], {"acc": 0.7037037037037037, "nll": 0.6875229542837893, "mse": 0.23607634151933488, "N": 27, "over_prob": 0.0, "under_prob": 0.0, "over_counts": {"0": 27}, "under_counts": {"0": 27}, "avg_over_mag": 0.0, "avg_under_mag": 0.0, "avg_over": 0.0, "avg_under": 0.0}], [[0.1, 0.15000000000000002], {"acc": 0.6868686868686869, "nll": 0.6654115928576174, "mse": 0.22465552511176318, "N": 99, "over_prob": 0.0, "under_prob": 0.010309278350515427, "over_counts": {"0": 97}, "under_counts": {"0": 96, "1": 1}, "avg_over_mag": 0.0, "avg_under_mag": 1.0, "avg_over": 0.0, "avg_under": 1.0}], [[0.15000000000000002, 0.2], {"acc": 0.6547619047619048, "nll": 0.7126250539552149, "mse": 0.2492135392056108, "N": 168, "over_prob": 0.0, "under_prob": 0.029761904761904767, "over_counts": {"0": 168}, "under_counts": {"0": 163, "1": 5}, "avg_over_mag": 0.0, "avg_under_mag": 1.0, "avg_over": 0.0, "avg_under": 1.0}], [[0.2, 0.25], {"acc": 0.5568181818181818, "nll": 0.7926521889721967, "mse": 0.2838834262053481, "N": 264, "over_prob": 0.0, "under_prob": 0.050000000000000044, "over_counts": {"0": 260}, "under_counts": {"0": 247, "1": 13}, "avg_over_mag": 0.0, "avg_under_mag": 1.0, "avg_over": 0.0, "avg_under": 1.0}], [[0.25, 0.30000000000000004], {"acc": 0.4684385382059801, "nll": 0.8324013126687717, "mse": 0.2986663429786651, "N": 301, "over_prob": 0.0, "under_prob": 0.06040268456375841, "over_counts": {"0": 298}, "under_counts": {"0": 280, "1": 18}, "avg_over_mag": 0.0, "avg_under_mag": 1.0, "avg_over": 0.0, "avg_under": 1.0}], [[0.30000000000000004, 0.35000000000000003], {"acc": 0.5255474452554745, "nll": 0.8668833568359854, "mse": 0.30949157483908596, "N": 274, "over_prob": 0.0, "under_prob": 0.08856088560885611, "over_counts": {"0": 271}, "under_counts": {"0": 247, "1": 24}, "avg_over_mag": 0.0, "avg_under_mag": 1.0, "avg_over": 0.0, "avg_under": 1.0}], [[0.35000000000000003, 0.4], {"acc": 0.5080645161290323, "nll": 0.8112224615431879, "mse": 0.2910855441724599, "N": 372, "over_prob": 0.0, "under_prob": 0.08918918918918917, "over_counts": {"0": 370}, "under_counts": {"0": 337, "1": 33}, "avg_over_mag": 0.0, "avg_under_mag": 1.0, "avg_over": 0.0, "avg_under": 1.0}], [[0.4, 0.45], {"acc": 0.512987012987013, "nll": 0.8024371835555771, "mse": 0.2871392318727483, "N": 462, "over_prob": 0.0, "under_prob": 0.08043478260869563, "over_counts": {"0": 460}, "under_counts": {"0": 423, "1": 37}, "avg_over_mag": 0.0, "avg_under_mag": 1.0, "avg_over": 0.0, "avg_under": 1.0}], [[0.45, 0.5], {"acc": 0.5042735042735043, "nll": 0.7693177663195614, "mse": 0.27854980719271427, "N": 585, "over_prob": 0.0, "under_prob": 0.07478260869565212, "over_counts": {"0": 575}, "under_counts": {"0": 532, "1": 42, "2": 1}, "avg_over_mag": 0.0, "avg_under_mag": 1.0232558139534884, "avg_over": 0.0, "avg_under": 1.0232558139534884}], [[0.5, 0.55], {"acc": 0.5086455331412104, "nll": 0.7825826633668922, "mse": 0.2795550773048306, "N": 694, "over_prob": 0.0, "under_prob": 0.08172362555720658, "over_counts": {"0": 673}, "under_counts": {"0": 618, "1": 53, "2": 2}, "avg_over_mag": 0.0, "avg_under_mag": 1.0363636363636364, "avg_over": 0.0, "avg_under": 1.0363636363636364}], [[0.55, 0.6000000000000001], {"acc": 0.5437262357414449, "nll": 0.7486791618682498, "mse": 0.2677426796997786, "N": 789, "over_prob": 0.0, "under_prob": 0.08776595744680848, "over_counts": {"0": 752}, "under_counts": {"0": 686, "1": 64, "2": 2}, "avg_over_mag": 0.0, "avg_under_mag": 1.0303030303030303, "avg_over": 0.0, "avg_under": 1.0303030303030303}], [[0.6000000000000001, 0.65], {"acc": 0.5864583333333333, "nll": 0.7314116718039501, "mse": 0.25941414783824523, "N": 960, "over_prob": 0.0, "under_prob": 0.08612975391498878, "over_counts": {"0": 894}, "under_counts": {"0": 817, "1": 76, "2": 1}, "avg_over_mag": 0.0, "avg_under_mag": 1.0129870129870129, "avg_over": 0.0, "avg_under": 1.0129870129870129}], [[0.65, 0.7000000000000001], {"acc": 0.6541417591801879, "nll": 0.6655179617784382, "mse": 0.23140265784689656, "N": 1171, "over_prob": 0.0, "under_prob": 0.10094339622641513, "over_counts": {"0": 1060}, "under_counts": {"0": 953, "1": 102, "3": 3, "2": 2}, "avg_over_mag": 0.0, "avg_under_mag": 1.074766355140187, "avg_over": 0.0, "avg_under": 1.074766355140187}], [[0.7000000000000001, 0.75], {"acc": 0.6912832929782082, "nll": 0.6183724395451365, "mse": 0.21196771677331738, "N": 1652, "over_prob": 0.0, "under_prob": 0.10748959778085987, "over_counts": {"0": 1442}, "under_counts": {"0": 1287, "1": 146, "2": 5, "3": 2, "4": 2}, "avg_over_mag": 0.0, "avg_under_mag": 1.096774193548387, "avg_over": 0.0, "avg_under": 1.096774193548387}], [[0.75, 0.8], {"acc": 0.7563291139240507, "nll": 0.574846782475684, "mse": 0.19061940462450142, "N": 2212, "over_prob": 0.0, "under_prob": 0.15920679886685551, "over_counts": {"0": 1765}, "under_counts": {"0": 1484, "1": 255, "2": 21, "3": 3, "6": 1, "4": 1}, "avg_over_mag": 0.0, "avg_under_mag": 1.1245551601423487, "avg_over": 0.0, "avg_under": 1.1245551601423487}], [[0.8, 0.8500000000000001], {"acc": 0.8046940486169321, "nll": 0.5182893160422727, "mse": 0.16492893063070146, "N": 3579, "over_prob": 0.0, "under_prob": 0.21868454126518644, "over_counts": {"0": 2387}, "under_counts": {"0": 1865, "1": 416, "2": 76, "3": 18, "5": 6, "4": 5, "13": 1}, "avg_over_mag": 0.0, "avg_under_mag": 1.3122605363984674, "avg_over": 0.0, "avg_under": 1.3122605363984674}], [[0.8500000000000001, 0.9], {"acc": 0.8665240289664253, "nll": 0.4227737022869586, "mse": 0.12579119529281113, "N": 6076, "over_prob": 0.8221906116642959, "under_prob": 0.0, "over_counts": {"1": 1312, "2": 559, "0": 500, "3": 231, "4": 120, "5": 35, "7": 19, "6": 18, "9": 8, "10": 4, "8": 4, "13": 1, "12": 1}, "under_counts": {"0": 2812}, "avg_over_mag": 1.8114186851211074, "avg_under_mag": 0.0, "avg_over": 1.8114186851211074, "avg_under": 0.0}], [[0.9, 0.9500000000000001], {"acc": 0.9263785614370905, "nll": 0.3022609805335519, "mse": 0.07962031364219342, "N": 13583, "over_prob": 0.8155853314527504, "under_prob": 0.0, "over_counts": {"1": 809, "2": 628, "0": 523, "3": 328, "4": 210, "5": 128, "6": 78, "8": 35, "7": 32, "9": 20, "10": 12, "12": 8, "11": 8, "14": 5, "13": 4, "15": 4, "16": 2, "17": 1, "18": 1}, "under_counts": {"0": 2836}, "avg_over_mag": 2.695201037613489, "avg_under_mag": 0.0, "avg_over": 2.695201037613489, "avg_under": 0.0}], [[0.9500000000000001, 1.0], {"acc": 0.975206256445514, "nll": 0.16816244762642704, "mse": 0.03432680209728094, "N": 23272, "over_prob": 0.7205116058739933, "under_prob": 0.0, "over_counts": {"0": 590, "1": 566, "2": 337, "3": 180, "4": 153, "5": 90, "6": 50, "7": 32, "8": 24, "9": 22, "10": 14, "11": 8, "12": 7, "13": 6, "17": 4, "18": 4, "16": 3, "24": 3, "14": 3, "19": 2, "15": 2, "21": 2, "23": 2, "28": 1, "44": 1, "39": 1, "22": 1, "43": 1, "25": 1, "32": 1}, "under_counts": {"0": 2111},