{"auc": 0.8296915619526675, "over_prob": 0.48484082870136436, "under_prob": 0.13870641738251643, "over_counts": {"0": 2039, "1": 722, "2": 434, "3": 273, "4": 190, "5": 93, "6": 60, "8": 38, "7": 36, "9": 19, "11": 16, "10": 16, "12": 7, "14": 6, "13": 3, "16": 2, "18": 2, "15": 1, "19": 1}, "under_counts": {"0": 3409, "1": 201, "2": 117, "3": 70, "4": 55, "5": 30, "6": 19, "8": 12, "7": 12, "10": 7, "9": 4, "16": 3, "11": 2, "12": 2, "32": 2, "24": 2, "14": 1, "15": 1, "29": 1, "47": 1, "27": 1, "28": 1, "13": 1, "21": 1, "44": 1, "41": 1, "25": 1}, "avg_over_mag": 2.7962480458572174, "avg_under_mag": 3.506375227686703, "avg_over": 2.7962480458572174, "avg_under": 3.506375227686703, "acc": 0.8190750711553453, "nll": 0.3996099031696668, "mse": 0.1265700564892626, "metrics_by_prob": [[[0.0, 0.05], {"acc": 0.8688811188811189, "nll": 0.41626390818389325, "mse": 0.12506415785058697, "N": 572, "over_prob": 0.0, "under_prob": 0.0, "over_counts": {"0": 204}, "under_counts": {"0": 204}, "avg_over_mag": 0.0, "avg_under_mag": 0.0, "avg_over": 0.0, "avg_under": 0.0}], [[0.05, 0.1], {"acc": 0.8093645484949833, "nll": 0.4562046853515568, "mse": 0.14306713553066386, "N": 598, "over_prob": 0.0, "under_prob": 0.0, "over_counts": {"0": 273}, "under_counts": {"0": 273}, "avg_over_mag": 0.0, "avg_under_mag": 0.0, "avg_over": 0.0, "avg_under": 0.0}], [[0.1, 0.15000000000000002], {"acc": 0.770012706480305, "nll": 0.504164637273147, "mse": 0.16512768050705517, "N": 787, "over_prob": 0.0, "under_prob": 0.0026954177897574594, "over_counts": {"0": 371}, "under_counts": {"0": 370, "1": 1}, "avg_over_mag": 0.0, "avg_under_mag": 1.0, "avg_over": 0.0, "avg_under": 1.0}], [[0.15000000000000002, 0.2], {"acc": 0.6888633754305397, "nll": 0.5956069740178164, "mse": 0.20388311472340723, "N": 871, "over_prob": 0.0, "under_prob": 0.002109704641350185, "over_counts": {"0": 474}, "under_counts": {"0": 473, "1": 1}, "avg_over_mag": 0.0, "avg_under_mag": 1.0, "avg_over": 0.0, "avg_under": 1.0}], [[0.2, 0.25], {"acc": 0.6304568527918781, "nll": 0.6518934727573291, "mse": 0.22708054158215707, "N": 985, "over_prob": 0.0, "under_prob": 0.005163511187607606, "over_counts": {"0": 581}, "under_counts": {"0": 578, "1": 2, "2": 1}, "avg_over_mag": 0.0, "avg_under_mag": 1.3333333333333333, "avg_over": 0.0, "avg_under": 1.3333333333333333}], [[0.25, 0.30000000000000004], {"acc": 0.5991820040899796, "nll": 0.6836292514850965, "mse": 0.24284421819771862, "N": 978, "over_prob": 0.0, "under_prob": 0.004594180704441064, "over_counts": {"0": 653}, "under_counts": {"0": 650, "3": 2, "1": 1}, "avg_over_mag": 0.0, "avg_under_mag": 2.3333333333333335, "avg_over": 0.0, "avg_under": 2.3333333333333335}], [[0.30000000000000004, 0.35000000000000003], {"acc": 0.5374280230326296, "nll": 0.7416895437887839, "mse": 0.26930749491101835, "N": 1042, "over_prob": 0.0, "under_prob": 0.007320644216691097, "over_counts": {"0": 683}, "under_counts": {"0": 678, "1": 3, "3": 1, "7": 1}, "avg_over_mag": 0.0, "avg_under_mag": 2.6, "avg_over": 0.0, "avg_under": 2.6}], [[0.35000000000000003, 0.4], {"acc": 0.5382409177820268, "nll": 0.743517618735483, "mse": 0.26927655040879966, "N": 1046, "over_prob": 0.0, "under_prob": 0.016371077762619368, "over_counts": {"0": 733}, "under_counts": {"0": 721, "1": 7, "2": 2, "3": 2, "5": 1}, "avg_over_mag": 0.0, "avg_under_mag": 1.8333333333333333, "avg_over": 0.0, "avg_under": 1.8333333333333333}], [[0.4, 0.45], {"acc": 0.483704974271012, "nll": 0.8051216044811836, "mse": 0.2949686744749932, "N": 1166, "over_prob": 0.0, "under_prob": 0.01741293532338306, "over_counts": {"0": 804}, "under_counts": {"0": 790, "1": 4, "3": 2, "4": 2, "5": 2, "2": 1, "6": 1, "8": 1, "9": 1}, "avg_over_mag": 0.0, "avg_under_mag": 3.7857142857142856, "avg_over": 0.0, "avg_under": 3.7857142857142856}], [[0.45, 0.5], {"acc": 0.4516653127538586, "nll": 0.8062707256517347, "mse": 0.2963500357515231, "N": 1231, "over_prob": 0.0, "under_prob": 0.01762632197414804, "over_counts": {"0": 851}, "under_counts": {"0": 836, "2": 5, "1": 4, "5": 2, "6": 2, "7": 1, "11": 1}, "avg_over_mag": 0.0, "avg_under_mag": 3.6, "avg_over": 0.0, "avg_under": 3.6}], [[0.5, 0.55], {"acc": 0.4895397489539749, "nll": 0.7828388008285759, "mse": 0.28551019564816804, "N": 1195, "over_prob": 0.0, "under_prob": 0.02594339622641506, "over_counts": {"0": 848}, "under_counts": {"0": 826, "1": 12, "2": 4, "4": 2, "3": 1, "5": 1, "10": 1, "8": 1}, "avg_over_mag": 0.0, "avg_under_mag": 2.4545454545454546, "avg_over": 0.0, "avg_under": 2.4545454545454546}], [[0.55, 0.6000000000000001], {"acc": 0.5225155279503105, "nll": 0.7450309254933748, "mse": 0.26938807778001495, "N": 1288, "over_prob": 0.0, "under_prob": 0.03343782654127481, "over_counts": {"0": 957}, "under_counts": {"0": 925, "1": 22, "2": 5, "3": 3, "4": 1, "9": 1}, "avg_over_mag": 0.0, "avg_under_mag": 1.6875, "avg_over": 0.0, "avg_under": 1.6875}], [[0.6000000000000001, 0.65], {"acc": 0.5647887323943662, "nll": 0.724293652155872, "mse": 0.25963211856613094, "N": 1420, "over_prob": 0.0, "under_prob": 0.058939096267190516, "over_counts": {"0": 1018}, "under_counts": {"0": 958, "1": 45, "2": 8, "4": 2, "5": 2, "7": 1, "9": 1, "3": 1}, "avg_over_mag": 0.0, "avg_under_mag": 1.6333333333333333, "avg_over": 0.0, "avg_under": 1.6333333333333333}], [[0.65, 0.7000000000000001], {"acc": 0.6227192466156563, "nll": 0.6835027331315813, "mse": 0.24063113059136693, "N": 1699, "over_prob": 0.0, "under_prob": 0.06456820016142051, "over_counts": {"0": 1239}, "under_counts": {"0": 1159, "1": 57, "2": 14, "3": 4, "4": 3, "5": 1, "7": 1}, "avg_over_mag": 0.0, "avg_under_mag": 1.5125, "avg_over": 0.0, "avg_under": 1.5125}], [[0.7000000000000001, 0.75], {"acc": 0.6710319539025668, "nll": 0.6347212973729045, "mse": 0.2189469126834788, "N": 1909, "over_prob": 0.0, "under_prob": 0.09031318281136202, "over_counts": {"0": 1373}, "under_counts": {"0": 1249, "1": 84, "2": 26, "3": 6, "4": 3, "6": 2, "5": 1, "9": 1, "7": 1}, "avg_over_mag": 0.0, "avg_under_mag": 1.6048387096774193, "avg_over": 0.0, "avg_under": 1.6048387096774193}], [[0.75, 0.8], {"acc": 0.7394828251640293, "nll": 0.5857269091660218, "mse": 0.195916132058436, "N": 2591, "over_prob": 0.0, "under_prob": 0.1360095865787897, "over_counts": {"0": 1669}, "under_counts": {"0": 1442, "1": 147, "2": 51, "3": 14, "4": 6, "10": 2, "8": 2, "7": 1, "9": 1, "13": 1, "6": 1, "5": 1}, "avg_over_mag": 0.0, "avg_under_mag": 1.722466960352423, "avg_over": 0.0, "avg_under": 1.722466960352423}], [[0.8, 0.8500000000000001], {"acc": 0.8196629213483146, "nll": 0.4912119069110101, "mse": 0.1545908748649569, "N": 3560, "over_prob": 0.0, "under_prob": 0.219560878243513, "over_counts": {"0": 2004}, "under_counts": {"0": 1564, "1": 247, "2": 100, "3": 46, "4": 25, "6": 5, "5": 4, "7": 4, "8": 3, "9": 3, "12": 1, "17": 1, "10": 1}, "avg_over_mag": 0.0, "avg_under_mag": 1.9386363636363637, "avg_over": 0.0, "avg_under": 1.9386363636363637}], [[0.8500000000000001, 0.9], {"acc": 0.8748211731044349, "nll": 0.39469894673543, "mse": 0.11503468056633004, "N": 5592, "over_prob": 0.7632955536181343, "under_prob": 0.0, "over_counts": {"1": 985, "0": 543, "2": 438, "3": 171, "4": 82, "5": 35, "6": 20, "7": 10, "8": 3, "10": 3, "9": 2, "11": 2}, "under_counts": {"0": 2294}, "avg_over_mag": 1.805254140491148, "avg_under_mag": 0.0, "avg_over": 1.805254140491148, "avg_under": 0.0}], [[0.9, 0.9500000000000001], {"acc": 0.928024083196497, "nll": 0.2739770455678898, "mse": 0.07043875368884481, "N": 10962, "over_prob": 0.4582947173308619, "under_prob": 0.0, "over_counts": {"0": 1169, "1": 531, "2": 236, "3": 103, "4": 49, "5": 28, "6": 23, "7": 12, "10": 3, "9": 2, "8": 1, "12": 1}, "under_counts": {"0": 2158}, "avg_over_mag": 1.9595551061678462, "avg_under_mag": 0.0, "avg_over": 1.9595551061678462, "avg_under": 0.0}], [[0.9500000000000001, 1.0], {"acc": 0.9730040206777714, "nll": 0.13086303029527394, "mse": 0.027307580992804118, "N": 15669, "over_prob": 0.09953856295319707, "under_prob": 0.0,