{"auc": 0.8153888559070477, "over_prob": 0.14628600303183426, "under_prob": 0.14072764022233453, "over_counts": {"0": 3379, "1": 504, "2": 65, "3": 7, "4": 3}, "under_counts": {"0": 3401, "1": 500, "2": 55, "4": 1, "3": 1}, "avg_over_mag": 1.151986183074266, "avg_under_mag": 1.1077199281867145, "avg_over": 1.151986183074266, "avg_under": 1.1077199281867145, "acc": 0.8728630735483404, "nll": 0.3217989255468973, "mse": 0.09631436064055204, "metrics_by_prob": [[[0.0, 0.05], {"acc": NaN, "nll": NaN, "mse": NaN, "N": 0}], [[0.05, 0.1], {"acc": 0.875, "nll": 0.38270067341566644, "mse": 0.11046546102991474, "N": 16, "over_prob": 0.0, "under_prob": 0.0, "over_counts": {"0": 16}, "under_counts": {"0": 16}, "avg_over_mag": 0.0, "avg_under_mag": 0.0, "avg_over": 0.0, "avg_under": 0.0}], [[0.1, 0.15000000000000002], {"acc": 0.8651685393258427, "nll": 0.40660048106665153, "mse": 0.11914248798880306, "N": 178, "over_prob": 0.0, "under_prob": 0.0, "over_counts": {"0": 178}, "under_counts": {"0": 178}, "avg_over_mag": 0.0, "avg_under_mag": 0.0, "avg_over": 0.0, "avg_under": 0.0}], [[0.15000000000000002, 0.2], {"acc": 0.8724489795918368, "nll": 0.3928921002199542, "mse": 0.11441285831106518, "N": 196, "over_prob": 0.0, "under_prob": 0.0, "over_counts": {"0": 196}, "under_counts": {"0": 196}, "avg_over_mag": 0.0, "avg_under_mag": 0.0, "avg_over": 0.0, "avg_under": 0.0}], [[0.2, 0.25], {"acc": 0.8, "nll": 0.5108604788064802, "mse": 0.16384360462592626, "N": 350, "over_prob": 0.0, "under_prob": 0.0, "over_counts": {"0": 350}, "under_counts": {"0": 350}, "avg_over_mag": 0.0, "avg_under_mag": 0.0, "avg_over": 0.0, "avg_under": 0.0}], [[0.25, 0.30000000000000004], {"acc": 0.6886792452830188, "nll": 0.6292224014203168, "mse": 0.2179488417653619, "N": 212, "over_prob": 0.0, "under_prob": 0.0, "over_counts": {"0": 212}, "under_counts": {"0": 212}, "avg_over_mag": 0.0, "avg_under_mag": 0.0, "avg_over": 0.0, "avg_under": 0.0}], [[0.30000000000000004, 0.35000000000000003], {"acc": 0.6666666666666666, "nll": 0.6397681065879345, "mse": 0.22370079367414436, "N": 495, "over_prob": 0.0, "under_prob": 0.0, "over_counts": {"0": 495}, "under_counts": {"0": 495}, "avg_over_mag": 0.0, "avg_under_mag": 0.0, "avg_over": 0.0, "avg_under": 0.0}], [[0.35000000000000003, 0.4], {"acc": 0.6349206349206349, "nll": 0.6569726193878085, "mse": 0.2320908060195989, "N": 441, "over_prob": 0.0, "under_prob": 0.0, "over_counts": {"0": 441}, "under_counts": {"0": 441}, "avg_over_mag": 0.0, "avg_under_mag": 0.0, "avg_over": 0.0, "avg_under": 0.0}], [[0.4, 0.45], {"acc": 0.5652173913043478, "nll": 0.685907677576245, "mse": 0.2463751965173214, "N": 598, "over_prob": 0.0, "under_prob": 0.0, "over_counts": {"0": 598}, "under_counts": {"0": 598}, "avg_over_mag": 0.0, "avg_under_mag": 0.0, "avg_over": 0.0, "avg_under": 0.0}], [[0.45, 0.5], {"acc": 0.5275035260930888, "nll": 0.6895265800208942, "mse": 0.24820093416076144, "N": 709, "over_prob": 0.0, "under_prob": 0.0, "over_counts": {"0": 709}, "under_counts": {"0": 709}, "avg_over_mag": 0.0, "avg_under_mag": 0.0, "avg_over": 0.0, "avg_under": 0.0}], [[0.5, 0.55], {"acc": 0.5375, "nll": 0.6945034314166096, "mse": 0.2506258660900112, "N": 800, "over_prob": 0.0, "under_prob": 0.0, "over_counts": {"0": 782}, "under_counts": {"0": 782}, "avg_over_mag": 0.0, "avg_under_mag": 0.0, "avg_over": 0.0, "avg_under": 0.0}], [[0.55, 0.6000000000000001], {"acc": 0.5363128491620112, "nll": 0.6931821954846379, "mse": 0.24995336515594627, "N": 895, "over_prob": 0.0, "under_prob": 0.0, "over_counts": {"0": 895}, "under_counts": {"0": 895}, "avg_over_mag": 0.0, "avg_under_mag": 0.0, "avg_over": 0.0, "avg_under": 0.0}], [[0.6000000000000001, 0.65], {"acc": 0.6143958868894601, "nll": 0.6699696851150547, "mse": 0.23838448270775214, "N": 1167, "over_prob": 0.0, "under_prob": 0.0, "over_counts": {"0": 1147}, "under_counts": {"0": 1147}, "avg_over_mag": 0.0, "avg_under_mag": 0.0, "avg_over": 0.0, "avg_under": 0.0}], [[0.65, 0.7000000000000001], {"acc": 0.668693009118541, "nll": 0.6380103865174716, "mse": 0.22280873938766396, "N": 1316, "over_prob": 0.0, "under_prob": 0.0, "over_counts": {"0": 1296}, "under_counts": {"0": 1296}, "avg_over_mag": 0.0, "avg_under_mag": 0.0, "avg_over": 0.0, "avg_under": 0.0}], [[0.7000000000000001, 0.75], {"acc": 0.7227822580645161, "nll": 0.5893709992271324, "mse": 0.19998766744695856, "N": 1984, "over_prob": 0.0, "under_prob": 0.0, "over_counts": {"0": 1775}, "under_counts": {"0": 1775}, "avg_over_mag": 0.0, "avg_under_mag": 0.0, "avg_over": 0.0, "avg_under": 0.0}], [[0.75, 0.8], {"acc": 0.7776157491797302, "nll": 0.5306586179571989, "mse": 0.1732189663052997, "N": 2743, "over_prob": 0.0, "under_prob": 0.0, "over_counts": {"0": 2227}, "under_counts": {"0": 2227}, "avg_over_mag": 0.0, "avg_under_mag": 0.0, "avg_over": 0.0, "avg_under": 0.0}], [[0.8, 0.8500000000000001], {"acc": 0.8301749271137027, "nll": 0.45628691464359866, "mse": 0.14120029440714812, "N": 4116, "over_prob": 0.0, "under_prob": 0.20916259857303787, "over_counts": {"0": 2663}, "under_counts": {"0": 2106, "1": 500, "2": 55, "4": 1, "3": 1}, "avg_over_mag": 0.0, "avg_under_mag": 1.1077199281867145, "avg_over": 0.0, "avg_under": 1.1077199281867145}], [[0.8500000000000001, 0.9], {"acc": 0.8786047789068937, "nll": 0.3696217201136318, "mse": 0.10667813393736535, "N": 7282, "over_prob": 0.20634354953670708, "under_prob": 0.0, "over_counts": {"0": 2227, "1": 504, "2": 65, "3": 7, "4": 3}, "under_counts": {"0": 2806}, "avg_over_mag": 1.151986183074266, "avg_under_mag": 0.0, "avg_over": 1.151986183074266, "avg_under": 0.0}], [[0.9, 0.9500000000000001], {"acc": 0.9297503751193562, "nll": 0.25286926266455967, "mse": 0.06514630645348798, "N": 14662, "over_prob": 0.0, "under_prob": 0.0, "over_counts": {"0": 2549}, "under_counts": {"0": 2549}, "avg_over_mag": 0.0, "avg_under_mag": 0.0, "avg_over": 0.0, "avg_under": 0.0}], [[0.9500000000000001, 1.0], {"acc": 0.9728839480030587, "nll": 0.12222662222781726, "mse": 0.026276966086016703, "N": 17001, "over_prob": 0.0, "under_prob": 0.0, "over_counts": {"0": 1563}, "under_counts": {"0": 1563}, "avg_over_mag": 0.0, "avg_under_mag": 0.0, "avg_over": 0.0, "avg_under": 0.0}]]}