{"auc": 0.8249026828086196, "over_prob": 0.10711718188353703, "under_prob": 0.12700694943685598, "over_counts": {"0": 3726, "1": 398, "2": 44, "3": 4, "4": 1}, "under_counts": {"0": 3643, "1": 456, "2": 56, "3": 10, "5": 3, "6": 2, "7": 1, "4": 1, "8": 1}, "avg_over_mag": 1.1230425055928412, "avg_under_mag": 1.2150943396226415, "avg_over": 1.1230425055928412, "avg_under": 1.2150943396226415, "acc": 0.898211357877478, "nll": 0.2732040615541062, "mse": 0.0793071809000121, "metrics_by_prob": [[[0.0, 0.05], {"acc": 1.0, "nll": 0.04556258839920884, "mse": 0.0020551917589784786, "N": 2, "over_prob": 0.0, "under_prob": 0.0, "over_counts": {"0": 2}, "under_counts": {"0": 2}, "avg_over_mag": 0.0, "avg_under_mag": 0.0, "avg_over": 0.0, "avg_under": 0.0}], [[0.05, 0.1], {"acc": 0.8888888888888888, "nll": 0.346556720941645, "mse": 0.09843696635207148, "N": 45, "over_prob": 0.0, "under_prob": 0.0, "over_counts": {"0": 45}, "under_counts": {"0": 45}, "avg_over_mag": 0.0, "avg_under_mag": 0.0, "avg_over": 0.0, "avg_under": 0.0}], [[0.1, 0.15000000000000002], {"acc": 0.8230088495575221, "nll": 0.46927127788663975, "mse": 0.14547817841442898, "N": 113, "over_prob": 0.0, "under_prob": 0.0, "over_counts": {"0": 110}, "under_counts": {"0": 110}, "avg_over_mag": 0.0, "avg_under_mag": 0.0, "avg_over": 0.0, "avg_under": 0.0}], [[0.15000000000000002, 0.2], {"acc": 0.8461538461538461, "nll": 0.42375279481936146, "mse": 0.1285644516373386, "N": 195, "over_prob": 0.0, "under_prob": 0.0, "over_counts": {"0": 194}, "under_counts": {"0": 194}, "avg_over_mag": 0.0, "avg_under_mag": 0.0, "avg_over": 0.0, "avg_under": 0.0}], [[0.2, 0.25], {"acc": 0.7481751824817519, "nll": 0.5693819023986045, "mse": 0.19027366353488265, "N": 274, "over_prob": 0.0, "under_prob": 0.0, "over_counts": {"0": 271}, "under_counts": {"0": 271}, "avg_over_mag": 0.0, "avg_under_mag": 0.0, "avg_over": 0.0, "avg_under": 0.0}], [[0.25, 0.30000000000000004], {"acc": 0.7418181818181818, "nll": 0.5756898669440084, "mse": 0.19343227966138618, "N": 275, "over_prob": 0.0, "under_prob": 0.0, "over_counts": {"0": 273}, "under_counts": {"0": 273}, "avg_over_mag": 0.0, "avg_under_mag": 0.0, "avg_over": 0.0, "avg_under": 0.0}], [[0.30000000000000004, 0.35000000000000003], {"acc": 0.7093425605536332, "nll": 0.6053331526268765, "mse": 0.20736992983776556, "N": 289, "over_prob": 0.0, "under_prob": 0.0, "over_counts": {"0": 284}, "under_counts": {"0": 284}, "avg_over_mag": 0.0, "avg_under_mag": 0.0, "avg_over": 0.0, "avg_under": 0.0}], [[0.35000000000000003, 0.4], {"acc": 0.634090909090909, "nll": 0.6597500690833565, "mse": 0.2333799420110774, "N": 440, "over_prob": 0.0, "under_prob": 0.0, "over_counts": {"0": 433}, "under_counts": {"0": 433}, "avg_over_mag": 0.0, "avg_under_mag": 0.0, "avg_over": 0.0, "avg_under": 0.0}], [[0.4, 0.45], {"acc": 0.532258064516129, "nll": 0.6932535205604261, "mse": 0.2500152813180993, "N": 496, "over_prob": 0.0, "under_prob": 0.0, "over_counts": {"0": 485}, "under_counts": {"0": 485}, "avg_over_mag": 0.0, "avg_under_mag": 0.0, "avg_over": 0.0, "avg_under": 0.0}], [[0.45, 0.5], {"acc": 0.5306122448979592, "nll": 0.6931329109834704, "mse": 0.24998409893084345, "N": 637, "over_prob": 0.0, "under_prob": 0.0, "over_counts": {"0": 626}, "under_counts": {"0": 626}, "avg_over_mag": 0.0, "avg_under_mag": 0.0, "avg_over": 0.0, "avg_under": 0.0}], [[0.5, 0.55], {"acc": 0.5689655172413793, "nll": 0.6859663928876935, "mse": 0.2463957912632798, "N": 696, "over_prob": 0.0, "under_prob": 0.0, "over_counts": {"0": 674}, "under_counts": {"0": 674}, "avg_over_mag": 0.0, "avg_under_mag": 0.0, "avg_over": 0.0, "avg_under": 0.0}], [[0.55, 0.6000000000000001], {"acc": 0.5817782656421515, "nll": 0.6815710057277946, "mse": 0.24413131065345314, "N": 911, "over_prob": 0.0, "under_prob": 0.0, "over_counts": {"0": 860}, "under_counts": {"0": 860}, "avg_over_mag": 0.0, "avg_under_mag": 0.0, "avg_over": 0.0, "avg_under": 0.0}], [[0.6000000000000001, 0.65], {"acc": 0.6231101511879049, "nll": 0.6662472818501952, "mse": 0.23657351562639953, "N": 926, "over_prob": 0.0, "under_prob": 0.0, "over_counts": {"0": 881}, "under_counts": {"0": 881}, "avg_over_mag": 0.0, "avg_under_mag": 0.0, "avg_over": 0.0, "avg_under": 0.0}], [[0.65, 0.7000000000000001], {"acc": 0.6558490566037736, "nll": 0.6459164391268976, "mse": 0.2266452624168948, "N": 1325, "over_prob": 0.0, "under_prob": 0.0, "over_counts": {"0": 1214}, "under_counts": {"0": 1214}, "avg_over_mag": 0.0, "avg_under_mag": 0.0, "avg_over": 0.0, "avg_under": 0.0}], [[0.7000000000000001, 0.75], {"acc": 0.7417102966841187, "nll": 0.5709548155389511, "mse": 0.19140533344889138, "N": 1719, "over_prob": 0.0, "under_prob": 0.0, "over_counts": {"0": 1491}, "under_counts": {"0": 1491}, "avg_over_mag": 0.0, "avg_under_mag": 0.0, "avg_over": 0.0, "avg_under": 0.0}], [[0.75, 0.8], {"acc": 0.7736710963455149, "nll": 0.5326773561584187, "mse": 0.17433740481992457, "N": 2408, "over_prob": 0.0, "under_prob": 0.0062272963155163286, "over_counts": {"0": 1927}, "under_counts": {"0": 1915, "1": 11, "2": 1}, "avg_over_mag": 0.0, "avg_under_mag": 1.0833333333333333, "avg_over": 0.0, "avg_under": 1.0833333333333333}], [[0.8, 0.8500000000000001], {"acc": 0.8312693498452013, "nll": 0.45627674091002496, "mse": 0.14097151035858826, "N": 3876, "over_prob": 0.0, "under_prob": 0.2066376926116159, "over_counts": {"0": 2531}, "under_counts": {"0": 2008, "1": 452, "2": 53, "3": 10, "5": 3, "7": 2, "4": 2, "6": 1}, "avg_over_mag": 0.0, "avg_under_mag": 1.2065009560229445, "avg_over": 0.0, "avg_under": 1.2065009560229445}], [[0.8500000000000001, 0.9], {"acc": 0.8737576027295654, "nll": 0.3792592808823753, "mse": 0.11032312575689424, "N": 6741, "over_prob": 0.14786381842456608, "under_prob": 0.0, "over_counts": {"0": 2553, "1": 395, "2": 44, "3": 3, "4": 1}, "under_counts": {"0": 2996}, "avg_over_mag": 1.1196388261851016, "avg_under_mag": 0.0, "avg_over": 1.1196388261851016, "avg_under": 0.0}], [[0.9, 0.9500000000000001], {"acc": 0.9267968056787933, "nll": 0.2610333394191782, "mse": 0.06773128366497239, "N": 15778, "over_prob": 0.0019646365422396617, "under_prob": 0.0, "over_counts": {"0": 3048, "1": 6}, "under_counts": {"0": 3054}, "avg_over_mag": 1.0, "avg_under_mag": 0.0, "avg_over": 1.0, "avg_under": 0.0}], [[0.9500000000000001, 1.0], {"acc": 0.9758549292011756, "nll": 0.11134093088403003, "mse": 0.02346804550364504, "N": 29944, "over_prob": 0.0, "under_prob": 0.0, "over_counts": {"0": 2334}, "under_counts": {"0": 2334}, "avg_over_mag": 0.0, "avg_under_mag": 0.0, "avg_over": 0.0, "avg_under": 0.0}]]}