{"auc": 0.8202490669206876, "over_prob": 0.1562425113826983, "under_prob": 0.14258327342439492, "over_counts": {"0": 3521, "1": 575, "2": 67, "3": 10}, "under_counts": {"0": 3578, "1": 537, "2": 44, "3": 13, "5": 1}, "avg_over_mag": 1.133435582822086, "avg_under_mag": 1.1243697478991597, "avg_over": 1.133435582822086, "avg_under": 1.1243697478991597, "acc": 0.8845431509912058, "nll": 0.29881624173593524, "mse": 0.08844738032286438, "metrics_by_prob": [[[0.0, 0.05], {"acc": NaN, "nll": NaN, "mse": NaN, "N": 0}], [[0.05, 0.1], {"acc": 0.8947368421052632, "nll": 0.3364524969425099, "mse": 0.09417769344554135, "N": 19, "over_prob": 0.0, "under_prob": 0.0, "over_counts": {"0": 19}, "under_counts": {"0": 19}, "avg_over_mag": 0.0, "avg_under_mag": 0.0, "avg_over": 0.0, "avg_under": 0.0}], [[0.1, 0.15000000000000002], {"acc": 0.8894736842105263, "nll": 0.35005428002033934, "mse": 0.09895560108352464, "N": 190, "over_prob": 0.0, "under_prob": 0.0, "over_counts": {"0": 190}, "under_counts": {"0": 190}, "avg_over_mag": 0.0, "avg_under_mag": 0.0, "avg_over": 0.0, "avg_under": 0.0}], [[0.15000000000000002, 0.2], {"acc": 0.782608695652174, "nll": 0.5369676209263218, "mse": 0.17412421050247978, "N": 207, "over_prob": 0.0, "under_prob": 0.0, "over_counts": {"0": 207}, "under_counts": {"0": 207}, "avg_over_mag": 0.0, "avg_under_mag": 0.0, "avg_over": 0.0, "avg_under": 0.0}], [[0.2, 0.25], {"acc": 0.8, "nll": 0.5083518785244721, "mse": 0.1628666425354306, "N": 375, "over_prob": 0.0, "under_prob": 0.0, "over_counts": {"0": 375}, "under_counts": {"0": 375}, "avg_over_mag": 0.0, "avg_under_mag": 0.0, "avg_over": 0.0, "avg_under": 0.0}], [[0.25, 0.30000000000000004], {"acc": 0.726457399103139, "nll": 0.5899754812118946, "mse": 0.20001777524104308, "N": 223, "over_prob": 0.0, "under_prob": 0.0, "over_counts": {"0": 223}, "under_counts": {"0": 223}, "avg_over_mag": 0.0, "avg_under_mag": 0.0, "avg_over": 0.0, "avg_under": 0.0}], [[0.30000000000000004, 0.35000000000000003], {"acc": 0.6793893129770993, "nll": 0.6311735080844075, "mse": 0.21959577674895892, "N": 524, "over_prob": 0.0, "under_prob": 0.0, "over_counts": {"0": 524}, "under_counts": {"0": 524}, "avg_over_mag": 0.0, "avg_under_mag": 0.0, "avg_over": 0.0, "avg_under": 0.0}], [[0.35000000000000003, 0.4], {"acc": 0.6201716738197425, "nll": 0.6615646606453268, "mse": 0.23444715811536734, "N": 466, "over_prob": 0.0, "under_prob": 0.0, "over_counts": {"0": 466}, "under_counts": {"0": 466}, "avg_over_mag": 0.0, "avg_under_mag": 0.0, "avg_over": 0.0, "avg_under": 0.0}], [[0.4, 0.45], {"acc": 0.5768025078369906, "nll": 0.6757805144844482, "mse": 0.24140213428209986, "N": 638, "over_prob": 0.0, "under_prob": 0.0, "over_counts": {"0": 638}, "under_counts": {"0": 638}, "avg_over_mag": 0.0, "avg_under_mag": 0.0, "avg_over": 0.0, "avg_under": 0.0}], [[0.45, 0.5], {"acc": 0.48460508701472554, "nll": 0.6949979118038109, "mse": 0.2509110362574643, "N": 747, "over_prob": 0.0, "under_prob": 0.0, "over_counts": {"0": 747}, "under_counts": {"0": 747}, "avg_over_mag": 0.0, "avg_under_mag": 0.0, "avg_over": 0.0, "avg_under": 0.0}], [[0.5, 0.55], {"acc": 0.5133876600698487, "nll": 0.6970607419379304, "mse": 0.25190821242238765, "N": 859, "over_prob": 0.0, "under_prob": 0.0, "over_counts": {"0": 840}, "under_counts": {"0": 840}, "avg_over_mag": 0.0, "avg_under_mag": 0.0, "avg_over": 0.0, "avg_under": 0.0}], [[0.55, 0.6000000000000001], {"acc": 0.580952380952381, "nll": 0.6834257149150401, "mse": 0.24509597698775093, "N": 945, "over_prob": 0.0, "under_prob": 0.0, "over_counts": {"0": 945}, "under_counts": {"0": 945}, "avg_over_mag": 0.0, "avg_under_mag": 0.0, "avg_over": 0.0, "avg_under": 0.0}], [[0.6000000000000001, 0.65], {"acc": 0.6216, "nll": 0.6649147367841799, "mse": 0.23596273801634798, "N": 1250, "over_prob": 0.0, "under_prob": 0.0, "over_counts": {"0": 1229}, "under_counts": {"0": 1229}, "avg_over_mag": 0.0, "avg_under_mag": 0.0, "avg_over": 0.0, "avg_under": 0.0}], [[0.65, 0.7000000000000001], {"acc": 0.6685314685314685, "nll": 0.6383953590289956, "mse": 0.2229911320128175, "N": 1430, "over_prob": 0.0, "under_prob": 0.0, "over_counts": {"0": 1411}, "under_counts": {"0": 1411}, "avg_over_mag": 0.0, "avg_under_mag": 0.0, "avg_over": 0.0, "avg_under": 0.0}], [[0.7000000000000001, 0.75], {"acc": 0.7287259050305595, "nll": 0.5869206462601894, "mse": 0.19868475216938797, "N": 2127, "over_prob": 0.0, "under_prob": 0.0, "over_counts": {"0": 1911}, "under_counts": {"0": 1911}, "avg_over_mag": 0.0, "avg_under_mag": 0.0, "avg_over": 0.0, "avg_under": 0.0}], [[0.75, 0.8], {"acc": 0.7863881401617251, "nll": 0.5199734805683649, "mse": 0.1684571208835688, "N": 2968, "over_prob": 0.0, "under_prob": 0.0020703933747412417, "over_counts": {"0": 2415}, "under_counts": {"0": 2410, "1": 5}, "avg_over_mag": 0.0, "avg_under_mag": 1.0, "avg_over": 0.0, "avg_under": 1.0}], [[0.8, 0.8500000000000001], {"acc": 0.8401428890377316, "nll": 0.4419263949263521, "mse": 0.13506774009094769, "N": 4479, "over_prob": 0.0, "under_prob": 0.20294318959616697, "over_counts": {"0": 2922}, "under_counts": {"0": 2329, "1": 536, "2": 44, "3": 12, "4": 1}, "avg_over_mag": 0.0, "avg_under_mag": 1.1197301854974704, "avg_over": 0.0, "avg_under": 1.1197301854974704}], [[0.8500000000000001, 0.9], {"acc": 0.875898834614431, "nll": 0.37575862371660046, "mse": 0.10882027179255975, "N": 8066, "over_prob": 0.2129327237099935, "under_prob": 0.0, "over_counts": {"0": 2410, "1": 575, "2": 67, "3": 10}, "under_counts": {"0": 3062}, "avg_over_mag": 1.133435582822086, "avg_under_mag": 0.0, "avg_over": 1.133435582822086, "avg_under": 0.0}], [[0.9, 0.9500000000000001], {"acc": 0.9261804609277801, "nll": 0.2622248903071582, "mse": 0.06821380627081554, "N": 16879, "over_prob": 0.0, "under_prob": 0.0, "over_counts": {"0": 2874}, "under_counts": {"0": 2874}, "avg_over_mag": 0.0, "avg_under_mag": 0.0, "avg_over": 0.0, "avg_under": 0.0}], [[0.9500000000000001, 1.0], {"acc": 0.9754231111830918, "nll": 0.11075068556858061, "mse": 0.02378099918052418, "N": 24698, "over_prob": 0.0, "under_prob": 0.0, "over_counts": {"0": 1842}, "under_counts": {"0": 1842}, "avg_over_mag": 0.0, "avg_under_mag": 0.0, "avg_over": 0.0, "avg_under": 0.0}]]}