{"over_prob": 0.505727516451377, "under_prob": 0.5140141359980501, "over_counts": {"0": 2028, "1": 840, "2": 476, "3": 278, "4": 165, "5": 85, "6": 80, "7": 44, "8": 31, "9": 21, "12": 11, "15": 9, "14": 7, "10": 7, "11": 7, "13": 4, "19": 2, "25": 2, "23": 1, "16": 1, "24": 1, "26": 1, "22": 1, "17": 1}, "under_counts": {"0": 1994, "1": 1197, "2": 558, "3": 209, "4": 81, "5": 40, "6": 9, "7": 5, "8": 4, "9": 2, "10": 2, "11": 1, "12": 1}, "avg_over_mag": 2.754698795180723, "avg_under_mag": 1.7287814129919392, "avg_over": 2.754698795180723, "avg_under": 1.7287814129919392, "acc": 0.8545829481618431, "auc": 0.7388319809855417, "nll": 0.3797582829728648, "mse": 0.11290672112534775, "metrics_by_prob": [[[0.0, 0.05], {"acc": NaN, "nll": NaN, "mse": NaN, "N": 0}], [[0.05, 0.1], {"acc": 0.9444444444444444, "nll": 0.3290327727473837, "mse": 0.09215576491085595, "N": 18, "over_prob": 0.0, "under_prob": 0.0, "over_counts": {"0": 18}, "under_counts": {"0": 18}, "avg_over_mag": 0.0, "avg_under_mag": 0.0, "avg_over": 0.0, "avg_under": 0.0}], [[0.1, 0.15000000000000002], {"acc": 0.8118279569892473, "nll": 0.4960392765252901, "mse": 0.15535358530601762, "N": 186, "over_prob": 0.0, "under_prob": 0.026881720430107503, "over_counts": {"0": 186}, "under_counts": {"0": 181, "1": 5}, "avg_over_mag": 0.0, "avg_under_mag": 1.0, "avg_over": 0.0, "avg_under": 1.0}], [[0.15000000000000002, 0.2], {"acc": 0.6009852216748769, "nll": 0.8608116480654332, "mse": 0.289301391326281, "N": 203, "over_prob": 0.0, "under_prob": 0.11330049261083741, "over_counts": {"0": 203}, "under_counts": {"0": 180, "1": 23}, "avg_over_mag": 0.0, "avg_under_mag": 1.0, "avg_over": 0.0, "avg_under": 1.0}], [[0.2, 0.25], {"acc": 0.5753424657534246, "nll": 0.8458975428770491, "mse": 0.288834400197001, "N": 365, "over_prob": 0.0, "under_prob": 0.09589041095890416, "over_counts": {"0": 365}, "under_counts": {"0": 330, "1": 35}, "avg_over_mag": 0.0, "avg_under_mag": 1.0, "avg_over": 0.0, "avg_under": 1.0}], [[0.25, 0.30000000000000004], {"acc": 0.5668202764976958, "nll": 0.8224016948985033, "mse": 0.2859390387166675, "N": 217, "over_prob": 0.0, "under_prob": 0.11520737327188935, "over_counts": {"0": 217}, "under_counts": {"0": 192, "1": 25}, "avg_over_mag": 0.0, "avg_under_mag": 1.0, "avg_over": 0.0, "avg_under": 1.0}], [[0.30000000000000004, 0.35000000000000003], {"acc": 0.5106382978723404, "nll": 0.885684040934821, "mse": 0.30654401236680584, "N": 517, "over_prob": 0.0, "under_prob": 0.09477756286266925, "over_counts": {"0": 517}, "under_counts": {"0": 468, "1": 49}, "avg_over_mag": 0.0, "avg_under_mag": 1.0, "avg_over": 0.0, "avg_under": 1.0}], [[0.35000000000000003, 0.4], {"acc": 0.4780701754385965, "nll": 0.8751720109587727, "mse": 0.3091983250906521, "N": 456, "over_prob": 0.0, "under_prob": 0.11403508771929827, "over_counts": {"0": 456}, "under_counts": {"0": 404, "1": 52}, "avg_over_mag": 0.0, "avg_under_mag": 1.0, "avg_over": 0.0, "avg_under": 1.0}], [[0.4, 0.45], {"acc": 0.4894991922455573, "nll": 0.8539876693896449, "mse": 0.3042347303504865, "N": 619, "over_prob": 0.0, "under_prob": 0.11470113085621969, "over_counts": {"0": 619}, "under_counts": {"0": 548, "1": 71}, "avg_over_mag": 0.0, "avg_under_mag": 1.0, "avg_over": 0.0, "avg_under": 1.0}], [[0.45, 0.5], {"acc": 0.4904632152588556, "nll": 0.8117368921522081, "mse": 0.29159067543958606, "N": 734, "over_prob": 0.0, "under_prob": 0.07629427792915533, "over_counts": {"0": 734}, "under_counts": {"0": 678, "1": 56}, "avg_over_mag": 0.0, "avg_under_mag": 1.0, "avg_over": 0.0, "avg_under": 1.0}], [[0.5, 0.55], {"acc": 0.491725768321513, "nll": 0.8677547963203712, "mse": 0.3070533566500081, "N": 846, "over_prob": 0.0, "under_prob": 0.151148730350665, "over_counts": {"0": 827}, "under_counts": {"0": 702, "1": 125}, "avg_over_mag": 0.0, "avg_under_mag": 1.0, "avg_over": 0.0, "avg_under": 1.0}], [[0.55, 0.6000000000000001], {"acc": 0.5398706896551724, "nll": 0.7903417318383782, "mse": 0.28093082379828377, "N": 928, "over_prob": 0.0, "under_prob": 0.10129310344827591, "over_counts": {"0": 928}, "under_counts": {"0": 834, "1": 94}, "avg_over_mag": 0.0, "avg_under_mag": 1.0, "avg_over": 0.0, "avg_under": 1.0}], [[0.6000000000000001, 0.65], {"acc": 0.5977011494252874, "nll": 0.7531417544005726, "mse": 0.2627551387733977, "N": 1218, "over_prob": 0.0, "under_prob": 0.1481171548117155, "over_counts": {"0": 1195}, "under_counts": {"0": 1018, "1": 177}, "avg_over_mag": 0.0, "avg_under_mag": 1.0, "avg_over": 0.0, "avg_under": 1.0}], [[0.65, 0.7000000000000001], {"acc": 0.6396848137535817, "nll": 0.6933787636642293, "mse": 0.24065743980016757, "N": 1396, "over_prob": 0.0, "under_prob": 0.10683139534883723, "over_counts": {"0": 1376}, "under_counts": {"0": 1229, "1": 146, "2": 1}, "avg_over_mag": 0.0, "avg_under_mag": 1.0068027210884354, "avg_over": 0.0, "avg_under": 1.0068027210884354}], [[0.7000000000000001, 0.75], {"acc": 0.6807170542635659, "nll": 0.6672536373753223, "mse": 0.22565693919254642, "N": 2064, "over_prob": 0.0, "under_prob": 0.17955651703623576, "over_counts": {"0": 1849}, "under_counts": {"0": 1517, "1": 323, "2": 9}, "avg_over_mag": 0.0, "avg_under_mag": 1.0271084337349397, "avg_over": 0.0, "avg_under": 1.0271084337349397}], [[0.75, 0.8], {"acc": 0.7499126790080335, "nll": 0.586376712645484, "mse": 0.19148418605498607, "N": 2863, "over_prob": 0.0, "under_prob": 0.2945736434108527, "over_counts": {"0": 2322}, "under_counts": {"0": 1638, "1": 636, "2": 42, "3": 5, "4": 1}, "avg_over_mag": 0.0, "avg_under_mag": 1.0804093567251463, "avg_over": 0.0, "avg_under": 1.0804093567251463}], [[0.8, 0.8500000000000001], {"acc": 0.8174273858921162, "nll": 0.4975862844598555, "mse": 0.15422290391306434, "N": 4338, "over_prob": 0.0, "under_prob": 0.485938056247775, "over_counts": {"0": 2809}, "under_counts": {"0": 1444, "1": 1105, "2": 211, "3": 35, "5": 7, "7": 3, "4": 3, "6": 1}, "avg_over_mag": 0.0, "avg_under_mag": 1.2498168498168498, "avg_over": 0.0, "avg_under": 1.2498168498168498}], [[0.8500000000000001, 0.9], {"acc": 0.874189364461738, "nll": 0.4089744135774135, "mse": 0.1162071308967966, "N": 7710, "over_prob": 0.5517241379310345, "under_prob": 0.0, "over_counts": {"0": 1313, "1": 947, "2": 361, "3": 174, "4": 71, "5": 27, "6": 14, "7": 9, "10": 5, "9": 4, "8": 3, "12": 1}, "under_counts": {"0": 2929}, "avg_over_mag": 1.7815594059405941, "avg_under_mag": 0.0, "avg_over": 1.7815594059405941, "avg_under": 0.0}], [[0.9, 0.9500000000000001], {"acc": 0.9278946002076843, "nll": 0.28461587558563073, "mse": 0.07126763927656553, "N": 15408, "over_prob": 0.4301801801801802, "under_prob": 0.0, "over_counts": {"0": 1518, "1": 651, "2": 238, "3": 119, "4": 67, "5": 29, "6": 14, "7": 9, "9": 7, "8": 7, "13": 2, "15": 1, "12": 1, "10": 1}, "under_counts": {"0": 2664}, "avg_over_mag": 1.942408376963351, "avg_under_mag": 0.0, "avg_over": 1.942408376963351, "avg_under": 0.0}], [[0.9500000000000001, 1.0], {"acc": 0.9669058517877026, "nll": 0.15555335873355394, "mse": 0.033350172768243376, "N": 16166, "over_prob": 0.23839397741530743, "under_prob": 0.0, "over_counts": {"0": 1214, "1": 278, "2": 64, "3": 16, "4": 7, "7": 5, "5": 3, "10": 2, "12": 1, "18": 1, "9": 1, "14": 1, "6": 1}, "under_counts": {"0": 1594}, "avg_over_mag": 1.6078947368421053, "avg_under_mag": 0.0, "avg_over": 1.6078947368421053, "avg_under": 0.0}]]}