{"auc": 0.8547917258837688, "over_prob": 0.3638201111672562, "under_prob": 0.12076806467913093, "over_counts": {"0": 2518, "1": 739, "2": 309, "3": 190, "4": 81, "5": 44, "6": 23, "7": 19, "8": 14, "9": 8, "11": 5, "12": 2, "14": 2, "10": 2, "20": 1, "16": 1}, "under_counts": {"0": 3480, "1": 248, "2": 109, "3": 41, "5": 23, "4": 21, "6": 14, "7": 6, "8": 5, "10": 2, "30": 2, "15": 2, "26": 1, "9": 1, "14": 1, "37": 1, "19": 1}, "avg_over_mag": 2.145138888888889, "avg_under_mag": 2.4456066945606696, "avg_over": 2.145138888888889, "avg_under": 2.4456066945606696, "acc": 0.836950019035188, "nll": 0.3709631509920921, "mse": 0.11601826273542688, "metrics_by_prob": [[[0.0, 0.05], {"acc": 0.9755244755244755, "nll": 0.12781137010985474, "mse": 0.027102752313457462, "N": 572, "over_prob": 0.0, "under_prob": 0.0, "over_counts": {"0": 204}, "under_counts": {"0": 204}, "avg_over_mag": 0.0, "avg_under_mag": 0.0, "avg_over": 0.0, "avg_under": 0.0}], [[0.05, 0.1], {"acc": 0.9297658862876255, "nll": 0.26440696121424123, "mse": 0.06758617071181522, "N": 598, "over_prob": 0.0, "under_prob": 0.0, "over_counts": {"0": 273}, "under_counts": {"0": 273}, "avg_over_mag": 0.0, "avg_under_mag": 0.0, "avg_over": 0.0, "avg_under": 0.0}], [[0.1, 0.15000000000000002], {"acc": 0.8805590851334181, "nll": 0.37587444829165423, "mse": 0.10936987233930676, "N": 787, "over_prob": 0.0, "under_prob": 0.0, "over_counts": {"0": 371}, "under_counts": {"0": 371}, "avg_over_mag": 0.0, "avg_under_mag": 0.0, "avg_over": 0.0, "avg_under": 0.0}], [[0.15000000000000002, 0.2], {"acc": 0.7853042479908151, "nll": 0.5053676465424188, "mse": 0.16336176178620346, "N": 871, "over_prob": 0.0, "under_prob": 0.0, "over_counts": {"0": 474}, "under_counts": {"0": 474}, "avg_over_mag": 0.0, "avg_under_mag": 0.0, "avg_over": 0.0, "avg_under": 0.0}], [[0.2, 0.25], {"acc": 0.7269035532994924, "nll": 0.5867260428021067, "mse": 0.19817999457903146, "N": 985, "over_prob": 0.0, "under_prob": 0.0, "over_counts": {"0": 581}, "under_counts": {"0": 581}, "avg_over_mag": 0.0, "avg_under_mag": 0.0, "avg_over": 0.0, "avg_under": 0.0}], [[0.25, 0.30000000000000004], {"acc": 0.6748466257668712, "nll": 0.6177551650498028, "mse": 0.21275097352311848, "N": 978, "over_prob": 0.0, "under_prob": 0.0, "over_counts": {"0": 653}, "under_counts": {"0": 653}, "avg_over_mag": 0.0, "avg_under_mag": 0.0, "avg_over": 0.0, "avg_under": 0.0}], [[0.30000000000000004, 0.35000000000000003], {"acc": 0.5921305182341651, "nll": 0.698549724118356, "mse": 0.2493762386904844, "N": 1042, "over_prob": 0.0, "under_prob": 0.0, "over_counts": {"0": 683}, "under_counts": {"0": 683}, "avg_over_mag": 0.0, "avg_under_mag": 0.0, "avg_over": 0.0, "avg_under": 0.0}], [[0.35000000000000003, 0.4], {"acc": 0.5583173996175909, "nll": 0.7003808639939706, "mse": 0.25208651653238356, "N": 1046, "over_prob": 0.0, "under_prob": 0.0, "over_counts": {"0": 733}, "under_counts": {"0": 733}, "avg_over_mag": 0.0, "avg_under_mag": 0.0, "avg_over": 0.0, "avg_under": 0.0}], [[0.4, 0.45], {"acc": 0.5017152658662093, "nll": 0.7494854002510473, "mse": 0.27395773375052457, "N": 1166, "over_prob": 0.0, "under_prob": 0.0024875621890547706, "over_counts": {"0": 804}, "under_counts": {"0": 802, "3": 1, "2": 1}, "avg_over_mag": 0.0, "avg_under_mag": 2.5, "avg_over": 0.0, "avg_under": 2.5}], [[0.45, 0.5], {"acc": 0.4646628757108042, "nll": 0.747569763216198, "mse": 0.2747077440455101, "N": 1231, "over_prob": 0.0, "under_prob": 0.002350176263219761, "over_counts": {"0": 851}, "under_counts": {"0": 849, "1": 1, "2": 1}, "avg_over_mag": 0.0, "avg_under_mag": 1.5, "avg_over": 0.0, "avg_under": 1.5}], [[0.5, 0.55], {"acc": 0.5087866108786611, "nll": 0.741288282384116, "mse": 0.27079023827347504, "N": 1195, "over_prob": 0.0, "under_prob": 0.009433962264150941, "over_counts": {"0": 848}, "under_counts": {"0": 840, "1": 5, "2": 3}, "avg_over_mag": 0.0, "avg_under_mag": 1.375, "avg_over": 0.0, "avg_under": 1.375}], [[0.55, 0.6000000000000001], {"acc": 0.5481366459627329, "nll": 0.7120118319167995, "mse": 0.2569699490277661, "N": 1288, "over_prob": 0.0, "under_prob": 0.010449320794148398, "over_counts": {"0": 957}, "under_counts": {"0": 947, "1": 9, "4": 1}, "avg_over_mag": 0.0, "avg_under_mag": 1.3, "avg_over": 0.0, "avg_under": 1.3}], [[0.6000000000000001, 0.65], {"acc": 0.6035211267605634, "nll": 0.6924805443978429, "mse": 0.24752965073950656, "N": 1420, "over_prob": 0.0, "under_prob": 0.012770137524557912, "over_counts": {"0": 1018}, "under_counts": {"0": 1005, "1": 8, "2": 4, "8": 1}, "avg_over_mag": 0.0, "avg_under_mag": 1.8461538461538463, "avg_over": 0.0, "avg_under": 1.8461538461538463}], [[0.65, 0.7000000000000001], {"acc": 0.6603884638022366, "nll": 0.653134025881629, "mse": 0.2283101173752956, "N": 1699, "over_prob": 0.0, "under_prob": 0.0266343825665859, "over_counts": {"0": 1239}, "under_counts": {"0": 1206, "1": 19, "2": 7, "3": 3, "5": 2, "4": 1, "6": 1}, "avg_over_mag": 0.0, "avg_under_mag": 1.878787878787879, "avg_over": 0.0, "avg_under": 1.878787878787879}], [[0.7000000000000001, 0.75], {"acc": 0.7103195390256679, "nll": 0.6066139163106417, "mse": 0.20712758817353372, "N": 1909, "over_prob": 0.0, "under_prob": 0.050254916241806225, "over_counts": {"0": 1373}, "under_counts": {"0": 1304, "1": 52, "2": 10, "3": 4, "4": 2, "9": 1}, "avg_over_mag": 0.0, "avg_under_mag": 1.463768115942029, "avg_over": 0.0, "avg_under": 1.463768115942029}], [[0.75, 0.8], {"acc": 0.7626399073716712, "nll": 0.5563149885472152, "mse": 0.1838081517923218, "N": 2591, "over_prob": 0.0, "under_prob": 0.0844817255841821, "over_counts": {"0": 1669}, "under_counts": {"0": 1528, "1": 91, "2": 33, "3": 9, "4": 2, "11": 1, "8": 1, "10": 1, "16": 1, "5": 1, "6": 1}, "avg_over_mag": 0.0, "avg_under_mag": 1.7588652482269505, "avg_over": 0.0, "avg_under": 1.7588652482269505}], [[0.8, 0.8500000000000001], {"acc": 0.8308988764044943, "nll": 0.47128529467230973, "mse": 0.14606449468088262, "N": 3560, "over_prob": 0.0, "under_prob": 0.1946107784431138, "over_counts": {"0": 2004}, "under_counts": {"0": 1614, "1": 245, "2": 77, "3": 35, "4": 11, "5": 8, "6": 6, "9": 2, "7": 2, "17": 1, "10": 1, "8": 1, "11": 1}, "avg_over_mag": 0.0, "avg_under_mag": 1.8, "avg_over": 0.0, "avg_under": 1.8}], [[0.8500000000000001, 0.9], {"acc": 0.8791130185979972, "nll": 0.378426015868306, "mse": 0.10897845867783679, "N": 5592, "over_prob": 0.6107236268526591, "under_prob": 0.0, "over_counts": {"0": 893, "1": 802, "2": 332, "3": 132, "4": 58, "5": 40, "6": 20, "7": 8, "8": 3, "12": 3, "9": 2, "10": 1}, "under_counts": {"0": 2294}, "avg_over_mag": 1.8258386866523912, "avg_under_mag": 0.0, "avg_over": 1.8258386866523912, "avg_under": 0.0}], [[0.9, 0.9500000000000001], {"acc": 0.9293924466338259, "nll": 0.26023979001611985, "mse": 0.06668072577176236, "N": 10962, "over_prob": 0.14318813716404077, "under_prob": 0.0, "over_counts": {"0": 1849, "1": 196, "2": 68, "3": 20, "4": 12, "5": 6, "6": 3, "7": 1, "14": 1, "8": 1, "10": 1}, "under_counts": {"0": 2158}, "avg_over_mag": 1.7055016181229774, "avg_under_mag": 0.0, "avg_over": 1.7055016181229774, "avg_under": 0.0}], [[0.9500000000000001, 1.0], {"acc": 0.9735784032165422, "nll": 0.12232579040768189, "mse": 0.025848765107710517, "N": 15669, "over_prob": 0.002636783124588038, "under_prob": 0.0, "over_counts": {"0": 1513, "1": 4}, "under_counts": {"0": 1517}, "avg_over_mag": 1.0, "avg_under_mag": 0.0, "avg_over": 1.0, "avg_under": 0.0}]]}