{"auc": 0.8166380575029514, "over_prob": 0.2700854700854701, "under_prob": 0.21465201465201467, "over_counts": {"0": 2989, "1": 788, "2": 198, "3": 76, "4": 22, "5": 10, "6": 7, "7": 4, "8": 1}, "under_counts": {"0": 3216, "1": 607, "2": 132, "3": 77, "4": 30, "5": 18, "6": 8, "7": 2, "10": 1, "12": 1, "17": 1, "8": 1, "11": 1}, "avg_over_mag": 1.4719710669077757, "avg_under_mag": 1.6291240045506257, "avg_over": 1.4719710669077757, "avg_under": 1.6291240045506257, "acc": 0.8900443925646876, "nll": 0.2893682162019986, "mse": 0.08485710386267116, "metrics_by_prob": [[[0.0, 0.05], {"acc": 1.0, "nll": 0.1545824288888595, "mse": 0.02051401180043128, "N": 1, "over_prob": 0.0, "under_prob": 0.0, "over_counts": {"0": 1}, "under_counts": {"0": 1}, "avg_over_mag": 0.0, "avg_under_mag": 0.0, "avg_over": 0.0, "avg_under": 0.0}], [[0.05, 0.1], {"acc": 0.9259259259259259, "nll": 0.29198501603169286, "mse": 0.07638508673651116, "N": 27, "over_prob": 0.0, "under_prob": 0.0, "over_counts": {"0": 27}, "under_counts": {"0": 27}, "avg_over_mag": 0.0, "avg_under_mag": 0.0, "avg_over": 0.0, "avg_under": 0.0}], [[0.1, 0.15000000000000002], {"acc": 0.8383838383838383, "nll": 0.4515027215396423, "mse": 0.138151636950739, "N": 99, "over_prob": 0.0, "under_prob": 0.0, "over_counts": {"0": 97}, "under_counts": {"0": 97}, "avg_over_mag": 0.0, "avg_under_mag": 0.0, "avg_over": 0.0, "avg_under": 0.0}], [[0.15000000000000002, 0.2], {"acc": 0.8035714285714286, "nll": 0.49890078934763527, "mse": 0.15952599256442937, "N": 168, "over_prob": 0.0, "under_prob": 0.0, "over_counts": {"0": 168}, "under_counts": {"0": 168}, "avg_over_mag": 0.0, "avg_under_mag": 0.0, "avg_over": 0.0, "avg_under": 0.0}], [[0.2, 0.25], {"acc": 0.7803030303030303, "nll": 0.5349849378700343, "mse": 0.17519145976247383, "N": 264, "over_prob": 0.0, "under_prob": 0.0, "over_counts": {"0": 260}, "under_counts": {"0": 260}, "avg_over_mag": 0.0, "avg_under_mag": 0.0, "avg_over": 0.0, "avg_under": 0.0}], [[0.25, 0.30000000000000004], {"acc": 0.6976744186046512, "nll": 0.6210178322294686, "mse": 0.2144114343693413, "N": 301, "over_prob": 0.0, "under_prob": 0.0, "over_counts": {"0": 298}, "under_counts": {"0": 298}, "avg_over_mag": 0.0, "avg_under_mag": 0.0, "avg_over": 0.0, "avg_under": 0.0}], [[0.30000000000000004, 0.35000000000000003], {"acc": 0.6459854014598541, "nll": 0.6570576314696202, "mse": 0.23158831661419754, "N": 274, "over_prob": 0.0, "under_prob": 0.0, "over_counts": {"0": 271}, "under_counts": {"0": 271}, "avg_over_mag": 0.0, "avg_under_mag": 0.0, "avg_over": 0.0, "avg_under": 0.0}], [[0.35000000000000003, 0.4], {"acc": 0.5591397849462365, "nll": 0.7162957238130588, "mse": 0.2598947038354516, "N": 372, "over_prob": 0.0, "under_prob": 0.0, "over_counts": {"0": 370}, "under_counts": {"0": 370}, "avg_over_mag": 0.0, "avg_under_mag": 0.0, "avg_over": 0.0, "avg_under": 0.0}], [[0.4, 0.45], {"acc": 0.5562770562770563, "nll": 0.697603769622727, "mse": 0.2518794585539904, "N": 462, "over_prob": 0.0, "under_prob": 0.0, "over_counts": {"0": 460}, "under_counts": {"0": 460}, "avg_over_mag": 0.0, "avg_under_mag": 0.0, "avg_over": 0.0, "avg_under": 0.0}], [[0.45, 0.5], {"acc": 0.5076923076923077, "nll": 0.7155834424208147, "mse": 0.25980960352850807, "N": 585, "over_prob": 0.0, "under_prob": 0.003478260869565264, "over_counts": {"0": 575}, "under_counts": {"0": 573, "1": 2}, "avg_over_mag": 0.0, "avg_under_mag": 1.0, "avg_over": 0.0, "avg_under": 1.0}], [[0.5, 0.55], {"acc": 0.5014409221902018, "nll": 0.715106779555412, "mse": 0.2600427329468546, "N": 694, "over_prob": 0.0, "under_prob": 0.002971768202080227, "over_counts": {"0": 673}, "under_counts": {"0": 671, "1": 2}, "avg_over_mag": 0.0, "avg_under_mag": 1.0, "avg_over": 0.0, "avg_under": 1.0}], [[0.55, 0.6000000000000001], {"acc": 0.5538656527249683, "nll": 0.6939573469797149, "mse": 0.2495576921282973, "N": 789, "over_prob": 0.0, "under_prob": 0.0066489361702127825, "over_counts": {"0": 752}, "under_counts": {"0": 747, "1": 5}, "avg_over_mag": 0.0, "avg_under_mag": 1.0, "avg_over": 0.0, "avg_under": 1.0}], [[0.6000000000000001, 0.65], {"acc": 0.6302083333333334, "nll": 0.6708518222861921, "mse": 0.23828750331313175, "N": 960, "over_prob": 0.0, "under_prob": 0.006711409395973145, "over_counts": {"0": 894}, "under_counts": {"0": 888, "1": 6}, "avg_over_mag": 0.0, "avg_under_mag": 1.0, "avg_over": 0.0, "avg_under": 1.0}], [[0.65, 0.7000000000000001], {"acc": 0.6891545687446626, "nll": 0.6266831063395485, "mse": 0.2169754933335466, "N": 1171, "over_prob": 0.0, "under_prob": 0.014150943396226467, "over_counts": {"0": 1060}, "under_counts": {"0": 1045, "1": 13, "2": 2}, "avg_over_mag": 0.0, "avg_under_mag": 1.1333333333333333, "avg_over": 0.0, "avg_under": 1.1333333333333333}], [[0.7000000000000001, 0.75], {"acc": 0.725181598062954, "nll": 0.5940833474740889, "mse": 0.20143238634696367, "N": 1652, "over_prob": 0.0, "under_prob": 0.03328710124826628, "over_counts": {"0": 1442}, "under_counts": {"0": 1394, "1": 39, "2": 6, "3": 2, "4": 1}, "avg_over_mag": 0.0, "avg_under_mag": 1.2708333333333333, "avg_over": 0.0, "avg_under": 1.2708333333333333}], [[0.75, 0.8], {"acc": 0.7811934900542495, "nll": 0.5296697821413379, "mse": 0.17223448762306928, "N": 2212, "over_prob": 0.0, "under_prob": 0.10084985835694049, "over_counts": {"0": 1765}, "under_counts": {"0": 1587, "1": 149, "2": 22, "3": 5, "6": 1, "4": 1}, "avg_over_mag": 0.0, "avg_under_mag": 1.2247191011235956, "avg_over": 0.0, "avg_under": 1.2247191011235956}], [[0.8, 0.8500000000000001], {"acc": 0.8236937692092763, "nll": 0.4724855869180197, "mse": 0.14727006203308773, "N": 3579, "over_prob": 0.0, "under_prob": 0.33431085043988273, "over_counts": {"0": 2387}, "under_counts": {"0": 1589, "1": 610, "2": 116, "3": 40, "4": 19, "5": 7, "6": 3, "7": 2, "16": 1}, "avg_over_mag": 0.0, "avg_under_mag": 1.4047619047619047, "avg_over": 0.0, "avg_under": 1.4047619047619047}], [[0.8500000000000001, 0.9], {"acc": 0.8742593811718236, "nll": 0.37834119395201377, "mse": 0.10987323821836921, "N": 6076, "over_prob": 0.3453058321479374, "under_prob": 0.0, "over_counts": {"0": 1841, "1": 759, "2": 160, "3": 35, "4": 13, "6": 4}, "under_counts": {"0": 2812}, "avg_over_mag": 1.297631307929969, "avg_under_mag": 0.0, "avg_over": 1.297631307929969, "avg_under": 0.0}], [[0.9, 0.9500000000000001], {"acc": 0.9297651476109843, "nll": 0.2567402158178359, "mse": 0.06578860381379137, "N": 13583, "over_prob": 0.07968970380818052, "under_prob": 0.0, "over_counts": {"0": 2610, "1": 188, "2": 31, "3": 6, "4": 1}, "under_counts": {"0": 2836}, "avg_over_mag": 1.2035398230088497, "avg_under_mag": 0.0, "avg_over": 1.2035398230088497, "avg_under": 0.0}], [[0.9500000000000001, 1.0], {"acc": 0.9759797181161911, "nll": 0.11417943697595943, "mse": 0.023798296329885085, "N": 23272, "over_prob": 0.03837044054950256, "under_prob": 0.0, "over_counts": {"0": 2030, "1": 67, "2": 13, "3": 1}, "under_counts": {"0": 2111}, "avg_over_mag": 1.1851851851851851, "avg_under_mag": 0.0, "avg_over": 1.1851851851851851, "avg_under": 0.0}]]}