{"over_prob": 0.6632478632478632, "under_prob": 0.2771672771672772, "over_counts": {"0": 1379, "1": 524, "2": 459, "3": 372, "4": 317, "5": 247, "6": 173, "7": 144, "8": 106, "9": 93, "10": 55, "11": 51, "12": 36, "13": 28, "14": 23, "15": 20, "17": 11, "16": 11, "19": 8, "23": 7, "21": 6, "20": 6, "18": 5, "26": 4, "25": 2, "29": 2, "22": 2, "34": 2, "24": 1, "27": 1}, "under_counts": {"0": 2960, "1": 782, "2": 230, "3": 82, "4": 25, "5": 7, "6": 6, "7": 1, "8": 1, "13": 1}, "avg_over_mag": 4.678939617083947, "avg_under_mag": 1.4863436123348017, "avg_over": 4.678939617083947, "avg_under": 1.4863436123348017, "acc": 0.8622238729417591, "auc": 0.7506262705868147, "nll": 0.3639878742521351, "mse": 0.1091029681107296, "metrics_by_prob": [[[0.0, 0.05], {"acc": NaN, "nll": NaN, "mse": NaN, "N": 0}], [[0.05, 0.1], {"acc": 0.8421052631578947, "nll": 0.49286534838081913, "mse": 0.15162516174901963, "N": 19, "over_prob": 0.0, "under_prob": 0.052631578947368474, "over_counts": {"0": 19}, "under_counts": {"0": 18, "1": 1}, "avg_over_mag": 0.0, "avg_under_mag": 1.0, "avg_over": 0.0, "avg_under": 1.0}], [[0.1, 0.15000000000000002], {"acc": 0.7554347826086957, "nll": 0.5575689024151816, "mse": 0.18263204827059862, "N": 184, "over_prob": 0.0, "under_prob": 0.05434782608695654, "over_counts": {"0": 184}, "under_counts": {"0": 174, "1": 10}, "avg_over_mag": 0.0, "avg_under_mag": 1.0, "avg_over": 0.0, "avg_under": 1.0}], [[0.15000000000000002, 0.2], {"acc": 0.5951219512195122, "nll": 0.7533146668711047, "mse": 0.2580712815248101, "N": 205, "over_prob": 0.0, "under_prob": 0.1121951219512195, "over_counts": {"0": 205}, "under_counts": {"0": 182, "1": 23}, "avg_over_mag": 0.0, "avg_under_mag": 1.0, "avg_over": 0.0, "avg_under": 1.0}], [[0.2, 0.25], {"acc": 0.5643835616438356, "nll": 0.7606331011036752, "mse": 0.2703397125727405, "N": 365, "over_prob": 0.0, "under_prob": 0.04109589041095896, "over_counts": {"0": 365}, "under_counts": {"0": 350, "1": 15}, "avg_over_mag": 0.0, "avg_under_mag": 1.0, "avg_over": 0.0, "avg_under": 1.0}], [[0.25, 0.30000000000000004], {"acc": 0.5324074074074074, "nll": 0.7527273926358768, "mse": 0.2699936567033672, "N": 216, "over_prob": 0.0, "under_prob": 0.04629629629629628, "over_counts": {"0": 216}, "under_counts": {"0": 206, "1": 10}, "avg_over_mag": 0.0, "avg_under_mag": 1.0, "avg_over": 0.0, "avg_under": 1.0}], [[0.30000000000000004, 0.35000000000000003], {"acc": 0.5088062622309197, "nll": 0.8127048712243419, "mse": 0.29050198860109827, "N": 511, "over_prob": 0.0, "under_prob": 0.07827788649706457, "over_counts": {"0": 511}, "under_counts": {"0": 471, "1": 40}, "avg_over_mag": 0.0, "avg_under_mag": 1.0, "avg_over": 0.0, "avg_under": 1.0}], [[0.35000000000000003, 0.4], {"acc": 0.5536105032822757, "nll": 0.7628042516515441, "mse": 0.27300622334490393, "N": 457, "over_prob": 0.0, "under_prob": 0.06126914660831506, "over_counts": {"0": 457}, "under_counts": {"0": 429, "1": 28}, "avg_over_mag": 0.0, "avg_under_mag": 1.0, "avg_over": 0.0, "avg_under": 1.0}], [[0.4, 0.45], {"acc": 0.4918032786885246, "nll": 0.8067945914695974, "mse": 0.290156444530301, "N": 610, "over_prob": 0.0, "under_prob": 0.06393442622950818, "over_counts": {"0": 610}, "under_counts": {"0": 571, "1": 39}, "avg_over_mag": 0.0, "avg_under_mag": 1.0, "avg_over": 0.0, "avg_under": 1.0}], [[0.45, 0.5], {"acc": 0.5061898211829436, "nll": 0.7557474778562345, "mse": 0.27340397194890653, "N": 727, "over_prob": 0.0, "under_prob": 0.05364511691884455, "over_counts": {"0": 727}, "under_counts": {"0": 688, "1": 39}, "avg_over_mag": 0.0, "avg_under_mag": 1.0, "avg_over": 0.0, "avg_under": 1.0}], [[0.5, 0.55], {"acc": 0.524609843937575, "nll": 0.7748528424668112, "mse": 0.27564849267680364, "N": 833, "over_prob": 0.0, "under_prob": 0.09950859950859947, "over_counts": {"0": 814}, "under_counts": {"0": 733, "1": 81}, "avg_over_mag": 0.0, "avg_under_mag": 1.0, "avg_over": 0.0, "avg_under": 1.0}], [[0.55, 0.6000000000000001], {"acc": 0.5509309967141293, "nll": 0.7427532994450367, "mse": 0.2622672741478617, "N": 913, "over_prob": 0.0, "under_prob": 0.06352683461117192, "over_counts": {"0": 913}, "under_counts": {"0": 855, "1": 58}, "avg_over_mag": 0.0, "avg_under_mag": 1.0, "avg_over": 0.0, "avg_under": 1.0}], [[0.6000000000000001, 0.65], {"acc": 0.6234413965087282, "nll": 0.6705377752655909, "mse": 0.23440428937724722, "N": 1203, "over_prob": 0.0, "under_prob": 0.08227311280746397, "over_counts": {"0": 1179}, "under_counts": {"0": 1082, "1": 96, "2": 1}, "avg_over_mag": 0.0, "avg_under_mag": 1.0103092783505154, "avg_over": 0.0, "avg_under": 1.0103092783505154}], [[0.65, 0.7000000000000001], {"acc": 0.6371027346637103, "nll": 0.6646382836101448, "mse": 0.2328887979434688, "N": 1353, "over_prob": 0.0, "under_prob": 0.06621519939804366, "over_counts": {"0": 1329}, "under_counts": {"0": 1241, "1": 88}, "avg_over_mag": 0.0, "avg_under_mag": 1.0, "avg_over": 0.0, "avg_under": 1.0}], [[0.7000000000000001, 0.75], {"acc": 0.7019183472700443, "nll": 0.6153676788093031, "mse": 0.21019445089660876, "N": 2033, "over_prob": 0.0, "under_prob": 0.08650137741046837, "over_counts": {"0": 1815}, "under_counts": {"0": 1658, "1": 154, "2": 2, "8": 1}, "avg_over_mag": 0.0, "avg_under_mag": 1.0573248407643312, "avg_over": 0.0, "avg_under": 1.0573248407643312}], [[0.75, 0.8], {"acc": 0.7548845470692718, "nll": 0.5692428060662117, "mse": 0.1889158114531108, "N": 2815, "over_prob": 0.0, "under_prob": 0.12467191601049865, "over_counts": {"0": 2286}, "under_counts": {"0": 2001, "1": 270, "2": 13, "4": 2}, "avg_over_mag": 0.0, "avg_under_mag": 1.0666666666666667, "avg_over": 0.0, "avg_under": 1.0666666666666667}], [[0.8, 0.8500000000000001], {"acc": 0.8134751773049645, "nll": 0.513634103104383, "mse": 0.1631881197216995, "N": 4230, "over_prob": 0.0, "under_prob": 0.21584302325581395, "over_counts": {"0": 2752}, "under_counts": {"0": 2158, "1": 515, "2": 68, "3": 8, "4": 3}, "avg_over_mag": 0.0, "avg_under_mag": 1.1565656565656566, "avg_over": 0.0, "avg_under": 1.1565656565656566}], [[0.8500000000000001, 0.9], {"acc": 0.8711631663974152, "nll": 0.41344161163743365, "mse": 0.12177183482611348, "N": 7428, "over_prob": 0.8142361111111112, "under_prob": 0.0, "over_counts": {"1": 1110, "2": 619, "0": 535, "3": 266, "4": 162, "5": 85, "6": 36, "7": 20, "8": 18, "10": 13, "9": 7, "12": 5, "13": 4}, "under_counts": {"0": 2880}, "avg_over_mag": 2.1424307036247336, "avg_under_mag": 0.0, "avg_over": 2.1424307036247336, "avg_under": 0.0}], [[0.9, 0.9500000000000001], {"acc": 0.9280625785724264, "nll": 0.29555384739019747, "mse": 0.077093377055691, "N": 14318, "over_prob": 0.7692904226444358, "under_prob": 0.0, "over_counts": {"1": 739, "0": 595, "2": 461, "3": 314, "4": 182, "5": 96, "6": 63, "7": 38, "8": 27, "9": 17, "10": 16, "11": 11, "13": 5, "12": 4, "14": 4, "15": 2, "16": 2, "18": 1, "24": 1, "17": 1}, "under_counts": {"0": 2579}, "avg_over_mag": 2.7192540322580645, "avg_under_mag": 0.0, "avg_over": 2.7192540322580645, "avg_under": 0.0}], [[0.9500000000000001, 1.0], {"acc": 0.9750013796148116, "nll": 0.1495363654140001, "mse": 0.03032573659219047, "N": 18121, "over_prob": 0.5699067909454061, "under_prob": 0.0, "over_counts": {"0": 646, "1": 359, "2": 197, "3": 110, "4": 68, "5": 42, "6": 21, "7": 15, "9": 15, "8": 11, "11": 3, "10": 3, "19": 2, "14": 2, "12": 2, "15": 2, "32": 1, "13": 1, "24": 1, "18": 1}, "under_counts": {"0": 1502}, "avg_over_mag": 2.6740654205607477, "avg_under_mag": 0.0, "avg_over": 2.6740654205607477, "avg_under": 0.0}]]}