{"auc": 0.8077309060192294, "over_prob": 0.29003168413356084, "under_prob": 0.18766756032171583, "over_counts": {"0": 2913, "1": 835, "2": 214, "3": 79, "4": 35, "5": 10, "6": 8, "9": 3, "8": 3, "7": 2, "10": 1}, "under_counts": {"0": 3333, "1": 532, "2": 123, "3": 47, "4": 24, "5": 23, "6": 9, "10": 3, "7": 3, "9": 2, "12": 2, "11": 1, "8": 1}, "avg_over_mag": 1.5235294117647058, "avg_under_mag": 1.683116883116883, "avg_over": 1.5235294117647058, "avg_under": 1.683116883116883, "acc": 0.8897461423593828, "nll": 0.29511366910974274, "mse": 0.08605931995152782, "metrics_by_prob": [[[0.0, 0.05], {"acc": 1.0, "nll": 0.15197394499929043, "mse": 0.01987799343730352, "N": 1, "over_prob": 0.0, "under_prob": 0.0, "over_counts": {"0": 1}, "under_counts": {"0": 1}, "avg_over_mag": 0.0, "avg_under_mag": 0.0, "avg_over": 0.0, "avg_under": 0.0}], [[0.05, 0.1], {"acc": 0.8928571428571429, "nll": 0.3644419630487369, "mse": 0.10217494658695178, "N": 28, "over_prob": 0.0, "under_prob": 0.0, "over_counts": {"0": 28}, "under_counts": {"0": 28}, "avg_over_mag": 0.0, "avg_under_mag": 0.0, "avg_over": 0.0, "avg_under": 0.0}], [[0.1, 0.15000000000000002], {"acc": 0.8850574712643678, "nll": 0.37877115384424104, "mse": 0.10769881997002813, "N": 87, "over_prob": 0.0, "under_prob": 0.0, "over_counts": {"0": 86}, "under_counts": {"0": 86}, "avg_over_mag": 0.0, "avg_under_mag": 0.0, "avg_over": 0.0, "avg_under": 0.0}], [[0.15000000000000002, 0.2], {"acc": 0.8242424242424242, "nll": 0.4664955616268338, "mse": 0.14580802188723294, "N": 165, "over_prob": 0.0, "under_prob": 0.0, "over_counts": {"0": 163}, "under_counts": {"0": 163}, "avg_over_mag": 0.0, "avg_under_mag": 0.0, "avg_over": 0.0, "avg_under": 0.0}], [[0.2, 0.25], {"acc": 0.788, "nll": 0.5186848121647554, "mse": 0.16798089448484507, "N": 250, "over_prob": 0.0, "under_prob": 0.0, "over_counts": {"0": 249}, "under_counts": {"0": 249}, "avg_over_mag": 0.0, "avg_under_mag": 0.0, "avg_over": 0.0, "avg_under": 0.0}], [[0.25, 0.30000000000000004], {"acc": 0.7444444444444445, "nll": 0.5751983890276596, "mse": 0.19310386148912195, "N": 270, "over_prob": 0.0, "under_prob": 0.0, "over_counts": {"0": 268}, "under_counts": {"0": 268}, "avg_over_mag": 0.0, "avg_under_mag": 0.0, "avg_over": 0.0, "avg_under": 0.0}], [[0.30000000000000004, 0.35000000000000003], {"acc": 0.6795366795366795, "nll": 0.633147088557004, "mse": 0.22041388095837722, "N": 259, "over_prob": 0.0, "under_prob": 0.0, "over_counts": {"0": 257}, "under_counts": {"0": 257}, "avg_over_mag": 0.0, "avg_under_mag": 0.0, "avg_over": 0.0, "avg_under": 0.0}], [[0.35000000000000003, 0.4], {"acc": 0.6260162601626016, "nll": 0.6647335199758486, "mse": 0.2358360808619068, "N": 369, "over_prob": 0.0, "under_prob": 0.0, "over_counts": {"0": 365}, "under_counts": {"0": 365}, "avg_over_mag": 0.0, "avg_under_mag": 0.0, "avg_over": 0.0, "avg_under": 0.0}], [[0.4, 0.45], {"acc": 0.5836734693877551, "nll": 0.6856925043585482, "mse": 0.24618128654779897, "N": 490, "over_prob": 0.0, "under_prob": 0.0, "over_counts": {"0": 482}, "under_counts": {"0": 482}, "avg_over_mag": 0.0, "avg_under_mag": 0.0, "avg_over": 0.0, "avg_under": 0.0}], [[0.45, 0.5], {"acc": 0.5321428571428571, "nll": 0.6979669728082891, "mse": 0.2518201075007746, "N": 560, "over_prob": 0.0, "under_prob": 0.0018115942028985588, "over_counts": {"0": 552}, "under_counts": {"0": 551, "1": 1}, "avg_over_mag": 0.0, "avg_under_mag": 1.0, "avg_over": 0.0, "avg_under": 1.0}], [[0.5, 0.55], {"acc": 0.4985507246376812, "nll": 0.7068682051581259, "mse": 0.25619190156446836, "N": 690, "over_prob": 0.0, "under_prob": 0.0015015015015015232, "over_counts": {"0": 666}, "under_counts": {"0": 665, "1": 1}, "avg_over_mag": 0.0, "avg_under_mag": 1.0, "avg_over": 0.0, "avg_under": 1.0}], [[0.55, 0.6000000000000001], {"acc": 0.5379746835443038, "nll": 0.7085092203428957, "mse": 0.2559940491510034, "N": 790, "over_prob": 0.0, "under_prob": 0.010540184453227908, "over_counts": {"0": 759}, "under_counts": {"0": 751, "1": 8}, "avg_over_mag": 0.0, "avg_under_mag": 1.0, "avg_over": 0.0, "avg_under": 1.0}], [[0.6000000000000001, 0.65], {"acc": 0.6493212669683258, "nll": 0.6502725858996242, "mse": 0.2286111653730528, "N": 884, "over_prob": 0.0, "under_prob": 0.010765550239234423, "over_counts": {"0": 836}, "under_counts": {"0": 827, "1": 8, "4": 1}, "avg_over_mag": 0.0, "avg_under_mag": 1.3333333333333333, "avg_over": 0.0, "avg_under": 1.3333333333333333}], [[0.65, 0.7000000000000001], {"acc": 0.6720647773279352, "nll": 0.6520491401992174, "mse": 0.2272862040073625, "N": 1235, "over_prob": 0.0, "under_prob": 0.016710642040457357, "over_counts": {"0": 1137}, "under_counts": {"0": 1118, "1": 15, "2": 1, "5": 1, "7": 1, "3": 1}, "avg_over_mag": 0.0, "avg_under_mag": 1.6842105263157894, "avg_over": 0.0, "avg_under": 1.6842105263157894}], [[0.7000000000000001, 0.75], {"acc": 0.7366790582403965, "nll": 0.581848002424897, "mse": 0.19577479282504356, "N": 1614, "over_prob": 0.0, "under_prob": 0.028490028490028463, "over_counts": {"0": 1404}, "under_counts": {"0": 1364, "1": 28, "2": 7, "3": 3, "4": 1, "5": 1}, "avg_over_mag": 0.0, "avg_under_mag": 1.5, "avg_over": 0.0, "avg_under": 1.5}], [[0.75, 0.8], {"acc": 0.761427949499347, "nll": 0.5575950674648092, "mse": 0.18369266274455895, "N": 2297, "over_prob": 0.0, "under_prob": 0.07980456026058635, "over_counts": {"0": 1842}, "under_counts": {"0": 1695, "1": 116, "2": 22, "3": 3, "6": 2, "5": 2, "8": 1, "4": 1}, "avg_over_mag": 0.0, "avg_under_mag": 1.380952380952381, "avg_over": 0.0, "avg_under": 1.380952380952381}], [[0.8, 0.8500000000000001], {"acc": 0.8326670474014849, "nll": 0.4587995117545111, "mse": 0.14165450049089637, "N": 3502, "over_prob": 0.0, "under_prob": 0.3002555366269165, "over_counts": {"0": 2348}, "under_counts": {"0": 1643, "1": 542, "2": 102, "3": 32, "4": 17, "5": 7, "6": 4, "10": 1}, "avg_over_mag": 0.0, "avg_under_mag": 1.3886524822695034, "avg_over": 0.0, "avg_under": 1.3886524822695034}], [[0.8500000000000001, 0.9], {"acc": 0.8768365114098156, "nll": 0.3775767020373807, "mse": 0.10913440444388622, "N": 6398, "over_prob": 0.36077481840193704, "under_prob": 0.0, "over_counts": {"0": 1848, "1": 800, "2": 166, "3": 51, "4": 16, "6": 3, "5": 2, "7": 2, "9": 2, "8": 1}, "under_counts": {"0": 2891}, "avg_over_mag": 1.3585810162991372, "avg_under_mag": 0.0, "avg_over": 1.3585810162991372, "avg_under": 0.0}], [[0.9, 0.9500000000000001], {"acc": 0.9310369167784287, "nll": 0.254018490258026, "mse": 0.06481066534827694, "N": 14167, "over_prob": 0.08912594631796289, "under_prob": 0.0, "over_counts": {"0": 2647, "1": 222, "2": 28, "3": 8, "4": 1}, "under_counts": {"0": 2906}, "avg_over_mag": 1.1814671814671815, "avg_under_mag": 0.0, "avg_over": 1.1814671814671815, "avg_under": 0.0}], [[0.9500000000000001, 1.0], {"acc": 0.9729230491980537, "nll": 0.12573177221693133, "mse": 0.02669842409878497, "N": 22196, "over_prob": 0.03558394160583944, "under_prob": 0.0, "over_counts": {"0": 2114, "1": 68, "2": 8, "3": 2}, "under_counts": {"0": 2192}, "avg_over_mag": 1.1538461538461537, "avg_under_mag": 0.0, "avg_over": 1.1538461538461537, "avg_under": 0.0}]]}