{"auc": 0.8209493985267521, "over_prob": 0.124810510358767, "under_prob": 0.1111672561899949, "over_counts": {"0": 3464, "1": 452, "2": 36, "3": 6}, "under_counts": {"0": 3518, "1": 374, "2": 50, "3": 12, "4": 2, "5": 2}, "avg_over_mag": 1.097165991902834, "avg_under_mag": 1.2, "avg_over": 1.097165991902834, "avg_under": 1.2, "acc": 0.891354398941281, "nll": 0.2866662070685439, "mse": 0.08383604566436642, "metrics_by_prob": [[[0.0, 0.05], {"acc": NaN, "nll": NaN, "mse": NaN, "N": 0}], [[0.05, 0.1], {"acc": 0.9583333333333334, "nll": 0.19787796713135267, "mse": 0.04395576559007793, "N": 24, "over_prob": 0.0, "under_prob": 0.0, "over_counts": {"0": 24}, "under_counts": {"0": 24}, "avg_over_mag": 0.0, "avg_under_mag": 0.0, "avg_over": 0.0, "avg_under": 0.0}], [[0.1, 0.15000000000000002], {"acc": 0.9157894736842105, "nll": 0.30821232433937795, "mse": 0.08135912471938958, "N": 95, "over_prob": 0.0, "under_prob": 0.0, "over_counts": {"0": 94}, "under_counts": {"0": 94}, "avg_over_mag": 0.0, "avg_under_mag": 0.0, "avg_over": 0.0, "avg_under": 0.0}], [[0.15000000000000002, 0.2], {"acc": 0.7870967741935484, "nll": 0.5248743027951656, "mse": 0.1694794714299249, "N": 155, "over_prob": 0.0, "under_prob": 0.0, "over_counts": {"0": 152}, "under_counts": {"0": 152}, "avg_over_mag": 0.0, "avg_under_mag": 0.0, "avg_over": 0.0, "avg_under": 0.0}], [[0.2, 0.25], {"acc": 0.7886178861788617, "nll": 0.518519623848782, "mse": 0.16774841516156277, "N": 246, "over_prob": 0.0, "under_prob": 0.0, "over_counts": {"0": 243}, "under_counts": {"0": 243}, "avg_over_mag": 0.0, "avg_under_mag": 0.0, "avg_over": 0.0, "avg_under": 0.0}], [[0.25, 0.30000000000000004], {"acc": 0.7310606060606061, "nll": 0.5777594073853537, "mse": 0.1948476776025964, "N": 264, "over_prob": 0.0, "under_prob": 0.0, "over_counts": {"0": 262}, "under_counts": {"0": 262}, "avg_over_mag": 0.0, "avg_under_mag": 0.0, "avg_over": 0.0, "avg_under": 0.0}], [[0.30000000000000004, 0.35000000000000003], {"acc": 0.6837944664031621, "nll": 0.6277093146417977, "mse": 0.21775428289024712, "N": 253, "over_prob": 0.0, "under_prob": 0.0, "over_counts": {"0": 250}, "under_counts": {"0": 250}, "avg_over_mag": 0.0, "avg_under_mag": 0.0, "avg_over": 0.0, "avg_under": 0.0}], [[0.35000000000000003, 0.4], {"acc": 0.647887323943662, "nll": 0.6544152657220789, "mse": 0.23075245628668514, "N": 355, "over_prob": 0.0, "under_prob": 0.0, "over_counts": {"0": 354}, "under_counts": {"0": 354}, "avg_over_mag": 0.0, "avg_under_mag": 0.0, "avg_over": 0.0, "avg_under": 0.0}], [[0.4, 0.45], {"acc": 0.579520697167756, "nll": 0.6808312683545423, "mse": 0.24385354727106792, "N": 459, "over_prob": 0.0, "under_prob": 0.0, "over_counts": {"0": 454}, "under_counts": {"0": 454}, "avg_over_mag": 0.0, "avg_under_mag": 0.0, "avg_over": 0.0, "avg_under": 0.0}], [[0.45, 0.5], {"acc": 0.5008605851979346, "nll": 0.6902900373809373, "mse": 0.24859120439958474, "N": 581, "over_prob": 0.0, "under_prob": 0.0, "over_counts": {"0": 563}, "under_counts": {"0": 563}, "avg_over_mag": 0.0, "avg_under_mag": 0.0, "avg_over": 0.0, "avg_under": 0.0}], [[0.5, 0.55], {"acc": 0.5377358490566038, "nll": 0.6877956957313848, "mse": 0.2473369686511541, "N": 636, "over_prob": 0.0, "under_prob": 0.0, "over_counts": {"0": 619}, "under_counts": {"0": 619}, "avg_over_mag": 0.0, "avg_under_mag": 0.0, "avg_over": 0.0, "avg_under": 0.0}], [[0.55, 0.6000000000000001], {"acc": 0.5521235521235521, "nll": 0.6885562509917469, "mse": 0.24767188327645365, "N": 777, "over_prob": 0.0, "under_prob": 0.0, "over_counts": {"0": 739}, "under_counts": {"0": 739}, "avg_over_mag": 0.0, "avg_under_mag": 0.0, "avg_over": 0.0, "avg_under": 0.0}], [[0.6000000000000001, 0.65], {"acc": 0.6254107338444688, "nll": 0.6661003729354109, "mse": 0.23646515919389585, "N": 913, "over_prob": 0.0, "under_prob": 0.0, "over_counts": {"0": 867}, "under_counts": {"0": 867}, "avg_over_mag": 0.0, "avg_under_mag": 0.0, "avg_over": 0.0, "avg_under": 0.0}], [[0.65, 0.7000000000000001], {"acc": 0.676131322094055, "nll": 0.6322142626612618, "mse": 0.2200886082527724, "N": 1127, "over_prob": 0.0, "under_prob": 0.0, "over_counts": {"0": 1038}, "under_counts": {"0": 1038}, "avg_over_mag": 0.0, "avg_under_mag": 0.0, "avg_over": 0.0, "avg_under": 0.0}], [[0.7000000000000001, 0.75], {"acc": 0.7273303741280913, "nll": 0.5883940831125687, "mse": 0.19928686547220312, "N": 1577, "over_prob": 0.0, "under_prob": 0.0, "over_counts": {"0": 1388}, "under_counts": {"0": 1388}, "avg_over_mag": 0.0, "avg_under_mag": 0.0, "avg_over": 0.0, "avg_under": 0.0}], [[0.75, 0.8], {"acc": 0.7826896230805026, "nll": 0.5249343289539004, "mse": 0.1706022538323097, "N": 2149, "over_prob": 0.0, "under_prob": 0.0017740981667652145, "over_counts": {"0": 1691}, "under_counts": {"0": 1688, "1": 3}, "avg_over_mag": 0.0, "avg_under_mag": 1.0, "avg_over": 0.0, "avg_under": 1.0}], [[0.8, 0.8500000000000001], {"acc": 0.8209876543209876, "nll": 0.46984661861545396, "mse": 0.14697592825861547, "N": 3402, "over_prob": 0.0, "under_prob": 0.19589468987059344, "over_counts": {"0": 2241}, "under_counts": {"0": 1802, "1": 374, "2": 50, "3": 11, "4": 2, "5": 2}, "avg_over_mag": 0.0, "avg_under_mag": 1.1958997722095672, "avg_over": 0.0, "avg_under": 1.1958997722095672}], [[0.8500000000000001, 0.9], {"acc": 0.8762236601957857, "nll": 0.37523517981927285, "mse": 0.10866281314118607, "N": 6027, "over_prob": 0.1778499278499278, "under_prob": 0.0, "over_counts": {"0": 2279, "1": 451, "2": 37, "3": 5}, "under_counts": {"0": 2772}, "avg_over_mag": 1.0953346855983772, "avg_under_mag": 0.0, "avg_over": 1.0953346855983772, "avg_under": 0.0}], [[0.9, 0.9500000000000001], {"acc": 0.9309960632845576, "nll": 0.2501998230231006, "mse": 0.06414613937004177, "N": 13463, "over_prob": 0.0007171029042667421, "under_prob": 0.0, "over_counts": {"0": 2787, "1": 2}, "under_counts": {"0": 2789}, "avg_over_mag": 1.0, "avg_under_mag": 0.0, "avg_over": 1.0, "avg_under": 0.0}], [[0.9500000000000001, 1.0], {"acc": 0.9730779415658929, "nll": 0.12071471752317033, "mse": 0.026050389109798344, "N": 22658, "over_prob": 0.0, "under_prob": 0.0, "over_counts": {"0": 2098}, "under_counts": {"0": 2098}, "avg_over_mag": 0.0, "avg_under_mag": 0.0, "avg_over": 0.0, "avg_under": 0.0}]]}