{"over_prob": 0.5841334007074279, "under_prob": 0.2923193532086913, "over_counts": {"0": 1646, "1": 490, "2": 438, "3": 318, "4": 225, "5": 173, "6": 143, "7": 108, "8": 79, "10": 60, "9": 56, "11": 50, "13": 36, "12": 32, "14": 20, "16": 20, "15": 16, "18": 8, "17": 8, "19": 5, "20": 5, "21": 4, "24": 4, "25": 3, "34": 2, "28": 2, "23": 2, "27": 1, "29": 1, "36": 1, "22": 1, "26": 1}, "under_counts": {"0": 2801, "1": 654, "2": 247, "3": 114, "4": 52, "5": 34, "6": 20, "7": 12, "10": 7, "8": 5, "9": 5, "11": 2, "17": 1, "13": 1, "14": 1, "22": 1, "19": 1}, "avg_over_mag": 4.635380622837371, "avg_under_mag": 2.0172860847018153, "avg_over": 4.635380622837371, "avg_under": 2.0172860847018153, "acc": 0.8184768223926325, "auc": 0.8064936944570068, "nll": 0.4202597511388811, "mse": 0.13197596295190644, "metrics_by_prob": [[[0.0, 0.05], {"acc": 0.9737762237762237, "nll": 0.2112784123727679, "mse": 0.04536637110889339, "N": 572, "over_prob": 0.0, "under_prob": 0.0, "over_counts": {"0": 204}, "under_counts": {"0": 204}, "avg_over_mag": 0.0, "avg_under_mag": 0.0, "avg_over": 0.0, "avg_under": 0.0}], [[0.05, 0.1], {"acc": 0.9063545150501672, "nll": 0.35956033579531127, "mse": 0.10118096907768084, "N": 598, "over_prob": 0.0, "under_prob": 0.0073260073260073, "over_counts": {"0": 273}, "under_counts": {"0": 271, "1": 2}, "avg_over_mag": 0.0, "avg_under_mag": 1.0, "avg_over": 0.0, "avg_under": 1.0}], [[0.1, 0.15000000000000002], {"acc": 0.8259212198221093, "nll": 0.47709256220896074, "mse": 0.14905842654351764, "N": 787, "over_prob": 0.0, "under_prob": 0.013477088948787075, "over_counts": {"0": 371}, "under_counts": {"0": 366, "1": 5}, "avg_over_mag": 0.0, "avg_under_mag": 1.0, "avg_over": 0.0, "avg_under": 1.0}], [[0.15000000000000002, 0.2], {"acc": 0.7439724454649828, "nll": 0.5886319092023836, "mse": 0.19777970569651315, "N": 871, "over_prob": 0.0, "under_prob": 0.02320675105485237, "over_counts": {"0": 474}, "under_counts": {"0": 463, "1": 11}, "avg_over_mag": 0.0, "avg_under_mag": 1.0, "avg_over": 0.0, "avg_under": 1.0}], [[0.2, 0.25], {"acc": 0.6578680203045685, "nll": 0.6580833929668911, "mse": 0.22777185081470427, "N": 985, "over_prob": 0.0, "under_prob": 0.03786574870912218, "over_counts": {"0": 581}, "under_counts": {"0": 559, "1": 20, "2": 1, "3": 1}, "avg_over_mag": 0.0, "avg_under_mag": 1.1363636363636365, "avg_over": 0.0, "avg_under": 1.1363636363636365}], [[0.25, 0.30000000000000004], {"acc": 0.5899795501022495, "nll": 0.7124030174349147, "mse": 0.2530547031144312, "N": 978, "over_prob": 0.0, "under_prob": 0.03675344563552829, "over_counts": {"0": 653}, "under_counts": {"0": 629, "1": 22, "2": 2}, "avg_over_mag": 0.0, "avg_under_mag": 1.0833333333333333, "avg_over": 0.0, "avg_under": 1.0833333333333333}], [[0.30000000000000004, 0.35000000000000003], {"acc": 0.54510556621881, "nll": 0.7370880273220685, "mse": 0.2653747920476858, "N": 1042, "over_prob": 0.0, "under_prob": 0.040995607613469986, "over_counts": {"0": 683}, "under_counts": {"0": 655, "1": 28}, "avg_over_mag": 0.0, "avg_under_mag": 1.0, "avg_over": 0.0, "avg_under": 1.0}], [[0.35000000000000003, 0.4], {"acc": 0.497131931166348, "nll": 0.779995017594036, "mse": 0.2838641249545294, "N": 1046, "over_prob": 0.0, "under_prob": 0.04502046384720326, "over_counts": {"0": 733}, "under_counts": {"0": 700, "1": 32, "2": 1}, "avg_over_mag": 0.0, "avg_under_mag": 1.0303030303030303, "avg_over": 0.0, "avg_under": 1.0303030303030303}], [[0.4, 0.45], {"acc": 0.5120068610634648, "nll": 0.7589925948773958, "mse": 0.27494154696702433, "N": 1166, "over_prob": 0.0, "under_prob": 0.05970149253731338, "over_counts": {"0": 804}, "under_counts": {"0": 756, "1": 44, "2": 4}, "avg_over_mag": 0.0, "avg_under_mag": 1.0833333333333333, "avg_over": 0.0, "avg_under": 1.0833333333333333}], [[0.45, 0.5], {"acc": 0.5052802599512591, "nll": 0.7586309599847122, "mse": 0.27484248790328253, "N": 1231, "over_prob": 0.0, "under_prob": 0.07403055229142186, "over_counts": {"0": 851}, "under_counts": {"0": 788, "1": 53, "2": 6, "3": 2, "4": 2}, "avg_over_mag": 0.0, "avg_under_mag": 1.253968253968254, "avg_over": 0.0, "avg_under": 1.253968253968254}], [[0.5, 0.55], {"acc": 0.46694560669456064, "nll": 0.7837491341272115, "mse": 0.28656172153622367, "N": 1195, "over_prob": 0.0, "under_prob": 0.06957547169811318, "over_counts": {"0": 848}, "under_counts": {"0": 789, "1": 53, "2": 5, "6": 1}, "avg_over_mag": 0.0, "avg_under_mag": 1.1694915254237288, "avg_over": 0.0, "avg_under": 1.1694915254237288}], [[0.55, 0.6000000000000001], {"acc": 0.5201863354037267, "nll": 0.7545530306641098, "mse": 0.27226641696342474, "N": 1288, "over_prob": 0.0, "under_prob": 0.09090909090909094, "over_counts": {"0": 957}, "under_counts": {"0": 870, "1": 77, "2": 8, "3": 2}, "avg_over_mag": 0.0, "avg_under_mag": 1.1379310344827587, "avg_over": 0.0, "avg_under": 1.1379310344827587}], [[0.6000000000000001, 0.65], {"acc": 0.5542253521126761, "nll": 0.7146631489033731, "mse": 0.2557006552192302, "N": 1420, "over_prob": 0.0, "under_prob": 0.11296660117878188, "over_counts": {"0": 1018}, "under_counts": {"0": 903, "1": 102, "2": 9, "3": 2, "4": 2}, "avg_over_mag": 0.0, "avg_under_mag": 1.1652173913043478, "avg_over": 0.0, "avg_under": 1.1652173913043478}], [[0.65, 0.7000000000000001], {"acc": 0.6162448499117128, "nll": 0.6966594783713079, "mse": 0.24440114971072152, "N": 1699, "over_prob": 0.0, "under_prob": 0.12671509281678772, "over_counts": {"0": 1239}, "under_counts": {"0": 1082, "1": 136, "2": 13, "3": 7, "4": 1}, "avg_over_mag": 0.0, "avg_under_mag": 1.1910828025477707, "avg_over": 0.0, "avg_under": 1.1910828025477707}], [[0.7000000000000001, 0.75], {"acc": 0.6584599266631744, "nll": 0.652948495239948, "mse": 0.2261015917814578, "N": 1909, "over_prob": 0.0, "under_prob": 0.15076474872541878, "over_counts": {"0": 1373}, "under_counts": {"0": 1166, "1": 180, "2": 18, "3": 5, "4": 3, "5": 1}, "avg_over_mag": 0.0, "avg_under_mag": 1.1980676328502415, "avg_over": 0.0, "avg_under": 1.1980676328502415}], [[0.75, 0.8], {"acc": 0.7286761868004631, "nll": 0.6019193985652916, "mse": 0.20124355243292233, "N": 2591, "over_prob": 0.0, "under_prob": 0.21030557219892154, "over_counts": {"0": 1669}, "under_counts": {"0": 1318, "1": 280, "2": 51, "3": 10, "4": 7, "9": 1, "5": 1, "7": 1}, "avg_over_mag": 0.0, "avg_under_mag": 1.3133903133903133, "avg_over": 0.0, "avg_under": 1.3133903133903133}], [[0.8, 0.8500000000000001], {"acc": 0.7955056179775281, "nll": 0.5210478242606952, "mse": 0.16722268666874782, "N": 3560, "over_prob": 0.0, "under_prob": 0.3153692614770459, "over_counts": {"0": 2004}, "under_counts": {"0": 1372, "1": 472, "2": 111, "3": 32, "4": 10, "6": 3, "5": 3, "11": 1}, "avg_over_mag": 0.0, "avg_under_mag": 1.3829113924050633, "avg_over": 0.0, "avg_under": 1.3829113924050633}], [[0.8500000000000001, 0.9], {"acc": 0.8592632331902719, "nll": 0.4306366608819682, "mse": 0.12968435123011632, "N": 5592, "over_prob": 0.7894507410636443, "under_prob": 0.0, "over_counts": {"1": 987, "0": 483, "2": 422, "3": 170, "4": 99, "5": 47, "6": 41, "7": 17, "8": 11, "10": 5, "11": 5, "9": 4, "13": 1, "20": 1, "12": 1}, "under_counts": {"0": 2294}, "avg_over_mag": 1.9939260077305356, "avg_under_mag": 0.0, "avg_over": 1.9939260077305356, "avg_under": 0.0}], [[0.9, 0.9500000000000001], {"acc": 0.9242838898011312, "nll": 0.30831431326834796, "mse": 0.08225755329058096, "N": 10962, "over_prob": 0.763206672845227, "under_prob": 0.0, "over_counts": {"1": 594, "0": 511, "2": 430, "3": 217, "4": 142, "5": 85, "6": 70, "7": 35, "8": 25, "9": 18, "10": 12, "12": 6, "14": 3, "11": 3, "13": 2, "16": 2, "19": 1, "15": 1, "18": 1}, "under_counts": {"0": 2158}, "avg_over_mag": 2.7334547662416515, "avg_under_mag": 0.0, "avg_over": 2.7334547662416515, "avg_under": 0.0}], [[0.9500000000000001, 1.0], {"acc": 0.9728125598315145, "nll": 0.1694078901023625, "mse": 0.03529129180286148, "N": 15669, "over_prob": 0.6493078444297957, "under_prob": 0.0, "over_counts": {"0": 532, "1": 385, "2": 240, "3": 136,