{"auc": 0.853857029095618, "over_prob": 0.2745859213250518, "under_prob": 0.17779503105590067, "over_counts": {"0": 2803, "1": 520, "2": 241, "3": 118, "4": 80, "5": 49, "7": 21, "6": 15, "8": 6, "11": 5, "9": 2, "10": 2, "13": 1, "14": 1}, "under_counts": {"0": 3177, "1": 355, "2": 150, "3": 70, "4": 31, "5": 28, "6": 20, "8": 9, "7": 7, "10": 5, "12": 5, "9": 3, "11": 2, "18": 1, "13": 1}, "avg_over_mag": 2.1922714420358154, "avg_under_mag": 2.2707423580786026, "avg_over": 2.1922714420358154, "avg_under": 2.2707423580786026, "acc": 0.8232312140844039, "nll": 0.39597421070677175, "mse": 0.1254394307601113, "metrics_by_prob": [[[0.0, 0.05], {"acc": 0.9746070133010882, "nll": 0.12299314043816464, "mse": 0.02622050616007293, "N": 827, "over_prob": 0.0, "under_prob": 0.0, "over_counts": {"0": 248}, "under_counts": {"0": 248}, "avg_over_mag": 0.0, "avg_under_mag": 0.0, "avg_over": 0.0, "avg_under": 0.0}], [[0.05, 0.1], {"acc": 0.9087248322147651, "nll": 0.308074582154727, "mse": 0.08459722263890303, "N": 745, "over_prob": 0.0, "under_prob": 0.0028248587570621764, "over_counts": {"0": 354}, "under_counts": {"0": 353, "18": 1}, "avg_over_mag": 0.0, "avg_under_mag": 18.0, "avg_over": 0.0, "avg_under": 18.0}], [[0.1, 0.15000000000000002], {"acc": 0.8422897196261683, "nll": 0.4466302808566423, "mse": 0.13486329276763176, "N": 856, "over_prob": 0.0, "under_prob": 0.0, "over_counts": {"0": 474}, "under_counts": {"0": 474}, "avg_over_mag": 0.0, "avg_under_mag": 0.0, "avg_over": 0.0, "avg_under": 0.0}], [[0.15000000000000002, 0.2], {"acc": 0.8039525691699605, "nll": 0.49390891485862387, "mse": 0.1566549593705816, "N": 1265, "over_prob": 0.0, "under_prob": 0.0, "over_counts": {"0": 638}, "under_counts": {"0": 638}, "avg_over_mag": 0.0, "avg_under_mag": 0.0, "avg_over": 0.0, "avg_under": 0.0}], [[0.2, 0.25], {"acc": 0.7255244755244755, "nll": 0.5769165234781892, "mse": 0.19350356356047616, "N": 1144, "over_prob": 0.0, "under_prob": 0.0, "over_counts": {"0": 655}, "under_counts": {"0": 655}, "avg_over_mag": 0.0, "avg_under_mag": 0.0, "avg_over": 0.0, "avg_under": 0.0}], [[0.25, 0.30000000000000004], {"acc": 0.6433179723502304, "nll": 0.6605132782039936, "mse": 0.23071409522475247, "N": 1085, "over_prob": 0.0, "under_prob": 0.0, "over_counts": {"0": 686}, "under_counts": {"0": 686}, "avg_over_mag": 0.0, "avg_under_mag": 0.0, "avg_over": 0.0, "avg_under": 0.0}], [[0.30000000000000004, 0.35000000000000003], {"acc": 0.6157167530224525, "nll": 0.7077976335051102, "mse": 0.24981596618936294, "N": 1158, "over_prob": 0.0, "under_prob": 0.001293661060802087, "over_counts": {"0": 773}, "under_counts": {"0": 772, "2": 1}, "avg_over_mag": 0.0, "avg_under_mag": 2.0, "avg_over": 0.0, "avg_under": 2.0}], [[0.35000000000000003, 0.4], {"acc": 0.5473515248796148, "nll": 0.7203374917727596, "mse": 0.2600823277689827, "N": 1246, "over_prob": 0.0, "under_prob": 0.0023041474654378336, "over_counts": {"0": 868}, "under_counts": {"0": 866, "1": 2}, "avg_over_mag": 0.0, "avg_under_mag": 1.0, "avg_over": 0.0, "avg_under": 1.0}], [[0.4, 0.45], {"acc": 0.5211267605633803, "nll": 0.7398759452346346, "mse": 0.26939035857139937, "N": 1278, "over_prob": 0.0, "under_prob": 0.0044296788482834915, "over_counts": {"0": 903}, "under_counts": {"0": 899, "1": 3, "2": 1}, "avg_over_mag": 0.0, "avg_under_mag": 1.25, "avg_over": 0.0, "avg_under": 1.25}], [[0.45, 0.5], {"acc": 0.48764044943820223, "nll": 0.7553428894964409, "mse": 0.27680071244724996, "N": 1335, "over_prob": 0.0, "under_prob": 0.008213552361396315, "over_counts": {"0": 974}, "under_counts": {"0": 966, "1": 4, "3": 2, "2": 1, "4": 1}, "avg_over_mag": 0.0, "avg_under_mag": 2.0, "avg_over": 0.0, "avg_under": 2.0}], [[0.5, 0.55], {"acc": 0.5125838926174496, "nll": 0.7330724929840462, "mse": 0.2672011628677187, "N": 1192, "over_prob": 0.0, "under_prob": 0.0077605321507761005, "over_counts": {"0": 902}, "under_counts": {"0": 895, "1": 6, "2": 1}, "avg_over_mag": 0.0, "avg_under_mag": 1.1428571428571428, "avg_over": 0.0, "avg_under": 1.1428571428571428}], [[0.55, 0.6000000000000001], {"acc": 0.5342987804878049, "nll": 0.7326999651570618, "mse": 0.2661938097309856, "N": 1312, "over_prob": 0.0, "under_prob": 0.01778242677824271, "over_counts": {"0": 956}, "under_counts": {"0": 939, "1": 10, "2": 4, "3": 2, "5": 1}, "avg_over_mag": 0.0, "avg_under_mag": 1.7058823529411764, "avg_over": 0.0, "avg_under": 1.7058823529411764}], [[0.6000000000000001, 0.65], {"acc": 0.5979381443298969, "nll": 0.695183498881229, "mse": 0.24840688359331842, "N": 1552, "over_prob": 0.0, "under_prob": 0.025316455696202556, "over_counts": {"0": 1106}, "under_counts": {"0": 1078, "1": 23, "2": 2, "3": 2, "6": 1}, "avg_over_mag": 0.0, "avg_under_mag": 1.3928571428571428, "avg_over": 0.0, "avg_under": 1.3928571428571428}], [[0.65, 0.7000000000000001], {"acc": 0.6485260770975056, "nll": 0.6605625522810432, "mse": 0.23144824619097215, "N": 1764, "over_prob": 0.0, "under_prob": 0.03534136546184741, "over_counts": {"0": 1245}, "under_counts": {"0": 1201, "1": 33, "2": 8, "3": 2, "4": 1}, "avg_over_mag": 0.0, "avg_under_mag": 1.3409090909090908, "avg_over": 0.0, "avg_under": 1.3409090909090908}], [[0.7000000000000001, 0.75], {"acc": 0.711493718008376, "nll": 0.6173852843911986, "mse": 0.2106996833305151, "N": 2149, "over_prob": 0.0, "under_prob": 0.047717842323651505, "over_counts": {"0": 1446}, "under_counts": {"0": 1377, "1": 51, "2": 12, "3": 4, "4": 2}, "avg_over_mag": 0.0, "avg_under_mag": 1.3768115942028984, "avg_over": 0.0, "avg_under": 1.3768115942028984}], [[0.75, 0.8], {"acc": 0.7694577646624862, "nll": 0.5486879721202763, "mse": 0.18030704227867617, "N": 2711, "over_prob": 0.0, "under_prob": 0.11726954492415398, "over_counts": {"0": 1714}, "under_counts": {"0": 1513, "1": 150, "2": 32, "3": 10, "4": 4, "5": 3, "6": 1, "7": 1}, "avg_over_mag": 0.0, "avg_under_mag": 1.4328358208955223, "avg_over": 0.0, "avg_under": 1.4328358208955223}], [[0.8, 0.8500000000000001], {"acc": 0.8203247773703509, "nll": 0.48036720205898537, "mse": 0.15035309071564515, "N": 3818, "over_prob": 0.0, "under_prob": 0.3025510204081633, "over_counts": {"0": 1960}, "under_counts": {"0": 1367, "1": 383, "2": 128, "3": 37, "4": 19, "5": 9, "6": 5, "7": 4, "8": 4, "9": 2, "10": 2}, "avg_over_mag": 0.0, "avg_under_mag": 1.684654300168634, "avg_over": 0.0, "avg_under": 1.684654300168634}], [[0.8500000000000001, 0.9], {"acc": 0.8800067888662594, "nll": 0.37286660160891816, "mse": 0.10734699174325478, "N": 5892, "over_prob": 0.49407302038880985, "under_prob": 0.0, "over_counts": {"0": 1067, "1": 547, "2": 273, "3": 101, "4": 55, "5": 34, "6": 12, "7": 9, "8": 4, "10": 3, "11": 2, "13": 1, "9": 1}, "under_counts": {"0": 2109}, "avg_over_mag": 1.9452975047984644, "avg_under_mag": 0.0, "avg_over": 1.9452975047984644, "avg_under": 0.0}], [[0.9, 0.9500000000000001], {"acc": 0.9265648567119156, "nll": 0.2647119060023985, "mse": 0.0685155958252399, "N": 10608, "over_prob": 0.10341261633919341, "under_prob": 0.0, "over_counts": {"0": 1734, "1": 137, "2": 43, "3": 11, "4": 5, "5": 3, "6": 1}, "under_counts": {"0": 1934}, "avg_over_mag": 1.485, "avg_under_mag": 0.0, "avg_over": 1.485, "avg_under": 0.0}], [[0.9500000000000001, 1.0], {"acc": 0.9741833923652106, "nll": 0.11949200892065699, "mse": 0.025232596130214405, "N": 12705, "over_prob": 0.0015408320493066618, "under_prob": 0.0, "over_counts": {"0": 1296, "1": 2}, "under_counts": {"0": 1298}, "avg_over_mag": 1.0, "avg_under_mag": 0.0, "avg_over": 1.0, "avg_under": 0.0}]]}