{"over_prob": 0.717948717948718, "under_prob": 0.23292595255212079, "over_counts": {"0": 1177, "1": 506, "2": 459, "3": 375, "4": 346, "5": 238, "6": 199, "7": 155, "8": 121, "9": 117, "10": 98, "11": 67, "12": 55, "13": 52, "14": 34, "16": 26, "17": 23, "15": 21, "20": 18, "19": 14, "18": 12, "25": 7, "21": 7, "28": 5, "26": 5, "22": 5, "24": 5, "23": 4, "36": 3, "41": 3, "32": 2, "37": 2, "44": 2, "40": 1, "84": 1, "56": 1, "33": 1, "43": 1, "35": 1, "34": 1, "27": 1, "42": 1, "30": 1}, "under_counts": {"0": 3201, "1": 716, "2": 183, "3": 52, "4": 12, "5": 8, "6": 1}, "avg_over_mag": 5.577770360480641, "avg_under_mag": 1.3703703703703705, "avg_over": 5.577770360480641, "avg_under": 1.3703703703703705, "acc": 0.8724698166641824, "auc": 0.7558195568057907, "nll": 0.3488831163422074, "mse": 0.10276766117116691, "metrics_by_prob": [[[0.0, 0.05], {"acc": NaN, "nll": NaN, "mse": NaN, "N": 0}], [[0.05, 0.1], {"acc": 0.7368421052631579, "nll": 0.6731806404312188, "mse": 0.22331623119115226, "N": 19, "over_prob": 0.0, "under_prob": 0.052631578947368474, "over_counts": {"0": 19}, "under_counts": {"0": 18, "1": 1}, "avg_over_mag": 0.0, "avg_under_mag": 1.0, "avg_over": 0.0, "avg_under": 1.0}], [[0.1, 0.15000000000000002], {"acc": 0.7, "nll": 0.6276400058094107, "mse": 0.20841679391869017, "N": 190, "over_prob": 0.0, "under_prob": 0.015789473684210575, "over_counts": {"0": 190}, "under_counts": {"0": 187, "1": 3}, "avg_over_mag": 0.0, "avg_under_mag": 1.0, "avg_over": 0.0, "avg_under": 1.0}], [[0.15000000000000002, 0.2], {"acc": 0.5797101449275363, "nll": 0.7873340717803096, "mse": 0.28139287534021484, "N": 207, "over_prob": 0.0, "under_prob": 0.04347826086956519, "over_counts": {"0": 207}, "under_counts": {"0": 198, "1": 9}, "avg_over_mag": 0.0, "avg_under_mag": 1.0, "avg_over": 0.0, "avg_under": 1.0}], [[0.2, 0.25], {"acc": 0.536, "nll": 0.7659391478276043, "mse": 0.27470372822740674, "N": 375, "over_prob": 0.0, "under_prob": 0.03733333333333333, "over_counts": {"0": 375}, "under_counts": {"0": 361, "1": 14}, "avg_over_mag": 0.0, "avg_under_mag": 1.0, "avg_over": 0.0, "avg_under": 1.0}], [[0.25, 0.30000000000000004], {"acc": 0.49327354260089684, "nll": 0.7988918967761298, "mse": 0.28996054275536753, "N": 223, "over_prob": 0.0, "under_prob": 0.053811659192825156, "over_counts": {"0": 223}, "under_counts": {"0": 211, "1": 12}, "avg_over_mag": 0.0, "avg_under_mag": 1.0, "avg_over": 0.0, "avg_under": 1.0}], [[0.30000000000000004, 0.35000000000000003], {"acc": 0.5305343511450382, "nll": 0.7611582393157933, "mse": 0.2734549747829221, "N": 524, "over_prob": 0.0, "under_prob": 0.04580152671755722, "over_counts": {"0": 524}, "under_counts": {"0": 500, "1": 24}, "avg_over_mag": 0.0, "avg_under_mag": 1.0, "avg_over": 0.0, "avg_under": 1.0}], [[0.35000000000000003, 0.4], {"acc": 0.4957081545064378, "nll": 0.7942771490659366, "mse": 0.28792196502484396, "N": 466, "over_prob": 0.0, "under_prob": 0.05579399141630903, "over_counts": {"0": 466}, "under_counts": {"0": 440, "1": 26}, "avg_over_mag": 0.0, "avg_under_mag": 1.0, "avg_over": 0.0, "avg_under": 1.0}], [[0.4, 0.45], {"acc": 0.4702194357366771, "nll": 0.8147311436770653, "mse": 0.29645945185553413, "N": 638, "over_prob": 0.0, "under_prob": 0.07836990595611282, "over_counts": {"0": 638}, "under_counts": {"0": 588, "1": 50}, "avg_over_mag": 0.0, "avg_under_mag": 1.0, "avg_over": 0.0, "avg_under": 1.0}], [[0.45, 0.5], {"acc": 0.499330655957162, "nll": 0.7343586098966511, "mse": 0.2664776674760341, "N": 747, "over_prob": 0.0, "under_prob": 0.032128514056224855, "over_counts": {"0": 747}, "under_counts": {"0": 723, "1": 24}, "avg_over_mag": 0.0, "avg_under_mag": 1.0, "avg_over": 0.0, "avg_under": 1.0}], [[0.5, 0.55], {"acc": 0.5029103608847497, "nll": 0.7617908437110441, "mse": 0.27645750414682757, "N": 859, "over_prob": 0.0, "under_prob": 0.06904761904761902, "over_counts": {"0": 840}, "under_counts": {"0": 782, "1": 58}, "avg_over_mag": 0.0, "avg_under_mag": 1.0, "avg_over": 0.0, "avg_under": 1.0}], [[0.55, 0.6000000000000001], {"acc": 0.5714285714285714, "nll": 0.698982726674053, "mse": 0.2495561333421273, "N": 945, "over_prob": 0.0, "under_prob": 0.053968253968254, "over_counts": {"0": 945}, "under_counts": {"0": 894, "1": 51}, "avg_over_mag": 0.0, "avg_under_mag": 1.0, "avg_over": 0.0, "avg_under": 1.0}], [[0.6000000000000001, 0.65], {"acc": 0.572, "nll": 0.7079053452080594, "mse": 0.25281783658822715, "N": 1250, "over_prob": 0.0, "under_prob": 0.05288852725793325, "over_counts": {"0": 1229}, "under_counts": {"0": 1164, "1": 64, "3": 1}, "avg_over_mag": 0.0, "avg_under_mag": 1.0307692307692307, "avg_over": 0.0, "avg_under": 1.0307692307692307}], [[0.65, 0.7000000000000001], {"acc": 0.6377622377622377, "nll": 0.6631715761761511, "mse": 0.23286359158053077, "N": 1430, "over_prob": 0.0, "under_prob": 0.04464918497519488, "over_counts": {"0": 1411}, "under_counts": {"0": 1348, "1": 63}, "avg_over_mag": 0.0, "avg_under_mag": 1.0, "avg_over": 0.0, "avg_under": 1.0}], [[0.7000000000000001, 0.75], {"acc": 0.6948754113775271, "nll": 0.6237052979647189, "mse": 0.2138293920951635, "N": 2127, "over_prob": 0.0, "under_prob": 0.050235478806907374, "over_counts": {"0": 1911}, "under_counts": {"0": 1815, "1": 95, "2": 1}, "avg_over_mag": 0.0, "avg_under_mag": 1.0104166666666667, "avg_over": 0.0, "avg_under": 1.0104166666666667}], [[0.75, 0.8], {"acc": 0.7658355795148248, "nll": 0.562550502066134, "mse": 0.18662131352598485, "N": 2968, "over_prob": 0.0, "under_prob": 0.08902691511387162, "over_counts": {"0": 2415}, "under_counts": {"0": 2200, "1": 202, "2": 13}, "avg_over_mag": 0.0, "avg_under_mag": 1.0604651162790697, "avg_over": 0.0, "avg_under": 1.0604651162790697}], [[0.8, 0.8500000000000001], {"acc": 0.8283098906005805, "nll": 0.4942665290817404, "mse": 0.15568647875947966, "N": 4479, "over_prob": 0.0, "under_prob": 0.17864476386036965, "over_counts": {"0": 2922}, "under_counts": {"0": 2400, "1": 445, "2": 72, "3": 4, "4": 1}, "avg_over_mag": 0.0, "avg_under_mag": 1.1590038314176245, "avg_over": 0.0, "avg_under": 1.1590038314176245}], [[0.8500000000000001, 0.9], {"acc": 0.8706917927101413, "nll": 0.4204651412126892, "mse": 0.1244925353244261, "N": 8066, "over_prob": 0.8438928804702809, "under_prob": 0.0, "over_counts": {"1": 1176, "2": 652, "0": 478, "3": 320, "4": 178, "5": 99, "6": 68, "7": 24, "8": 22, "10": 12, "13": 11, "11": 10, "9": 6, "12": 3, "14": 2, "15": 1}, "under_counts": {"0": 3062}, "avg_over_mag": 2.2852167182662537, "avg_under_mag": 0.0, "avg_over": 2.2852167182662537, "avg_under": 0.0}], [[0.9, 0.9500000000000001], {"acc": 0.9246993305290597, "nll": 0.3003867479354624, "mse": 0.07875202352010591, "N": 16879, "over_prob": 0.7964509394572025, "under_prob": 0.0, "over_counts": {"1": 734, "0": 585, "2": 533, "3": 379, "4": 208, "5": 139, "6": 88, "7": 61, "8": 44, "9": 32, "10": 27, "11": 13, "12": 12, "13": 5, "14": 3, "16": 2, "19": 2, "17": 2, "27": 1, "15": 1, "18": 1, "25": 1, "22": 1}, "under_counts": {"0": 2874}, "avg_over_mag": 3.0292704237658366, "avg_under_mag": 0.0, "avg_over": 3.0292704237658366, "avg_under": 0.0}], [[0.9500000000000001, 1.0], {"acc": 0.9750991983156531, "nll": 0.16150696245629115, "mse": 0.03228969517617569, "N": 24698, "over_prob": 0.6102062975027145, "under_prob": 0.0, "over_counts": {"0": 718, "1": 434, "2": 247, "3": 145, "4": 85, "5": 54, "6": 31, "7": 26, "11": 15, "8": 13, "10": 12, "9": 12, "15": 6, "12": 6, "13": 6, "16": 5, "14": 3, "17": 3, "21": 3, "24": 2, "22": 2, "32": 2, "31": 2, "29": 1, "26": 1, "25": 1, "18": 1, "28": 1, "45": 1, "35": 1, "36": 1, "19": 1, "79": 1}, "under_counts": {"0": 1842}, "avg_over_mag": 3.4448398576512456, "avg_under_mag": 0.0, "avg_over": 3.4448398576512456, "avg_under": 0.0}]]}