{"acc": 0.8375663965482859, "auc": 0.8265327915695266, "nll": 0.3930432686517188, "mse": 0.12144135381011066}