{"auc": 0.8366526063930377, "over_prob": 0.31001706068730195, "under_prob": 0.16134535705581277, "over_counts": {"0": 2831, "1": 665, "2": 283, "3": 147, "4": 71, "5": 47, "6": 25, "7": 12, "8": 10, "9": 3, "13": 3, "10": 3, "15": 1, "12": 1, "17": 1}, "under_counts": {"0": 3441, "1": 367, "2": 152, "3": 50, "4": 35, "6": 18, "5": 14, "7": 11, "9": 5, "8": 4, "11": 3, "10": 3}, "avg_over_mag": 2.0794025157232703, "avg_under_mag": 2.0483383685800605, "avg_over": 2.0794025157232703, "avg_under": 2.0483383685800605, "acc": 0.8230818459788096, "nll": 0.39506922101652087, "mse": 0.12500182584054692, "metrics_by_prob": [[[0.0, 0.05], {"acc": 0.9861111111111112, "nll": 0.11088065962356862, "mse": 0.021869205214192784, "N": 72, "over_prob": 0.0, "under_prob": 0.0, "over_counts": {"0": 45}, "under_counts": {"0": 45}, "avg_over_mag": 0.0, "avg_under_mag": 0.0, "avg_over": 0.0, "avg_under": 0.0}], [[0.05, 0.1], {"acc": 0.9110320284697508, "nll": 0.32683392692652513, "mse": 0.08920636829325924, "N": 281, "over_prob": 0.0, "under_prob": 0.0, "over_counts": {"0": 189}, "under_counts": {"0": 189}, "avg_over_mag": 0.0, "avg_under_mag": 0.0, "avg_over": 0.0, "avg_under": 0.0}], [[0.1, 0.15000000000000002], {"acc": 0.8626086956521739, "nll": 0.3988053093855808, "mse": 0.11903736895859629, "N": 575, "over_prob": 0.0, "under_prob": 0.0, "over_counts": {"0": 349}, "under_counts": {"0": 349}, "avg_over_mag": 0.0, "avg_under_mag": 0.0, "avg_over": 0.0, "avg_under": 0.0}], [[0.15000000000000002, 0.2], {"acc": 0.8103092783505155, "nll": 0.4834978426774792, "mse": 0.15294244354718278, "N": 970, "over_prob": 0.0, "under_prob": 0.0, "over_counts": {"0": 551}, "under_counts": {"0": 551}, "avg_over_mag": 0.0, "avg_under_mag": 0.0, "avg_over": 0.0, "avg_under": 0.0}], [[0.2, 0.25], {"acc": 0.759090909090909, "nll": 0.5477667450498828, "mse": 0.18117750197518168, "N": 1100, "over_prob": 0.0, "under_prob": 0.0, "over_counts": {"0": 663}, "under_counts": {"0": 663}, "avg_over_mag": 0.0, "avg_under_mag": 0.0, "avg_over": 0.0, "avg_under": 0.0}], [[0.25, 0.30000000000000004], {"acc": 0.6731328806983511, "nll": 0.6162670359760738, "mse": 0.21292501924956656, "N": 1031, "over_prob": 0.0, "under_prob": 0.0, "over_counts": {"0": 685}, "under_counts": {"0": 685}, "avg_over_mag": 0.0, "avg_under_mag": 0.0, "avg_over": 0.0, "avg_under": 0.0}], [[0.30000000000000004, 0.35000000000000003], {"acc": 0.6032843560933449, "nll": 0.683916211380257, "mse": 0.2437647158525418, "N": 1157, "over_prob": 0.0, "under_prob": 0.0, "over_counts": {"0": 787}, "under_counts": {"0": 787}, "avg_over_mag": 0.0, "avg_under_mag": 0.0, "avg_over": 0.0, "avg_under": 0.0}], [[0.35000000000000003, 0.4], {"acc": 0.5634266886326195, "nll": 0.7022497313955488, "mse": 0.25302925470617704, "N": 1214, "over_prob": 0.0, "under_prob": 0.0, "over_counts": {"0": 863}, "under_counts": {"0": 863}, "avg_over_mag": 0.0, "avg_under_mag": 0.0, "avg_over": 0.0, "avg_under": 0.0}], [[0.4, 0.45], {"acc": 0.5069292487235595, "nll": 0.7336671595941072, "mse": 0.2683820727780644, "N": 1371, "over_prob": 0.0, "under_prob": 0.0010090817356205317, "over_counts": {"0": 991}, "under_counts": {"0": 990, "1": 1}, "avg_over_mag": 0.0, "avg_under_mag": 1.0, "avg_over": 0.0, "avg_under": 1.0}], [[0.45, 0.5], {"acc": 0.48100358422939066, "nll": 0.7430075609858406, "mse": 0.2719646617827681, "N": 1395, "over_prob": 0.0, "under_prob": 0.004739336492891044, "over_counts": {"0": 1055}, "under_counts": {"0": 1050, "3": 2, "1": 2, "2": 1}, "avg_over_mag": 0.0, "avg_under_mag": 2.0, "avg_over": 0.0, "avg_under": 2.0}], [[0.5, 0.55], {"acc": 0.5304154302670623, "nll": 0.7281754815440173, "mse": 0.26458631743883493, "N": 1348, "over_prob": 0.0, "under_prob": 0.012072434607645843, "over_counts": {"0": 994}, "under_counts": {"0": 982, "1": 11, "2": 1}, "avg_over_mag": 0.0, "avg_under_mag": 1.0833333333333333, "avg_over": 0.0, "avg_under": 1.0833333333333333}], [[0.55, 0.6000000000000001], {"acc": 0.5340425531914894, "nll": 0.7134551464610771, "mse": 0.25873737083002135, "N": 1410, "over_prob": 0.0, "under_prob": 0.007483629560336769, "over_counts": {"0": 1069}, "under_counts": {"0": 1061, "1": 6, "2": 1, "4": 1}, "avg_over_mag": 0.0, "avg_under_mag": 1.5, "avg_over": 0.0, "avg_under": 1.5}], [[0.6000000000000001, 0.65], {"acc": 0.590311004784689, "nll": 0.6952428474467237, "mse": 0.24886710631187514, "N": 1672, "over_prob": 0.0, "under_prob": 0.01342281879194629, "over_counts": {"0": 1192}, "under_counts": {"0": 1176, "1": 12, "2": 4}, "avg_over_mag": 0.0, "avg_under_mag": 1.25, "avg_over": 0.0, "avg_under": 1.25}], [[0.65, 0.7000000000000001], {"acc": 0.6514285714285715, "nll": 0.6565503594172283, "mse": 0.22997278937222987, "N": 1925, "over_prob": 0.0, "under_prob": 0.029154518950437303, "over_counts": {"0": 1372}, "under_counts": {"0": 1332, "1": 34, "2": 4, "9": 1, "5": 1}, "avg_over_mag": 0.0, "avg_under_mag": 1.4, "avg_over": 0.0, "avg_under": 1.4}], [[0.7000000000000001, 0.75], {"acc": 0.7048438207333635, "nll": 0.6246786144072959, "mse": 0.21428409477628027, "N": 2209, "over_prob": 0.0, "under_prob": 0.04499366286438533, "over_counts": {"0": 1578}, "under_counts": {"0": 1507, "1": 57, "2": 12, "3": 2}, "avg_over_mag": 0.0, "avg_under_mag": 1.2253521126760563, "avg_over": 0.0, "avg_under": 1.2253521126760563}], [[0.75, 0.8], {"acc": 0.7790579464588275, "nll": 0.5371604715378114, "mse": 0.17551458447775944, "N": 2951, "over_prob": 0.0, "under_prob": 0.09973333333333334, "over_counts": {"0": 1875}, "under_counts": {"0": 1688, "1": 140, "2": 35, "3": 9, "4": 3}, "avg_over_mag": 0.0, "avg_under_mag": 1.3315508021390374, "avg_over": 0.0, "avg_under": 1.3315508021390374}], [[0.8, 0.8500000000000001], {"acc": 0.828656568164887, "nll": 0.4676056712116328, "mse": 0.1454021827790718, "N": 4027, "over_prob": 0.0, "under_prob": 0.2587859424920128, "over_counts": {"0": 2191}, "under_counts": {"0": 1624, "1": 388, "2": 99, "3": 45, "4": 15, "6": 7, "5": 6, "8": 4, "7": 2, "9": 1}, "avg_over_mag": 0.0, "avg_under_mag": 1.601410934744268, "avg_over": 0.0, "avg_under": 1.601410934744268}], [[0.8500000000000001, 0.9], {"acc": 0.8777057987043767, "nll": 0.3770890042140033, "mse": 0.10899502567795032, "N": 6329, "over_prob": 0.5243747350572276, "under_prob": 0.0, "over_counts": {"0": 1122, "1": 701, "2": 288, "3": 127, "4": 60, "5": 26, "6": 16, "7": 7, "9": 3, "10": 3, "8": 3, "12": 2, "13": 1}, "under_counts": {"0": 2359}, "avg_over_mag": 1.8520614389652386, "avg_under_mag": 0.0, "avg_over": 1.8520614389652386, "avg_under": 0.0}], [[0.9, 0.9500000000000001], {"acc": 0.924617402710975, "nll": 0.26848406203185105, "mse": 0.07004696088609745, "N": 11435, "over_prob": 0.11085556577736888, "under_prob": 0.0, "over_counts": {"0": 1933, "1": 169, "2": 51, "3": 11, "4": 5, "5": 3, "6": 1, "7": 1}, "under_counts": {"0": 2174}, "avg_over_mag": 1.4605809128630705, "avg_under_mag": 0.0, "avg_over": 1.4605809128630705, "avg_under": 0.0}], [[0.9500000000000001, 1.0], {"acc": 0.9712626995645863, "nll": 0.1293556558573199, "mse": 0.027928159256758598, "N": 13780, "over_prob": 0.0013651877133106227, "under_prob": 0.0, "over_counts": {"0": 1463, "1": 2}, "under_counts": {"0": 1465}, "avg_over_mag": 1.0, "avg_under_mag": 0.0, "avg_over": 1.0, "avg_under": 0.0}]]}