{"auc": 0.8156337809423848, "over_prob": 0.12001010611419904, "under_prob": 0.10358767054067708, "over_counts": {"0": 3483, "1": 459, "2": 15, "3": 1}, "under_counts": {"0": 3548, "1": 400, "2": 10}, "avg_over_mag": 1.0357894736842106, "avg_under_mag": 1.024390243902439, "avg_over": 1.0357894736842106, "avg_under": 1.024390243902439, "acc": 0.8729355885498813, "nll": 0.3216209778437032, "mse": 0.09625794711902369, "metrics_by_prob": [[[0.0, 0.05], {"acc": NaN, "nll": NaN, "mse": NaN, "N": 0}], [[0.05, 0.1], {"acc": 0.875, "nll": 0.380423400171429, "mse": 0.11007329308346857, "N": 16, "over_prob": 0.0, "under_prob": 0.0, "over_counts": {"0": 16}, "under_counts": {"0": 16}, "avg_over_mag": 0.0, "avg_under_mag": 0.0, "avg_over": 0.0, "avg_under": 0.0}], [[0.1, 0.15000000000000002], {"acc": 0.8651685393258427, "nll": 0.40526518129093253, "mse": 0.11895973177603013, "N": 178, "over_prob": 0.0, "under_prob": 0.0, "over_counts": {"0": 178}, "under_counts": {"0": 178}, "avg_over_mag": 0.0, "avg_under_mag": 0.0, "avg_over": 0.0, "avg_under": 0.0}], [[0.15000000000000002, 0.2], {"acc": 0.8724489795918368, "nll": 0.39198015438057293, "mse": 0.11413888587911003, "N": 196, "over_prob": 0.0, "under_prob": 0.0, "over_counts": {"0": 196}, "under_counts": {"0": 196}, "avg_over_mag": 0.0, "avg_under_mag": 0.0, "avg_over": 0.0, "avg_under": 0.0}], [[0.2, 0.25], {"acc": 0.8, "nll": 0.5107172899978123, "mse": 0.16380470452878818, "N": 350, "over_prob": 0.0, "under_prob": 0.0, "over_counts": {"0": 350}, "under_counts": {"0": 350}, "avg_over_mag": 0.0, "avg_under_mag": 0.0, "avg_over": 0.0, "avg_under": 0.0}], [[0.25, 0.30000000000000004], {"acc": 0.6886792452830188, "nll": 0.6320323301401117, "mse": 0.2190201310052402, "N": 212, "over_prob": 0.0, "under_prob": 0.0, "over_counts": {"0": 212}, "under_counts": {"0": 212}, "avg_over_mag": 0.0, "avg_under_mag": 0.0, "avg_over": 0.0, "avg_under": 0.0}], [[0.30000000000000004, 0.35000000000000003], {"acc": 0.6666666666666666, "nll": 0.6391916459908782, "mse": 0.22343887131179505, "N": 495, "over_prob": 0.0, "under_prob": 0.0, "over_counts": {"0": 495}, "under_counts": {"0": 495}, "avg_over_mag": 0.0, "avg_under_mag": 0.0, "avg_over": 0.0, "avg_under": 0.0}], [[0.35000000000000003, 0.4], {"acc": 0.6349206349206349, "nll": 0.6572680013672209, "mse": 0.23225572433299435, "N": 441, "over_prob": 0.0, "under_prob": 0.0, "over_counts": {"0": 441}, "under_counts": {"0": 441}, "avg_over_mag": 0.0, "avg_under_mag": 0.0, "avg_over": 0.0, "avg_under": 0.0}], [[0.4, 0.45], {"acc": 0.5668896321070234, "nll": 0.6835687994873552, "mse": 0.24521622842897753, "N": 598, "over_prob": 0.0, "under_prob": 0.0, "over_counts": {"0": 598}, "under_counts": {"0": 598}, "avg_over_mag": 0.0, "avg_under_mag": 0.0, "avg_over": 0.0, "avg_under": 0.0}], [[0.45, 0.5], {"acc": 0.5289139633286318, "nll": 0.688574221498899, "mse": 0.24772789811095336, "N": 709, "over_prob": 0.0, "under_prob": 0.0, "over_counts": {"0": 709}, "under_counts": {"0": 709}, "avg_over_mag": 0.0, "avg_under_mag": 0.0, "avg_over": 0.0, "avg_under": 0.0}], [[0.5, 0.55], {"acc": 0.54, "nll": 0.69403429018199, "mse": 0.2504119053864622, "N": 800, "over_prob": 0.0, "under_prob": 0.0, "over_counts": {"0": 782}, "under_counts": {"0": 782}, "avg_over_mag": 0.0, "avg_under_mag": 0.0, "avg_over": 0.0, "avg_under": 0.0}], [[0.55, 0.6000000000000001], {"acc": 0.5363128491620112, "nll": 0.6936860748256072, "mse": 0.2502050030923359, "N": 895, "over_prob": 0.0, "under_prob": 0.0, "over_counts": {"0": 895}, "under_counts": {"0": 895}, "avg_over_mag": 0.0, "avg_under_mag": 0.0, "avg_over": 0.0, "avg_under": 0.0}], [[0.6000000000000001, 0.65], {"acc": 0.6143958868894601, "nll": 0.6676820093623568, "mse": 0.23733444480763258, "N": 1167, "over_prob": 0.0, "under_prob": 0.0, "over_counts": {"0": 1147}, "under_counts": {"0": 1147}, "avg_over_mag": 0.0, "avg_under_mag": 0.0, "avg_over": 0.0, "avg_under": 0.0}], [[0.65, 0.7000000000000001], {"acc": 0.668693009118541, "nll": 0.6381407398729438, "mse": 0.2228709535563435, "N": 1316, "over_prob": 0.0, "under_prob": 0.0, "over_counts": {"0": 1296}, "under_counts": {"0": 1296}, "avg_over_mag": 0.0, "avg_under_mag": 0.0, "avg_over": 0.0, "avg_under": 0.0}], [[0.7000000000000001, 0.75], {"acc": 0.7227822580645161, "nll": 0.5898447681295259, "mse": 0.200170304007383, "N": 1984, "over_prob": 0.0, "under_prob": 0.0, "over_counts": {"0": 1775}, "under_counts": {"0": 1775}, "avg_over_mag": 0.0, "avg_under_mag": 0.0, "avg_over": 0.0, "avg_under": 0.0}], [[0.75, 0.8], {"acc": 0.7776157491797302, "nll": 0.5303317661696293, "mse": 0.17310150411959047, "N": 2743, "over_prob": 0.0, "under_prob": 0.0, "over_counts": {"0": 2227}, "under_counts": {"0": 2227}, "avg_over_mag": 0.0, "avg_under_mag": 0.0, "avg_over": 0.0, "avg_under": 0.0}], [[0.8, 0.8500000000000001], {"acc": 0.8301749271137027, "nll": 0.45560151959384254, "mse": 0.1410031891848847, "N": 4116, "over_prob": 0.0, "under_prob": 0.15396169733383402, "over_counts": {"0": 2663}, "under_counts": {"0": 2253, "1": 400, "2": 10}, "avg_over_mag": 0.0, "avg_under_mag": 1.024390243902439, "avg_over": 0.0, "avg_under": 1.024390243902439}], [[0.8500000000000001, 0.9], {"acc": 0.8786047789068937, "nll": 0.3697164617346802, "mse": 0.10669122069925183, "N": 7282, "over_prob": 0.16928011404134002, "under_prob": 0.0, "over_counts": {"0": 2331, "1": 459, "2": 15, "3": 1}, "under_counts": {"0": 2806}, "avg_over_mag": 1.0357894736842106, "avg_under_mag": 0.0, "avg_over": 1.0357894736842106, "avg_under": 0.0}], [[0.9, 0.9500000000000001], {"acc": 0.9297503751193562, "nll": 0.2528320589963523, "mse": 0.06513207367196679, "N": 14662, "over_prob": 0.0, "under_prob": 0.0, "over_counts": {"0": 2549}, "under_counts": {"0": 2549}, "avg_over_mag": 0.0, "avg_under_mag": 0.0, "avg_over": 0.0, "avg_under": 0.0}], [[0.9500000000000001, 1.0], {"acc": 0.9728839480030587, "nll": 0.12207229149001242, "mse": 0.026266762955805868, "N": 17001, "over_prob": 0.0, "under_prob": 0.0, "over_counts": {"0": 1563}, "under_counts": {"0": 1563}, "avg_over_mag": 0.0, "avg_under_mag": 0.0, "avg_over": 0.0, "avg_under": 0.0}]]}