{"auc": 0.8189425536065643, "over_prob": 0.11184371184371189, "under_prob": 0.10109890109890107, "over_counts": {"0": 3637, "1": 432, "2": 22, "3": 4}, "under_counts": {"0": 3681, "1": 402, "2": 11, "3": 1}, "avg_over_mag": 1.0655021834061136, "avg_under_mag": 1.0314009661835748, "avg_over": 1.0655021834061136, "avg_under": 1.0314009661835748, "acc": 0.8751171716099821, "nll": 0.3150075855996564, "mse": 0.09439665714980075, "metrics_by_prob": [[[0.0, 0.05], {"acc": NaN, "nll": NaN, "mse": NaN, "N": 0}], [[0.05, 0.1], {"acc": 0.8947368421052632, "nll": 0.33745904354892736, "mse": 0.09435083876709734, "N": 19, "over_prob": 0.0, "under_prob": 0.0, "over_counts": {"0": 19}, "under_counts": {"0": 19}, "avg_over_mag": 0.0, "avg_under_mag": 0.0, "avg_over": 0.0, "avg_under": 0.0}], [[0.1, 0.15000000000000002], {"acc": 0.875, "nll": 0.3676280985131287, "mse": 0.10753684750563954, "N": 184, "over_prob": 0.0, "under_prob": 0.0, "over_counts": {"0": 184}, "under_counts": {"0": 184}, "avg_over_mag": 0.0, "avg_under_mag": 0.0, "avg_over": 0.0, "avg_under": 0.0}], [[0.15000000000000002, 0.2], {"acc": 0.7951219512195122, "nll": 0.5076244961959601, "mse": 0.1630599052954066, "N": 205, "over_prob": 0.0, "under_prob": 0.0, "over_counts": {"0": 205}, "under_counts": {"0": 205}, "avg_over_mag": 0.0, "avg_under_mag": 0.0, "avg_over": 0.0, "avg_under": 0.0}], [[0.2, 0.25], {"acc": 0.8054794520547945, "nll": 0.5039920671780799, "mse": 0.1606164590940541, "N": 365, "over_prob": 0.0, "under_prob": 0.0, "over_counts": {"0": 365}, "under_counts": {"0": 365}, "avg_over_mag": 0.0, "avg_under_mag": 0.0, "avg_over": 0.0, "avg_under": 0.0}], [[0.25, 0.30000000000000004], {"acc": 0.7222222222222222, "nll": 0.5930195667915541, "mse": 0.20139257843304784, "N": 216, "over_prob": 0.0, "under_prob": 0.0, "over_counts": {"0": 216}, "under_counts": {"0": 216}, "avg_over_mag": 0.0, "avg_under_mag": 0.0, "avg_over": 0.0, "avg_under": 0.0}], [[0.30000000000000004, 0.35000000000000003], {"acc": 0.6731898238747553, "nll": 0.6315270037115849, "mse": 0.21988993463582335, "N": 511, "over_prob": 0.0, "under_prob": 0.0, "over_counts": {"0": 511}, "under_counts": {"0": 511}, "avg_over_mag": 0.0, "avg_under_mag": 0.0, "avg_over": 0.0, "avg_under": 0.0}], [[0.35000000000000003, 0.4], {"acc": 0.6148796498905909, "nll": 0.6666691173573491, "mse": 0.2368663940642337, "N": 457, "over_prob": 0.0, "under_prob": 0.0, "over_counts": {"0": 457}, "under_counts": {"0": 457}, "avg_over_mag": 0.0, "avg_under_mag": 0.0, "avg_over": 0.0, "avg_under": 0.0}], [[0.4, 0.45], {"acc": 0.5688524590163935, "nll": 0.684660631774416, "mse": 0.24575410089660646, "N": 610, "over_prob": 0.0, "under_prob": 0.0, "over_counts": {"0": 610}, "under_counts": {"0": 610}, "avg_over_mag": 0.0, "avg_under_mag": 0.0, "avg_over": 0.0, "avg_under": 0.0}], [[0.45, 0.5], {"acc": 0.46629986244841815, "nll": 0.7029330170883727, "mse": 0.2548556423714687, "N": 727, "over_prob": 0.0, "under_prob": 0.0, "over_counts": {"0": 727}, "under_counts": {"0": 727}, "avg_over_mag": 0.0, "avg_under_mag": 0.0, "avg_over": 0.0, "avg_under": 0.0}], [[0.5, 0.55], {"acc": 0.5102040816326531, "nll": 0.6929063738638592, "mse": 0.2498784967905302, "N": 833, "over_prob": 0.0, "under_prob": 0.0, "over_counts": {"0": 814}, "under_counts": {"0": 814}, "avg_over_mag": 0.0, "avg_under_mag": 0.0, "avg_over": 0.0, "avg_under": 0.0}], [[0.55, 0.6000000000000001], {"acc": 0.5662650602409639, "nll": 0.684280308645177, "mse": 0.2455299068173939, "N": 913, "over_prob": 0.0, "under_prob": 0.0, "over_counts": {"0": 913}, "under_counts": {"0": 913}, "avg_over_mag": 0.0, "avg_under_mag": 0.0, "avg_over": 0.0, "avg_under": 0.0}], [[0.6000000000000001, 0.65], {"acc": 0.6633416458852868, "nll": 0.641688035808277, "mse": 0.22469781037949413, "N": 1203, "over_prob": 0.0, "under_prob": 0.0, "over_counts": {"0": 1179}, "under_counts": {"0": 1179}, "avg_over_mag": 0.0, "avg_under_mag": 0.0, "avg_over": 0.0, "avg_under": 0.0}], [[0.65, 0.7000000000000001], {"acc": 0.6784922394678492, "nll": 0.6274497955198217, "mse": 0.2179198521398567, "N": 1353, "over_prob": 0.0, "under_prob": 0.0, "over_counts": {"0": 1329}, "under_counts": {"0": 1329}, "avg_over_mag": 0.0, "avg_under_mag": 0.0, "avg_over": 0.0, "avg_under": 0.0}], [[0.7000000000000001, 0.75], {"acc": 0.7397934087555337, "nll": 0.5774288703555931, "mse": 0.19419618109530007, "N": 2033, "over_prob": 0.0, "under_prob": 0.0, "over_counts": {"0": 1815}, "under_counts": {"0": 1815}, "avg_over_mag": 0.0, "avg_under_mag": 0.0, "avg_over": 0.0, "avg_under": 0.0}], [[0.75, 0.8], {"acc": 0.7758436944937833, "nll": 0.5321115510341973, "mse": 0.17390808929513188, "N": 2815, "over_prob": 0.0, "under_prob": 0.0, "over_counts": {"0": 2286}, "under_counts": {"0": 2286}, "avg_over_mag": 0.0, "avg_under_mag": 0.0, "avg_over": 0.0, "avg_under": 0.0}], [[0.8, 0.8500000000000001], {"acc": 0.8267139479905438, "nll": 0.461389646625328, "mse": 0.14334291874312655, "N": 4230, "over_prob": 0.0, "under_prob": 0.1504360465116279, "over_counts": {"0": 2752}, "under_counts": {"0": 2338, "1": 402, "2": 11, "3": 1}, "avg_over_mag": 0.0, "avg_under_mag": 1.0314009661835748, "avg_over": 0.0, "avg_under": 1.0314009661835748}], [[0.8500000000000001, 0.9], {"acc": 0.8778944534194938, "nll": 0.37066519718182545, "mse": 0.10707732194162296, "N": 7428, "over_prob": 0.1586805555555556, "under_prob": 0.0, "over_counts": {"0": 2423, "1": 431, "2": 22, "3": 4}, "under_counts": {"0": 2880}, "avg_over_mag": 1.0656455142231946, "avg_under_mag": 0.0, "avg_over": 1.0656455142231946, "avg_under": 0.0}], [[0.9, 0.9500000000000001], {"acc": 0.9302276854309262, "nll": 0.25188700805399383, "mse": 0.0647620672157268, "N": 14318, "over_prob": 0.0003877471888328321, "under_prob": 0.0, "over_counts": {"0": 2578, "1": 1}, "under_counts": {"0": 2579}, "avg_over_mag": 1.0, "avg_under_mag": 0.0, "avg_over": 1.0, "avg_under": 0.0}], [[0.9500000000000001, 1.0], {"acc": 0.9764913636112798, "nll": 0.10807843308836623, "mse": 0.02282137909165769, "N": 18121, "over_prob": 0.0, "under_prob": 0.0, "over_counts": {"0": 1502}, "under_counts": {"0": 1502}, "avg_over_mag": 0.0, "avg_under_mag": 0.0, "avg_over": 0.0, "avg_under": 0.0}]]}