{"over_prob": 0.7212732919254659, "under_prob": 0.3162525879917184, "over_counts": {"0": 1077, "1": 551, "2": 481, "3": 363, "4": 313, "5": 222, "6": 184, "7": 153, "8": 106, "9": 91, "10": 80, "11": 55, "12": 41, "14": 29, "13": 27, "16": 20, "15": 14, "17": 11, "20": 9, "18": 9, "19": 7, "28": 3, "22": 3, "27": 3, "23": 3, "25": 2, "46": 1, "26": 1, "48": 1, "24": 1, "55": 1, "35": 1, "45": 1}, "under_counts": {"0": 2642, "1": 808, "2": 252, "3": 87, "4": 44, "5": 18, "6": 7, "9": 3, "7": 2, "8": 1}, "avg_over_mag": 4.765339074273412, "avg_under_mag": 1.579378068739771, "avg_over": 4.765339074273412, "avg_under": 1.579378068739771, "acc": 0.8742542366677647, "auc": 0.7281329207581737, "nll": 0.35356060969631287, "mse": 0.1029821573557794, "metrics_by_prob": [[[0.0, 0.05], {"acc": 0.2857142857142857, "nll": 0.7516719954103941, "mse": 0.2787322107616117, "N": 21, "over_prob": 0.0, "under_prob": 0.0, "over_counts": {"0": 14}, "under_counts": {"0": 14}, "avg_over_mag": 0.0, "avg_under_mag": 0.0, "avg_over": 0.0, "avg_under": 0.0}], [[0.05, 0.1], {"acc": 0.4888888888888889, "nll": 0.9368091773189563, "mse": 0.3294326116932513, "N": 45, "over_prob": 0.0, "under_prob": 0.11904761904761907, "over_counts": {"0": 42}, "under_counts": {"0": 37, "1": 5}, "avg_over_mag": 0.0, "avg_under_mag": 1.0, "avg_over": 0.0, "avg_under": 1.0}], [[0.1, 0.15000000000000002], {"acc": 0.5925925925925926, "nll": 0.7395994436130194, "mse": 0.25018327607484797, "N": 108, "over_prob": 0.0, "under_prob": 0.09999999999999998, "over_counts": {"0": 100}, "under_counts": {"0": 90, "1": 10}, "avg_over_mag": 0.0, "avg_under_mag": 1.0, "avg_over": 0.0, "avg_under": 1.0}], [[0.15000000000000002, 0.2], {"acc": 0.5819209039548022, "nll": 0.8005696035466171, "mse": 0.27271182648733855, "N": 177, "over_prob": 0.0, "under_prob": 0.07386363636363635, "over_counts": {"0": 176}, "under_counts": {"0": 163, "1": 13}, "avg_over_mag": 0.0, "avg_under_mag": 1.0, "avg_over": 0.0, "avg_under": 1.0}], [[0.2, 0.25], {"acc": 0.4794007490636704, "nll": 0.8433122132176557, "mse": 0.298916114130383, "N": 267, "over_prob": 0.0, "under_prob": 0.06463878326996197, "over_counts": {"0": 263}, "under_counts": {"0": 246, "1": 17}, "avg_over_mag": 0.0, "avg_under_mag": 1.0, "avg_over": 0.0, "avg_under": 1.0}], [[0.25, 0.30000000000000004], {"acc": 0.4372623574144487, "nll": 0.9721186014081326, "mse": 0.338396016711809, "N": 263, "over_prob": 0.0, "under_prob": 0.09652509652509655, "over_counts": {"0": 259}, "under_counts": {"0": 234, "1": 25}, "avg_over_mag": 0.0, "avg_under_mag": 1.0, "avg_over": 0.0, "avg_under": 1.0}], [[0.30000000000000004, 0.35000000000000003], {"acc": 0.4392523364485981, "nll": 0.9150472086465578, "mse": 0.3215892814696182, "N": 321, "over_prob": 0.0, "under_prob": 0.10543130990415339, "over_counts": {"0": 313}, "under_counts": {"0": 280, "1": 33}, "avg_over_mag": 0.0, "avg_under_mag": 1.0, "avg_over": 0.0, "avg_under": 1.0}], [[0.35000000000000003, 0.4], {"acc": 0.4598337950138504, "nll": 0.8594003310945463, "mse": 0.3070464089943117, "N": 361, "over_prob": 0.0, "under_prob": 0.06162464985994398, "over_counts": {"0": 357}, "under_counts": {"0": 335, "1": 22}, "avg_over_mag": 0.0, "avg_under_mag": 1.0, "avg_over": 0.0, "avg_under": 1.0}], [[0.4, 0.45], {"acc": 0.491869918699187, "nll": 0.8065911797130647, "mse": 0.2868304454515371, "N": 492, "over_prob": 0.0, "under_prob": 0.07708333333333328, "over_counts": {"0": 480}, "under_counts": {"0": 443, "1": 37}, "avg_over_mag": 0.0, "avg_under_mag": 1.0, "avg_over": 0.0, "avg_under": 1.0}], [[0.45, 0.5], {"acc": 0.504302925989673, "nll": 0.8437134386161202, "mse": 0.29111060843262976, "N": 581, "over_prob": 0.0, "under_prob": 0.10934744268077601, "over_counts": {"0": 567}, "under_counts": {"0": 505, "1": 62}, "avg_over_mag": 0.0, "avg_under_mag": 1.0, "avg_over": 0.0, "avg_under": 1.0}], [[0.5, 0.55], {"acc": 0.5327635327635327, "nll": 0.8002314353623304, "mse": 0.28274966197492707, "N": 702, "over_prob": 0.0, "under_prob": 0.08148148148148149, "over_counts": {"0": 675}, "under_counts": {"0": 620, "1": 54, "2": 1}, "avg_over_mag": 0.0, "avg_under_mag": 1.018181818181818, "avg_over": 0.0, "avg_under": 1.018181818181818}], [[0.55, 0.6000000000000001], {"acc": 0.530961791831357, "nll": 0.7648424676951654, "mse": 0.2746181860754419, "N": 759, "over_prob": 0.0, "under_prob": 0.07702888583218703, "over_counts": {"0": 727}, "under_counts": {"0": 671, "1": 56}, "avg_over_mag": 0.0, "avg_under_mag": 1.0, "avg_over": 0.0, "avg_under": 1.0}], [[0.6000000000000001, 0.65], {"acc": 0.6234357224118316, "nll": 0.6944780157526473, "mse": 0.24222813989351716, "N": 879, "over_prob": 0.0, "under_prob": 0.0851318944844125, "over_counts": {"0": 834}, "under_counts": {"0": 763, "1": 71}, "avg_over_mag": 0.0, "avg_under_mag": 1.0, "avg_over": 0.0, "avg_under": 1.0}], [[0.65, 0.7000000000000001], {"acc": 0.6548599670510709, "nll": 0.670419098619292, "mse": 0.2322667967119186, "N": 1214, "over_prob": 0.0, "under_prob": 0.11011638316920325, "over_counts": {"0": 1117}, "under_counts": {"0": 994, "1": 119, "2": 4}, "avg_over_mag": 0.0, "avg_under_mag": 1.032520325203252, "avg_over": 0.0, "avg_under": 1.032520325203252}], [[0.7000000000000001, 0.75], {"acc": 0.6945169712793734, "nll": 0.6420137168847414, "mse": 0.2148320111139083, "N": 1532, "over_prob": 0.0, "under_prob": 0.155210643015521, "over_counts": {"0": 1353}, "under_counts": {"0": 1143, "1": 194, "2": 14, "3": 2}, "avg_over_mag": 0.0, "avg_under_mag": 1.0857142857142856, "avg_over": 0.0, "avg_under": 1.0857142857142856}], [[0.75, 0.8], {"acc": 0.741906064751482, "nll": 0.5856618057051879, "mse": 0.19387730800868758, "N": 2193, "over_prob": 0.0, "under_prob": 0.18639222412807321, "over_counts": {"0": 1749}, "under_counts": {"0": 1423, "1": 294, "2": 23, "3": 7, "4": 1, "5": 1}, "avg_over_mag": 0.0, "avg_under_mag": 1.1349693251533743, "avg_over": 0.0, "avg_under": 1.1349693251533743}], [[0.8, 0.8500000000000001], {"acc": 0.8210151380231523, "nll": 0.5046826436872176, "mse": 0.1574220462021998, "N": 3369, "over_prob": 0.0, "under_prob": 0.2804279982166741, "over_counts": {"0": 2243}, "under_counts": {"0": 1614, "1": 507, "2": 90, "3": 22, "4": 7, "6": 2, "5": 1}, "avg_over_mag": 0.0, "avg_under_mag": 1.2686804451510334, "avg_over": 0.0, "avg_under": 1.2686804451510334}], [[0.8500000000000001, 0.9], {"acc": 0.8687978687978688, "nll": 0.428372110537176, "mse": 0.12593179780590966, "N": 6006, "over_prob": 0.7822878228782288, "under_prob": 0.0, "over_counts": {"1": 1221, "0": 590, "2": 520, "3": 189, "4": 102, "5": 46, "6": 17, "7": 15, "9": 4, "11": 3, "8": 3}, "under_counts": {"0": 2710}, "avg_over_mag": 1.7764150943396226, "avg_under_mag": 0.0, "avg_over": 1.7764150943396226, "avg_under": 0.0}], [[0.9, 0.9500000000000001], {"acc": 0.9270984606447865, "nll": 0.3030693586098383, "mse": 0.07876178836388102, "N": 13772, "over_prob": 0.7667998547039593, "under_prob": 0.0, "over_counts": {"1": 759, "0": 642, "2": 558, "3": 333, "4": 166, "5": 112, "6": 62, "7": 37, "8": 31, "9": 18, "11": 13, "10": 8, "12": 4, "26": 2, "23": 2, "14": 2, "13": 2, "16": 1, "34": 1}, "under_counts": {"0": 2753}, "avg_over_mag": 2.6584557081951683, "avg_under_mag": 0.0, "avg_over": 2.6584557081951683, "avg_under": 0.0}], [[0.9500000000000001, 1.0], {"acc": 0.9697868396663577, "nll": 0.17545922196258507, "mse": 0.03755907462571717, "N": 21580, "over_prob": 0.6793071161048689, "under_prob": 0.0, "over_counts": {"0": 685, "1": 563, "2": 352, "3": 195, "4": 129, "5": 73, "6": 43, "7": 29, "8": 19, "10": 12, "9": 10, "11": 8, "12": 6, "13": 3, "14": 2, "15": 2, "17": 2, "18": 2, "20": 1}, "under_counts": {"0": 2136}, "avg_over_mag": 2.68986905582357, "avg_under_mag": 0.0, "avg_over": 2.68986905582357, "avg_under": 0.0}]]}