{"acc": 0.8294976896705918, "auc": 0.822238676814931, "nll": 0.3961688284516519, "mse": 0.12358525497106851}