{"over_prob": 0.4552277432712215, "under_prob": 0.5085403726708074, "over_counts": {"0": 2105, "1": 775, "2": 416, "3": 216, "4": 127, "5": 77, "6": 49, "7": 34, "8": 21, "9": 8, "10": 8, "11": 7, "12": 5, "16": 4, "14": 3, "15": 2, "13": 2, "21": 1, "17": 1, "22": 1, "20": 1, "26": 1}, "under_counts": {"0": 1899, "1": 1100, "2": 507, "3": 217, "4": 90, "5": 31, "6": 10, "7": 7, "8": 2, "9": 1}, "avg_over_mag": 2.5042637862421833, "avg_under_mag": 1.7374045801526719, "avg_over": 2.5042637862421833, "avg_under": 1.7374045801526719, "acc": 0.8783719483181436, "auc": 0.751288191831275, "nll": 0.3342047446628677, "mse": 0.0964381044073285, "metrics_by_prob": [[[0.0, 0.05], {"acc": 0.42857142857142855, "nll": 0.7465656581328188, "mse": 0.274052940632719, "N": 21, "over_prob": 0.0, "under_prob": 0.0, "over_counts": {"0": 14}, "under_counts": {"0": 14}, "avg_over_mag": 0.0, "avg_under_mag": 0.0, "avg_over": 0.0, "avg_under": 0.0}], [[0.05, 0.1], {"acc": 0.4888888888888889, "nll": 0.8706802963776421, "mse": 0.307264104650833, "N": 45, "over_prob": 0.0, "under_prob": 0.09523809523809523, "over_counts": {"0": 42}, "under_counts": {"0": 38, "1": 4}, "avg_over_mag": 0.0, "avg_under_mag": 1.0, "avg_over": 0.0, "avg_under": 1.0}], [[0.1, 0.15000000000000002], {"acc": 0.6759259259259259, "nll": 0.6881951839532099, "mse": 0.23410997969548805, "N": 108, "over_prob": 0.0, "under_prob": 0.08999999999999997, "over_counts": {"0": 100}, "under_counts": {"0": 91, "1": 9}, "avg_over_mag": 0.0, "avg_under_mag": 1.0, "avg_over": 0.0, "avg_under": 1.0}], [[0.15000000000000002, 0.2], {"acc": 0.6384180790960452, "nll": 0.8075226425124716, "mse": 0.27423294215883454, "N": 177, "over_prob": 0.0, "under_prob": 0.10227272727272729, "over_counts": {"0": 176}, "under_counts": {"0": 158, "1": 18}, "avg_over_mag": 0.0, "avg_under_mag": 1.0, "avg_over": 0.0, "avg_under": 1.0}], [[0.2, 0.25], {"acc": 0.5093632958801498, "nll": 0.8664082266570113, "mse": 0.3034245349629857, "N": 267, "over_prob": 0.0, "under_prob": 0.1026615969581749, "over_counts": {"0": 263}, "under_counts": {"0": 236, "1": 27}, "avg_over_mag": 0.0, "avg_under_mag": 1.0, "avg_over": 0.0, "avg_under": 1.0}], [[0.25, 0.30000000000000004], {"acc": 0.4448669201520912, "nll": 1.012809847556355, "mse": 0.3495122714256224, "N": 263, "over_prob": 0.0, "under_prob": 0.1428571428571429, "over_counts": {"0": 259}, "under_counts": {"0": 222, "1": 37}, "avg_over_mag": 0.0, "avg_under_mag": 1.0, "avg_over": 0.0, "avg_under": 1.0}], [[0.30000000000000004, 0.35000000000000003], {"acc": 0.4392523364485981, "nll": 0.9582509991514411, "mse": 0.3332217161235602, "N": 321, "over_prob": 0.0, "under_prob": 0.14696485623003197, "over_counts": {"0": 313}, "under_counts": {"0": 267, "1": 46}, "avg_over_mag": 0.0, "avg_under_mag": 1.0, "avg_over": 0.0, "avg_under": 1.0}], [[0.35000000000000003, 0.4], {"acc": 0.4626038781163435, "nll": 0.9147302985654996, "mse": 0.32643054533469323, "N": 361, "over_prob": 0.0, "under_prob": 0.10924369747899154, "over_counts": {"0": 357}, "under_counts": {"0": 318, "1": 39}, "avg_over_mag": 0.0, "avg_under_mag": 1.0, "avg_over": 0.0, "avg_under": 1.0}], [[0.4, 0.45], {"acc": 0.4878048780487805, "nll": 0.8602734759712416, "mse": 0.30487659388124067, "N": 492, "over_prob": 0.0, "under_prob": 0.10624999999999996, "over_counts": {"0": 480}, "under_counts": {"0": 429, "1": 51}, "avg_over_mag": 0.0, "avg_under_mag": 1.0, "avg_over": 0.0, "avg_under": 1.0}], [[0.45, 0.5], {"acc": 0.5197934595524957, "nll": 0.8803750174467111, "mse": 0.29875578142685055, "N": 581, "over_prob": 0.0, "under_prob": 0.15696649029982368, "over_counts": {"0": 567}, "under_counts": {"0": 478, "1": 89}, "avg_over_mag": 0.0, "avg_under_mag": 1.0, "avg_over": 0.0, "avg_under": 1.0}], [[0.5, 0.55], {"acc": 0.5170940170940171, "nll": 0.8240191182360274, "mse": 0.2867198137777553, "N": 702, "over_prob": 0.0, "under_prob": 0.13037037037037036, "over_counts": {"0": 675}, "under_counts": {"0": 587, "1": 86, "2": 2}, "avg_over_mag": 0.0, "avg_under_mag": 1.0227272727272727, "avg_over": 0.0, "avg_under": 1.0227272727272727}], [[0.55, 0.6000000000000001], {"acc": 0.5520421607378129, "nll": 0.8023455977700775, "mse": 0.28347193927580955, "N": 759, "over_prob": 0.0, "under_prob": 0.14442916093535074, "over_counts": {"0": 727}, "under_counts": {"0": 622, "1": 105}, "avg_over_mag": 0.0, "avg_under_mag": 1.0, "avg_over": 0.0, "avg_under": 1.0}], [[0.6000000000000001, 0.65], {"acc": 0.6336746302616609, "nll": 0.7020590266019802, "mse": 0.24216537395037147, "N": 879, "over_prob": 0.0, "under_prob": 0.1546762589928058, "over_counts": {"0": 834}, "under_counts": {"0": 705, "1": 128, "2": 1}, "avg_over_mag": 0.0, "avg_under_mag": 1.0077519379844961, "avg_over": 0.0, "avg_under": 1.0077519379844961}], [[0.65, 0.7000000000000001], {"acc": 0.6746293245469522, "nll": 0.681503686180399, "mse": 0.23120248533850984, "N": 1214, "over_prob": 0.0, "under_prob": 0.18352730528200534, "over_counts": {"0": 1117}, "under_counts": {"0": 912, "1": 202, "2": 3}, "avg_over_mag": 0.0, "avg_under_mag": 1.0146341463414634, "avg_over": 0.0, "avg_under": 1.0146341463414634}], [[0.7000000000000001, 0.75], {"acc": 0.7016971279373369, "nll": 0.6458897096999139, "mse": 0.21481557174693594, "N": 1532, "over_prob": 0.0, "under_prob": 0.2697708795269771, "over_counts": {"0": 1353}, "under_counts": {"0": 988, "1": 347, "2": 18}, "avg_over_mag": 0.0, "avg_under_mag": 1.0493150684931507, "avg_over": 0.0, "avg_under": 1.0493150684931507}], [[0.75, 0.8], {"acc": 0.7610579115367077, "nll": 0.5875932900897581, "mse": 0.18970025628557152, "N": 2193, "over_prob": 0.0, "under_prob": 0.3584905660377359, "over_counts": {"0": 1749}, "under_counts": {"0": 1122, "1": 573, "2": 45, "3": 8, "5": 1}, "avg_over_mag": 0.0, "avg_under_mag": 1.1036682615629985, "avg_over": 0.0, "avg_under": 1.1036682615629985}], [[0.8, 0.8500000000000001], {"acc": 0.8314039774413773, "nll": 0.4834316030105234, "mse": 0.14684521213890392, "N": 3369, "over_prob": 0.0, "under_prob": 0.5247436469014712, "over_counts": {"0": 2243}, "under_counts": {"0": 1066, "1": 955, "2": 158, "3": 47, "4": 13, "5": 3, "7": 1}, "avg_over_mag": 0.0, "avg_under_mag": 1.2625318606627018, "avg_over": 0.0, "avg_under": 1.2625318606627018}], [[0.8500000000000001, 0.9], {"acc": 0.8731268731268731, "nll": 0.4080089560993947, "mse": 0.1158363899247677, "N": 6006, "over_prob": 0.4811808118081181, "under_prob": 0.0, "over_counts": {"0": 1406, "1": 836, "2": 288, "3": 103, "4": 39, "5": 18, "7": 8, "6": 7, "8": 2, "10": 2, "11": 1}, "under_counts": {"0": 2710}, "avg_over_mag": 1.6196319018404908, "avg_under_mag": 0.0, "avg_over": 1.6196319018404908, "avg_under": 0.0}], [[0.9, 0.9500000000000001], {"acc": 0.9286232936392681, "nll": 0.2767303413591977, "mse": 0.06933580768377141, "N": 13772, "over_prob": 0.3639665819106429, "under_prob": 0.0, "over_counts": {"0": 1751, "1": 609, "2": 222, "3": 87, "4": 36, "5": 22, "7": 9, "6": 8, "8": 3, "11": 2, "10": 1, "13": 1, "9": 1, "15": 1}, "under_counts": {"0": 2753}, "avg_over_mag": 1.7684630738522955, "avg_under_mag": 0.0, "avg_over": 1.7684630738522955, "avg_under": 0.0}], [[0.9500000000000001, 1.0], {"acc": 0.9703429101019463, "nll": 0.1445285735057168, "mse": 0.03032596366043059, "N": 21580, "over_prob": 0.16479400749063666, "under_prob": 0.0, "over_counts": {"0": 1784, "1": 248, "2": 70, "3": 24, "4": 4, "6": 2, "5": 2, "16": 1, "7": 1}, "under_counts": {"0": 2136}, "avg_over_mag": 1.4801136363636365, "avg_under_mag": 0.0, "avg_over": 1.4801136363636365, "avg_under": 0.0}]]}