{"auc": 0.8502755550935432, "over_prob": 0.30265995686556435, "under_prob": 0.19218787443086505, "over_counts": {"0": 2910, "1": 667, "2": 275, "3": 142, "4": 75, "5": 40, "6": 24, "7": 11, "8": 10, "9": 7, "10": 5, "11": 2, "14": 2, "19": 1, "12": 1, "13": 1}, "under_counts": {"0": 3371, "1": 391, "2": 174, "3": 84, "4": 51, "5": 42, "6": 21, "7": 13, "8": 8, "9": 5, "12": 4, "10": 3, "11": 2, "35": 1, "14": 1, "18": 1, "20": 1}, "avg_over_mag": 2.098970704671417, "avg_under_mag": 2.3915211970074814, "avg_over": 2.098970704671417, "avg_under": 2.3915211970074814, "acc": 0.8388731554628112, "nll": 0.3656210605536591, "mse": 0.11448092665562351, "metrics_by_prob": [[[0.0, 0.05], {"acc": 0.9420289855072463, "nll": 0.20310233321488078, "mse": 0.05072529871307978, "N": 69, "over_prob": 0.0, "under_prob": 0.0, "over_counts": {"0": 47}, "under_counts": {"0": 47}, "avg_over_mag": 0.0, "avg_under_mag": 0.0, "avg_over": 0.0, "avg_under": 0.0}], [[0.05, 0.1], {"acc": 0.9358600583090378, "nll": 0.25413456052744715, "mse": 0.06474959164485636, "N": 343, "over_prob": 0.0, "under_prob": 0.0, "over_counts": {"0": 208}, "under_counts": {"0": 208}, "avg_over_mag": 0.0, "avg_under_mag": 0.0, "avg_over": 0.0, "avg_under": 0.0}], [[0.1, 0.15000000000000002], {"acc": 0.8814229249011858, "nll": 0.39642345749841323, "mse": 0.11607851802622873, "N": 759, "over_prob": 0.0, "under_prob": 0.0, "over_counts": {"0": 401}, "under_counts": {"0": 401}, "avg_over_mag": 0.0, "avg_under_mag": 0.0, "avg_over": 0.0, "avg_under": 0.0}], [[0.15000000000000002, 0.2], {"acc": 0.8080279232111692, "nll": 0.48421371680823116, "mse": 0.1527640700577013, "N": 1146, "over_prob": 0.0, "under_prob": 0.0, "over_counts": {"0": 599}, "under_counts": {"0": 599}, "avg_over_mag": 0.0, "avg_under_mag": 0.0, "avg_over": 0.0, "avg_under": 0.0}], [[0.2, 0.25], {"acc": 0.7110169491525423, "nll": 0.5932165045813095, "mse": 0.2015377349566052, "N": 1180, "over_prob": 0.0, "under_prob": 0.0, "over_counts": {"0": 710}, "under_counts": {"0": 710}, "avg_over_mag": 0.0, "avg_under_mag": 0.0, "avg_over": 0.0, "avg_under": 0.0}], [[0.25, 0.30000000000000004], {"acc": 0.6302083333333334, "nll": 0.6563204959008773, "mse": 0.23113360585501497, "N": 1152, "over_prob": 0.0, "under_prob": 0.0, "over_counts": {"0": 761}, "under_counts": {"0": 761}, "avg_over_mag": 0.0, "avg_under_mag": 0.0, "avg_over": 0.0, "avg_under": 0.0}], [[0.30000000000000004, 0.35000000000000003], {"acc": 0.6196473551637279, "nll": 0.6531481246460576, "mse": 0.2300863065071002, "N": 1191, "over_prob": 0.0, "under_prob": 0.0011976047904191933, "over_counts": {"0": 835}, "under_counts": {"0": 834, "1": 1}, "avg_over_mag": 0.0, "avg_under_mag": 1.0, "avg_over": 0.0, "avg_under": 1.0}], [[0.35000000000000003, 0.4], {"acc": 0.5591317365269461, "nll": 0.7072139814664504, "mse": 0.25540606944194383, "N": 1336, "over_prob": 0.0, "under_prob": 0.0032119914346895317, "over_counts": {"0": 934}, "under_counts": {"0": 931, "2": 1, "6": 1, "1": 1}, "avg_over_mag": 0.0, "avg_under_mag": 3.0, "avg_over": 0.0, "avg_under": 3.0}], [[0.4, 0.45], {"acc": 0.4986244841815681, "nll": 0.7288445183672396, "mse": 0.265641230442219, "N": 1454, "over_prob": 0.0, "under_prob": 0.0038722168441432947, "over_counts": {"0": 1033}, "under_counts": {"0": 1029, "1": 2, "3": 1, "8": 1}, "avg_over_mag": 0.0, "avg_under_mag": 3.25, "avg_over": 0.0, "avg_under": 3.25}], [[0.45, 0.5], {"acc": 0.5084033613445378, "nll": 0.7365949897155964, "mse": 0.2670667852156265, "N": 1428, "over_prob": 0.0, "under_prob": 0.006842619745845546, "over_counts": {"0": 1023}, "under_counts": {"0": 1016, "1": 5, "12": 1, "2": 1}, "avg_over_mag": 0.0, "avg_under_mag": 2.7142857142857144, "avg_over": 0.0, "avg_under": 2.7142857142857144}], [[0.5, 0.55], {"acc": 0.5093039283252929, "nll": 0.7337142965129628, "mse": 0.26752235226925214, "N": 1451, "over_prob": 0.0, "under_prob": 0.010175763182238673, "over_counts": {"0": 1081}, "under_counts": {"0": 1070, "1": 8, "2": 2, "4": 1}, "avg_over_mag": 0.0, "avg_under_mag": 1.4545454545454546, "avg_over": 0.0, "avg_under": 1.4545454545454546}], [[0.55, 0.6000000000000001], {"acc": 0.539754363283775, "nll": 0.7239121163001828, "mse": 0.26240475753375847, "N": 1547, "over_prob": 0.0, "under_prob": 0.016014234875444844, "over_counts": {"0": 1124}, "under_counts": {"0": 1106, "1": 11, "2": 5, "3": 2}, "avg_over_mag": 0.0, "avg_under_mag": 1.5, "avg_over": 0.0, "avg_under": 1.5}], [[0.6000000000000001, 0.65], {"acc": 0.6135346756152126, "nll": 0.6850428253004406, "mse": 0.2439402932406107, "N": 1788, "over_prob": 0.0, "under_prob": 0.017678708685626487, "over_counts": {"0": 1301}, "under_counts": {"0": 1278, "1": 18, "3": 2, "2": 2, "6": 1}, "avg_over_mag": 0.0, "avg_under_mag": 1.4782608695652173, "avg_over": 0.0, "avg_under": 1.4782608695652173}], [[0.65, 0.7000000000000001], {"acc": 0.6661600810536981, "nll": 0.6468034024849681, "mse": 0.22503914620833157, "N": 1974, "over_prob": 0.0, "under_prob": 0.03656821378340369, "over_counts": {"0": 1422}, "under_counts": {"0": 1370, "1": 35, "2": 10, "3": 4, "4": 3}, "avg_over_mag": 0.0, "avg_under_mag": 1.5192307692307692, "avg_over": 0.0, "avg_under": 1.5192307692307692}], [[0.7000000000000001, 0.75], {"acc": 0.717948717948718, "nll": 0.6011328552110001, "mse": 0.20410279377832843, "N": 2457, "over_prob": 0.0, "under_prob": 0.052631578947368474, "over_counts": {"0": 1653}, "under_counts": {"0": 1566, "1": 60, "2": 20, "3": 6, "4": 1}, "avg_over_mag": 0.0, "avg_under_mag": 1.4022988505747127, "avg_over": 0.0, "avg_under": 1.4022988505747127}], [[0.75, 0.8], {"acc": 0.7757067412239826, "nll": 0.5371408986742677, "mse": 0.1757332724303175, "N": 3219, "over_prob": 0.0, "under_prob": 0.11530912659470072, "over_counts": {"0": 2038}, "under_counts": {"0": 1803, "1": 172, "2": 41, "3": 9, "4": 6, "5": 5, "7": 1, "6": 1}, "avg_over_mag": 0.0, "avg_under_mag": 1.4595744680851064, "avg_over": 0.0, "avg_under": 1.4595744680851064}], [[0.8, 0.8500000000000001], {"acc": 0.8299395837995077, "nll": 0.4668672413855227, "mse": 0.14459184716552567, "N": 4469, "over_prob": 0.0, "under_prob": 0.3081293706293706, "over_counts": {"0": 2288}, "under_counts": {"0": 1583, "1": 432, "2": 148, "3": 65, "4": 23, "5": 19, "6": 7, "8": 3, "7": 2, "10": 2, "9": 1, "13": 1, "11": 1, "12": 1}, "avg_over_mag": 0.0, "avg_under_mag": 1.7801418439716312, "avg_over": 0.0, "avg_under": 1.7801418439716312}], [[0.8500000000000001, 0.9], {"acc": 0.8758104019593719, "nll": 0.38117525248181855, "mse": 0.11042774830354454, "N": 6941, "over_prob": 0.4900159744408946, "under_prob": 0.0, "over_counts": {"0": 1277, "1": 691, "2": 300, "3": 107, "4": 64, "5": 26, "6": 17, "8": 6, "7": 6, "9": 5, "11": 2, "12": 2, "10": 1}, "under_counts": {"0": 2504}, "avg_over_mag": 1.867155664221679, "avg_under_mag": 0.0, "avg_over": 1.867155664221679, "avg_under": 0.0}], [[0.9, 0.9500000000000001], {"acc": 0.928162291169451, "nll": 0.2607719243943814, "mse": 0.0671563582574035, "N": 12570, "over_prob": 0.09762419006479484, "under_prob": 0.0, "over_counts": {"0": 2089, "1": 156, "2": 40, "3": 17, "4": 8, "5": 2, "13": 1, "6": 1, "10": 1}, "under_counts": {"0": 2315}, "avg_over_mag": 1.584070796460177, "avg_under_mag": 0.0, "avg_over": 1.584070796460177, "avg_under": 0.0}], [[0.9500000000000001, 1.0], {"acc": 0.9747768723321691, "nll": 0.11543755737979317, "mse": 0.02455406312799192, "N": 20616, "over_prob": 0.0012539184952977678, "under_prob": 0.0, "over_counts": {"0": 1593, "1": 2}, "under_counts": {"0": 1595}, "avg_over_mag": 1.0, "avg_under_mag": 0.0, "avg_over": 1.0, "avg_under": 0.0}]]}