{"auc": 0.8070809877354682, "over_prob": 0.24896480331262938, "under_prob": 0.2424948240165632, "over_counts": {"0": 2902, "1": 671, "2": 179, "3": 59, "4": 32, "5": 13, "6": 5, "7": 1, "9": 1, "10": 1}, "under_counts": {"0": 2927, "1": 662, "2": 155, "3": 59, "4": 18, "5": 17, "6": 13, "7": 6, "9": 2, "8": 2, "16": 1, "11": 1, "10": 1}, "avg_over_mag": 1.5124740124740124, "avg_under_mag": 1.5976520811099253, "avg_over": 1.5124740124740124, "avg_under": 1.5976520811099253, "acc": 0.8869367885509315, "nll": 0.299862883180857, "mse": 0.08781481344097437, "metrics_by_prob": [[[0.0, 0.05], {"acc": 0.19047619047619047, "nll": 1.0037884707962026, "mse": 0.39052981997036473, "N": 21, "over_prob": 0.0, "under_prob": 0.0, "over_counts": {"0": 14}, "under_counts": {"0": 14}, "avg_over_mag": 0.0, "avg_under_mag": 0.0, "avg_over": 0.0, "avg_under": 0.0}], [[0.05, 0.1], {"acc": 0.6444444444444445, "nll": 0.593197785785131, "mse": 0.20581446927154448, "N": 45, "over_prob": 0.0, "under_prob": 0.0, "over_counts": {"0": 42}, "under_counts": {"0": 42}, "avg_over_mag": 0.0, "avg_under_mag": 0.0, "avg_over": 0.0, "avg_under": 0.0}], [[0.1, 0.15000000000000002], {"acc": 0.7870370370370371, "nll": 0.4436047387812947, "mse": 0.14193202805676905, "N": 108, "over_prob": 0.0, "under_prob": 0.0, "over_counts": {"0": 100}, "under_counts": {"0": 100}, "avg_over_mag": 0.0, "avg_under_mag": 0.0, "avg_over": 0.0, "avg_under": 0.0}], [[0.15000000000000002, 0.2], {"acc": 0.7909604519774012, "nll": 0.496424535166594, "mse": 0.15894816925392666, "N": 177, "over_prob": 0.0, "under_prob": 0.0, "over_counts": {"0": 176}, "under_counts": {"0": 176}, "avg_over_mag": 0.0, "avg_under_mag": 0.0, "avg_over": 0.0, "avg_under": 0.0}], [[0.2, 0.25], {"acc": 0.7602996254681648, "nll": 0.5548889549482563, "mse": 0.18423563587434502, "N": 267, "over_prob": 0.0, "under_prob": 0.0038022813688213253, "over_counts": {"0": 263}, "under_counts": {"0": 262, "1": 1}, "avg_over_mag": 0.0, "avg_under_mag": 1.0, "avg_over": 0.0, "avg_under": 1.0}], [[0.25, 0.30000000000000004], {"acc": 0.7186311787072244, "nll": 0.6117459802934617, "mse": 0.20931794801240017, "N": 263, "over_prob": 0.0, "under_prob": 0.0038610038610038533, "over_counts": {"0": 259}, "under_counts": {"0": 258, "1": 1}, "avg_over_mag": 0.0, "avg_under_mag": 1.0, "avg_over": 0.0, "avg_under": 1.0}], [[0.30000000000000004, 0.35000000000000003], {"acc": 0.6822429906542056, "nll": 0.6398187177216673, "mse": 0.22243676766454012, "N": 321, "over_prob": 0.0, "under_prob": 0.0031948881789137795, "over_counts": {"0": 313}, "under_counts": {"0": 312, "1": 1}, "avg_over_mag": 0.0, "avg_under_mag": 1.0, "avg_over": 0.0, "avg_under": 1.0}], [[0.35000000000000003, 0.4], {"acc": 0.6038781163434903, "nll": 0.6953760322661059, "mse": 0.24895959902511927, "N": 361, "over_prob": 0.0, "under_prob": 0.008403361344537785, "over_counts": {"0": 357}, "under_counts": {"0": 354, "1": 3}, "avg_over_mag": 0.0, "avg_under_mag": 1.0, "avg_over": 0.0, "avg_under": 1.0}], [[0.4, 0.45], {"acc": 0.5426829268292683, "nll": 0.6939226945002513, "mse": 0.24989809438071217, "N": 492, "over_prob": 0.0, "under_prob": 0.008333333333333304, "over_counts": {"0": 480}, "under_counts": {"0": 476, "1": 4}, "avg_over_mag": 0.0, "avg_under_mag": 1.0, "avg_over": 0.0, "avg_under": 1.0}], [[0.45, 0.5], {"acc": 0.5352839931153184, "nll": 0.7025360206443041, "mse": 0.2535751439744605, "N": 581, "over_prob": 0.0, "under_prob": 0.0017636684303351524, "over_counts": {"0": 567}, "under_counts": {"0": 566, "1": 1}, "avg_over_mag": 0.0, "avg_under_mag": 1.0, "avg_over": 0.0, "avg_under": 1.0}], [[0.5, 0.55], {"acc": 0.5213675213675214, "nll": 0.70938948282874, "mse": 0.2566617842650286, "N": 702, "over_prob": 0.0, "under_prob": 0.001481481481481528, "over_counts": {"0": 675}, "under_counts": {"0": 674, "1": 1}, "avg_over_mag": 0.0, "avg_under_mag": 1.0, "avg_over": 0.0, "avg_under": 1.0}], [[0.55, 0.6000000000000001], {"acc": 0.5507246376811594, "nll": 0.7065367937712008, "mse": 0.25503416912396365, "N": 759, "over_prob": 0.0, "under_prob": 0.009628610729023435, "over_counts": {"0": 727}, "under_counts": {"0": 720, "1": 7}, "avg_over_mag": 0.0, "avg_under_mag": 1.0, "avg_over": 0.0, "avg_under": 1.0}], [[0.6000000000000001, 0.65], {"acc": 0.6575654152445961, "nll": 0.6442440624618977, "mse": 0.22557309632072975, "N": 879, "over_prob": 0.0, "under_prob": 0.014388489208633115, "over_counts": {"0": 834}, "under_counts": {"0": 822, "1": 12}, "avg_over_mag": 0.0, "avg_under_mag": 1.0, "avg_over": 0.0, "avg_under": 1.0}], [[0.65, 0.7000000000000001], {"acc": 0.6836902800658978, "nll": 0.6344852888353629, "mse": 0.21995439900808364, "N": 1214, "over_prob": 0.0, "under_prob": 0.017905102954342, "over_counts": {"0": 1117}, "under_counts": {"0": 1097, "1": 17, "2": 3}, "avg_over_mag": 0.0, "avg_under_mag": 1.15, "avg_over": 0.0, "avg_under": 1.15}], [[0.7000000000000001, 0.75], {"acc": 0.716710182767624, "nll": 0.6090568269853268, "mse": 0.2074589895397138, "N": 1532, "over_prob": 0.0, "under_prob": 0.03843311160384333, "over_counts": {"0": 1353}, "under_counts": {"0": 1301, "1": 45, "2": 5, "4": 1, "3": 1}, "avg_over_mag": 0.0, "avg_under_mag": 1.1923076923076923, "avg_over": 0.0, "avg_under": 1.1923076923076923}], [[0.75, 0.8], {"acc": 0.7674418604651163, "nll": 0.550687820869503, "mse": 0.18073267133277315, "N": 2193, "over_prob": 0.0, "under_prob": 0.0960548885077187, "over_counts": {"0": 1749}, "under_counts": {"0": 1581, "1": 134, "2": 22, "3": 6, "5": 3, "6": 1, "4": 1, "8": 1}, "avg_over_mag": 0.0, "avg_under_mag": 1.3630952380952381, "avg_over": 0.0, "avg_under": 1.3630952380952381}], [[0.8, 0.8500000000000001], {"acc": 0.8373404571089345, "nll": 0.447078643430453, "mse": 0.1371455399705008, "N": 3369, "over_prob": 0.0, "under_prob": 0.37895675434685694, "over_counts": {"0": 2243}, "under_counts": {"0": 1393, "1": 669, "2": 116, "3": 33, "4": 21, "6": 5, "5": 3, "7": 2, "9": 1}, "avg_over_mag": 0.0, "avg_under_mag": 1.3552941176470588, "avg_over": 0.0, "avg_under": 1.3552941176470588}], [[0.8500000000000001, 0.9], {"acc": 0.8757908757908758, "nll": 0.37801738439827154, "mse": 0.10947926401802237, "N": 6006, "over_prob": 0.30959409594095944, "under_prob": 0.0, "over_counts": {"0": 1871, "1": 641, "2": 140, "3": 36, "4": 15, "5": 4, "7": 2, "6": 1}, "under_counts": {"0": 2710}, "avg_over_mag": 1.3456495828367103, "avg_under_mag": 0.0, "avg_over": 1.3456495828367103, "avg_under": 0.0}], [[0.9, 0.9500000000000001], {"acc": 0.9294946267789719, "nll": 0.25583740000759864, "mse": 0.06574638983215861, "N": 13772, "over_prob": 0.06937885942608069, "under_prob": 0.0, "over_counts": {"0": 2562, "1": 154, "2": 28, "3": 7, "4": 2}, "under_counts": {"0": 2753}, "avg_over_mag": 1.2513089005235603, "avg_under_mag": 0.0, "avg_over": 1.2513089005235603, "avg_under": 0.0}], [[0.9500000000000001, 1.0], {"acc": 0.9705282669138091, "nll": 0.13322531316498912, "mse": 0.02888770695313462, "N": 21580, "over_prob": 0.0337078651685393, "under_prob": 0.0, "over_counts": {"0": 2064, "1": 59, "2": 11, "3": 2}, "under_counts": {"0": 2136}, "avg_over_mag": 1.2083333333333333, "avg_under_mag": 0.0, "avg_over": 1.2083333333333333, "avg_under": 0.0}]]}