{"auc": 0.6703480306376262, "over_prob": 0.07914385266301638, "under_prob": 0.09109009457441508, "over_counts": {"0": 1850, "1": 110, "4": 17, "6": 9, "3": 5, "7": 5, "2": 4, "8": 4, "5": 4, "10": 1}, "under_counts": {"0": 1826, "1": 155, "2": 7, "3": 6, "10": 5, "12": 3, "14": 2, "6": 2, "11": 1, "18": 1, "7": 1}, "avg_over_mag": 2.2138364779874213, "avg_under_mag": 1.907103825136612, "avg_over": 2.2138364779874213, "avg_under": 1.907103825136612, "acc": 0.8399606782993364, "nll": 0.41354457843476433, "mse": 0.12669783691477535, "metrics_by_prob": [[[0.0, 0.05], {"acc": NaN, "nll": NaN, "mse": NaN, "N": 0}], [[0.05, 0.1], {"acc": NaN, "nll": NaN, "mse": NaN, "N": 0}], [[0.1, 0.15000000000000002], {"acc": 1.0, "nll": 0.15390906570121524, "mse": 0.020349028209973336, "N": 1, "over_prob": 0.0, "under_prob": 0.0, "over_counts": {"0": 1}, "under_counts": {"0": 1}, "avg_over_mag": 0.0, "avg_under_mag": 0.0, "avg_over": 0.0, "avg_under": 0.0}], [[0.15000000000000002, 0.2], {"acc": 0.8333333333333334, "nll": 0.44289907671502143, "mse": 0.13653065245046292, "N": 24, "over_prob": 0.0, "under_prob": 0.0, "over_counts": {"0": 24}, "under_counts": {"0": 24}, "avg_over_mag": 0.0, "avg_under_mag": 0.0, "avg_over": 0.0, "avg_under": 0.0}], [[0.2, 0.25], {"acc": 0.7142857142857143, "nll": 0.6027036728762533, "mse": 0.20588656175298398, "N": 21, "over_prob": 0.0, "under_prob": 0.0, "over_counts": {"0": 21}, "under_counts": {"0": 21}, "avg_over_mag": 0.0, "avg_under_mag": 0.0, "avg_over": 0.0, "avg_under": 0.0}], [[0.25, 0.30000000000000004], {"acc": 1.0, "nll": 0.41723402960779504, "mse": 0.11637192319558277, "N": 1, "over_prob": 0.0, "under_prob": 0.0, "over_counts": {"0": 1}, "under_counts": {"0": 1}, "avg_over_mag": 0.0, "avg_under_mag": 0.0, "avg_over": 0.0, "avg_under": 0.0}], [[0.30000000000000004, 0.35000000000000003], {"acc": 1.0, "nll": 0.45304355605710883, "mse": 0.13272145197060922, "N": 1, "over_prob": 0.0, "under_prob": 0.0, "over_counts": {"0": 1}, "under_counts": {"0": 1}, "avg_over_mag": 0.0, "avg_under_mag": 0.0, "avg_over": 0.0, "avg_under": 0.0}], [[0.35000000000000003, 0.4], {"acc": 0.6226415094339622, "nll": 0.6657456351791678, "mse": 0.23640522457309068, "N": 53, "over_prob": 0.0, "under_prob": 0.0, "over_counts": {"0": 52}, "under_counts": {"0": 52}, "avg_over_mag": 0.0, "avg_under_mag": 0.0, "avg_over": 0.0, "avg_under": 0.0}], [[0.4, 0.45], {"acc": 0.5476190476190477, "nll": 0.6883319213524923, "mse": 0.2475183589211649, "N": 42, "over_prob": 0.0, "under_prob": 0.0, "over_counts": {"0": 42}, "under_counts": {"0": 42}, "avg_over_mag": 0.0, "avg_under_mag": 0.0, "avg_over": 0.0, "avg_under": 0.0}], [[0.45, 0.5], {"acc": 0.5, "nll": 0.6924573205459641, "mse": 0.249657920377664, "N": 90, "over_prob": 0.0, "under_prob": 0.0, "over_counts": {"0": 90}, "under_counts": {"0": 90}, "avg_over_mag": 0.0, "avg_under_mag": 0.0, "avg_over": 0.0, "avg_under": 0.0}], [[0.5, 0.55], {"acc": 0.5714285714285714, "nll": 0.673238117162599, "mse": 0.2400675894931132, "N": 112, "over_prob": 0.0, "under_prob": 0.0, "over_counts": {"0": 112}, "under_counts": {"0": 112}, "avg_over_mag": 0.0, "avg_under_mag": 0.0, "avg_over": 0.0, "avg_under": 0.0}], [[0.55, 0.6000000000000001], {"acc": 0.554006968641115, "nll": 0.6879416306179196, "mse": 0.2473224566587909, "N": 287, "over_prob": 0.0, "under_prob": 0.0, "over_counts": {"0": 279}, "under_counts": {"0": 279}, "avg_over_mag": 0.0, "avg_under_mag": 0.0, "avg_over": 0.0, "avg_under": 0.0}], [[0.6000000000000001, 0.65], {"acc": 0.6285266457680251, "nll": 0.657617558747667, "mse": 0.23249757613487348, "N": 638, "over_prob": 0.0, "under_prob": 0.0, "over_counts": {"0": 413}, "under_counts": {"0": 413}, "avg_over_mag": 0.0, "avg_under_mag": 0.0, "avg_over": 0.0, "avg_under": 0.0}], [[0.65, 0.7000000000000001], {"acc": 0.6761619190404797, "nll": 0.6339857200865814, "mse": 0.22091675818840906, "N": 667, "over_prob": 0.0, "under_prob": 0.0, "over_counts": {"0": 488}, "under_counts": {"0": 488}, "avg_over_mag": 0.0, "avg_under_mag": 0.0, "avg_over": 0.0, "avg_under": 0.0}], [[0.7000000000000001, 0.75], {"acc": 0.715898400752587, "nll": 0.5990896622325218, "mse": 0.20422748785394887, "N": 1063, "over_prob": 0.0, "under_prob": 0.0036429872495445936, "over_counts": {"0": 549}, "under_counts": {"0": 547, "1": 2}, "avg_over_mag": 0.0, "avg_under_mag": 1.0, "avg_over": 0.0, "avg_under": 1.0}], [[0.75, 0.8], {"acc": 0.7938331318016929, "nll": 0.509614596064226, "mse": 0.16399159366799335, "N": 1654, "over_prob": 0.0, "under_prob": 0.003225806451612856, "over_counts": {"0": 620}, "under_counts": {"0": 618, "1": 2}, "avg_over_mag": 0.0, "avg_under_mag": 1.0, "avg_over": 0.0, "avg_under": 1.0}], [[0.8, 0.8500000000000001], {"acc": 0.825451418744626, "nll": 0.46216212511574817, "mse": 0.1438528074112395, "N": 2326, "over_prob": 0.0, "under_prob": 0.30116472545757067, "over_counts": {"0": 601}, "under_counts": {"0": 420, "1": 155, "3": 6, "2": 5, "10": 5, "12": 3, "14": 2, "6": 2, "11": 1, "18": 1, "7": 1}, "avg_over_mag": 0.0, "avg_under_mag": 1.9060773480662982, "avg_over": 0.0, "avg_under": 1.9060773480662982}], [[0.8500000000000001, 0.9], {"acc": 0.87420301588908, "nll": 0.3777579896534004, "mse": 0.10985101331383786, "N": 9881, "over_prob": 0.209366391184573, "under_prob": 0.0, "over_counts": {"0": 574, "1": 103, "4": 17, "6": 9, "3": 5, "7": 5, "2": 4, "8": 4, "5": 4, "10": 1}, "under_counts": {"0": 726}, "avg_over_mag": 2.2697368421052633, "avg_under_mag": 0.0, "avg_over": 2.2697368421052633, "avg_under": 0.0}], [[0.9, 0.9500000000000001], {"acc": 0.9213362068965517, "nll": 0.2736122078396086, "mse": 0.0722278289996959, "N": 2784, "over_prob": 0.012635379061371799, "under_prob": 0.0, "over_counts": {"0": 547, "1": 7}, "under_counts": {"0": 554}, "avg_over_mag": 1.0, "avg_under_mag": 0.0, "avg_over": 1.0, "avg_under": 0.0}], [[0.9500000000000001, 1.0], {"acc": 0.9685714285714285, "nll": 0.14054407897178461, "mse": 0.030559292782422014, "N": 700, "over_prob": 0.0, "under_prob": 0.0, "over_counts": {"0": 184}, "under_counts": {"0": 184}, "avg_over_mag": 0.0, "avg_under_mag": 0.0, "avg_over": 0.0, "avg_under": 0.0}]]}