{"auc": 0.6600528524934579, "over_prob": 0.15354330708661412, "under_prob": 0.1387795275590551, "over_counts": {"0": 1720, "1": 206, "2": 30, "4": 15, "3": 13, "5": 6, "11": 6, "7": 4, "10": 4, "64": 3, "60": 3, "9": 2, "8": 2, "13": 2, "58": 2, "53": 2, "47": 1, "46": 1, "38": 1, "74": 1, "6": 1, "51": 1, "32": 1, "33": 1, "14": 1, "59": 1, "41": 1, "63": 1}, "under_counts": {"0": 1750, "1": 198, "2": 51, "3": 7, "10": 5, "9": 4, "12": 3, "11": 3, "14": 2, "13": 2, "5": 2, "7": 1, "15": 1, "16": 1, "8": 1, "4": 1}, "avg_over_mag": 5.407051282051282, "avg_under_mag": 2.0921985815602837, "avg_over": 5.407051282051282, "avg_under": 2.0921985815602837, "acc": 0.8468693167056378, "nll": 0.4059305042062758, "mse": 0.1230221524824007, "metrics_by_prob": [[[0.0, 0.05], {"acc": NaN, "nll": NaN, "mse": NaN, "N": 0}], [[0.05, 0.1], {"acc": NaN, "nll": NaN, "mse": NaN, "N": 0}], [[0.1, 0.15000000000000002], {"acc": 1.0, "nll": 0.14702861746122195, "mse": 0.0186952918459894, "N": 1, "over_prob": 0.0, "under_prob": 0.0, "over_counts": {"0": 1}, "under_counts": {"0": 1}, "avg_over_mag": 0.0, "avg_under_mag": 0.0, "avg_over": 0.0, "avg_under": 0.0}], [[0.15000000000000002, 0.2], {"acc": 0.8571428571428571, "nll": 0.3853216516569576, "mse": 0.11467219274406903, "N": 14, "over_prob": 0.0, "under_prob": 0.0, "over_counts": {"0": 14}, "under_counts": {"0": 14}, "avg_over_mag": 0.0, "avg_under_mag": 0.0, "avg_over": 0.0, "avg_under": 0.0}], [[0.2, 0.25], {"acc": 0.7222222222222222, "nll": 0.5447956545407089, "mse": 0.18146603266442465, "N": 18, "over_prob": 0.0, "under_prob": 0.0, "over_counts": {"0": 18}, "under_counts": {"0": 18}, "avg_over_mag": 0.0, "avg_under_mag": 0.0, "avg_over": 0.0, "avg_under": 0.0}], [[0.25, 0.30000000000000004], {"acc": 1.0, "nll": 0.28901780953254286, "mse": 0.06300156928725403, "N": 1, "over_prob": 0.0, "under_prob": 0.0, "over_counts": {"0": 1}, "under_counts": {"0": 1}, "avg_over_mag": 0.0, "avg_under_mag": 0.0, "avg_over": 0.0, "avg_under": 0.0}], [[0.30000000000000004, 0.35000000000000003], {"acc": 0.0, "nll": 1.0240561269640445, "mse": 0.4107075847385464, "N": 1, "over_prob": 0.0, "under_prob": 0.0, "over_counts": {"0": 1}, "under_counts": {"0": 1}, "avg_over_mag": 0.0, "avg_under_mag": 0.0, "avg_over": 0.0, "avg_under": 0.0}], [[0.35000000000000003, 0.4], {"acc": 0.7142857142857143, "nll": 0.6395479621994793, "mse": 0.2236685944273763, "N": 42, "over_prob": 0.0, "under_prob": 0.0, "over_counts": {"0": 41}, "under_counts": {"0": 41}, "avg_over_mag": 0.0, "avg_under_mag": 0.0, "avg_over": 0.0, "avg_under": 0.0}], [[0.4, 0.45], {"acc": 0.42105263157894735, "nll": 0.7331100022473801, "mse": 0.2692800684228336, "N": 38, "over_prob": 0.0, "under_prob": 0.0, "over_counts": {"0": 38}, "under_counts": {"0": 38}, "avg_over_mag": 0.0, "avg_under_mag": 0.0, "avg_over": 0.0, "avg_under": 0.0}], [[0.45, 0.5], {"acc": 0.4673913043478261, "nll": 0.7127302703128966, "mse": 0.2596033267749324, "N": 92, "over_prob": 0.0, "under_prob": 0.0, "over_counts": {"0": 92}, "under_counts": {"0": 92}, "avg_over_mag": 0.0, "avg_under_mag": 0.0, "avg_over": 0.0, "avg_under": 0.0}], [[0.5, 0.55], {"acc": 0.5737704918032787, "nll": 0.699592816722143, "mse": 0.2527599435716805, "N": 122, "over_prob": 0.0, "under_prob": 0.0, "over_counts": {"0": 122}, "under_counts": {"0": 122}, "avg_over_mag": 0.0, "avg_under_mag": 0.0, "avg_over": 0.0, "avg_under": 0.0}], [[0.55, 0.6000000000000001], {"acc": 0.5929824561403508, "nll": 0.6844106549182687, "mse": 0.2455268373100093, "N": 285, "over_prob": 0.0, "under_prob": 0.0, "over_counts": {"0": 275}, "under_counts": {"0": 275}, "avg_over_mag": 0.0, "avg_under_mag": 0.0, "avg_over": 0.0, "avg_under": 0.0}], [[0.6000000000000001, 0.65], {"acc": 0.6173469387755102, "nll": 0.6688983140929334, "mse": 0.23780656338416195, "N": 588, "over_prob": 0.0, "under_prob": 0.0, "over_counts": {"0": 390}, "under_counts": {"0": 390}, "avg_over_mag": 0.0, "avg_under_mag": 0.0, "avg_over": 0.0, "avg_under": 0.0}], [[0.65, 0.7000000000000001], {"acc": 0.7015873015873015, "nll": 0.6181199055535965, "mse": 0.21315927260356607, "N": 630, "over_prob": 0.0, "under_prob": 0.0, "over_counts": {"0": 484}, "under_counts": {"0": 484}, "avg_over_mag": 0.0, "avg_under_mag": 0.0, "avg_over": 0.0, "avg_under": 0.0}], [[0.7000000000000001, 0.75], {"acc": 0.7266035751840169, "nll": 0.5870648793678044, "mse": 0.1986427702892643, "N": 951, "over_prob": 0.0, "under_prob": 0.015238095238095273, "over_counts": {"0": 525}, "under_counts": {"0": 517, "1": 8}, "avg_over_mag": 0.0, "avg_under_mag": 1.0, "avg_over": 0.0, "avg_under": 1.0}], [[0.75, 0.8], {"acc": 0.8005354752342704, "nll": 0.5016229768257252, "mse": 0.1603488069094106, "N": 1494, "over_prob": 0.0, "under_prob": 0.03367003367003363, "over_counts": {"0": 594}, "under_counts": {"0": 574, "1": 17, "2": 3}, "avg_over_mag": 0.0, "avg_under_mag": 1.15, "avg_over": 0.0, "avg_under": 1.15}], [[0.8, 0.8500000000000001], {"acc": 0.8375296912114014, "nll": 0.4466746603823253, "mse": 0.13684896445250885, "N": 2105, "over_prob": 0.0, "under_prob": 0.45629370629370625, "over_counts": {"0": 572}, "under_counts": {"0": 311, "1": 180, "2": 52, "10": 5, "3": 4, "9": 4, "12": 3, "11": 3, "7": 2, "14": 2, "13": 2, "15": 1, "16": 1, "4": 1, "5": 1}, "avg_over_mag": 0.0, "avg_under_mag": 2.1417624521072796, "avg_over": 0.0, "avg_under": 2.1417624521072796}], [[0.8500000000000001, 0.9], {"acc": 0.8830501777953378, "nll": 0.36285030856168515, "mse": 0.1036910005745883, "N": 10124, "over_prob": 0.4297520661157025, "under_prob": 0.0, "over_counts": {"0": 414, "1": 206, "2": 30, "4": 15, "3": 13, "5": 6, "11": 6, "7": 4, "10": 4, "64": 3, "60": 3, "9": 2, "8": 2, "13": 2, "58": 2, "53": 2, "47": 1, "46": 1, "38": 1, "74": 1, "6": 1, "51": 1, "32": 1, "33": 1, "14": 1, "59": 1, "41": 1, "63": 1}, "under_counts": {"0": 726}, "avg_over_mag": 5.407051282051282, "avg_under_mag": 0.0, "avg_over": 5.407051282051282, "avg_under": 0.0}], [[0.9, 0.9500000000000001], {"acc": 0.9214183037853378, "nll": 0.2774173494127737, "mse": 0.07263154662979836, "N": 2087, "over_prob": 0.0, "under_prob": 0.0, "over_counts": {"0": 538}, "under_counts": {"0": 538}, "avg_over_mag": 0.0, "avg_under_mag": 0.0, "avg_over": 0.0, "avg_under": 0.0}], [[0.9500000000000001, 1.0], {"acc": 0.9585889570552147, "nll": 0.1711748731333371, "mse": 0.039673678725779316, "N": 652, "over_prob": 0.0, "under_prob": 0.0, "over_counts": {"0": 179}, "under_counts": {"0": 179}, "avg_over_mag": 0.0, "avg_under_mag": 0.0, "avg_over": 0.0, "avg_under": 0.0}]]}