{"over_prob": 0.44400199104031857, "under_prob": 0.05077152812344454, "over_counts": {"0": 1117, "1": 306, "3": 138, "2": 124, "4": 48, "5": 37, "6": 33, "8": 28, "11": 26, "13": 24, "7": 20, "12": 14, "9": 14, "15": 14, "14": 13, "10": 9, "16": 9, "17": 6, "36": 4, "18": 4, "23": 4, "24": 3, "22": 2, "26": 2, "30": 2, "25": 1, "28": 1, "20": 1, "37": 1, "27": 1, "45": 1, "40": 1, "39": 1}, "under_counts": {"0": 1907, "1": 70, "32": 12, "2": 6, "31": 5, "11": 2, "35": 2, "33": 2, "4": 1, "5": 1, "3": 1}, "avg_over_mag": 4.8475336322869955, "avg_under_mag": 7.754901960784314, "avg_over": 4.8475336322869955, "avg_under": 7.754901960784314, "acc": 0.8385352666502827, "auc": 0.6368848846160713, "nll": 0.43646391328010054, "mse": 0.1348188345275397, "metrics_by_prob": [[[0.0, 0.05], {"acc": NaN, "nll": NaN, "mse": NaN, "N": 0}], [[0.05, 0.1], {"acc": NaN, "nll": NaN, "mse": NaN, "N": 0}], [[0.1, 0.15000000000000002], {"acc": 0.0, "nll": 0.8603789245194366, "mse": 0.33292696180274106, "N": 1, "over_prob": 0.0, "under_prob": 0.0, "over_counts": {"0": 1}, "under_counts": {"0": 1}, "avg_over_mag": 0.0, "avg_under_mag": 0.0, "avg_over": 0.0, "avg_under": 0.0}], [[0.15000000000000002, 0.2], {"acc": 0.4583333333333333, "nll": 0.7594118377909677, "mse": 0.28276749765386827, "N": 24, "over_prob": 0.0, "under_prob": 0.0, "over_counts": {"0": 24}, "under_counts": {"0": 24}, "avg_over_mag": 0.0, "avg_under_mag": 0.0, "avg_over": 0.0, "avg_under": 0.0}], [[0.2, 0.25], {"acc": 0.2857142857142857, "nll": 0.7014107493201195, "mse": 0.2541660716011376, "N": 21, "over_prob": 0.0, "under_prob": 0.0, "over_counts": {"0": 21}, "under_counts": {"0": 21}, "avg_over_mag": 0.0, "avg_under_mag": 0.0, "avg_over": 0.0, "avg_under": 0.0}], [[0.25, 0.30000000000000004], {"acc": 0.0, "nll": 0.7716020995417622, "mse": 0.2891515426723892, "N": 1, "over_prob": 0.0, "under_prob": 0.0, "over_counts": {"0": 1}, "under_counts": {"0": 1}, "avg_over_mag": 0.0, "avg_under_mag": 0.0, "avg_over": 0.0, "avg_under": 0.0}], [[0.30000000000000004, 0.35000000000000003], {"acc": 0.0, "nll": 0.7460646205877948, "mse": 0.2764349793794487, "N": 1, "over_prob": 0.0, "under_prob": 0.0, "over_counts": {"0": 1}, "under_counts": {"0": 1}, "avg_over_mag": 0.0, "avg_under_mag": 0.0, "avg_over": 0.0, "avg_under": 0.0}], [[0.35000000000000003, 0.4], {"acc": 0.33962264150943394, "nll": 0.7181074786859964, "mse": 0.2624064254496529, "N": 53, "over_prob": 0.0, "under_prob": 0.0, "over_counts": {"0": 52}, "under_counts": {"0": 52}, "avg_over_mag": 0.0, "avg_under_mag": 0.0, "avg_over": 0.0, "avg_under": 0.0}], [[0.4, 0.45], {"acc": 0.47619047619047616, "nll": 0.7123336620321613, "mse": 0.25924263028946243, "N": 42, "over_prob": 0.0, "under_prob": 0.0, "over_counts": {"0": 42}, "under_counts": {"0": 42}, "avg_over_mag": 0.0, "avg_under_mag": 0.0, "avg_over": 0.0, "avg_under": 0.0}], [[0.45, 0.5], {"acc": 0.5777777777777777, "nll": 0.6926224212283775, "mse": 0.2495101910818544, "N": 90, "over_prob": 0.0, "under_prob": 0.0, "over_counts": {"0": 90}, "under_counts": {"0": 90}, "avg_over_mag": 0.0, "avg_under_mag": 0.0, "avg_over": 0.0, "avg_under": 0.0}], [[0.5, 0.55], {"acc": 0.6071428571428571, "nll": 0.6796576085039774, "mse": 0.2431064903388623, "N": 112, "over_prob": 0.0, "under_prob": 0.0, "over_counts": {"0": 112}, "under_counts": {"0": 112}, "avg_over_mag": 0.0, "avg_under_mag": 0.0, "avg_over": 0.0, "avg_under": 0.0}], [[0.55, 0.6000000000000001], {"acc": 0.5470383275261324, "nll": 0.6832435326889204, "mse": 0.2450658781285007, "N": 287, "over_prob": 0.0, "under_prob": 0.0, "over_counts": {"0": 279}, "under_counts": {"0": 279}, "avg_over_mag": 0.0, "avg_under_mag": 0.0, "avg_over": 0.0, "avg_under": 0.0}], [[0.6000000000000001, 0.65], {"acc": 0.6253918495297806, "nll": 0.667694565405757, "mse": 0.23717269297616303, "N": 638, "over_prob": 0.0, "under_prob": 0.002421307506053294, "over_counts": {"0": 413}, "under_counts": {"0": 412, "1": 1}, "avg_over_mag": 0.0, "avg_under_mag": 1.0, "avg_over": 0.0, "avg_under": 1.0}], [[0.65, 0.7000000000000001], {"acc": 0.6806596701649176, "nll": 0.6424291017865904, "mse": 0.22521665209121297, "N": 667, "over_prob": 0.0, "under_prob": 0.002049180327868827, "over_counts": {"0": 488}, "under_counts": {"0": 487, "1": 1}, "avg_over_mag": 0.0, "avg_under_mag": 1.0, "avg_over": 0.0, "avg_under": 1.0}], [[0.7000000000000001, 0.75], {"acc": 0.715898400752587, "nll": 0.6250973873525749, "mse": 0.21602162958147547, "N": 1063, "over_prob": 0.0, "under_prob": 0.0018214936247723523, "over_counts": {"0": 549}, "under_counts": {"0": 548, "1": 1}, "avg_over_mag": 0.0, "avg_under_mag": 1.0, "avg_over": 0.0, "avg_under": 1.0}], [[0.75, 0.8], {"acc": 0.7938331318016929, "nll": 0.5526770325933964, "mse": 0.1823379574731413, "N": 1654, "over_prob": 0.0, "under_prob": 0.08225806451612905, "over_counts": {"0": 620}, "under_counts": {"0": 569, "1": 42, "2": 5, "3": 4}, "avg_over_mag": 0.0, "avg_under_mag": 1.2549019607843137, "avg_over": 0.0, "avg_under": 1.2549019607843137}], [[0.8, 0.8500000000000001], {"acc": 0.825451418744626, "nll": 0.4928710063079626, "mse": 0.15611951483142025, "N": 2326, "over_prob": 0.0, "under_prob": 0.12146422628951747, "over_counts": {"0": 601}, "under_counts": {"0": 528, "1": 44, "31": 15, "2": 4, "30": 3, "3": 2, "32": 2, "10": 1, "8": 1, "29": 1}, "avg_over_mag": 0.0, "avg_under_mag": 9.917808219178083, "avg_over": 0.0, "avg_under": 9.917808219178083}], [[0.8500000000000001, 0.9], {"acc": 0.87420301588908, "nll": 0.39154486575856645, "mse": 0.11447866133806729, "N": 9881, "over_prob": 0.9586776859504132, "under_prob": 0.0, "over_counts": {"1": 236, "2": 152, "3": 100, "6": 40, "5": 34, "0": 30, "8": 24, "7": 22, "4": 19, "13": 10, "12": 9, "9": 8, "11": 7, "17": 5, "15": 4, "16": 4, "23": 4, "18": 3, "22": 2, "14": 2, "26": 2, "24": 2, "36": 1, "10": 1, "20": 1, "37": 1, "21": 1, "45": 1, "30": 1}, "under_counts": {"0": 726}, "avg_over_mag": 4.001436781609195, "avg_under_mag": 0.0, "avg_over": 4.001436781609195, "avg_under": 0.0}], [[0.9, 0.9500000000000001], {"acc": 0.9213362068965517, "nll": 0.31461305536856604, "mse": 0.08332639445938153, "N": 2784, "over_prob": 0.8249097472924187, "under_prob": 0.0, "over_counts": {"1": 240, "0": 97, "3": 45, "2": 43, "4": 29, "5": 22, "8": 20, "6": 19, "9": 12, "7": 9, "11": 4, "14": 2, "22": 2, "29": 2, "10": 2, "12": 2, "24": 1, "13": 1, "19": 1, "30": 1}, "under_counts": {"0": 554}, "avg_over_mag": 3.1422319474835887, "avg_under_mag": 0.0, "avg_over": 3.1422319474835887, "avg_under": 0.0}], [[0.9500000000000001, 1.0], {"acc": 0.9685714285714285, "nll": 0.1682104034446639, "mse": 0.03717328578410868, "N": 700, "over_prob": 0.3967391304347826, "under_prob": 0.0, "over_counts": {"0": 111, "1": 60, "2": 7, "3": 4, "7": 1, "10": 1}, "under_counts": {"0": 184}, "avg_over_mag": 1.4109589041095891, "avg_under_mag": 0.0, "avg_over": 1.4109589041095891, "avg_under": 0.0}]]}