{"acc": 0.7668641750227895, "auc": 0.7321749499967277, "nll": 0.487747458248578, "mse": 0.1613253975326254}