{"auc": 0.803114277985752, "over_prob": 0.19512195121951215, "under_prob": 0.16376306620209058, "over_counts": {"0": 1617, "1": 248, "2": 69, "3": 21, "4": 17, "5": 12, "6": 6, "7": 5, "8": 2, "18": 1, "37": 1, "30": 1, "15": 1, "39": 1, "24": 1, "25": 1, "47": 1, "14": 1, "13": 1, "9": 1, "12": 1}, "under_counts": {"0": 1680, "1": 213, "2": 57, "3": 19, "4": 10, "6": 8, "5": 6, "13": 3, "9": 2, "11": 2, "7": 2, "8": 1, "21": 1, "10": 1, "17": 1, "25": 1, "43": 1, "20": 1}, "avg_over_mag": 2.4158163265306123, "avg_under_mag": 2.2462006079027357, "avg_over": 2.4158163265306123, "avg_under": 2.2462006079027357, "acc": 0.8098304251658884, "nll": 0.4206678438237035, "mse": 0.1343110444783245, "metrics_by_prob": [[[0.0, 0.05], {"acc": 0.9375, "nll": 0.25604728833361906, "mse": 0.0729319342545987, "N": 16, "over_prob": 0.0, "under_prob": 0.0, "over_counts": {"0": 11}, "under_counts": {"0": 11}, "avg_over_mag": 0.0, "avg_under_mag": 0.0, "avg_over": 0.0, "avg_under": 0.0}], [[0.05, 0.1], {"acc": 0.8939393939393939, "nll": 0.35961982835511236, "mse": 0.10151802529753677, "N": 66, "over_prob": 0.0, "under_prob": 0.0, "over_counts": {"0": 34}, "under_counts": {"0": 34}, "avg_over_mag": 0.0, "avg_under_mag": 0.0, "avg_over": 0.0, "avg_under": 0.0}], [[0.1, 0.15000000000000002], {"acc": 0.8482758620689655, "nll": 0.43330017061143855, "mse": 0.13159705154634724, "N": 145, "over_prob": 0.0, "under_prob": 0.0, "over_counts": {"0": 75}, "under_counts": {"0": 75}, "avg_over_mag": 0.0, "avg_under_mag": 0.0, "avg_over": 0.0, "avg_under": 0.0}], [[0.15000000000000002, 0.2], {"acc": 0.7692307692307693, "nll": 0.5290712881040064, "mse": 0.1733516975869982, "N": 156, "over_prob": 0.0, "under_prob": 0.0, "over_counts": {"0": 80}, "under_counts": {"0": 80}, "avg_over_mag": 0.0, "avg_under_mag": 0.0, "avg_over": 0.0, "avg_under": 0.0}], [[0.2, 0.25], {"acc": 0.7272727272727273, "nll": 0.6165894866174808, "mse": 0.20903921804480477, "N": 220, "over_prob": 0.0, "under_prob": 0.019230769230769273, "over_counts": {"0": 104}, "under_counts": {"0": 102, "1": 2}, "avg_over_mag": 0.0, "avg_under_mag": 1.0, "avg_over": 0.0, "avg_under": 1.0}], [[0.25, 0.30000000000000004], {"acc": 0.7154471544715447, "nll": 0.5989847897927267, "mse": 0.20422639856496846, "N": 246, "over_prob": 0.0, "under_prob": 0.007518796992481258, "over_counts": {"0": 133}, "under_counts": {"0": 132, "1": 1}, "avg_over_mag": 0.0, "avg_under_mag": 1.0, "avg_over": 0.0, "avg_under": 1.0}], [[0.30000000000000004, 0.35000000000000003], {"acc": 0.6062717770034843, "nll": 0.6925976209449404, "mse": 0.2480186568564263, "N": 287, "over_prob": 0.0, "under_prob": 0.0, "over_counts": {"0": 134}, "under_counts": {"0": 134}, "avg_over_mag": 0.0, "avg_under_mag": 0.0, "avg_over": 0.0, "avg_under": 0.0}], [[0.35000000000000003, 0.4], {"acc": 0.5701754385964912, "nll": 0.6817062479755495, "mse": 0.24432860814341426, "N": 342, "over_prob": 0.0, "under_prob": 0.0062893081761006275, "over_counts": {"0": 159}, "under_counts": {"0": 158, "2": 1}, "avg_over_mag": 0.0, "avg_under_mag": 2.0, "avg_over": 0.0, "avg_under": 2.0}], [[0.4, 0.45], {"acc": 0.5210280373831776, "nll": 0.7179500342342349, "mse": 0.2607433007100201, "N": 428, "over_prob": 0.0, "under_prob": 0.012345679012345734, "over_counts": {"0": 243}, "under_counts": {"0": 240, "1": 3}, "avg_over_mag": 0.0, "avg_under_mag": 1.0, "avg_over": 0.0, "avg_under": 1.0}], [[0.45, 0.5], {"acc": 0.5079051383399209, "nll": 0.7091930558379105, "mse": 0.25739148293830255, "N": 506, "over_prob": 0.0, "under_prob": 0.0068259385665528916, "over_counts": {"0": 293}, "under_counts": {"0": 291, "1": 2}, "avg_over_mag": 0.0, "avg_under_mag": 1.0, "avg_over": 0.0, "avg_under": 1.0}], [[0.5, 0.55], {"acc": 0.5281456953642384, "nll": 0.6957143423323341, "mse": 0.2512715050990682, "N": 604, "over_prob": 0.0, "under_prob": 0.006116207951070374, "over_counts": {"0": 327}, "under_counts": {"0": 325, "2": 1, "1": 1}, "avg_over_mag": 0.0, "avg_under_mag": 1.5, "avg_over": 0.0, "avg_under": 1.5}], [[0.55, 0.6000000000000001], {"acc": 0.5557011795543906, "nll": 0.6957336748104087, "mse": 0.24979775270443694, "N": 763, "over_prob": 0.0, "under_prob": 0.02020202020202022, "over_counts": {"0": 396}, "under_counts": {"0": 388, "1": 8}, "avg_over_mag": 0.0, "avg_under_mag": 1.0, "avg_over": 0.0, "avg_under": 1.0}], [[0.6000000000000001, 0.65], {"acc": 0.6141304347826086, "nll": 0.6848100242777013, "mse": 0.24385184238023516, "N": 920, "over_prob": 0.0, "under_prob": 0.02771362586605086, "over_counts": {"0": 433}, "under_counts": {"0": 421, "1": 11, "2": 1}, "avg_over_mag": 0.0, "avg_under_mag": 1.0833333333333333, "avg_over": 0.0, "avg_under": 1.0833333333333333}], [[0.65, 0.7000000000000001], {"acc": 0.6714648602878917, "nll": 0.6358243673745094, "mse": 0.2213380800645402, "N": 1181, "over_prob": 0.0, "under_prob": 0.03669724770642202, "over_counts": {"0": 545}, "under_counts": {"0": 525, "1": 16, "2": 4}, "avg_over_mag": 0.0, "avg_under_mag": 1.2, "avg_over": 0.0, "avg_under": 1.2}], [[0.7000000000000001, 0.75], {"acc": 0.7312252964426877, "nll": 0.5935718357886929, "mse": 0.20049130177804034, "N": 1265, "over_prob": 0.0, "under_prob": 0.06690777576853524, "over_counts": {"0": 553}, "under_counts": {"0": 516, "1": 29, "2": 6, "3": 2}, "avg_over_mag": 0.0, "avg_under_mag": 1.2702702702702702, "avg_over": 0.0, "avg_under": 1.2702702702702702}], [[0.75, 0.8], {"acc": 0.7750798722044728, "nll": 0.5428098310685298, "mse": 0.1770410419018976, "N": 1565, "over_prob": 0.0, "under_prob": 0.14179104477611937, "over_counts": {"0": 670}, "under_counts": {"0": 575, "1": 72, "2": 16, "3": 4, "4": 1, "7": 1, "6": 1}, "avg_over_mag": 0.0, "avg_under_mag": 1.4, "avg_over": 0.0, "avg_under": 1.4}], [[0.8, 0.8500000000000001], {"acc": 0.8592699327569645, "nll": 0.4201249114756187, "mse": 0.1252426566463727, "N": 2082, "over_prob": 0.0, "under_prob": 0.334610472541507, "over_counts": {"0": 783}, "under_counts": {"0": 521, "1": 197, "2": 30, "3": 12, "4": 8, "5": 3, "10": 2, "6": 2, "7": 1, "16": 1, "15": 1, "9": 1, "22": 1, "12": 1, "40": 1, "8": 1}, "avg_over_mag": 0.0, "avg_under_mag": 1.9122137404580153, "avg_over": 0.0, "avg_under": 1.9122137404580153}], [[0.8500000000000001, 0.9], {"acc": 0.8739061256961018, "nll": 0.38682237563044103, "mse": 0.11212342576464732, "N": 2514, "over_prob": 0.46879150066401065, "under_prob": 0.0, "over_counts": {"0": 400, "1": 232, "2": 59, "3": 19, "4": 16, "5": 6, "7": 4, "8": 3, "6": 3, "16": 1, "34": 1, "29": 1, "15": 1, "38": 1, "21": 1, "24": 1, "37": 1, "12": 1, "13": 1, "11": 1}, "under_counts": {"0": 753}, "avg_over_mag": 2.3257790368271953, "avg_under_mag": 0.0, "avg_over": 2.3257790368271953, "avg_under": 0.0}], [[0.9, 0.9500000000000001], {"acc": 0.9437973209085615, "nll": 0.22666717200468917, "mse": 0.05497071424054958, "N": 3434, "over_prob": 0.09601873536299765, "under_prob": 0.0, "over_counts": {"0": 772, "1": 65, "2": 11, "3": 3, "4": 2, "10": 1}, "under_counts": {"0": 854}, "avg_over_mag": 1.3902439024390243, "avg_under_mag": 0.0, "avg_over": 1.3902439024390243, "avg_under": 0.0}], [[0.9500000000000001, 1.0], {"acc": 0.9730929264909848, "nll": 0.12381033839544861, "mse": 0.026506816346321075, "N": 3605, "over_prob": 0.014409221902017322, "under_prob": 0.0, "over_counts": {"0": 684, "1": 8, "2": 2}, "under_counts": {"0": 694}, "avg_over_mag": 1.2, "avg_under_mag": 0.0, "avg_over": 1.2, "avg_under": 0.0}]]}