{"over_prob": 0.23693379790940772, "under_prob": 0.221005475360876, "over_counts": {"0": 1533, "1": 235, "2": 79, "3": 46, "4": 20, "5": 17, "6": 16, "11": 10, "8": 6, "7": 6, "9": 5, "16": 3, "13": 3, "15": 2, "51": 2, "22": 2, "28": 2, "12": 2, "14": 2, "46": 2, "26": 1, "63": 1, "17": 1, "179": 1, "83": 1, "81": 1, "80": 1, "167": 1, "60": 1, "82": 1, "57": 1, "66": 1, "10": 1, "74": 1, "18": 1, "19": 1}, "under_counts": {"0": 1565, "1": 245, "2": 82, "3": 51, "4": 25, "5": 10, "21": 4, "19": 4, "18": 3, "7": 3, "8": 2, "20": 2, "16": 2, "6": 2, "15": 2, "17": 2, "10": 2, "26": 1, "22": 1, "9": 1}, "avg_over_mag": 5.42436974789916, "avg_under_mag": 2.675675675675676, "avg_over": 5.42436974789916, "avg_under": 2.675675675675676, "acc": 0.8402064389284837, "auc": 0.6498232846228846, "nll": 0.420553227575995, "mse": 0.1286998453407301, "metrics_by_prob": [[[0.0, 0.05], {"acc": NaN, "nll": NaN, "mse": NaN, "N": 0}], [[0.05, 0.1], {"acc": NaN, "nll": NaN, "mse": NaN, "N": 0}], [[0.1, 0.15000000000000002], {"acc": 1.0, "nll": 0.38960492697178845, "mse": 0.10411953363701798, "N": 1, "over_prob": 0.0, "under_prob": 0.0, "over_counts": {"0": 1}, "under_counts": {"0": 1}, "avg_over_mag": 0.0, "avg_under_mag": 0.0, "avg_over": 0.0, "avg_under": 0.0}], [[0.15000000000000002, 0.2], {"acc": 0.8333333333333334, "nll": 0.5152041046501873, "mse": 0.16404234962050782, "N": 24, "over_prob": 0.0, "under_prob": 0.0, "over_counts": {"0": 24}, "under_counts": {"0": 24}, "avg_over_mag": 0.0, "avg_under_mag": 0.0, "avg_over": 0.0, "avg_under": 0.0}], [[0.2, 0.25], {"acc": 0.7142857142857143, "nll": 0.6647239625944125, "mse": 0.23608475424805797, "N": 21, "over_prob": 0.0, "under_prob": 0.0, "over_counts": {"0": 21}, "under_counts": {"0": 21}, "avg_over_mag": 0.0, "avg_under_mag": 0.0, "avg_over": 0.0, "avg_under": 0.0}], [[0.25, 0.30000000000000004], {"acc": 0.0, "nll": 0.7765047354268716, "mse": 0.29158804991567777, "N": 1, "over_prob": 0.0, "under_prob": 0.0, "over_counts": {"0": 1}, "under_counts": {"0": 1}, "avg_over_mag": 0.0, "avg_under_mag": 0.0, "avg_over": 0.0, "avg_under": 0.0}], [[0.30000000000000004, 0.35000000000000003], {"acc": 0.0, "nll": 0.8236894613545437, "mse": 0.31493456082828075, "N": 1, "over_prob": 0.0, "under_prob": 0.0, "over_counts": {"0": 1}, "under_counts": {"0": 1}, "avg_over_mag": 0.0, "avg_under_mag": 0.0, "avg_over": 0.0, "avg_under": 0.0}], [[0.35000000000000003, 0.4], {"acc": 0.4339622641509434, "nll": 0.7374853332049927, "mse": 0.2714051815690962, "N": 53, "over_prob": 0.0, "under_prob": 0.0, "over_counts": {"0": 52}, "under_counts": {"0": 52}, "avg_over_mag": 0.0, "avg_under_mag": 0.0, "avg_over": 0.0, "avg_under": 0.0}], [[0.4, 0.45], {"acc": 0.5714285714285714, "nll": 0.7091425241223499, "mse": 0.2567772290111479, "N": 42, "over_prob": 0.0, "under_prob": 0.0, "over_counts": {"0": 42}, "under_counts": {"0": 42}, "avg_over_mag": 0.0, "avg_under_mag": 0.0, "avg_over": 0.0, "avg_under": 0.0}], [[0.45, 0.5], {"acc": 0.5888888888888889, "nll": 0.6857087713649203, "mse": 0.24533189354227278, "N": 90, "over_prob": 0.0, "under_prob": 0.0, "over_counts": {"0": 90}, "under_counts": {"0": 90}, "avg_over_mag": 0.0, "avg_under_mag": 0.0, "avg_over": 0.0, "avg_under": 0.0}], [[0.5, 0.55], {"acc": 0.5982142857142857, "nll": 0.6807304814426184, "mse": 0.24321758754070738, "N": 112, "over_prob": 0.0, "under_prob": 0.0, "over_counts": {"0": 112}, "under_counts": {"0": 112}, "avg_over_mag": 0.0, "avg_under_mag": 0.0, "avg_over": 0.0, "avg_under": 0.0}], [[0.55, 0.6000000000000001], {"acc": 0.5644599303135889, "nll": 0.7138721632641802, "mse": 0.2572706819222736, "N": 287, "over_prob": 0.0, "under_prob": 0.007168458781361964, "over_counts": {"0": 279}, "under_counts": {"0": 277, "1": 2}, "avg_over_mag": 0.0, "avg_under_mag": 1.0, "avg_over": 0.0, "avg_under": 1.0}], [[0.6000000000000001, 0.65], {"acc": 0.6300940438871473, "nll": 0.6635666046665099, "mse": 0.2346986571461744, "N": 638, "over_prob": 0.0, "under_prob": 0.014527845036319653, "over_counts": {"0": 413}, "under_counts": {"0": 407, "1": 6}, "avg_over_mag": 0.0, "avg_under_mag": 1.0, "avg_over": 0.0, "avg_under": 1.0}], [[0.65, 0.7000000000000001], {"acc": 0.6761619190404797, "nll": 0.6339107649312135, "mse": 0.22054235846120895, "N": 667, "over_prob": 0.0, "under_prob": 0.012295081967213073, "over_counts": {"0": 488}, "under_counts": {"0": 482, "1": 6}, "avg_over_mag": 0.0, "avg_under_mag": 1.0, "avg_over": 0.0, "avg_under": 1.0}], [[0.7000000000000001, 0.75], {"acc": 0.7168391345249294, "nll": 0.6125218168245892, "mse": 0.2084874107452218, "N": 1063, "over_prob": 0.0, "under_prob": 0.12204007285974494, "over_counts": {"0": 549}, "under_counts": {"0": 482, "1": 62, "2": 5}, "avg_over_mag": 0.0, "avg_under_mag": 1.0746268656716418, "avg_over": 0.0, "avg_under": 1.0746268656716418}], [[0.75, 0.8], {"acc": 0.7938331318016929, "nll": 0.5230415634030805, "mse": 0.16821751146824943, "N": 1654, "over_prob": 0.0, "under_prob": 0.2612903225806451, "over_counts": {"0": 620}, "under_counts": {"0": 458, "1": 119, "2": 24, "3": 14, "4": 3, "7": 1, "6": 1}, "avg_over_mag": 0.0, "avg_under_mag": 1.4444444444444444, "avg_over": 0.0, "avg_under": 1.4444444444444444}], [[0.8, 0.8500000000000001], {"acc": 0.825451418744626, "nll": 0.46671808161038253, "mse": 0.14539023186280287, "N": 2326, "over_prob": 0.0, "under_prob": 0.5224625623960066, "over_counts": {"0": 601}, "under_counts": {"0": 287, "1": 183, "2": 64, "3": 33, "4": 9, "19": 5, "21": 4, "18": 3, "16": 2, "15": 2, "5": 2, "17": 2, "26": 1, "22": 1, "8": 1, "20": 1, "7": 1}, "avg_over_mag": 0.0, "avg_under_mag": 2.7643312101910826, "avg_over": 0.0, "avg_under": 2.7643312101910826}], [[0.8500000000000001, 0.9], {"acc": 0.87420301588908, "nll": 0.3827396665563039, "mse": 0.1110536940192758, "N": 9881, "over_prob": 0.5867768595041323, "under_prob": 0.0, "over_counts": {"0": 300, "1": 239, "2": 64, "3": 21, "5": 19, "4": 16, "6": 12, "11": 8, "8": 5, "9": 5, "7": 4, "13": 3, "46": 2, "28": 2, "16": 2, "22": 2, "51": 2, "15": 2, "12": 2, "146": 1, "83": 1, "80": 1, "81": 1, "82": 1, "151": 1, "63": 1, "26": 1, "60": 1, "57": 1, "66": 1, "74": 1, "18": 1, "10": 1, "14": 1, "17": 1}, "under_counts": {"0": 726}, "avg_over_mag": 5.42018779342723, "avg_under_mag": 0.0, "avg_over": 5.42018779342723, "avg_under": 0.0}], [[0.9, 0.9500000000000001], {"acc": 0.9213362068965517, "nll": 0.28369459951574355, "mse": 0.07421532942196396, "N": 2784, "over_prob": 0.22924187725631773, "under_prob": 0.0, "over_counts": {"0": 427, "1": 87, "2": 27, "3": 4, "13": 2, "7": 2, "5": 2, "21": 1, "11": 1, "28": 1}, "under_counts": {"0": 554}, "avg_over_mag": 2.0708661417322833, "avg_under_mag": 0.0, "avg_over": 2.0708661417322833, "avg_under": 0.0}], [[0.9500000000000001, 1.0], {"acc": 0.9685714285714285, "nll": 0.1378511600707618, "mse": 0.030941122763361088, "N": 700, "over_prob": 0.03804347826086951, "under_prob": 0.0, "over_counts": {"0": 177, "1": 5, "3": 1, "2": 1}, "under_counts": {"0": 184}, "avg_over_mag": 1.4285714285714286, "avg_under_mag": 0.0, "avg_over": 1.4285714285714286, "avg_under": 0.0}]]}