{"over_prob": 0.21652563464410157, "under_prob": 0.32354405176704826, "over_counts": {"0": 1574, "1": 294, "2": 77, "3": 25, "4": 10, "5": 6, "6": 4, "11": 3, "19": 2, "13": 2, "8": 2, "21": 1, "17": 1, "23": 1, "26": 1, "20": 1, "22": 1, "15": 1, "27": 1, "66": 1, "7": 1}, "under_counts": {"0": 1359, "1": 432, "2": 119, "3": 44, "4": 14, "5": 9, "7": 6, "8": 6, "10": 4, "6": 3, "14": 3, "13": 2, "11": 1, "17": 1, "33": 1, "15": 1, "74": 1, "9": 1, "20": 1, "30": 1}, "avg_over_mag": 2.239080459770115, "avg_under_mag": 2.043076923076923, "avg_over": 2.239080459770115, "avg_under": 2.043076923076923, "acc": 0.8339641189481445, "auc": 0.7781457896579986, "nll": 0.3986749129246632, "mse": 0.12289057449117932, "metrics_by_prob": [[[0.0, 0.05], {"acc": 1.0, "nll": 0.5277544201127524, "mse": 0.17046311434273287, "N": 2, "over_prob": 0.0, "under_prob": 0.0, "over_counts": {"0": 2}, "under_counts": {"0": 2}, "avg_over_mag": 0.0, "avg_under_mag": 0.0, "avg_over": 0.0, "avg_under": 0.0}], [[0.05, 0.1], {"acc": 1.0, "nll": 0.24491046170543132, "mse": 0.06523971632645156, "N": 10, "over_prob": 0.0, "under_prob": 0.0, "over_counts": {"0": 9}, "under_counts": {"0": 9}, "avg_over_mag": 0.0, "avg_under_mag": 0.0, "avg_over": 0.0, "avg_under": 0.0}], [[0.1, 0.15000000000000002], {"acc": 0.8571428571428571, "nll": 0.520332906764188, "mse": 0.12397268464092956, "N": 42, "over_prob": 0.0, "under_prob": 0.0, "over_counts": {"0": 37}, "under_counts": {"0": 37}, "avg_over_mag": 0.0, "avg_under_mag": 0.0, "avg_over": 0.0, "avg_under": 0.0}], [[0.15000000000000002, 0.2], {"acc": 0.7948717948717948, "nll": 0.5003029436796418, "mse": 0.1620011169083041, "N": 78, "over_prob": 0.0, "under_prob": 0.0, "over_counts": {"0": 62}, "under_counts": {"0": 62}, "avg_over_mag": 0.0, "avg_under_mag": 0.0, "avg_over": 0.0, "avg_under": 0.0}], [[0.2, 0.25], {"acc": 0.6915887850467289, "nll": 0.6051359760402266, "mse": 0.20854928013632654, "N": 107, "over_prob": 0.0, "under_prob": 0.0, "over_counts": {"0": 85}, "under_counts": {"0": 85}, "avg_over_mag": 0.0, "avg_under_mag": 0.0, "avg_over": 0.0, "avg_under": 0.0}], [[0.25, 0.30000000000000004], {"acc": 0.6418918918918919, "nll": 0.7994232569934946, "mse": 0.2482143565509715, "N": 148, "over_prob": 0.0, "under_prob": 0.0, "over_counts": {"0": 104}, "under_counts": {"0": 104}, "avg_over_mag": 0.0, "avg_under_mag": 0.0, "avg_over": 0.0, "avg_under": 0.0}], [[0.30000000000000004, 0.35000000000000003], {"acc": 0.5471698113207547, "nll": 0.7273405816183992, "mse": 0.2634058395664627, "N": 159, "over_prob": 0.0, "under_prob": 0.009708737864077666, "over_counts": {"0": 103}, "under_counts": {"0": 102, "1": 1}, "avg_over_mag": 0.0, "avg_under_mag": 1.0, "avg_over": 0.0, "avg_under": 1.0}], [[0.35000000000000003, 0.4], {"acc": 0.6176470588235294, "nll": 0.7077511244727646, "mse": 0.25088688973159035, "N": 204, "over_prob": 0.0, "under_prob": 0.024590163934426257, "over_counts": {"0": 122}, "under_counts": {"0": 119, "1": 2, "2": 1}, "avg_over_mag": 0.0, "avg_under_mag": 1.3333333333333333, "avg_over": 0.0, "avg_under": 1.3333333333333333}], [[0.4, 0.45], {"acc": 0.5074074074074074, "nll": 0.7469160496842581, "mse": 0.27152352219720394, "N": 270, "over_prob": 0.0, "under_prob": 0.02298850574712641, "over_counts": {"0": 174}, "under_counts": {"0": 170, "1": 3, "2": 1}, "avg_over_mag": 0.0, "avg_under_mag": 1.25, "avg_over": 0.0, "avg_under": 1.25}], [[0.45, 0.5], {"acc": 0.48484848484848486, "nll": 0.7972442793336189, "mse": 0.2783205545884105, "N": 330, "over_prob": 0.0, "under_prob": 0.02941176470588236, "over_counts": {"0": 204}, "under_counts": {"0": 198, "1": 5, "2": 1}, "avg_over_mag": 0.0, "avg_under_mag": 1.1666666666666667, "avg_over": 0.0, "avg_under": 1.1666666666666667}], [[0.5, 0.55], {"acc": 0.5259593679458239, "nll": 0.7284418363936567, "mse": 0.2624495367181142, "N": 443, "over_prob": 0.0, "under_prob": 0.03146853146853146, "over_counts": {"0": 286}, "under_counts": {"0": 277, "1": 8, "2": 1}, "avg_over_mag": 0.0, "avg_under_mag": 1.1111111111111112, "avg_over": 0.0, "avg_under": 1.1111111111111112}], [[0.55, 0.6000000000000001], {"acc": 0.5227272727272727, "nll": 0.7564539005605059, "mse": 0.269973184013233, "N": 528, "over_prob": 0.0, "under_prob": 0.05688622754491013, "over_counts": {"0": 334}, "under_counts": {"0": 315, "1": 17, "2": 1, "3": 1}, "avg_over_mag": 0.0, "avg_under_mag": 1.1578947368421053, "avg_over": 0.0, "avg_under": 1.1578947368421053}], [[0.6000000000000001, 0.65], {"acc": 0.6067588325652842, "nll": 0.7274023918442913, "mse": 0.25525505216597155, "N": 651, "over_prob": 0.0, "under_prob": 0.04854368932038833, "over_counts": {"0": 412}, "under_counts": {"0": 392, "1": 18, "3": 1, "2": 1}, "avg_over_mag": 0.0, "avg_under_mag": 1.15, "avg_over": 0.0, "avg_under": 1.15}], [[0.65, 0.7000000000000001], {"acc": 0.6536312849162011, "nll": 0.6753093359911563, "mse": 0.23465561108335264, "N": 895, "over_prob": 0.0, "under_prob": 0.09745762711864403, "over_counts": {"0": 472}, "under_counts": {"0": 426, "1": 39, "2": 6, "5": 1}, "avg_over_mag": 0.0, "avg_under_mag": 1.2173913043478262, "avg_over": 0.0, "avg_under": 1.2173913043478262}], [[0.7000000000000001, 0.75], {"acc": 0.7390158172231986, "nll": 0.6036980328275212, "mse": 0.1996180710016545, "N": 1138, "over_prob": 0.0, "under_prob": 0.14722753346080308, "over_counts": {"0": 523}, "under_counts": {"0": 446, "1": 66, "2": 6, "6": 2, "3": 1, "5": 1, "4": 1}, "avg_over_mag": 0.0, "avg_under_mag": 1.3246753246753247, "avg_over": 0.0, "avg_under": 1.3246753246753247}], [[0.75, 0.8], {"acc": 0.7692307692307693, "nll": 0.5636279767131345, "mse": 0.1835217957052096, "N": 1443, "over_prob": 0.0, "under_prob": 0.32885906040268453, "over_counts": {"0": 596}, "under_counts": {"0": 400, "1": 158, "2": 25, "3": 5, "4": 3, "5": 2, "6": 1, "13": 1, "7": 1}, "avg_over_mag": 0.0, "avg_under_mag": 1.3826530612244898, "avg_over": 0.0, "avg_under": 1.3826530612244898}], [[0.8, 0.8500000000000001], {"acc": 0.8120374938332511, "nll": 0.4950223864992299, "mse": 0.15490904405066744, "N": 2027, "over_prob": 0.0, "under_prob": 0.5485380116959064, "over_counts": {"0": 855}, "under_counts": {"0": 386, "1": 352, "2": 71, "3": 18, "4": 6, "8": 4, "5": 3, "6": 3, "7": 3, "11": 2, "13": 2, "10": 1, "22": 1, "54": 1, "9": 1, "26": 1}, "avg_over_mag": 0.0, "avg_under_mag": 1.763326226012793, "avg_over": 0.0, "avg_under": 1.763326226012793}], [[0.8500000000000001, 0.9], {"acc": 0.874861980125138, "nll": 0.3900969931263937, "mse": 0.11193921326374327, "N": 2717, "over_prob": 0.43137254901960786, "under_prob": 0.0, "over_counts": {"0": 464, "1": 243, "2": 60, "3": 22, "4": 5, "5": 5, "18": 3, "11": 2, "13": 2, "17": 1, "53": 1, "21": 1, "14": 1, "12": 1, "20": 1, "16": 1, "10": 1, "9": 1, "6": 1}, "under_counts": {"0": 816}, "avg_over_mag": 2.1420454545454546, "avg_under_mag": 0.0, "avg_over": 2.1420454545454546, "avg_under": 0.0}], [[0.9, 0.9500000000000001], {"acc": 0.9264886057338888, "nll": 0.2749527691611903, "mse": 0.06949989689431542, "N": 4081, "over_prob": 0.15533980582524276, "under_prob": 0.0, "over_counts": {"0": 783, "1": 118, "2": 13, "3": 5, "4": 3, "6": 2, "8": 1, "5": 1, "13": 1}, "under_counts": {"0": 927}, "avg_over_mag": 1.4513888888888888, "avg_under_mag": 0.0, "avg_over": 1.4513888888888888, "avg_under": 0.0}], [[0.9500000000000001, 1.0], {"acc": 0.9727917981072555, "nll": 0.12875600612912733, "mse": 0.026685276468495396, "N": 5072, "over_prob": 0.012360939431396822, "under_prob": 0.0, "over_counts": {"0": 799, "1": 9, "2": 1}, "under_counts": {"0": 809}, "avg_over_mag": 1.1, "avg_under_mag": 0.0, "avg_over": 1.1, "avg_under": 0.0}]]}