{"over_prob": 0.23411189570885393, "under_prob": 0.31830526887561106, "over_counts": {"0": 1410, "1": 284, "2": 75, "3": 31, "4": 13, "5": 10, "6": 4, "8": 2, "16": 2, "7": 1, "27": 1, "19": 1, "21": 1, "35": 1, "65": 1, "37": 1, "20": 1, "13": 1, "29": 1}, "under_counts": {"0": 1255, "1": 449, "2": 82, "3": 20, "4": 10, "5": 5, "7": 5, "19": 2, "9": 2, "8": 1, "22": 1, "6": 1, "16": 1, "10": 1, "37": 1, "12": 1, "27": 1, "18": 1, "14": 1, "11": 1}, "avg_over_mag": 2.2598607888631093, "avg_under_mag": 1.7235494880546076, "avg_over": 2.2598607888631093, "avg_under": 1.7235494880546076, "acc": 0.8621065186952238, "auc": 0.7905064879547923, "nll": 0.3447869913387764, "mse": 0.10450470550814026, "metrics_by_prob": [[[0.0, 0.05], {"acc": NaN, "nll": NaN, "mse": NaN, "N": 0}], [[0.05, 0.1], {"acc": 1.0, "nll": 0.2234739683648696, "mse": 0.0401057858392575, "N": 1, "over_prob": 0.0, "under_prob": 0.0, "over_counts": {"0": 1}, "under_counts": {"0": 1}, "avg_over_mag": 0.0, "avg_under_mag": 0.0, "avg_over": 0.0, "avg_under": 0.0}], [[0.1, 0.15000000000000002], {"acc": 0.8260869565217391, "nll": 0.5818088890680456, "mse": 0.1786865841587452, "N": 23, "over_prob": 0.0, "under_prob": 0.0, "over_counts": {"0": 20}, "under_counts": {"0": 20}, "avg_over_mag": 0.0, "avg_under_mag": 0.0, "avg_over": 0.0, "avg_under": 0.0}], [[0.15000000000000002, 0.2], {"acc": 0.7954545454545454, "nll": 0.4940574396577807, "mse": 0.16084143338646528, "N": 44, "over_prob": 0.0, "under_prob": 0.0, "over_counts": {"0": 31}, "under_counts": {"0": 31}, "avg_over_mag": 0.0, "avg_under_mag": 0.0, "avg_over": 0.0, "avg_under": 0.0}], [[0.2, 0.25], {"acc": 0.7536231884057971, "nll": 0.5572838311092772, "mse": 0.18900075458573878, "N": 69, "over_prob": 0.0, "under_prob": 0.0, "over_counts": {"0": 60}, "under_counts": {"0": 60}, "avg_over_mag": 0.0, "avg_under_mag": 0.0, "avg_over": 0.0, "avg_under": 0.0}], [[0.25, 0.30000000000000004], {"acc": 0.6436781609195402, "nll": 0.6324112058482624, "mse": 0.22282197801992165, "N": 87, "over_prob": 0.0, "under_prob": 0.0, "over_counts": {"0": 55}, "under_counts": {"0": 55}, "avg_over_mag": 0.0, "avg_under_mag": 0.0, "avg_over": 0.0, "avg_under": 0.0}], [[0.30000000000000004, 0.35000000000000003], {"acc": 0.59, "nll": 0.6452372770342838, "mse": 0.22776595382270315, "N": 100, "over_prob": 0.0, "under_prob": 0.0, "over_counts": {"0": 69}, "under_counts": {"0": 69}, "avg_over_mag": 0.0, "avg_under_mag": 0.0, "avg_over": 0.0, "avg_under": 0.0}], [[0.35000000000000003, 0.4], {"acc": 0.5390070921985816, "nll": 0.6649261011542206, "mse": 0.23715841856107728, "N": 141, "over_prob": 0.0, "under_prob": 0.0, "over_counts": {"0": 75}, "under_counts": {"0": 75}, "avg_over_mag": 0.0, "avg_under_mag": 0.0, "avg_over": 0.0, "avg_under": 0.0}], [[0.4, 0.45], {"acc": 0.5783132530120482, "nll": 0.6758818811719193, "mse": 0.24135296365740277, "N": 166, "over_prob": 0.0, "under_prob": 0.0, "over_counts": {"0": 94}, "under_counts": {"0": 94}, "avg_over_mag": 0.0, "avg_under_mag": 0.0, "avg_over": 0.0, "avg_under": 0.0}], [[0.45, 0.5], {"acc": 0.5440613026819924, "nll": 0.6871159667893917, "mse": 0.2466006034383287, "N": 261, "over_prob": 0.0, "under_prob": 0.0, "over_counts": {"0": 155}, "under_counts": {"0": 155}, "avg_over_mag": 0.0, "avg_under_mag": 0.0, "avg_over": 0.0, "avg_under": 0.0}], [[0.5, 0.55], {"acc": 0.5328947368421053, "nll": 0.695853288757668, "mse": 0.25141750329246176, "N": 304, "over_prob": 0.0, "under_prob": 0.010362694300518172, "over_counts": {"0": 193}, "under_counts": {"0": 191, "1": 2}, "avg_over_mag": 0.0, "avg_under_mag": 1.0, "avg_over": 0.0, "avg_under": 1.0}], [[0.55, 0.6000000000000001], {"acc": 0.5952941176470589, "nll": 0.6954878028125093, "mse": 0.25064379197850817, "N": 425, "over_prob": 0.0, "under_prob": 0.011857707509881465, "over_counts": {"0": 253}, "under_counts": {"0": 250, "1": 3}, "avg_over_mag": 0.0, "avg_under_mag": 1.0, "avg_over": 0.0, "avg_under": 1.0}], [[0.6000000000000001, 0.65], {"acc": 0.582089552238806, "nll": 0.6919147941294411, "mse": 0.24726804093905713, "N": 536, "over_prob": 0.0, "under_prob": 0.02515723270440251, "over_counts": {"0": 318}, "under_counts": {"0": 310, "1": 7, "2": 1}, "avg_over_mag": 0.0, "avg_under_mag": 1.125, "avg_over": 0.0, "avg_under": 1.125}], [[0.65, 0.7000000000000001], {"acc": 0.6876832844574781, "nll": 0.6314797678110133, "mse": 0.21779520067589234, "N": 682, "over_prob": 0.0, "under_prob": 0.05753424657534245, "over_counts": {"0": 365}, "under_counts": {"0": 344, "1": 19, "4": 1, "2": 1}, "avg_over_mag": 0.0, "avg_under_mag": 1.1904761904761905, "avg_over": 0.0, "avg_under": 1.1904761904761905}], [[0.7000000000000001, 0.75], {"acc": 0.7416750756811302, "nll": 0.5939755380169153, "mse": 0.2000778229760438, "N": 991, "over_prob": 0.0, "under_prob": 0.1428571428571429, "over_counts": {"0": 462}, "under_counts": {"0": 396, "1": 59, "2": 6, "4": 1}, "avg_over_mag": 0.0, "avg_under_mag": 1.1363636363636365, "avg_over": 0.0, "avg_under": 1.1363636363636365}], [[0.75, 0.8], {"acc": 0.7684615384615384, "nll": 0.5574953946003299, "mse": 0.18283894487862776, "N": 1300, "over_prob": 0.0, "under_prob": 0.2918918918918919, "over_counts": {"0": 555}, "under_counts": {"0": 393, "1": 129, "2": 23, "3": 4, "4": 2, "6": 2, "8": 1, "5": 1}, "avg_over_mag": 0.0, "avg_under_mag": 1.3580246913580247, "avg_over": 0.0, "avg_under": 1.3580246913580247}], [[0.8, 0.8500000000000001], {"acc": 0.8326180257510729, "nll": 0.46491330852847645, "mse": 0.14258618944462942, "N": 1864, "over_prob": 0.0, "under_prob": 0.5489690721649485, "over_counts": {"0": 776}, "under_counts": {"0": 350, "1": 346, "2": 42, "3": 17, "5": 4, "4": 4, "8": 3, "12": 2, "6": 1, "16": 1, "13": 1, "26": 1, "9": 1, "20": 1, "14": 1, "7": 1}, "avg_over_mag": 0.0, "avg_under_mag": 1.5868544600938967, "avg_over": 0.0, "avg_under": 1.5868544600938967}], [[0.8500000000000001, 0.9], {"acc": 0.8890643505724437, "nll": 0.35802762659295184, "mse": 0.10095102262254559, "N": 2533, "over_prob": 0.4404015056461732, "under_prob": 0.0, "over_counts": {"0": 446, "1": 243, "2": 56, "3": 23, "4": 12, "5": 3, "12": 2, "9": 1, "10": 1, "32": 1, "8": 1, "11": 1, "30": 1, "6": 1, "42": 1, "7": 1, "13": 1, "14": 1, "20": 1}, "under_counts": {"0": 797}, "avg_over_mag": 2.0313390313390314, "avg_under_mag": 0.0, "avg_over": 2.0313390313390314, "avg_under": 0.0}], [[0.9, 0.9500000000000001], {"acc": 0.9344262295081968, "nll": 0.25254851661552724, "mse": 0.06287476631051733, "N": 4026, "over_prob": 0.1385135135135135, "under_prob": 0.0, "over_counts": {"0": 765, "1": 88, "2": 17, "3": 6, "4": 4, "9": 2, "7": 2, "6": 1, "23": 1, "8": 1, "13": 1}, "under_counts": {"0": 888}, "avg_over_mag": 1.934959349593496, "avg_under_mag": 0.0, "avg_over": 1.934959349593496, "avg_under": 0.0}], [[0.9500000000000001, 1.0], {"acc": 0.9759162303664921, "nll": 0.11476891619741694, "mse": 0.02377832165855612, "N": 5730, "over_prob": 0.02473498233215543, "under_prob": 0.0, "over_counts": {"0": 828, "1": 19, "2": 2}, "under_counts": {"0": 849}, "avg_over_mag": 1.0952380952380953, "avg_under_mag": 0.0, "avg_over": 1.0952380952380953, "avg_under": 0.0}]]}