{"auc": 0.7940577168266497, "over_prob": 0.13079019073569487, "under_prob": 0.15694822888283377, "over_counts": {"0": 1595, "1": 195, "2": 20, "3": 8, "4": 2, "6": 2, "14": 2, "10": 2, "8": 2, "17": 2, "12": 1, "30": 1, "23": 1, "16": 1, "11": 1}, "under_counts": {"0": 1547, "1": 238, "2": 28, "3": 4, "14": 2, "9": 2, "8": 2, "11": 2, "4": 2, "5": 1, "16": 1, "18": 1, "6": 1, "17": 1, "13": 1, "24": 1, "12": 1}, "avg_over_mag": 1.9541666666666666, "avg_under_mag": 1.7673611111111112, "avg_over": 1.9541666666666666, "avg_under": 1.7673611111111112, "acc": 0.8495708712613784, "nll": 0.3637042466527554, "mse": 0.112074453196026, "metrics_by_prob": [[[0.0, 0.05], {"acc": 1.0, "nll": 0.0028566862441512277, "mse": 5.064383013904458e-05, "N": 36, "over_prob": 0.0, "under_prob": 0.0, "over_counts": {"0": 9}, "under_counts": {"0": 9}, "avg_over_mag": 0.0, "avg_under_mag": 0.0, "avg_over": 0.0, "avg_under": 0.0}], [[0.05, 0.1], {"acc": 0.875, "nll": 0.3777486360860266, "mse": 0.10982696548725787, "N": 8, "over_prob": 0.0, "under_prob": 0.0, "over_counts": {"0": 8}, "under_counts": {"0": 8}, "avg_over_mag": 0.0, "avg_under_mag": 0.0, "avg_over": 0.0, "avg_under": 0.0}], [[0.1, 0.15000000000000002], {"acc": 0.8787878787878788, "nll": 0.3523858852948576, "mse": 0.10244411938117899, "N": 33, "over_prob": 0.0, "under_prob": 0.0, "over_counts": {"0": 30}, "under_counts": {"0": 30}, "avg_over_mag": 0.0, "avg_under_mag": 0.0, "avg_over": 0.0, "avg_under": 0.0}], [[0.15000000000000002, 0.2], {"acc": 0.8490566037735849, "nll": 0.4391370375325718, "mse": 0.13329312148819475, "N": 53, "over_prob": 0.0, "under_prob": 0.0, "over_counts": {"0": 35}, "under_counts": {"0": 35}, "avg_over_mag": 0.0, "avg_under_mag": 0.0, "avg_over": 0.0, "avg_under": 0.0}], [[0.2, 0.25], {"acc": 0.6790123456790124, "nll": 0.6289195091905123, "mse": 0.2186485865479287, "N": 81, "over_prob": 0.0, "under_prob": 0.0, "over_counts": {"0": 64}, "under_counts": {"0": 64}, "avg_over_mag": 0.0, "avg_under_mag": 0.0, "avg_over": 0.0, "avg_under": 0.0}], [[0.25, 0.30000000000000004], {"acc": 0.5882352941176471, "nll": 0.7164503614859966, "mse": 0.25922730260210897, "N": 119, "over_prob": 0.0, "under_prob": 0.0, "over_counts": {"0": 79}, "under_counts": {"0": 79}, "avg_over_mag": 0.0, "avg_under_mag": 0.0, "avg_over": 0.0, "avg_under": 0.0}], [[0.30000000000000004, 0.35000000000000003], {"acc": 0.6474358974358975, "nll": 0.6437280054871817, "mse": 0.22572842840608423, "N": 156, "over_prob": 0.0, "under_prob": 0.0, "over_counts": {"0": 105}, "under_counts": {"0": 105}, "avg_over_mag": 0.0, "avg_under_mag": 0.0, "avg_over": 0.0, "avg_under": 0.0}], [[0.35000000000000003, 0.4], {"acc": 0.5616438356164384, "nll": 0.6998999323098939, "mse": 0.25306686311321547, "N": 146, "over_prob": 0.0, "under_prob": 0.0, "over_counts": {"0": 86}, "under_counts": {"0": 86}, "avg_over_mag": 0.0, "avg_under_mag": 0.0, "avg_over": 0.0, "avg_under": 0.0}], [[0.4, 0.45], {"acc": 0.6048780487804878, "nll": 0.6780001816160885, "mse": 0.24243326434605342, "N": 205, "over_prob": 0.0, "under_prob": 0.0, "over_counts": {"0": 135}, "under_counts": {"0": 135}, "avg_over_mag": 0.0, "avg_under_mag": 0.0, "avg_over": 0.0, "avg_under": 0.0}], [[0.45, 0.5], {"acc": 0.5078369905956113, "nll": 0.6964183703349854, "mse": 0.25141418333913945, "N": 319, "over_prob": 0.0, "under_prob": 0.0, "over_counts": {"0": 208}, "under_counts": {"0": 208}, "avg_over_mag": 0.0, "avg_under_mag": 0.0, "avg_over": 0.0, "avg_under": 0.0}], [[0.5, 0.55], {"acc": 0.5489690721649485, "nll": 0.6895868797319711, "mse": 0.2481000481963969, "N": 388, "over_prob": 0.0, "under_prob": 0.0, "over_counts": {"0": 249}, "under_counts": {"0": 249}, "avg_over_mag": 0.0, "avg_under_mag": 0.0, "avg_over": 0.0, "avg_under": 0.0}], [[0.55, 0.6000000000000001], {"acc": 0.5871743486973948, "nll": 0.6710013727362697, "mse": 0.2391681237050143, "N": 499, "over_prob": 0.0, "under_prob": 0.0, "over_counts": {"0": 311}, "under_counts": {"0": 311}, "avg_over_mag": 0.0, "avg_under_mag": 0.0, "avg_over": 0.0, "avg_under": 0.0}], [[0.6000000000000001, 0.65], {"acc": 0.654639175257732, "nll": 0.6458292264729709, "mse": 0.22660781848542458, "N": 582, "over_prob": 0.0, "under_prob": 0.0, "over_counts": {"0": 349}, "under_counts": {"0": 349}, "avg_over_mag": 0.0, "avg_under_mag": 0.0, "avg_over": 0.0, "avg_under": 0.0}], [[0.65, 0.7000000000000001], {"acc": 0.6797468354430379, "nll": 0.6348411421460726, "mse": 0.22072984685244798, "N": 790, "over_prob": 0.0, "under_prob": 0.002457002457002422, "over_counts": {"0": 407}, "under_counts": {"0": 406, "1": 1}, "avg_over_mag": 0.0, "avg_under_mag": 1.0, "avg_over": 0.0, "avg_under": 1.0}], [[0.7000000000000001, 0.75], {"acc": 0.7359605911330049, "nll": 0.5795458847000515, "mse": 0.19536184835334758, "N": 1015, "over_prob": 0.0, "under_prob": 0.006224066390041472, "over_counts": {"0": 482}, "under_counts": {"0": 479, "1": 3}, "avg_over_mag": 0.0, "avg_under_mag": 1.0, "avg_over": 0.0, "avg_under": 1.0}], [[0.75, 0.8], {"acc": 0.7943107221006565, "nll": 0.5111481709236787, "mse": 0.16447330802158794, "N": 1371, "over_prob": 0.0, "under_prob": 0.06921675774134795, "over_counts": {"0": 549}, "under_counts": {"0": 511, "1": 29, "2": 7, "4": 1, "3": 1}, "avg_over_mag": 0.0, "avg_under_mag": 1.3157894736842106, "avg_over": 0.0, "avg_under": 1.3157894736842106}], [[0.8, 0.8500000000000001], {"acc": 0.8233695652173914, "nll": 0.4725432519002804, "mse": 0.14721053694979652, "N": 1840, "over_prob": 0.0, "under_prob": 0.3415906127770535, "over_counts": {"0": 767}, "under_counts": {"0": 505, "1": 217, "2": 23, "3": 5, "9": 2, "13": 2, "8": 2, "6": 2, "11": 2, "5": 1, "7": 1, "16": 1, "14": 1, "15": 1, "22": 1, "4": 1}, "avg_over_mag": 0.0, "avg_under_mag": 1.7366412213740459, "avg_over": 0.0, "avg_under": 1.7366412213740459}], [[0.8500000000000001, 0.9], {"acc": 0.8781055900621118, "nll": 0.37436566094973217, "mse": 0.10786047579670778, "N": 2576, "over_prob": 0.2989690721649485, "under_prob": 0.0, "over_counts": {"0": 544, "1": 193, "2": 15, "3": 7, "6": 3, "7": 3, "4": 2, "14": 2, "15": 2, "12": 1, "29": 1, "13": 1, "23": 1, "11": 1}, "under_counts": {"0": 776}, "avg_over_mag": 1.8836206896551724, "avg_under_mag": 0.0, "avg_over": 1.8836206896551724, "avg_under": 0.0}], [[0.9, 0.9500000000000001], {"acc": 0.9256132946452124, "nll": 0.26483019817391057, "mse": 0.0688547235939469, "N": 3791, "over_prob": 0.02662037037037035, "under_prob": 0.0, "over_counts": {"0": 841, "1": 16, "2": 5, "3": 2}, "under_counts": {"0": 864}, "avg_over_mag": 1.391304347826087, "avg_under_mag": 0.0, "avg_over": 1.391304347826087, "avg_under": 0.0}], [[0.9500000000000001, 1.0], {"acc": 0.972972972972973, "nll": 0.12413365079122358, "mse": 0.026315191376179378, "N": 5217, "over_prob": 0.0, "under_prob": 0.0, "over_counts": {"0": 788}, "under_counts": {"0": 788}, "avg_over_mag": 0.0, "avg_under_mag": 0.0, "avg_over": 0.0, "avg_under": 0.0}]]}