{"over_prob": 0.24306606152294508, "under_prob": 0.2531517902168432, "over_counts": {"0": 1501, "1": 303, "2": 98, "3": 34, "4": 12, "5": 6, "6": 5, "9": 2, "7": 2, "23": 2, "8": 2, "16": 1, "26": 1, "21": 1, "17": 1, "25": 1, "32": 1, "54": 1, "20": 1, "13": 1, "48": 1, "19": 1, "22": 1, "14": 1, "11": 1, "12": 1, "30": 1}, "under_counts": {"0": 1481, "1": 382, "2": 73, "3": 24, "4": 4, "9": 3, "6": 2, "7": 2, "17": 2, "16": 1, "14": 1, "8": 1, "24": 1, "21": 1, "19": 1, "23": 1, "18": 1, "11": 1, "12": 1}, "avg_over_mag": 2.454356846473029, "avg_under_mag": 1.7310756972111554, "avg_over": 2.454356846473029, "avg_under": 1.7310756972111554, "acc": 0.8506836827711942, "auc": 0.8013898643542108, "nll": 0.3643005909718122, "mse": 0.11155739424794561, "metrics_by_prob": [[[0.0, 0.05], {"acc": 0.9972677595628415, "nll": 0.012498750332356224, "mse": 0.003399356836504881, "N": 366, "over_prob": 0.0, "under_prob": 0.0, "over_counts": {"0": 76}, "under_counts": {"0": 76}, "avg_over_mag": 0.0, "avg_under_mag": 0.0, "avg_over": 0.0, "avg_under": 0.0}], [[0.05, 0.1], {"acc": 0.2857142857142857, "nll": 1.5778144989550638, "mse": 0.5390698176308676, "N": 7, "over_prob": 0.0, "under_prob": 0.4, "over_counts": {"0": 5}, "under_counts": {"0": 3, "2": 1, "1": 1}, "avg_over_mag": 0.0, "avg_under_mag": 1.5, "avg_over": 0.0, "avg_under": 1.5}], [[0.1, 0.15000000000000002], {"acc": 0.9069767441860465, "nll": 0.3507063809243195, "mse": 0.09712535149380032, "N": 43, "over_prob": 0.0, "under_prob": 0.0, "over_counts": {"0": 37}, "under_counts": {"0": 37}, "avg_over_mag": 0.0, "avg_under_mag": 0.0, "avg_over": 0.0, "avg_under": 0.0}], [[0.15000000000000002, 0.2], {"acc": 0.7843137254901961, "nll": 0.5334603583138039, "mse": 0.175646132525322, "N": 51, "over_prob": 0.0, "under_prob": 0.0, "over_counts": {"0": 39}, "under_counts": {"0": 39}, "avg_over_mag": 0.0, "avg_under_mag": 0.0, "avg_over": 0.0, "avg_under": 0.0}], [[0.2, 0.25], {"acc": 0.7951807228915663, "nll": 0.5413470650198059, "mse": 0.174112204158653, "N": 83, "over_prob": 0.0, "under_prob": 0.03076923076923077, "over_counts": {"0": 65}, "under_counts": {"0": 63, "1": 2}, "avg_over_mag": 0.0, "avg_under_mag": 1.0, "avg_over": 0.0, "avg_under": 1.0}], [[0.25, 0.30000000000000004], {"acc": 0.6517857142857143, "nll": 0.6217458206870035, "mse": 0.2157504900677618, "N": 112, "over_prob": 0.0, "under_prob": 0.0, "over_counts": {"0": 76}, "under_counts": {"0": 76}, "avg_over_mag": 0.0, "avg_under_mag": 0.0, "avg_over": 0.0, "avg_under": 0.0}], [[0.30000000000000004, 0.35000000000000003], {"acc": 0.5460992907801419, "nll": 0.6964525233264611, "mse": 0.24906992870972838, "N": 141, "over_prob": 0.0, "under_prob": 0.0, "over_counts": {"0": 80}, "under_counts": {"0": 80}, "avg_over_mag": 0.0, "avg_under_mag": 0.0, "avg_over": 0.0, "avg_under": 0.0}], [[0.35000000000000003, 0.4], {"acc": 0.524390243902439, "nll": 0.7139685233986647, "mse": 0.2584530516850318, "N": 164, "over_prob": 0.0, "under_prob": 0.0, "over_counts": {"0": 84}, "under_counts": {"0": 84}, "avg_over_mag": 0.0, "avg_under_mag": 0.0, "avg_over": 0.0, "avg_under": 0.0}], [[0.4, 0.45], {"acc": 0.5422222222222223, "nll": 0.7031360279561911, "mse": 0.2539347184488687, "N": 225, "over_prob": 0.0, "under_prob": 0.0, "over_counts": {"0": 129}, "under_counts": {"0": 129}, "avg_over_mag": 0.0, "avg_under_mag": 0.0, "avg_over": 0.0, "avg_under": 0.0}], [[0.45, 0.5], {"acc": 0.48231511254019294, "nll": 0.7097959394778331, "mse": 0.2577656505961272, "N": 311, "over_prob": 0.0, "under_prob": 0.005649717514124242, "over_counts": {"0": 177}, "under_counts": {"0": 176, "1": 1}, "avg_over_mag": 0.0, "avg_under_mag": 1.0, "avg_over": 0.0, "avg_under": 1.0}], [[0.5, 0.55], {"acc": 0.5379146919431279, "nll": 0.6978762549355711, "mse": 0.2524541049301842, "N": 422, "over_prob": 0.0, "under_prob": 0.008032128514056214, "over_counts": {"0": 249}, "under_counts": {"0": 247, "1": 2}, "avg_over_mag": 0.0, "avg_under_mag": 1.0, "avg_over": 0.0, "avg_under": 1.0}], [[0.55, 0.6000000000000001], {"acc": 0.5745098039215686, "nll": 0.6805331411536528, "mse": 0.2440766396841104, "N": 510, "over_prob": 0.0, "under_prob": 0.0031746031746031633, "over_counts": {"0": 315}, "under_counts": {"0": 314, "1": 1}, "avg_over_mag": 0.0, "avg_under_mag": 1.0, "avg_over": 0.0, "avg_under": 1.0}], [[0.6000000000000001, 0.65], {"acc": 0.6418383518225039, "nll": 0.6601279353076982, "mse": 0.2328232185135117, "N": 631, "over_prob": 0.0, "under_prob": 0.007853403141361293, "over_counts": {"0": 382}, "under_counts": {"0": 379, "1": 3}, "avg_over_mag": 0.0, "avg_under_mag": 1.0, "avg_over": 0.0, "avg_under": 1.0}], [[0.65, 0.7000000000000001], {"acc": 0.6713947990543735, "nll": 0.6559361263038795, "mse": 0.22879422815001157, "N": 846, "over_prob": 0.0, "under_prob": 0.062200956937799035, "over_counts": {"0": 418}, "under_counts": {"0": 392, "1": 24, "2": 2}, "avg_over_mag": 0.0, "avg_under_mag": 1.0769230769230769, "avg_over": 0.0, "avg_under": 1.0769230769230769}], [[0.7000000000000001, 0.75], {"acc": 0.7061365600691444, "nll": 0.6173139408687293, "mse": 0.21154598519033213, "N": 1157, "over_prob": 0.0, "under_prob": 0.09883720930232553, "over_counts": {"0": 516}, "under_counts": {"0": 465, "1": 50, "2": 1}, "avg_over_mag": 0.0, "avg_under_mag": 1.0196078431372548, "avg_over": 0.0, "avg_under": 1.0196078431372548}], [[0.75, 0.8], {"acc": 0.7795010114632501, "nll": 0.5459092367832342, "mse": 0.17728056961892716, "N": 1483, "over_prob": 0.0, "under_prob": 0.24264705882352944, "over_counts": {"0": 544}, "under_counts": {"0": 412, "1": 114, "2": 13, "4": 3, "3": 1, "6": 1}, "avg_over_mag": 0.0, "avg_under_mag": 1.2196969696969697, "avg_over": 0.0, "avg_under": 1.2196969696969697}], [[0.8, 0.8500000000000001], {"acc": 0.8271251193887297, "nll": 0.4750182431909722, "mse": 0.14704953596557876, "N": 2094, "over_prob": 0.0, "under_prob": 0.45169082125603865, "over_counts": {"0": 828}, "under_counts": {"0": 454, "1": 301, "2": 48, "3": 5, "5": 4, "11": 3, "4": 2, "18": 2, "16": 2, "15": 1, "7": 1, "13": 1, "6": 1, "8": 1, "17": 1, "9": 1}, "avg_over_mag": 0.0, "avg_under_mag": 1.6470588235294117, "avg_over": 0.0, "avg_under": 1.6470588235294117}], [[0.8500000000000001, 0.9], {"acc": 0.8767123287671232, "nll": 0.3875263634469085, "mse": 0.11080713912454916, "N": 2847, "over_prob": 0.5345911949685535, "under_prob": 0.0, "over_counts": {"0": 370, "1": 289, "2": 77, "3": 19, "4": 9, "5": 7, "7": 3, "21": 3, "16": 3, "18": 2, "14": 2, "8": 2, "12": 2, "6": 1, "9": 1, "41": 1, "45": 1, "15": 1, "19": 1, "23": 1}, "under_counts": {"0": 795}, "avg_over_mag": 2.2705882352941176, "avg_under_mag": 0.0, "avg_over": 2.2705882352941176, "avg_under": 0.0}], [[0.9, 0.9500000000000001], {"acc": 0.9232558139534883, "nll": 0.2795497646010095, "mse": 0.07198869399469852, "N": 4300, "over_prob": 0.12992545260915866, "under_prob": 0.0, "over_counts": {"0": 817, "1": 94, "2": 15, "3": 3, "7": 3, "9": 3, "4": 2, "6": 1, "8": 1}, "under_counts": {"0": 939}, "avg_over_mag": 1.6639344262295082, "avg_under_mag": 0.0, "avg_over": 1.6639344262295082, "avg_under": 0.0}], [[0.9500000000000001, 1.0], {"acc": 0.9728322759069464, "nll": 0.12837888378852752, "mse": 0.026663960103235577, "N": 6147, "over_prob": 0.0174825174825175, "under_prob": 0.0, "over_counts": {"0": 843, "1": 15}, "under_counts": {"0": 858}, "avg_over_mag": 1.0, "avg_under_mag": 0.0, "avg_over": 1.0, "avg_under": 0.0}]]}