{"auc": 0.659751316341036, "over_prob": 0.14826021180030258, "under_prob": 0.1356530509329299, "over_counts": {"0": 1689, "1": 168, "2": 41, "3": 18, "4": 17, "9": 6, "8": 5, "5": 3, "6": 3, "10": 3, "73": 2, "11": 2, "74": 2, "72": 2, "15": 2, "82": 2, "47": 1, "85": 1, "68": 1, "70": 1, "18": 1, "14": 1, "69": 1, "12": 1, "59": 1, "63": 1, "65": 1, "50": 1, "40": 1, "13": 1, "62": 1, "37": 1, "21": 1, "66": 1}, "under_counts": {"0": 1714, "1": 183, "2": 49, "3": 9, "11": 8, "12": 7, "4": 4, "8": 2, "10": 2, "16": 1, "17": 1, "13": 1, "5": 1, "14": 1}, "avg_over_mag": 6.945578231292517, "avg_under_mag": 2.2193308550185873, "avg_over": 6.945578231292517, "avg_under": 2.2193308550185873, "acc": 0.8500911577028258, "nll": 0.40073361809737046, "mse": 0.12109092269981685, "metrics_by_prob": [[[0.0, 0.05], {"acc": NaN, "nll": NaN, "mse": NaN, "N": 0}], [[0.05, 0.1], {"acc": NaN, "nll": NaN, "mse": NaN, "N": 0}], [[0.1, 0.15000000000000002], {"acc": NaN, "nll": NaN, "mse": NaN, "N": 0}], [[0.15000000000000002, 0.2], {"acc": 1.0, "nll": 0.23868437920092056, "mse": 0.04779112383635534, "N": 6, "over_prob": 0.0, "under_prob": 0.0, "over_counts": {"0": 6}, "under_counts": {"0": 6}, "avg_over_mag": 0.0, "avg_under_mag": 0.0, "avg_over": 0.0, "avg_under": 0.0}], [[0.2, 0.25], {"acc": 0.8, "nll": 0.5010449341939189, "mse": 0.16020860773451834, "N": 20, "over_prob": 0.0, "under_prob": 0.0, "over_counts": {"0": 20}, "under_counts": {"0": 20}, "avg_over_mag": 0.0, "avg_under_mag": 0.0, "avg_over": 0.0, "avg_under": 0.0}], [[0.25, 0.30000000000000004], {"acc": NaN, "nll": NaN, "mse": NaN, "N": 0}], [[0.30000000000000004, 0.35000000000000003], {"acc": NaN, "nll": NaN, "mse": NaN, "N": 0}], [[0.35000000000000003, 0.4], {"acc": 0.7, "nll": 0.6136045519887227, "mse": 0.21115050286821901, "N": 40, "over_prob": 0.0, "under_prob": 0.0, "over_counts": {"0": 40}, "under_counts": {"0": 40}, "avg_over_mag": 0.0, "avg_under_mag": 0.0, "avg_over": 0.0, "avg_under": 0.0}], [[0.4, 0.45], {"acc": 0.5116279069767442, "nll": 0.6924892745340779, "mse": 0.24934247009141136, "N": 43, "over_prob": 0.0, "under_prob": 0.0, "over_counts": {"0": 43}, "under_counts": {"0": 43}, "avg_over_mag": 0.0, "avg_under_mag": 0.0, "avg_over": 0.0, "avg_under": 0.0}], [[0.45, 0.5], {"acc": 0.5402298850574713, "nll": 0.6974265912637989, "mse": 0.2520985241785616, "N": 87, "over_prob": 0.0, "under_prob": 0.0, "over_counts": {"0": 87}, "under_counts": {"0": 87}, "avg_over_mag": 0.0, "avg_under_mag": 0.0, "avg_over": 0.0, "avg_under": 0.0}], [[0.5, 0.55], {"acc": 0.625, "nll": 0.6571403031384325, "mse": 0.23221635822483905, "N": 128, "over_prob": 0.0, "under_prob": 0.0, "over_counts": {"0": 128}, "under_counts": {"0": 128}, "avg_over_mag": 0.0, "avg_under_mag": 0.0, "avg_over": 0.0, "avg_under": 0.0}], [[0.55, 0.6000000000000001], {"acc": 0.579136690647482, "nll": 0.6887855396550683, "mse": 0.24754654971333526, "N": 278, "over_prob": 0.0, "under_prob": 0.0, "over_counts": {"0": 266}, "under_counts": {"0": 266}, "avg_over_mag": 0.0, "avg_under_mag": 0.0, "avg_over": 0.0, "avg_under": 0.0}], [[0.6000000000000001, 0.65], {"acc": 0.6025437201907791, "nll": 0.6771589765407974, "mse": 0.241838196881527, "N": 629, "over_prob": 0.0, "under_prob": 0.0, "over_counts": {"0": 394}, "under_counts": {"0": 394}, "avg_over_mag": 0.0, "avg_under_mag": 0.0, "avg_over": 0.0, "avg_under": 0.0}], [[0.65, 0.7000000000000001], {"acc": 0.7026627218934911, "nll": 0.6157772376573072, "mse": 0.21224686106424648, "N": 676, "over_prob": 0.0, "under_prob": 0.0, "over_counts": {"0": 507}, "under_counts": {"0": 507}, "avg_over_mag": 0.0, "avg_under_mag": 0.0, "avg_over": 0.0, "avg_under": 0.0}], [[0.7000000000000001, 0.75], {"acc": 0.7071005917159763, "nll": 0.6092133979647202, "mse": 0.20888363594749546, "N": 1014, "over_prob": 0.0, "under_prob": 0.007407407407407418, "over_counts": {"0": 540}, "under_counts": {"0": 536, "1": 3, "2": 1}, "avg_over_mag": 0.0, "avg_under_mag": 1.25, "avg_over": 0.0, "avg_under": 1.25}], [[0.75, 0.8], {"acc": 0.7897165458141068, "nll": 0.5185316703536349, "mse": 0.1674892968668535, "N": 1517, "over_prob": 0.0, "under_prob": 0.0657051282051282, "over_counts": {"0": 624}, "under_counts": {"0": 583, "1": 35, "3": 2, "2": 2, "4": 1, "6": 1}, "avg_over_mag": 0.0, "avg_under_mag": 1.3414634146341464, "avg_over": 0.0, "avg_under": 1.3414634146341464}], [[0.8, 0.8500000000000001], {"acc": 0.8365927857453281, "nll": 0.4499435471389007, "mse": 0.138148398175484, "N": 2301, "over_prob": 0.0, "under_prob": 0.3878887070376432, "over_counts": {"0": 611}, "under_counts": {"0": 374, "1": 163, "2": 44, "11": 8, "12": 7, "3": 6, "4": 2, "10": 2, "16": 1, "8": 1, "17": 1, "13": 1, "14": 1}, "avg_over_mag": 0.0, "avg_under_mag": 2.2658227848101267, "avg_over": 0.0, "avg_under": 2.2658227848101267}], [[0.8500000000000001, 0.9], {"acc": 0.8830764046836829, "nll": 0.36360169821387733, "mse": 0.10384081595282565, "N": 11871, "over_prob": 0.4083916083916084, "under_prob": 0.0, "over_counts": {"0": 423, "1": 166, "2": 41, "3": 18, "4": 17, "9": 6, "8": 5, "5": 3, "6": 3, "10": 3, "11": 2, "72": 2, "73": 2, "74": 2, "15": 2, "81": 1, "70": 1, "82": 1, "14": 1, "78": 1, "18": 1, "68": 1, "69": 1, "47": 1, "12": 1, "59": 1, "63": 1, "65": 1, "50": 1, "40": 1, "13": 1, "62": 1, "37": 1, "21": 1, "66": 1}, "under_counts": {"0": 715}, "avg_over_mag": 6.958904109589041, "avg_under_mag": 0.0, "avg_over": 6.958904109589041, "avg_under": 0.0}], [[0.9, 0.9500000000000001], {"acc": 0.9267918742813338, "nll": 0.2622912169466993, "mse": 0.06803023379828406, "N": 2609, "over_prob": 0.007246376811594235, "under_prob": 0.0, "over_counts": {"0": 548, "1": 3, "7": 1}, "under_counts": {"0": 552}, "avg_over_mag": 2.5, "avg_under_mag": 0.0, "avg_over": 2.5, "avg_under": 0.0}], [[0.9500000000000001, 1.0], {"acc": 0.9653259361997226, "nll": 0.14915661318481413, "mse": 0.03336051048238426, "N": 721, "over_prob": 0.0, "under_prob": 0.0, "over_counts": {"0": 195}, "under_counts": {"0": 195}, "avg_over_mag": 0.0, "avg_under_mag": 0.0, "avg_over": 0.0, "avg_under": 0.0}]]}