{"acc": 0.8075694273777341, "auc": 0.820935202658823, "nll": 0.4198485890621931, "mse": 0.13376975048220768}