{"over_prob": 0.4478346456692913, "under_prob": 0.07185039370078738, "over_counts": {"0": 1122, "1": 309, "3": 150, "2": 133, "4": 71, "6": 41, "5": 39, "9": 24, "7": 21, "11": 19, "8": 16, "10": 15, "13": 14, "12": 13, "17": 8, "15": 7, "14": 7, "16": 5, "18": 4, "19": 2, "35": 2, "20": 2, "21": 1, "23": 1, "27": 1, "32": 1, "28": 1, "33": 1, "25": 1, "22": 1}, "under_counts": {"0": 1886, "1": 101, "2": 14, "31": 12, "3": 6, "32": 4, "30": 2, "33": 2, "11": 1, "20": 1, "29": 1, "5": 1, "4": 1}, "avg_over_mag": 4.162637362637363, "avg_under_mag": 5.767123287671233, "avg_over": 4.162637362637363, "avg_under": 5.767123287671233, "acc": 0.8452585087035593, "auc": 0.6382656643586544, "nll": 0.4261889026420143, "mse": 0.13057841078202606, "metrics_by_prob": [[[0.0, 0.05], {"acc": NaN, "nll": NaN, "mse": NaN, "N": 0}], [[0.05, 0.1], {"acc": NaN, "nll": NaN, "mse": NaN, "N": 0}], [[0.1, 0.15000000000000002], {"acc": 1.0, "nll": 0.6772309155723306, "mse": 0.24204254759254784, "N": 1, "over_prob": 0.0, "under_prob": 0.0, "over_counts": {"0": 1}, "under_counts": {"0": 1}, "avg_over_mag": 0.0, "avg_under_mag": 0.0, "avg_over": 0.0, "avg_under": 0.0}], [[0.15000000000000002, 0.2], {"acc": 0.6428571428571429, "nll": 0.671182721758553, "mse": 0.23910147097699053, "N": 14, "over_prob": 0.0, "under_prob": 0.0, "over_counts": {"0": 14}, "under_counts": {"0": 14}, "avg_over_mag": 0.0, "avg_under_mag": 0.0, "avg_over": 0.0, "avg_under": 0.0}], [[0.2, 0.25], {"acc": 0.3333333333333333, "nll": 0.7011319906128075, "mse": 0.2539746085512317, "N": 18, "over_prob": 0.0, "under_prob": 0.0, "over_counts": {"0": 18}, "under_counts": {"0": 18}, "avg_over_mag": 0.0, "avg_under_mag": 0.0, "avg_over": 0.0, "avg_under": 0.0}], [[0.25, 0.30000000000000004], {"acc": 0.0, "nll": 0.7695691309628725, "mse": 0.2881407028240943, "N": 1, "over_prob": 0.0, "under_prob": 0.0, "over_counts": {"0": 1}, "under_counts": {"0": 1}, "avg_over_mag": 0.0, "avg_under_mag": 0.0, "avg_over": 0.0, "avg_under": 0.0}], [[0.30000000000000004, 0.35000000000000003], {"acc": 1.0, "nll": 0.6632707579984858, "mse": 0.23506633433365565, "N": 1, "over_prob": 0.0, "under_prob": 0.0, "over_counts": {"0": 1}, "under_counts": {"0": 1}, "avg_over_mag": 0.0, "avg_under_mag": 0.0, "avg_over": 0.0, "avg_under": 0.0}], [[0.35000000000000003, 0.4], {"acc": 0.42857142857142855, "nll": 0.708782344752309, "mse": 0.2576975384647246, "N": 42, "over_prob": 0.0, "under_prob": 0.0, "over_counts": {"0": 41}, "under_counts": {"0": 41}, "avg_over_mag": 0.0, "avg_under_mag": 0.0, "avg_over": 0.0, "avg_under": 0.0}], [[0.4, 0.45], {"acc": 0.5789473684210527, "nll": 0.6872618395973477, "mse": 0.24753134677617328, "N": 38, "over_prob": 0.0, "under_prob": 0.0, "over_counts": {"0": 38}, "under_counts": {"0": 38}, "avg_over_mag": 0.0, "avg_under_mag": 0.0, "avg_over": 0.0, "avg_under": 0.0}], [[0.45, 0.5], {"acc": 0.4782608695652174, "nll": 0.6915850082092876, "mse": 0.24945011627979277, "N": 92, "over_prob": 0.0, "under_prob": 0.0, "over_counts": {"0": 92}, "under_counts": {"0": 92}, "avg_over_mag": 0.0, "avg_under_mag": 0.0, "avg_over": 0.0, "avg_under": 0.0}], [[0.5, 0.55], {"acc": 0.5491803278688525, "nll": 0.6972815892475066, "mse": 0.2516418689692463, "N": 122, "over_prob": 0.0, "under_prob": 0.0, "over_counts": {"0": 122}, "under_counts": {"0": 122}, "avg_over_mag": 0.0, "avg_under_mag": 0.0, "avg_over": 0.0, "avg_under": 0.0}], [[0.55, 0.6000000000000001], {"acc": 0.5789473684210527, "nll": 0.692257293851161, "mse": 0.24906235688905273, "N": 285, "over_prob": 0.0, "under_prob": 0.0, "over_counts": {"0": 275}, "under_counts": {"0": 275}, "avg_over_mag": 0.0, "avg_under_mag": 0.0, "avg_over": 0.0, "avg_under": 0.0}], [[0.6000000000000001, 0.65], {"acc": 0.5986394557823129, "nll": 0.6788353465065746, "mse": 0.24228447923681834, "N": 588, "over_prob": 0.0, "under_prob": 0.002564102564102555, "over_counts": {"0": 390}, "under_counts": {"0": 389, "1": 1}, "avg_over_mag": 0.0, "avg_under_mag": 1.0, "avg_over": 0.0, "avg_under": 1.0}], [[0.65, 0.7000000000000001], {"acc": 0.7063492063492064, "nll": 0.6414455147077491, "mse": 0.22346168248466552, "N": 630, "over_prob": 0.0, "under_prob": 0.01446280991735538, "over_counts": {"0": 484}, "under_counts": {"0": 477, "1": 7}, "avg_over_mag": 0.0, "avg_under_mag": 1.0, "avg_over": 0.0, "avg_under": 1.0}], [[0.7000000000000001, 0.75], {"acc": 0.7255520504731862, "nll": 0.614286866357272, "mse": 0.21161741845656867, "N": 951, "over_prob": 0.0, "under_prob": 0.02285714285714291, "over_counts": {"0": 525}, "under_counts": {"0": 513, "1": 12}, "avg_over_mag": 0.0, "avg_under_mag": 1.0, "avg_over": 0.0, "avg_under": 1.0}], [[0.75, 0.8], {"acc": 0.8005354752342704, "nll": 0.5433658157878026, "mse": 0.17811245498959638, "N": 1494, "over_prob": 0.0, "under_prob": 0.09427609427609429, "over_counts": {"0": 594}, "under_counts": {"0": 538, "1": 50, "2": 5, "3": 1}, "avg_over_mag": 0.0, "avg_under_mag": 1.125, "avg_over": 0.0, "avg_under": 1.125}], [[0.8, 0.8500000000000001], {"acc": 0.8375296912114014, "nll": 0.47615933463527693, "mse": 0.14933093389347257, "N": 2105, "over_prob": 0.0, "under_prob": 0.18356643356643354, "over_counts": {"0": 572}, "under_counts": {"0": 467, "1": 72, "30": 10, "2": 7, "31": 7, "3": 3, "29": 2, "10": 1, "19": 1, "32": 1, "28": 1}, "avg_over_mag": 0.0, "avg_under_mag": 7.228571428571429, "avg_over": 0.0, "avg_under": 7.228571428571429}], [[0.8500000000000001, 0.9], {"acc": 0.8830501777953378, "nll": 0.3730559770134232, "mse": 0.10729546208525678, "N": 10124, "over_prob": 0.9476584022038568, "under_prob": 0.0, "over_counts": {"1": 263, "2": 127, "3": 101, "0": 38, "5": 36, "6": 34, "7": 33, "4": 19, "8": 19, "9": 14, "10": 9, "11": 7, "13": 4, "17": 4, "15": 4, "12": 3, "18": 3, "14": 2, "21": 1, "35": 1, "28": 1, "19": 1, "20": 1, "16": 1}, "under_counts": {"0": 726}, "avg_over_mag": 3.4781976744186047, "avg_under_mag": 0.0, "avg_over": 3.4781976744186047, "avg_under": 0.0}], [[0.9, 0.9500000000000001], {"acc": 0.9214183037853378, "nll": 0.3197924044643178, "mse": 0.08530476354965742, "N": 2087, "over_prob": 0.845724907063197, "under_prob": 0.0, "over_counts": {"1": 236, "0": 83, "2": 62, "3": 49, "4": 25, "5": 23, "6": 15, "8": 15, "10": 9, "9": 6, "11": 4, "12": 2, "7": 2, "14": 2, "25": 1, "28": 1, "18": 1, "15": 1, "13": 1}, "under_counts": {"0": 538}, "avg_over_mag": 2.8241758241758244, "avg_under_mag": 0.0, "avg_over": 2.8241758241758244, "avg_under": 0.0}], [[0.9500000000000001, 1.0], {"acc": 0.9585889570552147, "nll": 0.19973015232726768, "mse": 0.04633604625932924, "N": 652, "over_prob": 0.43575418994413406, "under_prob": 0.0, "over_counts": {"0": 101, "1": 58, "2": 16, "3": 2, "10": 1, "4": 1}, "under_counts": {"0": 179}, "avg_over_mag": 1.4102564102564104, "avg_under_mag": 0.0, "avg_over": 1.4102564102564104, "avg_under": 0.0}]]}