{"auc": 0.6675717800302866, "over_prob": 0.08018154311649017, "under_prob": 0.06757438224911749, "over_counts": {"0": 1824, "1": 114, "6": 10, "2": 9, "7": 7, "3": 7, "8": 4, "9": 3, "5": 2, "4": 2, "11": 1}, "under_counts": {"0": 1849, "1": 73, "2": 44, "3": 12, "4": 3, "5": 1, "6": 1}, "avg_over_mag": 2.20125786163522, "avg_under_mag": 1.6417910447761195, "avg_over": 2.20125786163522, "avg_under": 1.6417910447761195, "acc": 0.8502734731084777, "nll": 0.39810185460090547, "mse": 0.12040340170564873, "metrics_by_prob": [[[0.0, 0.05], {"acc": NaN, "nll": NaN, "mse": NaN, "N": 0}], [[0.05, 0.1], {"acc": NaN, "nll": NaN, "mse": NaN, "N": 0}], [[0.1, 0.15000000000000002], {"acc": NaN, "nll": NaN, "mse": NaN, "N": 0}], [[0.15000000000000002, 0.2], {"acc": 1.0, "nll": 0.25504923100707455, "mse": 0.053010248286046995, "N": 6, "over_prob": 0.0, "under_prob": 0.0, "over_counts": {"0": 6}, "under_counts": {"0": 6}, "avg_over_mag": 0.0, "avg_under_mag": 0.0, "avg_over": 0.0, "avg_under": 0.0}], [[0.2, 0.25], {"acc": 0.8, "nll": 0.502867092312876, "mse": 0.1608434412243005, "N": 20, "over_prob": 0.0, "under_prob": 0.0, "over_counts": {"0": 20}, "under_counts": {"0": 20}, "avg_over_mag": 0.0, "avg_under_mag": 0.0, "avg_over": 0.0, "avg_under": 0.0}], [[0.25, 0.30000000000000004], {"acc": NaN, "nll": NaN, "mse": NaN, "N": 0}], [[0.30000000000000004, 0.35000000000000003], {"acc": NaN, "nll": NaN, "mse": NaN, "N": 0}], [[0.35000000000000003, 0.4], {"acc": 0.725, "nll": 0.6178597137695597, "mse": 0.21309927911961007, "N": 40, "over_prob": 0.0, "under_prob": 0.0, "over_counts": {"0": 40}, "under_counts": {"0": 40}, "avg_over_mag": 0.0, "avg_under_mag": 0.0, "avg_over": 0.0, "avg_under": 0.0}], [[0.4, 0.45], {"acc": 0.5348837209302325, "nll": 0.6810137700817455, "mse": 0.24369321806940514, "N": 43, "over_prob": 0.0, "under_prob": 0.0, "over_counts": {"0": 43}, "under_counts": {"0": 43}, "avg_over_mag": 0.0, "avg_under_mag": 0.0, "avg_over": 0.0, "avg_under": 0.0}], [[0.45, 0.5], {"acc": 0.5402298850574713, "nll": 0.6923461296529766, "mse": 0.2495889954558937, "N": 87, "over_prob": 0.0, "under_prob": 0.0, "over_counts": {"0": 87}, "under_counts": {"0": 87}, "avg_over_mag": 0.0, "avg_under_mag": 0.0, "avg_over": 0.0, "avg_under": 0.0}], [[0.5, 0.55], {"acc": 0.640625, "nll": 0.6601349876953015, "mse": 0.23364843713343952, "N": 128, "over_prob": 0.0, "under_prob": 0.0, "over_counts": {"0": 128}, "under_counts": {"0": 128}, "avg_over_mag": 0.0, "avg_under_mag": 0.0, "avg_over": 0.0, "avg_under": 0.0}], [[0.55, 0.6000000000000001], {"acc": 0.579136690647482, "nll": 0.6848847326121469, "mse": 0.24577841766399736, "N": 278, "over_prob": 0.0, "under_prob": 0.0, "over_counts": {"0": 266}, "under_counts": {"0": 266}, "avg_over_mag": 0.0, "avg_under_mag": 0.0, "avg_over": 0.0, "avg_under": 0.0}], [[0.6000000000000001, 0.65], {"acc": 0.6025437201907791, "nll": 0.6762670556910846, "mse": 0.24147646190036565, "N": 629, "over_prob": 0.0, "under_prob": 0.0, "over_counts": {"0": 394}, "under_counts": {"0": 394}, "avg_over_mag": 0.0, "avg_under_mag": 0.0, "avg_over": 0.0, "avg_under": 0.0}], [[0.65, 0.7000000000000001], {"acc": 0.7026627218934911, "nll": 0.6106316297470714, "mse": 0.2098409377601933, "N": 676, "over_prob": 0.0, "under_prob": 0.0, "over_counts": {"0": 507}, "under_counts": {"0": 507}, "avg_over_mag": 0.0, "avg_under_mag": 0.0, "avg_over": 0.0, "avg_under": 0.0}], [[0.7000000000000001, 0.75], {"acc": 0.7071005917159763, "nll": 0.6057368329159978, "mse": 0.20751433835476912, "N": 1014, "over_prob": 0.0, "under_prob": 0.0, "over_counts": {"0": 540}, "under_counts": {"0": 540}, "avg_over_mag": 0.0, "avg_under_mag": 0.0, "avg_over": 0.0, "avg_under": 0.0}], [[0.75, 0.8], {"acc": 0.7897165458141068, "nll": 0.5156634591078468, "mse": 0.1665626802022866, "N": 1517, "over_prob": 0.0, "under_prob": 0.0064102564102563875, "over_counts": {"0": 624}, "under_counts": {"0": 620, "1": 4}, "avg_over_mag": 0.0, "avg_under_mag": 1.0, "avg_over": 0.0, "avg_under": 1.0}], [[0.8, 0.8500000000000001], {"acc": 0.8365927857453281, "nll": 0.44769289038500415, "mse": 0.13744481535014394, "N": 2301, "over_prob": 0.0, "under_prob": 0.21603927986906712, "over_counts": {"0": 611}, "under_counts": {"0": 479, "1": 73, "2": 42, "3": 12, "4": 3, "5": 1, "6": 1}, "avg_over_mag": 0.0, "avg_under_mag": 1.6363636363636365, "avg_over": 0.0, "avg_under": 1.6363636363636365}], [[0.8500000000000001, 0.9], {"acc": 0.8830764046836829, "nll": 0.36032174122432853, "mse": 0.10316402573785226, "N": 11871, "over_prob": 0.22237762237762237, "under_prob": 0.0, "over_counts": {"0": 556, "1": 114, "6": 10, "2": 9, "7": 7, "3": 7, "8": 4, "9": 3, "5": 2, "4": 2, "11": 1}, "under_counts": {"0": 715}, "avg_over_mag": 2.20125786163522, "avg_under_mag": 0.0, "avg_over": 2.20125786163522, "avg_under": 0.0}], [[0.9, 0.9500000000000001], {"acc": 0.9267918742813338, "nll": 0.2627278770238908, "mse": 0.06799733073961253, "N": 2609, "over_prob": 0.0, "under_prob": 0.0, "over_counts": {"0": 552}, "under_counts": {"0": 552}, "avg_over_mag": 0.0, "avg_under_mag": 0.0, "avg_over": 0.0, "avg_under": 0.0}], [[0.9500000000000001, 1.0], {"acc": 0.9653259361997226, "nll": 0.1470518542148652, "mse": 0.03329165315315874, "N": 721, "over_prob": 0.0, "under_prob": 0.0, "over_counts": {"0": 195}, "under_counts": {"0": 195}, "avg_over_mag": 0.0, "avg_under_mag": 0.0, "avg_over": 0.0, "avg_under": 0.0}]]}