{"acc": 0.8065178571428572, "auc": 0.8176671745304591, "nll": 0.4311867727343181, "mse": 0.13548716353657378}