{"auc": 0.795964970262362, "over_prob": 0.11796913887506222, "under_prob": 0.16027874564459932, "over_counts": {"0": 1772, "1": 176, "2": 29, "3": 10, "4": 5, "8": 3, "9": 2, "11": 2, "17": 2, "21": 2, "7": 1, "6": 1, "13": 1, "16": 1, "15": 1, "31": 1}, "under_counts": {"0": 1687, "1": 237, "2": 44, "3": 18, "8": 4, "5": 3, "13": 3, "7": 2, "4": 2, "6": 2, "17": 1, "10": 1, "34": 1, "12": 1, "11": 1, "16": 1, "32": 1}, "avg_over_mag": 2.160337552742616, "avg_under_mag": 1.9596273291925466, "avg_over": 2.160337552742616, "avg_under": 1.9596273291925466, "acc": 0.8393217006635537, "nll": 0.37822302515464057, "mse": 0.11775619162455839, "metrics_by_prob": [[[0.0, 0.05], {"acc": 1.0, "nll": 0.06158106819759337, "mse": 0.0037376855334764446, "N": 2, "over_prob": 0.0, "under_prob": 0.0, "over_counts": {"0": 2}, "under_counts": {"0": 2}, "avg_over_mag": 0.0, "avg_under_mag": 0.0, "avg_over": 0.0, "avg_under": 0.0}], [[0.05, 0.1], {"acc": 1.0, "nll": 0.07925775655594222, "mse": 0.005898032486981742, "N": 10, "over_prob": 0.0, "under_prob": 0.0, "over_counts": {"0": 9}, "under_counts": {"0": 9}, "avg_over_mag": 0.0, "avg_under_mag": 0.0, "avg_over": 0.0, "avg_under": 0.0}], [[0.1, 0.15000000000000002], {"acc": 0.9047619047619048, "nll": 0.33316581639175585, "mse": 0.09006583647328478, "N": 42, "over_prob": 0.0, "under_prob": 0.0, "over_counts": {"0": 37}, "under_counts": {"0": 37}, "avg_over_mag": 0.0, "avg_under_mag": 0.0, "avg_over": 0.0, "avg_under": 0.0}], [[0.15000000000000002, 0.2], {"acc": 0.8205128205128205, "nll": 0.4756795212227165, "mse": 0.1491916146328895, "N": 78, "over_prob": 0.0, "under_prob": 0.0, "over_counts": {"0": 62}, "under_counts": {"0": 62}, "avg_over_mag": 0.0, "avg_under_mag": 0.0, "avg_over": 0.0, "avg_under": 0.0}], [[0.2, 0.25], {"acc": 0.8037383177570093, "nll": 0.50679152169042, "mse": 0.1623662243311803, "N": 107, "over_prob": 0.0, "under_prob": 0.0, "over_counts": {"0": 85}, "under_counts": {"0": 85}, "avg_over_mag": 0.0, "avg_under_mag": 0.0, "avg_over": 0.0, "avg_under": 0.0}], [[0.25, 0.30000000000000004], {"acc": 0.6891891891891891, "nll": 0.6254573189007798, "mse": 0.21666669580145034, "N": 148, "over_prob": 0.0, "under_prob": 0.0, "over_counts": {"0": 104}, "under_counts": {"0": 104}, "avg_over_mag": 0.0, "avg_under_mag": 0.0, "avg_over": 0.0, "avg_under": 0.0}], [[0.30000000000000004, 0.35000000000000003], {"acc": 0.6289308176100629, "nll": 0.6669458668085122, "mse": 0.23666439732259317, "N": 159, "over_prob": 0.0, "under_prob": 0.0, "over_counts": {"0": 103}, "under_counts": {"0": 103}, "avg_over_mag": 0.0, "avg_under_mag": 0.0, "avg_over": 0.0, "avg_under": 0.0}], [[0.35000000000000003, 0.4], {"acc": 0.6519607843137255, "nll": 0.6608789127820612, "mse": 0.23393761346923572, "N": 204, "over_prob": 0.0, "under_prob": 0.0, "over_counts": {"0": 122}, "under_counts": {"0": 122}, "avg_over_mag": 0.0, "avg_under_mag": 0.0, "avg_over": 0.0, "avg_under": 0.0}], [[0.4, 0.45], {"acc": 0.5259259259259259, "nll": 0.6960416608922182, "mse": 0.2514218245088738, "N": 270, "over_prob": 0.0, "under_prob": 0.0, "over_counts": {"0": 174}, "under_counts": {"0": 174}, "avg_over_mag": 0.0, "avg_under_mag": 0.0, "avg_over": 0.0, "avg_under": 0.0}], [[0.45, 0.5], {"acc": 0.5424242424242425, "nll": 0.6930286967850103, "mse": 0.2499003484943261, "N": 330, "over_prob": 0.0, "under_prob": 0.0, "over_counts": {"0": 204}, "under_counts": {"0": 204}, "avg_over_mag": 0.0, "avg_under_mag": 0.0, "avg_over": 0.0, "avg_under": 0.0}], [[0.5, 0.55], {"acc": 0.5620767494356659, "nll": 0.6894753798771839, "mse": 0.24810673212064843, "N": 443, "over_prob": 0.0, "under_prob": 0.0, "over_counts": {"0": 286}, "under_counts": {"0": 286}, "avg_over_mag": 0.0, "avg_under_mag": 0.0, "avg_over": 0.0, "avg_under": 0.0}], [[0.55, 0.6000000000000001], {"acc": 0.5303030303030303, "nll": 0.697618836094516, "mse": 0.2519188653717705, "N": 528, "over_prob": 0.0, "under_prob": 0.0, "over_counts": {"0": 334}, "under_counts": {"0": 334}, "avg_over_mag": 0.0, "avg_under_mag": 0.0, "avg_over": 0.0, "avg_under": 0.0}], [[0.6000000000000001, 0.65], {"acc": 0.6159754224270353, "nll": 0.6697807259365045, "mse": 0.23824321114882369, "N": 651, "over_prob": 0.0, "under_prob": 0.0, "over_counts": {"0": 412}, "under_counts": {"0": 412}, "avg_over_mag": 0.0, "avg_under_mag": 0.0, "avg_over": 0.0, "avg_under": 0.0}], [[0.65, 0.7000000000000001], {"acc": 0.6569832402234637, "nll": 0.6495423769403027, "mse": 0.22807556276647115, "N": 895, "over_prob": 0.0, "under_prob": 0.0, "over_counts": {"0": 472}, "under_counts": {"0": 472}, "avg_over_mag": 0.0, "avg_under_mag": 0.0, "avg_over": 0.0, "avg_under": 0.0}], [[0.7000000000000001, 0.75], {"acc": 0.7442882249560633, "nll": 0.5675909944230649, "mse": 0.19007352785038403, "N": 1138, "over_prob": 0.0, "under_prob": 0.013384321223709361, "over_counts": {"0": 523}, "under_counts": {"0": 516, "1": 7}, "avg_over_mag": 0.0, "avg_under_mag": 1.0, "avg_over": 0.0, "avg_under": 1.0}], [[0.75, 0.8], {"acc": 0.7699237699237699, "nll": 0.5432680268968871, "mse": 0.17821130770022722, "N": 1443, "over_prob": 0.0, "under_prob": 0.09731543624161076, "over_counts": {"0": 596}, "under_counts": {"0": 538, "1": 46, "2": 7, "3": 4, "4": 1}, "avg_over_mag": 0.0, "avg_under_mag": 1.3103448275862069, "avg_over": 0.0, "avg_under": 1.3103448275862069}], [[0.8, 0.8500000000000001], {"acc": 0.8130241736556487, "nll": 0.4870978191382085, "mse": 0.15327119327443656, "N": 2027, "over_prob": 0.0, "under_prob": 0.3485380116959065, "over_counts": {"0": 855}, "under_counts": {"0": 557, "1": 229, "2": 34, "3": 15, "4": 3, "6": 3, "7": 2, "11": 2, "15": 2, "10": 2, "9": 2, "5": 1, "8": 1, "30": 1, "29": 1}, "avg_over_mag": 0.0, "avg_under_mag": 1.8389261744966443, "avg_over": 0.0, "avg_under": 1.8389261744966443}], [[0.8500000000000001, 0.9], {"acc": 0.8759661391240339, "nll": 0.37761679664630404, "mse": 0.10921924158062811, "N": 2717, "over_prob": 0.2732843137254902, "under_prob": 0.0, "over_counts": {"0": 593, "1": 166, "2": 31, "3": 6, "4": 4, "9": 3, "7": 2, "15": 2, "16": 1, "19": 1, "30": 1, "12": 1, "14": 1, "11": 1, "8": 1, "6": 1, "20": 1}, "under_counts": {"0": 816}, "avg_over_mag": 2.103139013452915, "avg_under_mag": 0.0, "avg_over": 2.103139013452915, "avg_under": 0.0}], [[0.9, 0.9500000000000001], {"acc": 0.9267336437147758, "nll": 0.26382231698006986, "mse": 0.06812037768604241, "N": 4081, "over_prob": 0.03991370010787487, "under_prob": 0.0, "over_counts": {"0": 890, "1": 32, "2": 5}, "under_counts": {"0": 927}, "avg_over_mag": 1.135135135135135, "avg_under_mag": 0.0, "avg_over": 1.135135135135135, "avg_under": 0.0}], [[0.9500000000000001, 1.0], {"acc": 0.9727917981072555, "nll": 0.1237487440979763, "mse": 0.026435357126281107, "N": 5072, "over_prob": 0.0012360939431397266, "under_prob": 0.0, "over_counts": {"0": 808, "1": 1}, "under_counts": {"0": 809}, "avg_over_mag": 1.0, "avg_under_mag": 0.0, "avg_over": 1.0, "avg_under": 0.0}]]}