{"over_prob": 0.45013623978201633, "under_prob": 0.0920980926430518, "over_counts": {"0": 1009, "1": 263, "3": 129, "2": 91, "4": 69, "6": 39, "5": 35, "7": 34, "8": 25, "13": 23, "14": 20, "9": 14, "10": 12, "12": 10, "11": 8, "16": 7, "15": 6, "17": 5, "33": 3, "25": 3, "32": 2, "19": 2, "29": 2, "24": 2, "18": 2, "31": 1, "21": 1, "106": 1, "42": 1, "41": 1, "45": 1, "37": 1, "26": 1, "36": 1, "38": 1, "28": 1, "55": 1, "34": 1, "27": 1, "23": 1, "30": 1, "79": 1, "20": 1, "49": 1, "54": 1}, "under_counts": {"0": 1666, "1": 112, "2": 24, "3": 7, "28": 5, "26": 4, "30": 3, "4": 3, "25": 2, "6": 2, "27": 1, "12": 1, "24": 1, "23": 1, "7": 1, "8": 1, "29": 1}, "avg_over_mag": 5.466101694915254, "avg_under_mag": 4.254437869822485, "avg_over": 5.466101694915254, "avg_under": 4.254437869822485, "acc": 0.8426007802340703, "auc": 0.6260197955069988, "nll": 0.4340809870846911, "mse": 0.13343003178307564, "metrics_by_prob": [[[0.0, 0.05], {"acc": NaN, "nll": NaN, "mse": NaN, "N": 0}], [[0.05, 0.1], {"acc": NaN, "nll": NaN, "mse": NaN, "N": 0}], [[0.1, 0.15000000000000002], {"acc": 1.0, "nll": 0.6922630981521674, "mse": 0.24955795891135413, "N": 1, "over_prob": 0.0, "under_prob": 0.0, "over_counts": {"0": 1}, "under_counts": {"0": 1}, "avg_over_mag": 0.0, "avg_under_mag": 0.0, "avg_over": 0.0, "avg_under": 0.0}], [[0.15000000000000002, 0.2], {"acc": 0.5555555555555556, "nll": 0.695062420152517, "mse": 0.25085269513300273, "N": 18, "over_prob": 0.0, "under_prob": 0.0, "over_counts": {"0": 18}, "under_counts": {"0": 18}, "avg_over_mag": 0.0, "avg_under_mag": 0.0, "avg_over": 0.0, "avg_under": 0.0}], [[0.2, 0.25], {"acc": 0.6111111111111112, "nll": 0.7101222037957112, "mse": 0.2583334885317223, "N": 18, "over_prob": 0.0, "under_prob": 0.0, "over_counts": {"0": 18}, "under_counts": {"0": 18}, "avg_over_mag": 0.0, "avg_under_mag": 0.0, "avg_over": 0.0, "avg_under": 0.0}], [[0.25, 0.30000000000000004], {"acc": 0.0, "nll": 0.7540053543531544, "mse": 0.28037750723980004, "N": 2, "over_prob": 0.0, "under_prob": 0.0, "over_counts": {"0": 2}, "under_counts": {"0": 2}, "avg_over_mag": 0.0, "avg_under_mag": 0.0, "avg_over": 0.0, "avg_under": 0.0}], [[0.30000000000000004, 0.35000000000000003], {"acc": 0.6666666666666666, "nll": 0.9200630807762682, "mse": 0.3501531081116956, "N": 3, "over_prob": 0.0, "under_prob": 0.0, "over_counts": {"0": 3}, "under_counts": {"0": 3}, "avg_over_mag": 0.0, "avg_under_mag": 0.0, "avg_over": 0.0, "avg_under": 0.0}], [[0.35000000000000003, 0.4], {"acc": 0.4418604651162791, "nll": 0.7003277867750737, "mse": 0.25356773342900535, "N": 43, "over_prob": 0.0, "under_prob": 0.0, "over_counts": {"0": 42}, "under_counts": {"0": 42}, "avg_over_mag": 0.0, "avg_under_mag": 0.0, "avg_over": 0.0, "avg_under": 0.0}], [[0.4, 0.45], {"acc": 0.425, "nll": 0.8181530523191227, "mse": 0.3039727972378417, "N": 40, "over_prob": 0.0, "under_prob": 0.0, "over_counts": {"0": 40}, "under_counts": {"0": 40}, "avg_over_mag": 0.0, "avg_under_mag": 0.0, "avg_over": 0.0, "avg_under": 0.0}], [[0.45, 0.5], {"acc": 0.47674418604651164, "nll": 0.6875496376482646, "mse": 0.2478131037357144, "N": 86, "over_prob": 0.0, "under_prob": 0.0, "over_counts": {"0": 86}, "under_counts": {"0": 86}, "avg_over_mag": 0.0, "avg_under_mag": 0.0, "avg_over": 0.0, "avg_under": 0.0}], [[0.5, 0.55], {"acc": 0.5652173913043478, "nll": 0.6780358187220643, "mse": 0.2429456127784771, "N": 115, "over_prob": 0.0, "under_prob": 0.0, "over_counts": {"0": 115}, "under_counts": {"0": 115}, "avg_over_mag": 0.0, "avg_under_mag": 0.0, "avg_over": 0.0, "avg_under": 0.0}], [[0.55, 0.6000000000000001], {"acc": 0.5765124555160143, "nll": 0.6854834152668005, "mse": 0.24588352680755693, "N": 281, "over_prob": 0.0, "under_prob": 0.003731343283582045, "over_counts": {"0": 268}, "under_counts": {"0": 267, "1": 1}, "avg_over_mag": 0.0, "avg_under_mag": 1.0, "avg_over": 0.0, "avg_under": 1.0}], [[0.6000000000000001, 0.65], {"acc": 0.6275862068965518, "nll": 0.6763961429187861, "mse": 0.24070872762360782, "N": 580, "over_prob": 0.0, "under_prob": 0.008403361344537785, "over_counts": {"0": 357}, "under_counts": {"0": 354, "1": 3}, "avg_over_mag": 0.0, "avg_under_mag": 1.0, "avg_over": 0.0, "avg_under": 1.0}], [[0.65, 0.7000000000000001], {"acc": 0.6957236842105263, "nll": 0.6477539339221794, "mse": 0.22648810028779331, "N": 608, "over_prob": 0.0, "under_prob": 0.020361990950226283, "over_counts": {"0": 442}, "under_counts": {"0": 433, "1": 9}, "avg_over_mag": 0.0, "avg_under_mag": 1.0, "avg_over": 0.0, "avg_under": 1.0}], [[0.7000000000000001, 0.75], {"acc": 0.7331910352187834, "nll": 0.6160236967616569, "mse": 0.21208407010851613, "N": 937, "over_prob": 0.0, "under_prob": 0.03238866396761131, "over_counts": {"0": 494}, "under_counts": {"0": 478, "1": 16}, "avg_over_mag": 0.0, "avg_under_mag": 1.0, "avg_over": 0.0, "avg_under": 1.0}], [[0.75, 0.8], {"acc": 0.7824585635359116, "nll": 0.5586331109932633, "mse": 0.18445538091707042, "N": 1448, "over_prob": 0.0, "under_prob": 0.11816578483245155, "over_counts": {"0": 567}, "under_counts": {"0": 500, "1": 57, "2": 8, "6": 1, "3": 1}, "avg_over_mag": 0.0, "avg_under_mag": 1.2238805970149254, "avg_over": 0.0, "avg_under": 1.2238805970149254}], [[0.8, 0.8500000000000001], {"acc": 0.8295177788602046, "nll": 0.49472753968703637, "mse": 0.1567373276765234, "N": 2053, "over_prob": 0.0, "under_prob": 0.21621621621621623, "over_counts": {"0": 555}, "under_counts": {"0": 435, "1": 86, "2": 9, "24": 4, "3": 3, "25": 3, "27": 3, "28": 3, "26": 2, "29": 2, "7": 1, "6": 1, "21": 1, "11": 1, "4": 1}, "avg_over_mag": 0.0, "avg_under_mag": 5.066666666666666, "avg_over": 0.0, "avg_under": 5.066666666666666}], [[0.8500000000000001, 0.9], {"acc": 0.8764114144939438, "nll": 0.38721056172907287, "mse": 0.11273855323003257, "N": 9742, "over_prob": 0.9562594268476622, "under_prob": 0.0, "over_counts": {"1": 212, "2": 121, "3": 114, "6": 30, "0": 29, "4": 24, "5": 22, "7": 15, "8": 14, "13": 13, "14": 12, "10": 7, "12": 6, "9": 6, "16": 4, "15": 3, "25": 3, "32": 2, "17": 2, "11": 2, "21": 1, "84": 1, "33": 1, "26": 1, "42": 1, "41": 1, "24": 1, "45": 1, "37": 1, "19": 1, "29": 1, "28": 1, "55": 1, "34": 1, "27": 1, "23": 1, "77": 1, "36": 1, "20": 1, "49": 1, "18": 1, "54": 1}, "under_counts": {"0": 663}, "avg_over_mag": 4.823343848580442, "avg_under_mag": 0.0, "avg_over": 4.823343848580442, "avg_under": 0.0}], [[0.9, 0.9500000000000001], {"acc": 0.9209914794732765, "nll": 0.31963773411542196, "mse": 0.0850262686535717, "N": 2582, "over_prob": 0.8475247524752475, "under_prob": 0.0, "over_counts": {"1": 211, "0": 77, "4": 49, "3": 40, "2": 38, "5": 32, "6": 19, "7": 8, "8": 7, "10": 6, "11": 5, "20": 3, "9": 3, "22": 2, "19": 1, "14": 1, "26": 1, "24": 1, "12": 1}, "under_counts": {"0": 505}, "avg_over_mag": 3.107476635514019, "avg_under_mag": 0.0, "avg_over": 3.107476635514019, "avg_under": 0.0}], [[0.9500000000000001, 1.0], {"acc": 0.9655688622754491, "nll": 0.20500611031204427, "mse": 0.044927293964949704, "N": 668, "over_prob": 0.5357142857142857, "under_prob": 0.0, "over_counts": {"0": 78, "1": 71, "2": 15, "3": 1, "5": 1, "12": 1, "6": 1}, "under_counts": {"0": 168}, "avg_over_mag": 1.4111111111111112, "avg_under_mag": 0.0, "avg_over": 1.4111111111111112, "avg_under": 0.0}]]}