{"over_prob": 0.1766732283464567, "under_prob": 0.3479330708661418, "over_counts": {"0": 1673, "1": 260, "2": 53, "3": 18, "4": 8, "10": 2, "13": 2, "6": 2, "29": 2, "21": 1, "19": 1, "16": 1, "24": 1, "23": 1, "11": 1, "46": 1, "7": 1, "9": 1, "5": 1, "8": 1, "41": 1}, "under_counts": {"0": 1325, "1": 506, "2": 111, "3": 36, "4": 17, "5": 10, "6": 7, "10": 6, "21": 3, "11": 2, "22": 2, "9": 1, "16": 1, "12": 1, "8": 1, "25": 1, "52": 1, "18": 1}, "avg_over_mag": 2.222841225626741, "avg_under_mag": 1.874115983026874, "avg_over": 2.222841225626741, "avg_under": 1.874115983026874, "acc": 0.8424006235385815, "auc": 0.7771011781737576, "nll": 0.3904340788372927, "mse": 0.11851335742225223, "metrics_by_prob": [[[0.0, 0.05], {"acc": NaN, "nll": NaN, "mse": NaN, "N": 0}], [[0.05, 0.1], {"acc": 1.0, "nll": 0.23378508750694113, "mse": 0.050207270022271135, "N": 6, "over_prob": 0.0, "under_prob": 0.0, "over_counts": {"0": 6}, "under_counts": {"0": 6}, "avg_over_mag": 0.0, "avg_under_mag": 0.0, "avg_over": 0.0, "avg_under": 0.0}], [[0.1, 0.15000000000000002], {"acc": 0.8181818181818182, "nll": 0.5680098295661713, "mse": 0.18160260893157543, "N": 33, "over_prob": 0.0, "under_prob": 0.0, "over_counts": {"0": 31}, "under_counts": {"0": 31}, "avg_over_mag": 0.0, "avg_under_mag": 0.0, "avg_over": 0.0, "avg_under": 0.0}], [[0.15000000000000002, 0.2], {"acc": 0.84375, "nll": 0.5293650758351172, "mse": 0.16968755189352158, "N": 64, "over_prob": 0.0, "under_prob": 0.0, "over_counts": {"0": 51}, "under_counts": {"0": 51}, "avg_over_mag": 0.0, "avg_under_mag": 0.0, "avg_over": 0.0, "avg_under": 0.0}], [[0.2, 0.25], {"acc": 0.6867469879518072, "nll": 0.5855985380591722, "mse": 0.20050563525691092, "N": 83, "over_prob": 0.0, "under_prob": 0.0, "over_counts": {"0": 64}, "under_counts": {"0": 64}, "avg_over_mag": 0.0, "avg_under_mag": 0.0, "avg_over": 0.0, "avg_under": 0.0}], [[0.25, 0.30000000000000004], {"acc": 0.5714285714285714, "nll": 0.6962336029839148, "mse": 0.2390762117176649, "N": 119, "over_prob": 0.0, "under_prob": 0.0, "over_counts": {"0": 73}, "under_counts": {"0": 73}, "avg_over_mag": 0.0, "avg_under_mag": 0.0, "avg_over": 0.0, "avg_under": 0.0}], [[0.30000000000000004, 0.35000000000000003], {"acc": 0.6417910447761194, "nll": 0.671166224262485, "mse": 0.2394194285266241, "N": 134, "over_prob": 0.0, "under_prob": 0.0, "over_counts": {"0": 90}, "under_counts": {"0": 90}, "avg_over_mag": 0.0, "avg_under_mag": 0.0, "avg_over": 0.0, "avg_under": 0.0}], [[0.35000000000000003, 0.4], {"acc": 0.5792682926829268, "nll": 0.7810078095970159, "mse": 0.25940055141664276, "N": 164, "over_prob": 0.0, "under_prob": 0.0, "over_counts": {"0": 94}, "under_counts": {"0": 94}, "avg_over_mag": 0.0, "avg_under_mag": 0.0, "avg_over": 0.0, "avg_under": 0.0}], [[0.4, 0.45], {"acc": 0.5625, "nll": 0.6776872457808414, "mse": 0.24270725539791632, "N": 240, "over_prob": 0.0, "under_prob": 0.0, "over_counts": {"0": 156}, "under_counts": {"0": 156}, "avg_over_mag": 0.0, "avg_under_mag": 0.0, "avg_over": 0.0, "avg_under": 0.0}], [[0.45, 0.5], {"acc": 0.4495114006514658, "nll": 0.7659521459762936, "mse": 0.2724600564292772, "N": 307, "over_prob": 0.0, "under_prob": 0.004950495049504955, "over_counts": {"0": 202}, "under_counts": {"0": 201, "1": 1}, "avg_over_mag": 0.0, "avg_under_mag": 1.0, "avg_over": 0.0, "avg_under": 1.0}], [[0.5, 0.55], {"acc": 0.5338541666666666, "nll": 0.7323252701638664, "mse": 0.25828159045421223, "N": 384, "over_prob": 0.0, "under_prob": 0.007751937984496138, "over_counts": {"0": 258}, "under_counts": {"0": 256, "1": 2}, "avg_over_mag": 0.0, "avg_under_mag": 1.0, "avg_over": 0.0, "avg_under": 1.0}], [[0.55, 0.6000000000000001], {"acc": 0.5760649087221096, "nll": 0.7182445128071153, "mse": 0.25447492567815044, "N": 493, "over_prob": 0.0, "under_prob": 0.0032051282051281937, "over_counts": {"0": 312}, "under_counts": {"0": 311, "1": 1}, "avg_over_mag": 0.0, "avg_under_mag": 1.0, "avg_over": 0.0, "avg_under": 1.0}], [[0.6000000000000001, 0.65], {"acc": 0.6155088852988692, "nll": 0.7202737572165636, "mse": 0.24763944801325966, "N": 619, "over_prob": 0.0, "under_prob": 0.02754820936639113, "over_counts": {"0": 363}, "under_counts": {"0": 353, "1": 10}, "avg_over_mag": 0.0, "avg_under_mag": 1.0, "avg_over": 0.0, "avg_under": 1.0}], [[0.65, 0.7000000000000001], {"acc": 0.69375, "nll": 0.6477938341173157, "mse": 0.22000803809990083, "N": 800, "over_prob": 0.0, "under_prob": 0.049261083743842415, "over_counts": {"0": 406}, "under_counts": {"0": 386, "1": 20}, "avg_over_mag": 0.0, "avg_under_mag": 1.0, "avg_over": 0.0, "avg_under": 1.0}], [[0.7000000000000001, 0.75], {"acc": 0.7457142857142857, "nll": 0.6097965894241293, "mse": 0.19856648436065946, "N": 1050, "over_prob": 0.0, "under_prob": 0.18271119842829076, "over_counts": {"0": 509}, "under_counts": {"0": 416, "1": 85, "2": 6, "6": 1, "3": 1}, "avg_over_mag": 0.0, "avg_under_mag": 1.1397849462365592, "avg_over": 0.0, "avg_under": 1.1397849462365592}], [[0.75, 0.8], {"acc": 0.7785817655571635, "nll": 0.5509915901375194, "mse": 0.1773848301389421, "N": 1382, "over_prob": 0.0, "under_prob": 0.3745819397993311, "over_counts": {"0": 598}, "under_counts": {"0": 374, "1": 189, "2": 19, "3": 9, "6": 2, "5": 2, "4": 2, "8": 1}, "avg_over_mag": 0.0, "avg_under_mag": 1.3035714285714286, "avg_over": 0.0, "avg_under": 1.3035714285714286}], [[0.8, 0.8500000000000001], {"acc": 0.8143459915611815, "nll": 0.5074717288408873, "mse": 0.15551081141373804, "N": 1896, "over_prob": 0.0, "under_prob": 0.6329268292682927, "over_counts": {"0": 820}, "under_counts": {"1": 402, "0": 301, "2": 65, "3": 20, "4": 7, "5": 4, "9": 4, "7": 4, "11": 2, "10": 2, "15": 1, "6": 1, "14": 1, "8": 1, "19": 1, "17": 1, "37": 1, "13": 1, "18": 1}, "avg_over_mag": 0.0, "avg_under_mag": 1.7206165703275529, "avg_over": 0.0, "avg_under": 1.7206165703275529}], [[0.8500000000000001, 0.9], {"acc": 0.8697674418604651, "nll": 0.410779872775214, "mse": 0.11663714701636109, "N": 2580, "over_prob": 0.37037037037037035, "under_prob": 0.0, "over_counts": {"0": 510, "1": 237, "2": 33, "3": 9, "4": 4, "9": 3, "6": 2, "10": 2, "12": 2, "7": 1, "22": 1, "14": 1, "19": 1, "16": 1, "17": 1, "18": 1, "28": 1}, "under_counts": {"0": 810}, "avg_over_mag": 1.9, "avg_under_mag": 0.0, "avg_over": 1.9, "avg_under": 0.0}], [[0.9, 0.9500000000000001], {"acc": 0.9294422827496758, "nll": 0.26393547690237507, "mse": 0.06658965213358073, "N": 3855, "over_prob": 0.10344827586206895, "under_prob": 0.0, "over_counts": {"0": 858, "1": 78, "2": 6, "4": 4, "3": 3, "7": 3, "21": 1, "6": 1, "9": 1, "10": 1, "12": 1}, "under_counts": {"0": 957}, "avg_over_mag": 1.9595959595959596, "avg_under_mag": 0.0, "avg_over": 1.9595959595959596, "avg_under": 0.0}], [[0.9500000000000001, 1.0], {"acc": 0.9712073073868149, "nll": 0.13344095835865047, "mse": 0.02819239728317621, "N": 5036, "over_prob": 0.029515938606847647, "under_prob": 0.0, "over_counts": {"0": 822, "1": 21, "4": 2, "2": 1, "3": 1}, "under_counts": {"0": 847}, "avg_over_mag": 1.36, "avg_under_mag": 0.0, "avg_over": 1.36, "avg_under": 0.0}]]}