{"auc": 0.6664846581379529, "over_prob": 0.11008174386920977, "under_prob": 0.07629427792915533, "over_counts": {"0": 1633, "1": 159, "4": 13, "2": 9, "7": 4, "3": 4, "9": 4, "5": 4, "10": 1, "13": 1, "6": 1, "14": 1, "11": 1}, "under_counts": {"0": 1695, "1": 90, "2": 42, "5": 5, "4": 1, "6": 1, "10": 1}, "avg_over_mag": 1.8762376237623761, "avg_under_mag": 1.5642857142857143, "avg_over": 1.8762376237623761, "avg_under": 1.5642857142857143, "acc": 0.8442132639791937, "nll": 0.4079675291257069, "mse": 0.12429129521962826, "metrics_by_prob": [[[0.0, 0.05], {"acc": NaN, "nll": NaN, "mse": NaN, "N": 0}], [[0.05, 0.1], {"acc": NaN, "nll": NaN, "mse": NaN, "N": 0}], [[0.1, 0.15000000000000002], {"acc": 1.0, "nll": 0.15860814435038192, "mse": 0.021511890629249127, "N": 1, "over_prob": 0.0, "under_prob": 0.0, "over_counts": {"0": 1}, "under_counts": {"0": 1}, "avg_over_mag": 0.0, "avg_under_mag": 0.0, "avg_over": 0.0, "avg_under": 0.0}], [[0.15000000000000002, 0.2], {"acc": 0.7777777777777778, "nll": 0.48456232132549704, "mse": 0.15762916251915668, "N": 18, "over_prob": 0.0, "under_prob": 0.0, "over_counts": {"0": 18}, "under_counts": {"0": 18}, "avg_over_mag": 0.0, "avg_under_mag": 0.0, "avg_over": 0.0, "avg_under": 0.0}], [[0.2, 0.25], {"acc": 0.8333333333333334, "nll": 0.43614007168524926, "mse": 0.1311196803768199, "N": 18, "over_prob": 0.0, "under_prob": 0.0, "over_counts": {"0": 18}, "under_counts": {"0": 18}, "avg_over_mag": 0.0, "avg_under_mag": 0.0, "avg_over": 0.0, "avg_under": 0.0}], [[0.25, 0.30000000000000004], {"acc": 1.0, "nll": 0.3031819379826461, "mse": 0.06913930480304052, "N": 2, "over_prob": 0.0, "under_prob": 0.0, "over_counts": {"0": 2}, "under_counts": {"0": 2}, "avg_over_mag": 0.0, "avg_under_mag": 0.0, "avg_over": 0.0, "avg_under": 0.0}], [[0.30000000000000004, 0.35000000000000003], {"acc": 0.3333333333333333, "nll": 0.8893693591216056, "mse": 0.3409064972221516, "N": 3, "over_prob": 0.0, "under_prob": 0.0, "over_counts": {"0": 3}, "under_counts": {"0": 3}, "avg_over_mag": 0.0, "avg_under_mag": 0.0, "avg_over": 0.0, "avg_under": 0.0}], [[0.35000000000000003, 0.4], {"acc": 0.6046511627906976, "nll": 0.6664696841439471, "mse": 0.23652340541309472, "N": 43, "over_prob": 0.0, "under_prob": 0.0, "over_counts": {"0": 42}, "under_counts": {"0": 42}, "avg_over_mag": 0.0, "avg_under_mag": 0.0, "avg_over": 0.0, "avg_under": 0.0}], [[0.4, 0.45], {"acc": 0.625, "nll": 0.6400885541375242, "mse": 0.22413420578844007, "N": 40, "over_prob": 0.0, "under_prob": 0.0, "over_counts": {"0": 40}, "under_counts": {"0": 40}, "avg_over_mag": 0.0, "avg_under_mag": 0.0, "avg_over": 0.0, "avg_under": 0.0}], [[0.45, 0.5], {"acc": 0.4069767441860465, "nll": 0.7095670197754879, "mse": 0.2581654121587165, "N": 86, "over_prob": 0.0, "under_prob": 0.0, "over_counts": {"0": 86}, "under_counts": {"0": 86}, "avg_over_mag": 0.0, "avg_under_mag": 0.0, "avg_over": 0.0, "avg_under": 0.0}], [[0.5, 0.55], {"acc": 0.591304347826087, "nll": 0.668663393787666, "mse": 0.23781881857960901, "N": 115, "over_prob": 0.0, "under_prob": 0.0, "over_counts": {"0": 115}, "under_counts": {"0": 115}, "avg_over_mag": 0.0, "avg_under_mag": 0.0, "avg_over": 0.0, "avg_under": 0.0}], [[0.55, 0.6000000000000001], {"acc": 0.6014234875444839, "nll": 0.6709986330171278, "mse": 0.23900608928864742, "N": 281, "over_prob": 0.0, "under_prob": 0.0, "over_counts": {"0": 268}, "under_counts": {"0": 268}, "avg_over_mag": 0.0, "avg_under_mag": 0.0, "avg_over": 0.0, "avg_under": 0.0}], [[0.6000000000000001, 0.65], {"acc": 0.6344827586206897, "nll": 0.6562099580216453, "mse": 0.2317805504084123, "N": 580, "over_prob": 0.0, "under_prob": 0.0, "over_counts": {"0": 357}, "under_counts": {"0": 357}, "avg_over_mag": 0.0, "avg_under_mag": 0.0, "avg_over": 0.0, "avg_under": 0.0}], [[0.65, 0.7000000000000001], {"acc": 0.694078947368421, "nll": 0.6186854916298128, "mse": 0.2136382990196578, "N": 608, "over_prob": 0.0, "under_prob": 0.0, "over_counts": {"0": 442}, "under_counts": {"0": 442}, "avg_over_mag": 0.0, "avg_under_mag": 0.0, "avg_over": 0.0, "avg_under": 0.0}], [[0.7000000000000001, 0.75], {"acc": 0.7321237993596584, "nll": 0.5821280729364704, "mse": 0.19652010147893303, "N": 937, "over_prob": 0.0, "under_prob": 0.002024291497975672, "over_counts": {"0": 494}, "under_counts": {"0": 493, "2": 1}, "avg_over_mag": 0.0, "avg_under_mag": 2.0, "avg_over": 0.0, "avg_under": 2.0}], [[0.75, 0.8], {"acc": 0.7824585635359116, "nll": 0.5223418501607329, "mse": 0.16971512400168623, "N": 1448, "over_prob": 0.0, "under_prob": 0.003527336860670194, "over_counts": {"0": 567}, "under_counts": {"0": 565, "1": 2}, "avg_over_mag": 0.0, "avg_under_mag": 1.0, "avg_over": 0.0, "avg_under": 1.0}], [[0.8, 0.8500000000000001], {"acc": 0.830004870920604, "nll": 0.45453424373707996, "mse": 0.14072746011045964, "N": 2053, "over_prob": 0.0, "under_prob": 0.24684684684684688, "over_counts": {"0": 555}, "under_counts": {"0": 418, "1": 88, "2": 41, "5": 5, "4": 1, "6": 1, "10": 1}, "avg_over_mag": 0.0, "avg_under_mag": 1.5693430656934306, "avg_over": 0.0, "avg_under": 1.5693430656934306}], [[0.8500000000000001, 0.9], {"acc": 0.8764114144939438, "nll": 0.3735796845750388, "mse": 0.10821457404983527, "N": 9742, "over_prob": 0.3001508295625943, "under_prob": 0.0, "over_counts": {"0": 464, "1": 156, "4": 13, "2": 9, "7": 4, "3": 4, "9": 4, "5": 4, "10": 1, "13": 1, "6": 1, "14": 1, "11": 1}, "under_counts": {"0": 663}, "avg_over_mag": 1.8894472361809045, "avg_under_mag": 0.0, "avg_over": 1.8894472361809045, "avg_under": 0.0}], [[0.9, 0.9500000000000001], {"acc": 0.9209914794732765, "nll": 0.2759654915820637, "mse": 0.07271313614953073, "N": 2582, "over_prob": 0.005940594059405946, "under_prob": 0.0, "over_counts": {"0": 502, "1": 3}, "under_counts": {"0": 505}, "avg_over_mag": 1.0, "avg_under_mag": 0.0, "avg_over": 1.0, "avg_under": 0.0}], [[0.9500000000000001, 1.0], {"acc": 0.9655688622754491, "nll": 0.14783842679225687, "mse": 0.03319666598385918, "N": 668, "over_prob": 0.0, "under_prob": 0.0, "over_counts": {"0": 168}, "under_counts": {"0": 168}, "avg_over_mag": 0.0, "avg_under_mag": 0.0, "avg_over": 0.0, "avg_under": 0.0}]]}