{"over_prob": 0.4346949067070096, "under_prob": 0.0635400907715582, "over_counts": {"0": 1121, "1": 318, "3": 113, "2": 97, "5": 63, "4": 44, "6": 42, "8": 28, "10": 23, "7": 20, "9": 18, "11": 14, "13": 13, "14": 11, "18": 10, "15": 9, "16": 8, "12": 7, "21": 4, "19": 3, "17": 3, "28": 2, "20": 2, "29": 2, "38": 1, "35": 1, "31": 1, "25": 1, "24": 1, "22": 1, "27": 1, "23": 1}, "under_counts": {"0": 1857, "1": 67, "2": 19, "3": 11, "33": 10, "32": 6, "34": 4, "4": 4, "5": 3, "31": 2}, "avg_over_mag": 4.5533642691415315, "avg_under_mag": 7.055555555555555, "avg_over": 4.5533642691415315, "avg_under": 7.055555555555555, "acc": 0.8476754785779398, "auc": 0.6372597713057248, "nll": 0.41969067258625326, "mse": 0.12798748168722038, "metrics_by_prob": [[[0.0, 0.05], {"acc": NaN, "nll": NaN, "mse": NaN, "N": 0}], [[0.05, 0.1], {"acc": NaN, "nll": NaN, "mse": NaN, "N": 0}], [[0.1, 0.15000000000000002], {"acc": NaN, "nll": NaN, "mse": NaN, "N": 0}], [[0.15000000000000002, 0.2], {"acc": 1.0, "nll": 0.5834103594346897, "mse": 0.19585504436283804, "N": 6, "over_prob": 0.0, "under_prob": 0.0, "over_counts": {"0": 6}, "under_counts": {"0": 6}, "avg_over_mag": 0.0, "avg_under_mag": 0.0, "avg_over": 0.0, "avg_under": 0.0}], [[0.2, 0.25], {"acc": 0.65, "nll": 0.6805161693895887, "mse": 0.24368933767850165, "N": 20, "over_prob": 0.0, "under_prob": 0.0, "over_counts": {"0": 20}, "under_counts": {"0": 20}, "avg_over_mag": 0.0, "avg_under_mag": 0.0, "avg_over": 0.0, "avg_under": 0.0}], [[0.25, 0.30000000000000004], {"acc": NaN, "nll": NaN, "mse": NaN, "N": 0}], [[0.30000000000000004, 0.35000000000000003], {"acc": NaN, "nll": NaN, "mse": NaN, "N": 0}], [[0.35000000000000003, 0.4], {"acc": 0.35, "nll": 0.7049072504237837, "mse": 0.2558603826691822, "N": 40, "over_prob": 0.0, "under_prob": 0.0, "over_counts": {"0": 40}, "under_counts": {"0": 40}, "avg_over_mag": 0.0, "avg_under_mag": 0.0, "avg_over": 0.0, "avg_under": 0.0}], [[0.4, 0.45], {"acc": 0.46511627906976744, "nll": 0.7754318300644262, "mse": 0.2857042522560647, "N": 43, "over_prob": 0.0, "under_prob": 0.023255813953488413, "over_counts": {"0": 43}, "under_counts": {"0": 42, "1": 1}, "avg_over_mag": 0.0, "avg_under_mag": 1.0, "avg_over": 0.0, "avg_under": 1.0}], [[0.45, 0.5], {"acc": 0.5057471264367817, "nll": 0.690516183835232, "mse": 0.2487343933293955, "N": 87, "over_prob": 0.0, "under_prob": 0.0, "over_counts": {"0": 87}, "under_counts": {"0": 87}, "avg_over_mag": 0.0, "avg_under_mag": 0.0, "avg_over": 0.0, "avg_under": 0.0}], [[0.5, 0.55], {"acc": 0.5859375, "nll": 0.6809361681422215, "mse": 0.24398660076090248, "N": 128, "over_prob": 0.0, "under_prob": 0.0, "over_counts": {"0": 128}, "under_counts": {"0": 128}, "avg_over_mag": 0.0, "avg_under_mag": 0.0, "avg_over": 0.0, "avg_under": 0.0}], [[0.55, 0.6000000000000001], {"acc": 0.5575539568345323, "nll": 0.6910891787007906, "mse": 0.24857809947032614, "N": 278, "over_prob": 0.0, "under_prob": 0.003759398496240629, "over_counts": {"0": 266}, "under_counts": {"0": 265, "1": 1}, "avg_over_mag": 0.0, "avg_under_mag": 1.0, "avg_over": 0.0, "avg_under": 1.0}], [[0.6000000000000001, 0.65], {"acc": 0.5739268680445151, "nll": 0.6809526936924771, "mse": 0.24403432014135876, "N": 629, "over_prob": 0.0, "under_prob": 0.012690355329949221, "over_counts": {"0": 394}, "under_counts": {"0": 389, "1": 5}, "avg_over_mag": 0.0, "avg_under_mag": 1.0, "avg_over": 0.0, "avg_under": 1.0}], [[0.65, 0.7000000000000001], {"acc": 0.6982248520710059, "nll": 0.6454611155283413, "mse": 0.2262325147091975, "N": 676, "over_prob": 0.0, "under_prob": 0.009861932938856066, "over_counts": {"0": 507}, "under_counts": {"0": 502, "1": 5}, "avg_over_mag": 0.0, "avg_under_mag": 1.0, "avg_over": 0.0, "avg_under": 1.0}], [[0.7000000000000001, 0.75], {"acc": 0.7080867850098619, "nll": 0.6280738431763313, "mse": 0.21782165362873027, "N": 1014, "over_prob": 0.0, "under_prob": 0.031481481481481444, "over_counts": {"0": 540}, "under_counts": {"0": 523, "1": 17}, "avg_over_mag": 0.0, "avg_under_mag": 1.0, "avg_over": 0.0, "avg_under": 1.0}], [[0.75, 0.8], {"acc": 0.7897165458141068, "nll": 0.5581406456654343, "mse": 0.18434414180913927, "N": 1517, "over_prob": 0.0, "under_prob": 0.08493589743589747, "over_counts": {"0": 624}, "under_counts": {"0": 571, "1": 31, "2": 17, "3": 4, "4": 1}, "avg_over_mag": 0.0, "avg_under_mag": 1.528301886792453, "avg_over": 0.0, "avg_under": 1.528301886792453}], [[0.8, 0.8500000000000001], {"acc": 0.8365927857453281, "nll": 0.47848870922189524, "mse": 0.15003391984066605, "N": 2301, "over_prob": 0.0, "under_prob": 0.1620294599018003, "over_counts": {"0": 611}, "under_counts": {"0": 512, "1": 56, "2": 14, "31": 12, "30": 9, "3": 7, "32": 1}, "avg_over_mag": 0.0, "avg_under_mag": 7.8686868686868685, "avg_over": 0.0, "avg_under": 7.8686868686868685}], [[0.8500000000000001, 0.9], {"acc": 0.8830764046836829, "nll": 0.37144607429007503, "mse": 0.1067398154776949, "N": 11871, "over_prob": 0.897902097902098, "under_prob": 0.0, "over_counts": {"1": 229, "2": 133, "3": 77, "0": 73, "6": 56, "5": 38, "7": 19, "8": 18, "4": 17, "10": 9, "18": 6, "13": 6, "15": 5, "14": 4, "9": 4, "17": 3, "11": 3, "20": 2, "16": 2, "12": 2, "19": 2, "21": 1, "27": 1, "24": 1, "25": 1, "35": 1, "29": 1, "23": 1}, "under_counts": {"0": 715}, "avg_over_mag": 3.803738317757009, "avg_under_mag": 0.0, "avg_over": 3.803738317757009, "avg_under": 0.0}], [[0.9, 0.9500000000000001], {"acc": 0.9267918742813338, "nll": 0.30478593489993894, "mse": 0.07980928858583251, "N": 2609, "over_prob": 0.8115942028985508, "under_prob": 0.0, "over_counts": {"1": 244, "0": 104, "5": 56, "3": 35, "4": 33, "2": 22, "6": 12, "8": 10, "7": 8, "9": 8, "10": 5, "12": 3, "11": 3, "17": 1, "16": 1, "23": 1, "29": 1, "24": 1, "15": 1, "18": 1, "14": 1, "13": 1}, "under_counts": {"0": 552}, "avg_over_mag": 3.064732142857143, "avg_under_mag": 0.0, "avg_over": 3.064732142857143, "avg_under": 0.0}], [[0.9500000000000001, 1.0], {"acc": 0.9653259361997226, "nll": 0.1888524497053987, "mse": 0.04159642725163856, "N": 721, "over_prob": 0.42051282051282046, "under_prob": 0.0, "over_counts": {"0": 113, "1": 65, "2": 12, "3": 2, "6": 1, "5": 1, "4": 1}, "under_counts": {"0": 195}, "avg_over_mag": 1.3414634146341464, "avg_under_mag": 0.0, "avg_over": 1.3414634146341464, "avg_under": 0.0}]]}