{"acc": 0.7748832637011551, "auc": 0.7295672245048876, "nll": 0.4832457135676226, "mse": 0.15809521025054793}