{"auc": 0.6693346234510135, "over_prob": 0.06791338582677164, "under_prob": 0.07037401574803148, "over_counts": {"0": 1894, "1": 93, "3": 12, "2": 10, "4": 8, "7": 5, "9": 3, "6": 2, "11": 2, "13": 1, "14": 1, "12": 1}, "under_counts": {"0": 1889, "1": 87, "2": 47, "3": 5, "5": 2, "4": 1, "7": 1}, "avg_over_mag": 2.289855072463768, "avg_under_mag": 1.5174825174825175, "avg_over": 2.289855072463768, "avg_under": 1.5174825174825175, "acc": 0.8467134320602754, "nll": 0.4029954709151618, "mse": 0.1222913801624029, "metrics_by_prob": [[[0.0, 0.05], {"acc": NaN, "nll": NaN, "mse": NaN, "N": 0}], [[0.05, 0.1], {"acc": NaN, "nll": NaN, "mse": NaN, "N": 0}], [[0.1, 0.15000000000000002], {"acc": 1.0, "nll": 0.15485714671116899, "mse": 0.020581480887501336, "N": 1, "over_prob": 0.0, "under_prob": 0.0, "over_counts": {"0": 1}, "under_counts": {"0": 1}, "avg_over_mag": 0.0, "avg_under_mag": 0.0, "avg_over": 0.0, "avg_under": 0.0}], [[0.15000000000000002, 0.2], {"acc": 0.8571428571428571, "nll": 0.39615759181361493, "mse": 0.11764013913574674, "N": 14, "over_prob": 0.0, "under_prob": 0.0, "over_counts": {"0": 14}, "under_counts": {"0": 14}, "avg_over_mag": 0.0, "avg_under_mag": 0.0, "avg_over": 0.0, "avg_under": 0.0}], [[0.2, 0.25], {"acc": 0.7222222222222222, "nll": 0.550828335347067, "mse": 0.18368237774923282, "N": 18, "over_prob": 0.0, "under_prob": 0.0, "over_counts": {"0": 18}, "under_counts": {"0": 18}, "avg_over_mag": 0.0, "avg_under_mag": 0.0, "avg_over": 0.0, "avg_under": 0.0}], [[0.25, 0.30000000000000004], {"acc": 1.0, "nll": 0.3516339121215955, "mse": 0.08788993597410893, "N": 1, "over_prob": 0.0, "under_prob": 0.0, "over_counts": {"0": 1}, "under_counts": {"0": 1}, "avg_over_mag": 0.0, "avg_under_mag": 0.0, "avg_over": 0.0, "avg_under": 0.0}], [[0.30000000000000004, 0.35000000000000003], {"acc": 0.0, "nll": 0.9578748467771723, "mse": 0.3798164982325341, "N": 1, "over_prob": 0.0, "under_prob": 0.0, "over_counts": {"0": 1}, "under_counts": {"0": 1}, "avg_over_mag": 0.0, "avg_under_mag": 0.0, "avg_over": 0.0, "avg_under": 0.0}], [[0.35000000000000003, 0.4], {"acc": 0.6904761904761905, "nll": 0.6336820410992237, "mse": 0.2208664858182322, "N": 42, "over_prob": 0.0, "under_prob": 0.0, "over_counts": {"0": 41}, "under_counts": {"0": 41}, "avg_over_mag": 0.0, "avg_under_mag": 0.0, "avg_over": 0.0, "avg_under": 0.0}], [[0.4, 0.45], {"acc": 0.4473684210526316, "nll": 0.7151142449364809, "mse": 0.26052748224678507, "N": 38, "over_prob": 0.0, "under_prob": 0.0, "over_counts": {"0": 38}, "under_counts": {"0": 38}, "avg_over_mag": 0.0, "avg_under_mag": 0.0, "avg_over": 0.0, "avg_under": 0.0}], [[0.45, 0.5], {"acc": 0.45652173913043476, "nll": 0.6965827590473784, "mse": 0.2517067641748657, "N": 92, "over_prob": 0.0, "under_prob": 0.0, "over_counts": {"0": 92}, "under_counts": {"0": 92}, "avg_over_mag": 0.0, "avg_under_mag": 0.0, "avg_over": 0.0, "avg_under": 0.0}], [[0.5, 0.55], {"acc": 0.5655737704918032, "nll": 0.6944563297696822, "mse": 0.25053026795700206, "N": 122, "over_prob": 0.0, "under_prob": 0.0, "over_counts": {"0": 122}, "under_counts": {"0": 122}, "avg_over_mag": 0.0, "avg_under_mag": 0.0, "avg_over": 0.0, "avg_under": 0.0}], [[0.55, 0.6000000000000001], {"acc": 0.5894736842105263, "nll": 0.6820586565582496, "mse": 0.24444397584871205, "N": 285, "over_prob": 0.0, "under_prob": 0.0, "over_counts": {"0": 275}, "under_counts": {"0": 275}, "avg_over_mag": 0.0, "avg_under_mag": 0.0, "avg_over": 0.0, "avg_under": 0.0}], [[0.6000000000000001, 0.65], {"acc": 0.6156462585034014, "nll": 0.6654458008604609, "mse": 0.23628408036632081, "N": 588, "over_prob": 0.0, "under_prob": 0.0, "over_counts": {"0": 390}, "under_counts": {"0": 390}, "avg_over_mag": 0.0, "avg_under_mag": 0.0, "avg_over": 0.0, "avg_under": 0.0}], [[0.65, 0.7000000000000001], {"acc": 0.7031746031746032, "nll": 0.6125038303707507, "mse": 0.21063516731890758, "N": 630, "over_prob": 0.0, "under_prob": 0.0, "over_counts": {"0": 484}, "under_counts": {"0": 484}, "avg_over_mag": 0.0, "avg_under_mag": 0.0, "avg_over": 0.0, "avg_under": 0.0}], [[0.7000000000000001, 0.75], {"acc": 0.7266035751840169, "nll": 0.5852607725469613, "mse": 0.19812391230167614, "N": 951, "over_prob": 0.0, "under_prob": 0.0, "over_counts": {"0": 525}, "under_counts": {"0": 525}, "avg_over_mag": 0.0, "avg_under_mag": 0.0, "avg_over": 0.0, "avg_under": 0.0}], [[0.75, 0.8], {"acc": 0.8005354752342704, "nll": 0.5010191685164294, "mse": 0.1601225496851707, "N": 1494, "over_prob": 0.0, "under_prob": 0.0016835016835017313, "over_counts": {"0": 594}, "under_counts": {"0": 593, "1": 1}, "avg_over_mag": 0.0, "avg_under_mag": 1.0, "avg_over": 0.0, "avg_under": 1.0}], [[0.8, 0.8500000000000001], {"acc": 0.8375296912114014, "nll": 0.4433897357661764, "mse": 0.13601156075387408, "N": 2105, "over_prob": 0.0, "under_prob": 0.24825174825174823, "over_counts": {"0": 572}, "under_counts": {"0": 430, "1": 86, "2": 47, "3": 5, "5": 2, "4": 1, "7": 1}, "avg_over_mag": 0.0, "avg_under_mag": 1.5211267605633803, "avg_over": 0.0, "avg_under": 1.5211267605633803}], [[0.8500000000000001, 0.9], {"acc": 0.8830501777953378, "nll": 0.35961117418762634, "mse": 0.10302060998280868, "N": 10124, "over_prob": 0.1900826446280992, "under_prob": 0.0, "over_counts": {"0": 588, "1": 93, "3": 12, "2": 10, "4": 8, "7": 5, "9": 3, "6": 2, "11": 2, "13": 1, "14": 1, "12": 1}, "under_counts": {"0": 726}, "avg_over_mag": 2.289855072463768, "avg_under_mag": 0.0, "avg_over": 2.289855072463768, "avg_under": 0.0}], [[0.9, 0.9500000000000001], {"acc": 0.9214183037853378, "nll": 0.2755138674397938, "mse": 0.07242387964221846, "N": 2087, "over_prob": 0.0, "under_prob": 0.0, "over_counts": {"0": 538}, "under_counts": {"0": 538}, "avg_over_mag": 0.0, "avg_under_mag": 0.0, "avg_over": 0.0, "avg_under": 0.0}], [[0.9500000000000001, 1.0], {"acc": 0.9585889570552147, "nll": 0.1693801015529406, "mse": 0.039545462516068816, "N": 652, "over_prob": 0.0, "under_prob": 0.0, "over_counts": {"0": 179}, "under_counts": {"0": 179}, "avg_over_mag": 0.0, "avg_under_mag": 0.0, "avg_over": 0.0, "avg_under": 0.0}]]}