{"auc": 0.6702300719163793, "over_prob": 0.16784356328082561, "under_prob": 0.1439435089625204, "over_counts": {"0": 1532, "1": 199, "2": 29, "3": 19, "4": 10, "6": 7, "10": 6, "9": 4, "7": 4, "60": 4, "5": 3, "13": 2, "50": 2, "61": 2, "16": 2, "28": 2, "55": 1, "70": 1, "19": 1, "76": 1, "65": 1, "15": 1, "23": 1, "45": 1, "30": 1, "11": 1, "33": 1, "8": 1, "12": 1, "58": 1}, "under_counts": {"0": 1576, "1": 146, "2": 73, "3": 16, "4": 6, "9": 5, "7": 4, "10": 3, "8": 2, "16": 2, "14": 2, "12": 2, "11": 2, "5": 1, "13": 1}, "avg_over_mag": 5.2783171521035595, "avg_under_mag": 2.290566037735849, "avg_over": 5.2783171521035595, "avg_under": 2.290566037735849, "acc": 0.8476896748431261, "nll": 0.4029481714652159, "mse": 0.12214754745571256, "metrics_by_prob": [[[0.0, 0.05], {"acc": NaN, "nll": NaN, "mse": NaN, "N": 0}], [[0.05, 0.1], {"acc": NaN, "nll": NaN, "mse": NaN, "N": 0}], [[0.1, 0.15000000000000002], {"acc": NaN, "nll": NaN, "mse": NaN, "N": 0}], [[0.15000000000000002, 0.2], {"acc": 0.75, "nll": 0.6549209739815959, "mse": 0.2147387191147372, "N": 16, "over_prob": 0.0, "under_prob": 0.0, "over_counts": {"0": 16}, "under_counts": {"0": 16}, "avg_over_mag": 0.0, "avg_under_mag": 0.0, "avg_over": 0.0, "avg_under": 0.0}], [[0.2, 0.25], {"acc": 0.7647058823529411, "nll": 0.5458534738081855, "mse": 0.1800229569840351, "N": 17, "over_prob": 0.0, "under_prob": 0.0, "over_counts": {"0": 17}, "under_counts": {"0": 17}, "avg_over_mag": 0.0, "avg_under_mag": 0.0, "avg_over": 0.0, "avg_under": 0.0}], [[0.25, 0.30000000000000004], {"acc": NaN, "nll": NaN, "mse": NaN, "N": 0}], [[0.30000000000000004, 0.35000000000000003], {"acc": 1.0, "nll": 0.5458705214288728, "mse": 0.17695715909571202, "N": 1, "over_prob": 0.0, "under_prob": 0.0, "over_counts": {"0": 1}, "under_counts": {"0": 1}, "avg_over_mag": 0.0, "avg_under_mag": 0.0, "avg_over": 0.0, "avg_under": 0.0}], [[0.35000000000000003, 0.4], {"acc": 0.7692307692307693, "nll": 0.5972778524112916, "mse": 0.20252004623486827, "N": 39, "over_prob": 0.0, "under_prob": 0.0, "over_counts": {"0": 39}, "under_counts": {"0": 39}, "avg_over_mag": 0.0, "avg_under_mag": 0.0, "avg_over": 0.0, "avg_under": 0.0}], [[0.4, 0.45], {"acc": 0.6060606060606061, "nll": 0.6599719116100586, "mse": 0.23416896126054773, "N": 33, "over_prob": 0.0, "under_prob": 0.0, "over_counts": {"0": 33}, "under_counts": {"0": 33}, "avg_over_mag": 0.0, "avg_under_mag": 0.0, "avg_over": 0.0, "avg_under": 0.0}], [[0.45, 0.5], {"acc": 0.5308641975308642, "nll": 0.7003056427852027, "mse": 0.25348192769643957, "N": 81, "over_prob": 0.0, "under_prob": 0.0, "over_counts": {"0": 81}, "under_counts": {"0": 81}, "avg_over_mag": 0.0, "avg_under_mag": 0.0, "avg_over": 0.0, "avg_under": 0.0}], [[0.5, 0.55], {"acc": 0.4807692307692308, "nll": 0.7217872576579035, "mse": 0.26371751978785885, "N": 104, "over_prob": 0.0, "under_prob": 0.0, "over_counts": {"0": 104}, "under_counts": {"0": 104}, "avg_over_mag": 0.0, "avg_under_mag": 0.0, "avg_over": 0.0, "avg_under": 0.0}], [[0.55, 0.6000000000000001], {"acc": 0.584, "nll": 0.6840765128274645, "mse": 0.24538459573088733, "N": 250, "over_prob": 0.0, "under_prob": 0.0, "over_counts": {"0": 248}, "under_counts": {"0": 248}, "avg_over_mag": 0.0, "avg_under_mag": 0.0, "avg_over": 0.0, "avg_under": 0.0}], [[0.6000000000000001, 0.65], {"acc": 0.6075268817204301, "nll": 0.6730673634767552, "mse": 0.2398441230314521, "N": 558, "over_prob": 0.0, "under_prob": 0.0, "over_counts": {"0": 347}, "under_counts": {"0": 347}, "avg_over_mag": 0.0, "avg_under_mag": 0.0, "avg_over": 0.0, "avg_under": 0.0}], [[0.65, 0.7000000000000001], {"acc": 0.6730103806228374, "nll": 0.6341652656593257, "mse": 0.2210287328456496, "N": 578, "over_prob": 0.0, "under_prob": 0.0, "over_counts": {"0": 432}, "under_counts": {"0": 432}, "avg_over_mag": 0.0, "avg_under_mag": 0.0, "avg_over": 0.0, "avg_under": 0.0}], [[0.7000000000000001, 0.75], {"acc": 0.727069351230425, "nll": 0.5958486725168917, "mse": 0.20206398858569283, "N": 894, "over_prob": 0.0, "under_prob": 0.016494845360824795, "over_counts": {"0": 485}, "under_counts": {"0": 477, "1": 7, "2": 1}, "avg_over_mag": 0.0, "avg_under_mag": 1.125, "avg_over": 0.0, "avg_under": 1.125}], [[0.75, 0.8], {"acc": 0.7775280898876404, "nll": 0.5348664797409811, "mse": 0.1744671062852342, "N": 1335, "over_prob": 0.0, "under_prob": 0.06398537477148081, "over_counts": {"0": 547}, "under_counts": {"0": 512, "1": 30, "2": 4, "5": 1}, "avg_over_mag": 0.0, "avg_under_mag": 1.2285714285714286, "avg_over": 0.0, "avg_under": 1.2285714285714286}], [[0.8, 0.8500000000000001], {"acc": 0.8262310606060606, "nll": 0.46272155067028475, "mse": 0.1438433286055242, "N": 2112, "over_prob": 0.0, "under_prob": 0.45046728971962613, "over_counts": {"0": 535}, "under_counts": {"0": 294, "1": 139, "2": 59, "3": 15, "4": 6, "7": 4, "9": 4, "10": 3, "8": 2, "16": 2, "14": 2, "12": 2, "11": 2, "13": 1}, "avg_over_mag": 0.0, "avg_under_mag": 2.3029045643153525, "avg_over": 0.0, "avg_under": 2.3029045643153525}], [[0.8500000000000001, 0.9], {"acc": 0.8828783621035728, "nll": 0.36260074738409054, "mse": 0.10370872597185397, "N": 9964, "over_prob": 0.44428152492668627, "under_prob": 0.0, "over_counts": {"0": 379, "1": 193, "2": 29, "3": 19, "4": 10, "6": 7, "10": 6, "9": 4, "7": 4, "60": 4, "5": 3, "13": 2, "50": 2, "61": 2, "16": 2, "28": 2, "55": 1, "67": 1, "19": 1, "74": 1, "65": 1, "15": 1, "23": 1, "45": 1, "30": 1, "11": 1, "33": 1, "8": 1, "12": 1, "58": 1}, "under_counts": {"0": 682}, "avg_over_mag": 5.346534653465347, "avg_under_mag": 0.0, "avg_over": 5.346534653465347, "avg_under": 0.0}], [[0.9, 0.9500000000000001], {"acc": 0.9246549794852666, "nll": 0.26624411748332194, "mse": 0.06956202483039084, "N": 2681, "over_prob": 0.015904572564612307, "under_prob": 0.0, "over_counts": {"0": 495, "1": 6, "2": 1, "3": 1}, "under_counts": {"0": 503}, "avg_over_mag": 1.375, "avg_under_mag": 0.0, "avg_over": 1.375, "avg_under": 0.0}], [[0.9500000000000001, 1.0], {"acc": 0.9580645161290322, "nll": 0.17578385294981683, "mse": 0.040281065975138385, "N": 620, "over_prob": 0.0, "under_prob": 0.0, "over_counts": {"0": 167}, "under_counts": {"0": 167}, "avg_over_mag": 0.0, "avg_under_mag": 0.0, "avg_over": 0.0, "avg_under": 0.0}]]}