Intercept,S_Slope,F_Slope,Dataset
0.4416112356569788,0.14410838890609573,-0.053686155605830496,algebra05
0.19231135787887527,0.19052056051068836,-0.05712234796540724,assistments09
1.0862963740105014,0.17019716209516836,-0.07317271587983293,assistments15
-0.4165840891713234,0.11224195214232677,0.020752877351626432,assistments17
0.8379210538221422,0.19077983628659678,-0.08206453721480178,bridge_algebra06
0.2843672478260755,0.2336276705273472,0.0901660825796305,spanish
1.1303104740700247,0.12839807879304,-0.20636924946843882,statics
