{"over_prob": 0.3397759103641457, "under_prob": 0.44509803921568625, "over_counts": {"0": 2357, "1": 410, "2": 199, "3": 109, "4": 80, "5": 65, "6": 50, "8": 37, "7": 35, "9": 31, "10": 22, "11": 15, "13": 14, "18": 14, "12": 13, "20": 11, "17": 10, "16": 10, "15": 8, "14": 7, "22": 6, "31": 5, "28": 5, "25": 5, "24": 5, "19": 4, "33": 4, "26": 4, "46": 3, "36": 3, "23": 3, "29": 2, "45": 2, "35": 2, "51": 2, "30": 2, "21": 2, "42": 2, "67": 1, "44": 1, "27": 1, "56": 1, "43": 1, "48": 1, "47": 1, "52": 1, "37": 1, "57": 1, "55": 1, "38": 1}, "under_counts": {"0": 1981, "1": 615, "2": 261, "3": 158, "4": 98, "5": 76, "6": 61, "7": 44, "8": 36, "9": 31, "10": 27, "11": 22, "12": 15, "14": 12, "17": 12, "16": 11, "13": 11, "15": 10, "22": 6, "19": 6, "18": 6, "20": 6, "26": 5, "23": 5, "30": 4, "28": 4, "24": 3, "27": 3, "41": 3, "21": 3, "25": 3, "31": 2, "29": 2, "61": 2, "32": 2, "35": 2, "49": 2, "37": 2, "86": 1, "47": 1, "40": 1, "67": 1, "55": 1, "87": 1, "46": 1, "44": 1, "54": 1, "58": 1, "39": 1, "34": 1, "42": 1, "36": 1, "38": 1, "43": 1, "60": 1, "92": 1}, "avg_over_mag": 5.786479802143446, "avg_under_mag": 5.0585273757079925, "avg_over": 5.786479802143446, "avg_under": 5.0585273757079925, "acc": 0.7651647319331678, "auc": 0.7240559049141988, "nll": 0.7434519106734891, "mse": 0.1807347482422251, "metrics_by_prob": [[[0.0, 0.05], {"acc": 0.9543209876543209, "nll": 0.17681819949657612, "mse": 0.043998696522224, "N": 810, "over_prob": 0.0, "under_prob": 0.0444444444444444, "over_counts": {"0": 225}, "under_counts": {"0": 215, "1": 9, "5": 1}, "avg_over_mag": 0.0, "avg_under_mag": 1.4, "avg_over": 0.0, "avg_under": 1.4}], [[0.05, 0.1], {"acc": 0.8759398496240601, "nll": 0.5693186776704353, "mse": 0.12531512303804793, "N": 532, "over_prob": 0.0, "under_prob": 0.04040404040404044, "over_counts": {"0": 297}, "under_counts": {"0": 285, "1": 6, "2": 3, "5": 2, "3": 1}, "avg_over_mag": 0.0, "avg_under_mag": 2.0833333333333335, "avg_over": 0.0, "avg_under": 2.0833333333333335}], [[0.1, 0.15000000000000002], {"acc": 0.7983333333333333, "nll": 0.6469875296707016, "mse": 0.1725374900247793, "N": 600, "over_prob": 0.0, "under_prob": 0.039215686274509776, "over_counts": {"0": 357}, "under_counts": {"0": 343, "1": 7, "2": 6, "4": 1}, "avg_over_mag": 0.0, "avg_under_mag": 1.6428571428571428, "avg_over": 0.0, "avg_under": 1.6428571428571428}], [[0.15000000000000002, 0.2], {"acc": 0.7314949201741655, "nll": 0.7847429277402923, "mse": 0.21418955804696707, "N": 689, "over_prob": 0.0, "under_prob": 0.08168316831683164, "over_counts": {"0": 404}, "under_counts": {"0": 371, "1": 24, "2": 7, "3": 1, "4": 1}, "avg_over_mag": 0.0, "avg_under_mag": 1.3636363636363635, "avg_over": 0.0, "avg_under": 1.3636363636363635}], [[0.2, 0.25], {"acc": 0.6717948717948717, "nll": 0.7795875535561562, "mse": 0.2392426093906736, "N": 780, "over_prob": 0.0, "under_prob": 0.05485232067510548, "over_counts": {"0": 474}, "under_counts": {"0": 448, "1": 22, "2": 3, "3": 1}, "avg_over_mag": 0.0, "avg_under_mag": 1.1923076923076923, "avg_over": 0.0, "avg_under": 1.1923076923076923}], [[0.25, 0.30000000000000004], {"acc": 0.6430348258706468, "nll": 0.9147533825265235, "mse": 0.2571977796058778, "N": 804, "over_prob": 0.0, "under_prob": 0.0656063618290258, "over_counts": {"0": 503}, "under_counts": {"0": 470, "1": 27, "2": 4, "3": 1, "4": 1}, "avg_over_mag": 0.0, "avg_under_mag": 1.2727272727272727, "avg_over": 0.0, "avg_under": 1.2727272727272727}], [[0.30000000000000004, 0.35000000000000003], {"acc": 0.5616438356164384, "nll": 0.9308664926453846, "mse": 0.28264383124978776, "N": 876, "over_prob": 0.0, "under_prob": 0.0977859778597786, "over_counts": {"0": 542}, "under_counts": {"0": 489, "1": 43, "2": 8, "3": 2}, "avg_over_mag": 0.0, "avg_under_mag": 1.2264150943396226, "avg_over": 0.0, "avg_under": 1.2264150943396226}], [[0.35000000000000003, 0.4], {"acc": 0.553742802303263, "nll": 0.9471431638676714, "mse": 0.28587555680291166, "N": 1042, "over_prob": 0.0, "under_prob": 0.10584518167456558, "over_counts": {"0": 633}, "under_counts": {"0": 566, "1": 55, "3": 6, "2": 6}, "avg_over_mag": 0.0, "avg_under_mag": 1.2686567164179106, "avg_over": 0.0, "avg_under": 1.2686567164179106}], [[0.4, 0.45], {"acc": 0.4804088586030664, "nll": 1.1284698814194642, "mse": 0.3254403853017794, "N": 1174, "over_prob": 0.0, "under_prob": 0.1465256797583081, "over_counts": {"0": 662}, "under_counts": {"0": 565, "1": 75, "2": 13, "4": 3, "6": 2, "3": 2, "5": 1, "8": 1}, "avg_over_mag": 0.0, "avg_under_mag": 1.4845360824742269, "avg_over": 0.0, "avg_under": 1.4845360824742269}], [[0.45, 0.5], {"acc": 0.5048622366288493, "nll": 1.0550637074021667, "mse": 0.3115087422791089, "N": 1234, "over_prob": 0.0, "under_prob": 0.16738816738816742, "over_counts": {"0": 693}, "under_counts": {"0": 577, "1": 96, "2": 14, "4": 2, "3": 2, "7": 1, "8": 1}, "avg_over_mag": 0.0, "avg_under_mag": 1.3189655172413792, "avg_over": 0.0, "avg_under": 1.3189655172413792}], [[0.5, 0.55], {"acc": 0.5150273224043715, "nll": 1.0326575980269896, "mse": 0.3086988922907654, "N": 1464, "over_prob": 0.0, "under_prob": 0.18367346938775508, "over_counts": {"0": 833}, "under_counts": {"0": 680, "1": 126, "2": 17, "3": 5, "8": 1, "5": 1, "6": 1, "7": 1, "4": 1}, "avg_over_mag": 0.0, "avg_under_mag": 1.3398692810457515, "avg_over": 0.0, "avg_under": 1.3398692810457515}], [[0.55, 0.6000000000000001], {"acc": 0.5389254385964912, "nll": 1.0707384067431949, "mse": 0.30034972247111524, "N": 1824, "over_prob": 0.0, "under_prob": 0.2483443708609272, "over_counts": {"0": 906}, "under_counts": {"0": 681, "1": 173, "2": 30, "3": 11, "6": 5, "4": 2, "10": 1, "9": 1, "5": 1, "13": 1}, "avg_over_mag": 0.0, "avg_under_mag": 1.5155555555555555, "avg_over": 0.0, "avg_under": 1.5155555555555555}], [[0.6000000000000001, 0.65], {"acc": 0.5546679980029955, "nll": 1.1178299869328379, "mse": 0.30014057554796936, "N": 2003, "over_prob": 0.0, "under_prob": 0.30371900826446285, "over_counts": {"0": 968}, "under_counts": {"0": 674, "1": 222, "2": 45, "3": 8, "4": 6, "7": 3, "5": 3, "6": 3, "11": 2, "9": 1, "19": 1}, "avg_over_mag": 0.0, "avg_under_mag": 1.5782312925170068, "avg_over": 0.0, "avg_under": 1.5782312925170068}], [[0.65, 0.7000000000000001], {"acc": 0.6258064516129033, "nll": 1.0116990990288308, "mse": 0.2749768173217012, "N": 2480, "over_prob": 0.0, "under_prob": 0.37264150943396224, "over_counts": {"0": 1060}, "under_counts": {"0": 665, "1": 270, "2": 74, "3": 21, "5": 8, "6": 7, "4": 7, "7": 3, "9": 2, "10": 1, "13": 1, "8": 1}, "avg_over_mag": 0.0, "avg_under_mag": 1.6734177215189874, "avg_over": 0.0, "avg_under": 1.6734177215189874}], [[0.7000000000000001, 0.75], {"acc": 0.6489795918367347, "nll": 1.1010046124504629, "mse": 0.2707622232078861, "N": 3185, "over_prob": 0.0, "under_prob": 0.452863436123348, "over_counts": {"0": 1135}, "under_counts": {"0": 621, "1": 318, "2": 99, "3": 32, "4": 26, "5": 12, "7": 6, "6": 5, "11": 4, "9": 2, "19": 2, "8": 2, "18": 1, "13": 1, "17": 1, "10": 1, "14": 1, "16": 1}, "avg_over_mag": 0.0, "avg_under_mag": 2.046692607003891, "avg_over": 0.0, "avg_under": 2.046692607003891}], [[0.75, 0.8], {"acc": 0.7061892340526441, "nll": 0.9933106485500376, "mse": 0.23936253610099953, "N": 4217, "over_prob": 0.0, "under_prob": 0.5652528548123981, "over_counts": {"0": 1226}, "under_counts": {"0": 533, "1": 376, "2": 143, "3": 46, "5": 34, "4": 32, "6": 18, "7": 14, "9": 8, "14": 3, "8": 3, "10": 3, "19": 2, "15": 2, "12": 2, "20": 1, "17": 1, "13": 1, "18": 1, "11": 1, "27": 1, "29": 1}, "avg_over_mag": 0.0, "avg_under_mag": 2.451659451659452, "avg_over": 0.0, "avg_under": 2.451659451659452}], [[0.8, 0.8500000000000001], {"acc": 0.7466085271317829, "nll": 0.9477327050195772, "mse": 0.21276819188625656, "N": 6192, "over_prob": 0.0, "under_prob": 0.668903803131991, "over_counts": {"0": 1341}, "under_counts": {"0": 444, "1": 425, "2": 170, "3": 92, "4": 47, "5": 29, "7": 24, "6": 20, "11": 11, "8": 10, "10": 9, "9": 9, "13": 7, "16": 6, "14": 6,