{"auc": 0.7587037793199463, "over_prob": 0.07986339156705635, "under_prob": 0.19414159989491664, "over_counts": {"0": 7005, "1": 191, "2": 91, "3": 59, "4": 55, "5": 30, "6": 25, "7": 22, "11": 15, "8": 15, "9": 13, "10": 13, "15": 12, "12": 9, "18": 8, "16": 7, "14": 7, "13": 5, "17": 5, "22": 4, "23": 4, "19": 2, "42": 2, "25": 2, "24": 1, "30": 1, "52": 1, "71": 1, "33": 1, "54": 1, "47": 1, "26": 1, "32": 1, "41": 1, "57": 1, "28": 1}, "under_counts": {"0": 6135, "1": 639, "2": 255, "3": 129, "4": 90, "6": 61, "5": 58, "7": 48, "8": 33, "10": 32, "9": 26, "11": 14, "12": 12, "13": 11, "15": 8, "14": 7, "16": 6, "19": 5, "18": 4, "41": 3, "17": 3, "45": 3, "22": 3, "37": 2, "29": 2, "48": 2, "35": 2, "105": 1, "23": 1, "63": 1, "78": 1, "47": 1, "126": 1, "32": 1, "39": 1, "36": 1, "25": 1, "70": 1, "91": 1, "66": 1, "54": 1, "24": 1, "27": 1, "20": 1, "59": 1, "40": 1, "34": 1}, "avg_over_mag": 5.583881578947368, "avg_under_mag": 4.303112313937754, "avg_over": 5.583881578947368, "avg_under": 4.303112313937754, "acc": 0.703733903598517, "nll": 0.572710295781431, "mse": 0.19473162438041577, "metrics_by_prob": [[[0.0, 0.05], {"acc": 0.9859900373599004, "nll": 0.08780459644253233, "mse": 0.017004044861096947, "N": 3212, "over_prob": 0.0, "under_prob": 0.0, "over_counts": {"0": 262}, "under_counts": {"0": 262}, "avg_over_mag": 0.0, "avg_under_mag": 0.0, "avg_over": 0.0, "avg_under": 0.0}], [[0.05, 0.1], {"acc": 0.9182608695652174, "nll": 0.30978080912616557, "mse": 0.08238463884977985, "N": 2300, "over_prob": 0.0, "under_prob": 0.0, "over_counts": {"0": 317}, "under_counts": {"0": 317}, "avg_over_mag": 0.0, "avg_under_mag": 0.0, "avg_over": 0.0, "avg_under": 0.0}], [[0.1, 0.15000000000000002], {"acc": 0.8652482269503546, "nll": 0.4182915412006303, "mse": 0.12397780128715218, "N": 2961, "over_prob": 0.0, "under_prob": 0.0, "over_counts": {"0": 528}, "under_counts": {"0": 528}, "avg_over_mag": 0.0, "avg_under_mag": 0.0, "avg_over": 0.0, "avg_under": 0.0}], [[0.15000000000000002, 0.2], {"acc": 0.8129877369007804, "nll": 0.49760619077420315, "mse": 0.1575430693489655, "N": 3588, "over_prob": 0.0, "under_prob": 0.0, "over_counts": {"0": 719}, "under_counts": {"0": 719}, "avg_over_mag": 0.0, "avg_under_mag": 0.0, "avg_over": 0.0, "avg_under": 0.0}], [[0.2, 0.25], {"acc": 0.7492408906882592, "nll": 0.5717256941015285, "mse": 0.1898408453065461, "N": 3952, "over_prob": 0.0, "under_prob": 0.0, "over_counts": {"0": 868}, "under_counts": {"0": 868}, "avg_over_mag": 0.0, "avg_under_mag": 0.0, "avg_over": 0.0, "avg_under": 0.0}], [[0.25, 0.30000000000000004], {"acc": 0.7041942604856513, "nll": 0.6138910476834177, "mse": 0.2096843020996734, "N": 4530, "over_prob": 0.0, "under_prob": 0.0009433962264151496, "over_counts": {"0": 1060}, "under_counts": {"0": 1059, "1": 1}, "avg_over_mag": 0.0, "avg_under_mag": 1.0, "avg_over": 0.0, "avg_under": 1.0}], [[0.30000000000000004, 0.35000000000000003], {"acc": 0.6472568825510002, "nll": 0.6611730288391576, "mse": 0.23171526647777704, "N": 5049, "over_prob": 0.0, "under_prob": 0.0016652789342215257, "over_counts": {"0": 1201}, "under_counts": {"0": 1199, "1": 2}, "avg_over_mag": 0.0, "avg_under_mag": 1.0, "avg_over": 0.0, "avg_under": 1.0}], [[0.35000000000000003, 0.4], {"acc": 0.6063754843254667, "nll": 0.6822971439013795, "mse": 0.24295709920754485, "N": 5678, "over_prob": 0.0, "under_prob": 0.001421464108031234, "over_counts": {"0": 1407}, "under_counts": {"0": 1405, "1": 2}, "avg_over_mag": 0.0, "avg_under_mag": 1.0, "avg_over": 0.0, "avg_under": 1.0}], [[0.4, 0.45], {"acc": 0.5498442367601246, "nll": 0.7081319121684658, "mse": 0.2552201251739867, "N": 6420, "over_prob": 0.0, "under_prob": 0.001879699248120259, "over_counts": {"0": 1596}, "under_counts": {"0": 1593, "1": 2, "2": 1}, "avg_over_mag": 0.0, "avg_under_mag": 1.3333333333333333, "avg_over": 0.0, "avg_under": 1.3333333333333333}], [[0.45, 0.5], {"acc": 0.5088433464345873, "nll": 0.7182096689065602, "mse": 0.26086797204738366, "N": 7124, "over_prob": 0.0, "under_prob": 0.010550996483001174, "over_counts": {"0": 1706}, "under_counts": {"0": 1688, "1": 18}, "avg_over_mag": 0.0, "avg_under_mag": 1.0, "avg_over": 0.0, "avg_under": 1.0}], [[0.5, 0.55], {"acc": 0.5171410499683744, "nll": 0.7160941393247071, "mse": 0.2596955784728463, "N": 7905, "over_prob": 0.0, "under_prob": 0.01485411140583559, "over_counts": {"0": 1885}, "under_counts": {"0": 1857, "1": 21, "2": 6, "3": 1}, "avg_over_mag": 0.0, "avg_under_mag": 1.2857142857142858, "avg_over": 0.0, "avg_under": 1.2857142857142858}], [[0.55, 0.6000000000000001], {"acc": 0.5467625899280576, "nll": 0.7084689468447873, "mse": 0.2558281924675995, "N": 8757, "over_prob": 0.0, "under_prob": 0.02564102564102566, "over_counts": {"0": 1911}, "under_counts": {"0": 1862, "1": 43, "2": 3, "3": 2, "6": 1}, "avg_over_mag": 0.0, "avg_under_mag": 1.2448979591836735, "avg_over": 0.0, "avg_under": 1.2448979591836735}], [[0.6000000000000001, 0.65], {"acc": 0.607895275107384, "nll": 0.6811266860176333, "mse": 0.24253592214664343, "N": 9778, "over_prob": 0.0, "under_prob": 0.06816990036706871, "over_counts": {"0": 1907}, "under_counts": {"0": 1777, "1": 99, "2": 19, "3": 6, "4": 3, "5": 2, "7": 1}, "avg_over_mag": 0.0, "avg_under_mag": 1.4153846153846155, "avg_over": 0.0, "avg_under": 1.4153846153846155}], [[0.65, 0.7000000000000001], {"acc": 0.6567871411316547, "nll": 0.6540734118032672, "mse": 0.22875576741832987, "N": 10763, "over_prob": 0.0, "under_prob": 0.12310902451747519, "over_counts": {"0": 1917}, "under_counts": {"0": 1681, "1": 165, "2": 47, "3": 16, "4": 4, "6": 2, "8": 1, "7": 1}, "avg_over_mag": 0.0, "avg_under_mag": 1.4830508474576272, "avg_over": 0.0, "avg_under": 1.4830508474576272}], [[0.7000000000000001, 0.75], {"acc": 0.7148637712435932, "nll": 0.6100861264943721, "mse": 0.20714977156813602, "N": 11121, "over_prob": 0.0, "under_prob": 0.22376357056694818, "over_counts": {"0": 1658}, "under_counts": {"0": 1287, "1": 214, "2": 80, "3": 29, "5": 14, "4": 14, "6": 4, "8": 2, "10": 2, "9": 2, "17": 2, "12": 2, "23": 1, "27": 1, "24": 1, "7": 1, "15": 1, "28": 1}, "avg_over_mag": 0.0, "avg_under_mag": 2.2830188679245285, "avg_over": 0.0, "avg_under": 2.2830188679245285}], [[0.75, 0.8], {"acc": 0.7707982485685416, "nll": 0.5509871300479406, "mse": 0.18015384481809385, "N": 11876, "over_prob": 0.0, "under_prob": 0.3637566137566137, "over_counts": {"0": 1512}, "under_counts": {"0": 962, "1": 268, "2": 98, "3": 63, "4": 27, "6": 21, "5": 15, "7": 15, "8": 10, "10": 7, "9": 6, "32": 3, "11": 2, "25": 2, "20": 2, "22": 1, "15": 1, "33": 1, "31": 1, "34": 1, "18": 1, "14": 1, "27": 1, "26": 1, "51": 1, "12": 1}, "avg_over_mag": 0.0, "avg_under_mag": 3.2036363636363636, "avg_over": 0.0, "avg_under": 3.2036363636363636}], [[0.8, 0.8500000000000001], {"acc": 0.8161001788908766, "nll": 0.4896009973711287, "mse": 0.15295450779006198, "N": 11180, "over_prob": 0.0, "under_prob": 0.5493630573248407, "over_counts": {"0": 1256}, "under_counts": {"0": 566, "1": 269, "2": 114, "3": 81, "4": 54, "5": 34, "6": 29, "7": 16, "10": 15, "9": 13, "8": 13, "11": 10, "12": 6, "16": 4, "13": 4, "51": 3, "17": 2, "14": 2, "15": 2, "45": 2, "19": 2, "38": 2, "40": 1, "41": 1, "42": 1, "60": 1, "32": 1, "36": 1, "54": 1, "28": 1, "35": 1, "47": 1, "18": 1, "67": 1, "63": 1}, "avg_over_mag": 0.0, "avg_under_mag": 4.482608695652174, "avg_over": 0.0, "avg_under": 4.482608695652174}], [[0.8500000000000001, 0.9], {"acc": 0.8799440950384346, "nll": 0.381821996115772, "mse": 0.10861555297353738, "N": 7155, "over_prob": 0.6551724137931034, "under_prob": 0.0, "over_counts": {"0": 290, "1": 173, "2": 82, "3": 55, "4": 54, "7": 23, "6": 22, "5": 17, "9": 15, "11": 12, "13": 12, "12": 12, "10": 11, "14": 10, "8": 10, "18": 6, "16": 6, "15": 5, "22": 5, "19": 4, "42": 2, "25": 2, "47": 1, "28": 1, "27": 1, "52": 1, "71": 1, "33": 1, "54": 1, "17": 1, "26": 1, "23": 1, "41": 1, "37": 1, "21": 1}, "under_counts": {"0": 841}, "avg_over_mag": 5.569872958257713,