{"auc": 0.6188795876609716, "over_prob": 0.028518694927363697, "under_prob": 0.00023815194093834702, "over_counts": {"0": 16317, "1": 286, "2": 103, "3": 48, "4": 22, "5": 11, "8": 2, "10": 2, "13": 2, "9": 1, "6": 1, "7": 1}, "under_counts": {"0": 16792, "1": 4}, "avg_over_mag": 1.801670146137787, "avg_under_mag": 1.0, "avg_over": 1.801670146137787, "avg_under": 1.0, "acc": 0.6404996066089693, "nll": 0.6377565200219735, "mse": 0.22333852960282694, "metrics_by_prob": [[[0.0, 0.05], {"acc": 0.9345238095238095, "nll": 0.39352040928067544, "mse": 0.11371318062155487, "N": 504, "over_prob": 0.0, "under_prob": 0.0, "over_counts": {"0": 170}, "under_counts": {"0": 170}, "avg_over_mag": 0.0, "avg_under_mag": 0.0, "avg_over": 0.0, "avg_under": 0.0}], [[0.05, 0.1], {"acc": 0.8966874385044277, "nll": 0.4225540292553914, "mse": 0.12473536253425684, "N": 3049, "over_prob": 0.0, "under_prob": 0.0, "over_counts": {"0": 981}, "under_counts": {"0": 981}, "avg_over_mag": 0.0, "avg_under_mag": 0.0, "avg_over": 0.0, "avg_under": 0.0}], [[0.1, 0.15000000000000002], {"acc": 0.8717126363053239, "nll": 0.46757742875607594, "mse": 0.1439294301084328, "N": 6236, "over_prob": 0.0, "under_prob": 0.0, "over_counts": {"0": 2090}, "under_counts": {"0": 2090}, "avg_over_mag": 0.0, "avg_under_mag": 0.0, "avg_over": 0.0, "avg_under": 0.0}], [[0.15000000000000002, 0.2], {"acc": 0.8153863740283493, "nll": 0.5258223612621596, "mse": 0.17022336406658348, "N": 8748, "over_prob": 0.0, "under_prob": 0.0, "over_counts": {"0": 3135}, "under_counts": {"0": 3135}, "avg_over_mag": 0.0, "avg_under_mag": 0.0, "avg_over": 0.0, "avg_under": 0.0}], [[0.2, 0.25], {"acc": 0.7629275336160997, "nll": 0.575702698560925, "mse": 0.1932189598618391, "N": 11081, "over_prob": 0.0, "under_prob": 0.0, "over_counts": {"0": 4183}, "under_counts": {"0": 4183}, "avg_over_mag": 0.0, "avg_under_mag": 0.0, "avg_over": 0.0, "avg_under": 0.0}], [[0.25, 0.30000000000000004], {"acc": 0.714198606271777, "nll": 0.6104741889187721, "mse": 0.20954402908021408, "N": 11480, "over_prob": 0.0, "under_prob": 0.0, "over_counts": {"0": 4728}, "under_counts": {"0": 4728}, "avg_over_mag": 0.0, "avg_under_mag": 0.0, "avg_over": 0.0, "avg_under": 0.0}], [[0.30000000000000004, 0.35000000000000003], {"acc": 0.659381183666127, "nll": 0.6481456431316641, "mse": 0.22735474716006646, "N": 11118, "over_prob": 0.0, "under_prob": 0.0, "over_counts": {"0": 4947}, "under_counts": {"0": 4947}, "avg_over_mag": 0.0, "avg_under_mag": 0.0, "avg_over": 0.0, "avg_under": 0.0}], [[0.35000000000000003, 0.4], {"acc": 0.6107395751376868, "nll": 0.6749845742340127, "mse": 0.24046411982434443, "N": 10168, "over_prob": 0.0, "under_prob": 0.0, "over_counts": {"0": 4855}, "under_counts": {"0": 4855}, "avg_over_mag": 0.0, "avg_under_mag": 0.0, "avg_over": 0.0, "avg_under": 0.0}], [[0.4, 0.45], {"acc": 0.566311935004005, "nll": 0.6947920939090844, "mse": 0.25005239170986665, "N": 8739, "over_prob": 0.0, "under_prob": 0.0, "over_counts": {"0": 4412}, "under_counts": {"0": 4412}, "avg_over_mag": 0.0, "avg_under_mag": 0.0, "avg_over": 0.0, "avg_under": 0.0}], [[0.45, 0.5], {"acc": 0.5159072526287409, "nll": 0.7144530574337074, "mse": 0.2597593441987606, "N": 7418, "over_prob": 0.0, "under_prob": 0.0, "over_counts": {"0": 3968}, "under_counts": {"0": 3968}, "avg_over_mag": 0.0, "avg_under_mag": 0.0, "avg_over": 0.0, "avg_under": 0.0}], [[0.5, 0.55], {"acc": 0.4771986970684039, "nll": 0.7326277014871767, "mse": 0.2686286341184604, "N": 6140, "over_prob": 0.0, "under_prob": 0.0, "over_counts": {"0": 3445}, "under_counts": {"0": 3445}, "avg_over_mag": 0.0, "avg_under_mag": 0.0, "avg_over": 0.0, "avg_under": 0.0}], [[0.55, 0.6000000000000001], {"acc": 0.4541011474713132, "nll": 0.7395005508739483, "mse": 0.27203493749433, "N": 4706, "over_prob": 0.0, "under_prob": 0.0, "over_counts": {"0": 2819}, "under_counts": {"0": 2819}, "avg_over_mag": 0.0, "avg_under_mag": 0.0, "avg_over": 0.0, "avg_under": 0.0}], [[0.6000000000000001, 0.65], {"acc": 0.42216687422166876, "nll": 0.7462367740072203, "mse": 0.27542178145126645, "N": 4015, "over_prob": 0.0, "under_prob": 0.0, "over_counts": {"0": 2437}, "under_counts": {"0": 2437}, "avg_over_mag": 0.0, "avg_under_mag": 0.0, "avg_over": 0.0, "avg_under": 0.0}], [[0.65, 0.7000000000000001], {"acc": 0.42813455657492355, "nll": 0.7429517085245346, "mse": 0.2740102236640509, "N": 2943, "over_prob": 0.0, "under_prob": 0.0, "over_counts": {"0": 1886}, "under_counts": {"0": 1886}, "avg_over_mag": 0.0, "avg_under_mag": 0.0, "avg_over": 0.0, "avg_under": 0.0}], [[0.7000000000000001, 0.75], {"acc": 0.42541966426858513, "nll": 0.7372746056546827, "mse": 0.27140839301732905, "N": 2085, "over_prob": 0.0, "under_prob": 0.0, "over_counts": {"0": 1404}, "under_counts": {"0": 1404}, "avg_over_mag": 0.0, "avg_under_mag": 0.0, "avg_over": 0.0, "avg_under": 0.0}], [[0.75, 0.8], {"acc": 0.43245078071961984, "nll": 0.7302002513418898, "mse": 0.26811530364106956, "N": 1473, "over_prob": 0.0, "under_prob": 0.0010152284263958977, "over_counts": {"0": 985}, "under_counts": {"0": 984, "1": 1}, "avg_over_mag": 0.0, "avg_under_mag": 1.0, "avg_over": 0.0, "avg_under": 1.0}], [[0.8, 0.8500000000000001], {"acc": 0.44739756367663347, "nll": 0.7159843391823681, "mse": 0.26138458633642486, "N": 903, "over_prob": 0.0, "under_prob": 0.0046948356807511304, "over_counts": {"0": 639}, "under_counts": {"0": 636, "1": 3}, "avg_over_mag": 0.0, "avg_under_mag": 1.0, "avg_over": 0.0, "avg_under": 1.0}], [[0.8500000000000001, 0.9], {"acc": 0.46924428822495606, "nll": 0.6896546417811532, "mse": 0.24901704169194877, "N": 569, "over_prob": 0.9919786096256684, "under_prob": 0.0, "over_counts": {"1": 255, "2": 70, "3": 29, "4": 9, "5": 5, "0": 3, "6": 2, "11": 1}, "under_counts": {"0": 374}, "avg_over_mag": 1.5256064690026954, "avg_under_mag": 0.0, "avg_over": 1.5256064690026954, "avg_under": 0.0}], [[0.9, 0.9500000000000001], {"acc": 0.55859375, "nll": 0.6615408126617506, "mse": 0.23645544788456835, "N": 256, "over_prob": 0.9893617021276596, "under_prob": 0.0, "over_counts": {"1": 147, "2": 26, "3": 7, "4": 3, "5": 2, "0": 2, "8": 1}, "under_counts": {"0": 188}, "avg_over_mag": 1.3440860215053763, "avg_under_mag": 0.0, "avg_over": 1.3440860215053763, "avg_under": 0.0}], [[0.9500000000000001, 1.0], {"acc": 0.4489795918367347, "nll": 0.6931929596691566, "mse": 0.2529972074081981, "N": 49, "over_prob": 0.975609756097561, "under_prob": 0.0, "over_counts": {"1": 33, "2": 7, "0": 1}, "under_counts": {"0": 41}, "avg_over_mag": 1.175, "avg_under_mag": 0.0, "avg_over": 1.175, "avg_under": 0.0}]]}