{"auc": 0.6434099821964816, "over_prob": 0.4266344623154197, "under_prob": 0.0343909535049679, "over_counts": {"0": 20890, "1": 5979, "2": 3104, "3": 1935, "4": 1160, "5": 904, "6": 599, "7": 393, "8": 278, "9": 233, "10": 180, "11": 124, "12": 100, "13": 89, "14": 59, "15": 46, "18": 35, "17": 32, "16": 29, "19": 26, "21": 24, "20": 23, "22": 18, "27": 14, "23": 13, "24": 13, "26": 10, "29": 8, "33": 7, "30": 7, "25": 7, "50": 6, "28": 6, "32": 5, "39": 5, "63": 4, "34": 4, "49": 4, "36": 4, "42": 4, "40": 3, "37": 3, "43": 3, "41": 3, "47": 3, "44": 3, "45": 3, "53": 3, "35": 3, "31": 3, "69": 2, "51": 2, "66": 2, "48": 2, "58": 2, "57": 2, "46": 2, "64": 1, "71": 1, "59": 1, "54": 1, "91": 1, "62": 1, "55": 1, "74": 1, "151": 1}, "under_counts": {"0": 35181, "1": 598, "2": 243, "3": 160, "4": 79, "5": 48, "6": 21, "8": 18, "7": 16, "12": 9, "9": 8, "10": 7, "13": 6, "19": 5, "11": 5, "15": 4, "14": 3, "21": 3, "17": 2, "22": 2, "29": 2, "24": 2, "18": 2, "46": 1, "72": 1, "42": 1, "16": 1, "23": 1, "49": 1, "82": 1, "26": 1, "39": 1, "41": 1}, "avg_over_mag": 3.5307514153371073, "avg_under_mag": 3.0335195530726256, "avg_over": 3.5307514153371073, "avg_under": 3.0335195530726256, "acc": 0.7053221873660629, "nll": 0.5843339246387299, "mse": 0.19900726894981077, "metrics_by_prob": [[[0.0, 0.05], {"acc": 0.5833333333333334, "nll": 0.6545801517003735, "mse": 0.23314328470036608, "N": 600, "over_prob": 0.0, "under_prob": 0.007246376811594235, "over_counts": {"0": 276}, "under_counts": {"0": 274, "1": 2}, "avg_over_mag": 0.0, "avg_under_mag": 1.0, "avg_over": 0.0, "avg_under": 1.0}], [[0.05, 0.1], {"acc": 0.48384424192212094, "nll": 0.7522967974115029, "mse": 0.27641784302561473, "N": 1207, "over_prob": 0.0, "under_prob": 0.01749663526244949, "over_counts": {"0": 743}, "under_counts": {"0": 730, "1": 13}, "avg_over_mag": 0.0, "avg_under_mag": 1.0, "avg_over": 0.0, "avg_under": 1.0}], [[0.1, 0.15000000000000002], {"acc": 0.4396135265700483, "nll": 0.7709482980005767, "mse": 0.28619067462322856, "N": 1656, "over_prob": 0.0, "under_prob": 0.002811621368322359, "over_counts": {"0": 1067}, "under_counts": {"0": 1064, "1": 2, "2": 1}, "avg_over_mag": 0.0, "avg_under_mag": 1.3333333333333333, "avg_over": 0.0, "avg_under": 1.3333333333333333}], [[0.15000000000000002, 0.2], {"acc": 0.4066390041493776, "nll": 0.7937733922929429, "mse": 0.2964608985861632, "N": 2410, "over_prob": 0.0, "under_prob": 0.002461538461538515, "over_counts": {"0": 1625}, "under_counts": {"0": 1621, "1": 3, "2": 1}, "avg_over_mag": 0.0, "avg_under_mag": 1.25, "avg_over": 0.0, "avg_under": 1.25}], [[0.2, 0.25], {"acc": 0.4086294416243655, "nll": 0.8019810553863244, "mse": 0.3001291612891712, "N": 3152, "over_prob": 0.0, "under_prob": 0.0032649253731342753, "over_counts": {"0": 2144}, "under_counts": {"0": 2137, "1": 5, "2": 2}, "avg_over_mag": 0.0, "avg_under_mag": 1.2857142857142858, "avg_over": 0.0, "avg_under": 1.2857142857142858}], [[0.25, 0.30000000000000004], {"acc": 0.41112167300380226, "nll": 0.8109906068038495, "mse": 0.30390166403729874, "N": 4208, "over_prob": 0.0, "under_prob": 0.004716981132075526, "over_counts": {"0": 2756}, "under_counts": {"0": 2743, "1": 13}, "avg_over_mag": 0.0, "avg_under_mag": 1.0, "avg_over": 0.0, "avg_under": 1.0}], [[0.30000000000000004, 0.35000000000000003], {"acc": 0.41855203619909503, "nll": 0.8085425674628371, "mse": 0.3026906548431283, "N": 5304, "over_prob": 0.0, "under_prob": 0.00491898148148151, "over_counts": {"0": 3456}, "under_counts": {"0": 3439, "1": 14, "2": 3}, "avg_over_mag": 0.0, "avg_under_mag": 1.1764705882352942, "avg_over": 0.0, "avg_under": 1.1764705882352942}], [[0.35000000000000003, 0.4], {"acc": 0.41016034766971377, "nll": 0.8070432709226572, "mse": 0.30204196773668696, "N": 6673, "over_prob": 0.0, "under_prob": 0.004700352526439522, "over_counts": {"0": 4255}, "under_counts": {"0": 4235, "1": 18, "3": 1, "2": 1}, "avg_over_mag": 0.0, "avg_under_mag": 1.15, "avg_over": 0.0, "avg_under": 1.15}], [[0.4, 0.45], {"acc": 0.44610359309379377, "nll": 0.7910486882493267, "mse": 0.29419368779825117, "N": 8572, "over_prob": 0.0, "under_prob": 0.004957102001906577, "over_counts": {"0": 5245}, "under_counts": {"0": 5219, "1": 23, "2": 2, "8": 1}, "avg_over_mag": 0.0, "avg_under_mag": 1.3461538461538463, "avg_over": 0.0, "avg_under": 1.3461538461538463}], [[0.45, 0.5], {"acc": 0.4879454423206224, "nll": 0.7668223684101064, "mse": 0.2828576200868972, "N": 10411, "over_prob": 0.0, "under_prob": 0.005603586295228946, "over_counts": {"0": 6246}, "under_counts": {"0": 6211, "1": 33, "9": 1, "2": 1}, "avg_over_mag": 0.0, "avg_under_mag": 1.2571428571428571, "avg_over": 0.0, "avg_under": 1.2571428571428571}], [[0.5, 0.55], {"acc": 0.521858758789361, "nll": 0.7424670234150245, "mse": 0.27133381334475365, "N": 13084, "over_prob": 0.0, "under_prob": 0.00661288189392939, "over_counts": {"0": 7561}, "under_counts": {"0": 7511, "1": 47, "7": 1, "3": 1, "2": 1}, "avg_over_mag": 0.0, "avg_under_mag": 1.18, "avg_over": 0.0, "avg_under": 1.18}], [[0.55, 0.6000000000000001], {"acc": 0.5642195937258936, "nll": 0.718018247399525, "mse": 0.2596642717883361, "N": 15556, "over_prob": 0.0, "under_prob": 0.009615384615384581, "over_counts": {"0": 8736}, "under_counts": {"0": 8652, "1": 77, "2": 7}, "avg_over_mag": 0.0, "avg_under_mag": 1.0833333333333333, "avg_over": 0.0, "avg_under": 1.0833333333333333}], [[0.6000000000000001, 0.65], {"acc": 0.6128048780487805, "nll": 0.6877228146244093, "mse": 0.2451170059812292, "N": 19024, "over_prob": 0.0, "under_prob": 0.011480718280836077, "over_counts": {"0": 10191}, "under_counts": {"0": 10074, "1": 98, "2": 15, "5": 2, "3": 2}, "avg_over_mag": 0.0, "avg_under_mag": 1.2307692307692308, "avg_over": 0.0, "avg_under": 1.2307692307692308}], [[0.65, 0.7000000000000001], {"acc": 0.6611917659804983, "nll": 0.6513311479793484, "mse": 0.22804296280377667, "N": 23075, "over_prob": 0.0, "under_prob": 0.016574585635359074, "over_counts": {"0": 11584}, "under_counts": {"0": 11392, "1": 148, "2": 28, "3": 11, "6": 2, "4": 1, "16": 1, "8": 1}, "avg_over_mag": 0.0, "avg_under_mag": 1.4427083333333333, "avg_over": 0.0, "avg_under": 1.4427083333333333}], [[0.7000000000000001, 0.75], {"acc": 0.7123797025371829, "nll": 0.6062625731781821, "mse": 0.207348441913766, "N": 27432, "over_prob": 0.0, "under_prob": 0.024646527080275038, "over_counts": {"0": 12943}, "under_counts": {"0": 12624, "1": 235, "2": 47, "3": 20, "4": 5, "7": 4, "6": 3, "5": 2, "12": 1, "9": 1, "10": 1}, "avg_over_mag": 0.0, "avg_under_mag": 1.554858934169279, "avg_over": 0.0, "avg_under": 1.554858934169279}], [[0.75, 0.8], {"acc": 0.7686201189235579, "nll": 0.5538538415552103, "mse": 0.1832114845743391, "N": 32626, "over_prob": 0.0, "under_prob": 0.0356302753563027, "over_counts": {"0": 14454}, "under_counts": {"0": 13939, "1": 363, "2": 89, "3": 29, "4": 12, "5": 5, "6": 5, "9": 5, "11": 2, "24": 1, "12": 1, "10": 1, "7": 1, "13": 1}, "avg_over_mag": 0.0, "avg_under_mag": 1.6776699029126214, "avg_over": 0.0, "avg_under": 1.6776699029126214}], [[0.8, 0.8500000000000001], {"acc": 0.8179379390453012, "nll": 0.49961133886018416, "mse": 0.15890469529323945, "N": 36158, "over_prob": 0.0, "under_prob": 0.05266364313274219, "over_counts": {"0": 14773}, "under_counts": {"0": 13995, "1": 474, "2": 151, "3": 55, "4": 33, "5": 18, "7": 11, "6": 10, "9": 4, "10": 3, "11": 3, "21": 2, "12": 2, "14": 2, "8": 2, "37": 1, "39": 1, "18": 1, "22": 1, "15": 1, "33": 1, "16": 1, "13": 1}, "avg_over_mag": 0.0, "avg_under_mag": 2.1876606683804627, "avg_over": 0.0, "avg_under": 2.1876606683804627}], [[0.8500000000000001, 0.9], {"acc": 0.8673732536061439, "nll": 0.43527163799852003, "mse": 0.13091377991976308, "N": 35287, "over_prob": 0.9483581870271064, "under_prob": 0.0, "over_counts": {"1": 6339, "2": 2849, "3": 1466, "4": 770, "0": 703, "5": 500, "6": 293, "7": 177, "8": 126, "9": 79, "10": 67, "11": 38, "13": 30, "14": 29, "12": 27, "16": 16, "15": 16, "17": 16, "22": 9, "19": 9, "18": 8,