{"acc": 0.748835870364391, "auc": 0.7587918371960292, "nll": 0.5317823644589899, "mse": 0.17259115217896048}