{"acc": 0.7043156518133393, "auc": 0.7018895542374899, "nll": 0.6314710018978493, "mse": 0.20328229482825333}