{"acc": 0.714516164431666, "auc": 0.7695990953999508, "nll": 0.5545236610694804, "mse": 0.1869005787534115}