{"acc": 0.7443460276066723, "auc": 0.7213471151538797, "nll": 0.5244490337789707, "mse": 0.17460166402676996}