{"auc": 0.6170060948366596, "over_prob": 0.027785216925549028, "under_prob": 0.0002008569898231949, "over_counts": {"0": 14521, "1": 247, "2": 92, "3": 36, "4": 23, "5": 6, "6": 5, "8": 1, "12": 1, "9": 1, "14": 1, "11": 1, "10": 1}, "under_counts": {"0": 14933, "1": 3}, "avg_over_mag": 1.819277108433735, "avg_under_mag": 1.0, "avg_over": 1.819277108433735, "avg_under": 1.0, "acc": 0.637678962074119, "nll": 0.6391893116891715, "mse": 0.22403639747519402, "metrics_by_prob": [[[0.0, 0.05], {"acc": 0.9503676470588235, "nll": 0.36715551394819207, "mse": 0.1062926707267707, "N": 544, "over_prob": 0.0, "under_prob": 0.0, "over_counts": {"0": 159}, "under_counts": {"0": 159}, "avg_over_mag": 0.0, "avg_under_mag": 0.0, "avg_over": 0.0, "avg_under": 0.0}], [[0.05, 0.1], {"acc": 0.90421729807005, "nll": 0.4069089078845232, "mse": 0.11843980157901973, "N": 2798, "over_prob": 0.0, "under_prob": 0.0, "over_counts": {"0": 861}, "under_counts": {"0": 861}, "avg_over_mag": 0.0, "avg_under_mag": 0.0, "avg_over": 0.0, "avg_under": 0.0}], [[0.1, 0.15000000000000002], {"acc": 0.8697208303507517, "nll": 0.4740939444230289, "mse": 0.14672169015360603, "N": 5588, "over_prob": 0.0, "under_prob": 0.0, "over_counts": {"0": 1853}, "under_counts": {"0": 1853}, "avg_over_mag": 0.0, "avg_under_mag": 0.0, "avg_over": 0.0, "avg_under": 0.0}], [[0.15000000000000002, 0.2], {"acc": 0.8125938908362543, "nll": 0.5311608116758988, "mse": 0.17247671116498606, "N": 7988, "over_prob": 0.0, "under_prob": 0.0, "over_counts": {"0": 2816}, "under_counts": {"0": 2816}, "avg_over_mag": 0.0, "avg_under_mag": 0.0, "avg_over": 0.0, "avg_under": 0.0}], [[0.2, 0.25], {"acc": 0.7566340429825447, "nll": 0.5783692161378564, "mse": 0.19440530946137302, "N": 9911, "over_prob": 0.0, "under_prob": 0.0, "over_counts": {"0": 3740}, "under_counts": {"0": 3740}, "avg_over_mag": 0.0, "avg_under_mag": 0.0, "avg_over": 0.0, "avg_under": 0.0}], [[0.25, 0.30000000000000004], {"acc": 0.7056578570747066, "nll": 0.6144474209592318, "mse": 0.21161133699705695, "N": 10481, "over_prob": 0.0, "under_prob": 0.0, "over_counts": {"0": 4225}, "under_counts": {"0": 4225}, "avg_over_mag": 0.0, "avg_under_mag": 0.0, "avg_over": 0.0, "avg_under": 0.0}], [[0.30000000000000004, 0.35000000000000003], {"acc": 0.6608643457382953, "nll": 0.647613161523088, "mse": 0.2271753808866539, "N": 9996, "over_prob": 0.0, "under_prob": 0.0, "over_counts": {"0": 4368}, "under_counts": {"0": 4368}, "avg_over_mag": 0.0, "avg_under_mag": 0.0, "avg_over": 0.0, "avg_under": 0.0}], [[0.35000000000000003, 0.4], {"acc": 0.598450120061122, "nll": 0.6802508922322426, "mse": 0.24280670527034853, "N": 9162, "over_prob": 0.0, "under_prob": 0.0, "over_counts": {"0": 4249}, "under_counts": {"0": 4249}, "avg_over_mag": 0.0, "avg_under_mag": 0.0, "avg_over": 0.0, "avg_under": 0.0}], [[0.4, 0.45], {"acc": 0.5646095717884131, "nll": 0.6973521099515543, "mse": 0.2513044767273718, "N": 7940, "over_prob": 0.0, "under_prob": 0.0, "over_counts": {"0": 3979}, "under_counts": {"0": 3979}, "avg_over_mag": 0.0, "avg_under_mag": 0.0, "avg_over": 0.0, "avg_under": 0.0}], [[0.45, 0.5], {"acc": 0.5152186761229315, "nll": 0.7168727030181654, "mse": 0.2607434858693076, "N": 6768, "over_prob": 0.0, "under_prob": 0.0, "over_counts": {"0": 3588}, "under_counts": {"0": 3588}, "avg_over_mag": 0.0, "avg_under_mag": 0.0, "avg_over": 0.0, "avg_under": 0.0}], [[0.5, 0.55], {"acc": 0.47941124934291224, "nll": 0.7290756444167793, "mse": 0.2669636243811388, "N": 5707, "over_prob": 0.0, "under_prob": 0.0, "over_counts": {"0": 3167}, "under_counts": {"0": 3167}, "avg_over_mag": 0.0, "avg_under_mag": 0.0, "avg_over": 0.0, "avg_under": 0.0}], [[0.55, 0.6000000000000001], {"acc": 0.45260141093474426, "nll": 0.7387407133279611, "mse": 0.2716921627091527, "N": 4536, "over_prob": 0.0, "under_prob": 0.0, "over_counts": {"0": 2612}, "under_counts": {"0": 2612}, "avg_over_mag": 0.0, "avg_under_mag": 0.0, "avg_over": 0.0, "avg_under": 0.0}], [[0.6000000000000001, 0.65], {"acc": 0.4281567489114659, "nll": 0.7427580915878575, "mse": 0.2737825220546551, "N": 3445, "over_prob": 0.0, "under_prob": 0.0, "over_counts": {"0": 2101}, "under_counts": {"0": 2101}, "avg_over_mag": 0.0, "avg_under_mag": 0.0, "avg_over": 0.0, "avg_under": 0.0}], [[0.65, 0.7000000000000001], {"acc": 0.42103307320698624, "nll": 0.7453818447024432, "mse": 0.27514853436453945, "N": 2691, "over_prob": 0.0, "under_prob": 0.0, "over_counts": {"0": 1692}, "under_counts": {"0": 1692}, "avg_over_mag": 0.0, "avg_under_mag": 0.0, "avg_over": 0.0, "avg_under": 0.0}], [[0.7000000000000001, 0.75], {"acc": 0.43088158581116326, "nll": 0.731026188550768, "mse": 0.2684095339071476, "N": 1917, "over_prob": 0.0, "under_prob": 0.0, "over_counts": {"0": 1259}, "under_counts": {"0": 1259}, "avg_over_mag": 0.0, "avg_under_mag": 0.0, "avg_over": 0.0, "avg_under": 0.0}], [[0.75, 0.8], {"acc": 0.41019607843137257, "nll": 0.7335804393178686, "mse": 0.26979591765873195, "N": 1275, "over_prob": 0.0, "under_prob": 0.0011574074074074403, "over_counts": {"0": 864}, "under_counts": {"0": 863, "1": 1}, "avg_over_mag": 0.0, "avg_under_mag": 1.0, "avg_over": 0.0, "avg_under": 1.0}], [[0.8, 0.8500000000000001], {"acc": 0.44, "nll": 0.7237928686766404, "mse": 0.26490069700989805, "N": 825, "over_prob": 0.0, "under_prob": 0.0036900369003689537, "over_counts": {"0": 542}, "under_counts": {"0": 540, "1": 2}, "avg_over_mag": 0.0, "avg_under_mag": 1.0, "avg_over": 0.0, "avg_under": 1.0}], [[0.8500000000000001, 0.9], {"acc": 0.5362637362637362, "nll": 0.6798189868758522, "mse": 0.24387172785513597, "N": 455, "over_prob": 0.9939393939393939, "under_prob": 0.0, "over_counts": {"1": 249, "2": 52, "3": 14, "4": 9, "0": 2, "6": 2, "5": 2}, "under_counts": {"0": 330}, "avg_over_mag": 1.3810975609756098, "avg_under_mag": 0.0, "avg_over": 1.3810975609756098, "avg_under": 0.0}], [[0.9, 0.9500000000000001], {"acc": 0.5928853754940712, "nll": 0.6522934199077873, "mse": 0.22987757238380951, "N": 253, "over_prob": 0.9811320754716981, "under_prob": 0.0, "over_counts": {"1": 100, "2": 38, "3": 13, "0": 3, "7": 3, "6": 1, "5": 1}, "under_counts": {"0": 159}, "avg_over_mag": 1.5833333333333333, "avg_under_mag": 0.0, "avg_over": 1.5833333333333333, "avg_under": 0.0}], [[0.9500000000000001, 1.0], {"acc": 0.46551724137931033, "nll": 0.6807352907929987, "mse": 0.24679513585884755, "N": 58, "over_prob": 0.9545454545454546, "under_prob": 0.0, "over_counts": {"1": 30, "2": 11, "0": 2, "3": 1}, "under_counts": {"0": 44}, "avg_over_mag": 1.3095238095238095, "avg_under_mag": 0.0, "avg_over": 1.3095238095238095, "avg_under": 0.0}]]}