{"acc": 0.7197203128703484, "auc": 0.7383869556246326, "nll": 0.6554425611733206, "mse": 0.1993891502977903}