{"over_prob": 0.2631058901026514, "under_prob": 0.35337871219190864, "over_counts": {"0": 26848, "1": 5212, "2": 2054, "3": 1027, "4": 514, "5": 273, "6": 170, "7": 101, "8": 62, "10": 36, "9": 31, "12": 21, "13": 17, "11": 14, "14": 11, "15": 7, "17": 7, "19": 6, "16": 3, "18": 3, "21": 3, "25": 2, "22": 2, "20": 2, "27": 1, "29": 1, "35": 1, "48": 1, "32": 1, "30": 1, "44": 1, "51": 1}, "under_counts": {"0": 23559, "1": 7006, "2": 2762, "3": 1261, "4": 657, "5": 375, "6": 233, "7": 146, "8": 105, "9": 75, "10": 50, "11": 43, "12": 28, "13": 27, "14": 18, "15": 17, "16": 11, "18": 9, "17": 9, "29": 5, "19": 5, "20": 5, "21": 4, "22": 2, "27": 2, "28": 2, "42": 2, "25": 2, "57": 2, "31": 1, "32": 1, "36": 1, "24": 1, "26": 1, "37": 1, "35": 1, "58": 1, "46": 1, "34": 1, "40": 1, "23": 1}, "avg_over_mag": 2.1278948466513667, "avg_under_mag": 2.22578640776699, "avg_over": 2.1278948466513667, "avg_under": 2.22578640776699, "acc": 0.7163757117799812, "auc": 0.6892674673670841, "nll": 0.5786969199962538, "mse": 0.1923397016298493, "metrics_by_prob": [[[0.0, 0.05], {"acc": 0.8416666666666667, "nll": 0.36277019896221, "mse": 0.11039946924216049, "N": 600, "over_prob": 0.0, "under_prob": 0.010869565217391353, "over_counts": {"0": 276}, "under_counts": {"0": 273, "1": 3}, "avg_over_mag": 0.0, "avg_under_mag": 1.0, "avg_over": 0.0, "avg_under": 1.0}], [[0.05, 0.1], {"acc": 0.7655343827671914, "nll": 0.5019144309431843, "mse": 0.16277908716219577, "N": 1207, "over_prob": 0.0, "under_prob": 0.0053835800807536804, "over_counts": {"0": 743}, "under_counts": {"0": 739, "1": 4}, "avg_over_mag": 0.0, "avg_under_mag": 1.0, "avg_over": 0.0, "avg_under": 1.0}], [[0.1, 0.15000000000000002], {"acc": 0.6884057971014492, "nll": 0.5873073637338261, "mse": 0.19948946718552407, "N": 1656, "over_prob": 0.0, "under_prob": 0.012183692596063778, "over_counts": {"0": 1067}, "under_counts": {"0": 1054, "1": 13}, "avg_over_mag": 0.0, "avg_under_mag": 1.0, "avg_over": 0.0, "avg_under": 1.0}], [[0.15000000000000002, 0.2], {"acc": 0.6157676348547718, "nll": 0.6521363146642303, "mse": 0.22789150226220056, "N": 2410, "over_prob": 0.0, "under_prob": 0.010461538461538411, "over_counts": {"0": 1625}, "under_counts": {"0": 1608, "1": 15, "2": 2}, "avg_over_mag": 0.0, "avg_under_mag": 1.1176470588235294, "avg_over": 0.0, "avg_under": 1.1176470588235294}], [[0.2, 0.25], {"acc": 0.5348984771573604, "nll": 0.7145205580786645, "mse": 0.2550856615586597, "N": 3152, "over_prob": 0.0, "under_prob": 0.01539179104477617, "over_counts": {"0": 2144}, "under_counts": {"0": 2111, "1": 33}, "avg_over_mag": 0.0, "avg_under_mag": 1.0, "avg_over": 0.0, "avg_under": 1.0}], [[0.25, 0.30000000000000004], {"acc": 0.4935836501901141, "nll": 0.7437884311949483, "mse": 0.2688861366768224, "N": 4208, "over_prob": 0.0, "under_prob": 0.015239477503628418, "over_counts": {"0": 2756}, "under_counts": {"0": 2714, "1": 38, "2": 4}, "avg_over_mag": 0.0, "avg_under_mag": 1.0952380952380953, "avg_over": 0.0, "avg_under": 1.0952380952380953}], [[0.30000000000000004, 0.35000000000000003], {"acc": 0.4762443438914027, "nll": 0.7565868532664882, "mse": 0.2757507557266947, "N": 5304, "over_prob": 0.0, "under_prob": 0.01851851851851849, "over_counts": {"0": 3456}, "under_counts": {"0": 3392, "1": 56, "2": 7, "3": 1}, "avg_over_mag": 0.0, "avg_under_mag": 1.140625, "avg_over": 0.0, "avg_under": 1.140625}], [[0.35000000000000003, 0.4], {"acc": 0.44987262101004044, "nll": 0.7719966810079124, "mse": 0.2827263501336886, "N": 6673, "over_prob": 0.0, "under_prob": 0.025381903642773262, "over_counts": {"0": 4255}, "under_counts": {"0": 4147, "1": 101, "2": 6, "3": 1}, "avg_over_mag": 0.0, "avg_under_mag": 1.0740740740740742, "avg_over": 0.0, "avg_under": 1.0740740740740742}], [[0.4, 0.45], {"acc": 0.45520298646756885, "nll": 0.7724920908550215, "mse": 0.2838759128527378, "N": 8572, "over_prob": 0.0, "under_prob": 0.030505243088655876, "over_counts": {"0": 5245}, "under_counts": {"0": 5085, "1": 149, "2": 9, "3": 2}, "avg_over_mag": 0.0, "avg_under_mag": 1.08125, "avg_over": 0.0, "avg_under": 1.08125}], [[0.45, 0.5], {"acc": 0.4878493900681971, "nll": 0.7703152069438569, "mse": 0.2800206066479647, "N": 10411, "over_prob": 0.0, "under_prob": 0.043547870637207775, "over_counts": {"0": 6246}, "under_counts": {"0": 5974, "1": 258, "2": 11, "3": 3}, "avg_over_mag": 0.0, "avg_under_mag": 1.0625, "avg_over": 0.0, "avg_under": 1.0625}], [[0.5, 0.55], {"acc": 0.5225466218281871, "nll": 0.7540576111665878, "mse": 0.27183931142045253, "N": 13084, "over_prob": 0.0, "under_prob": 0.05515143499537101, "over_counts": {"0": 7561}, "under_counts": {"0": 7144, "1": 391, "2": 22, "3": 4}, "avg_over_mag": 0.0, "avg_under_mag": 1.0719424460431655, "avg_over": 0.0, "avg_under": 1.0719424460431655}], [[0.55, 0.6000000000000001], {"acc": 0.5615196708665466, "nll": 0.7338756353806162, "mse": 0.26275893722676547, "N": 15556, "over_prob": 0.0, "under_prob": 0.07451923076923073, "over_counts": {"0": 8736}, "under_counts": {"0": 8085, "1": 592, "2": 46, "3": 11, "4": 2}, "avg_over_mag": 0.0, "avg_under_mag": 1.1136712749615976, "avg_over": 0.0, "avg_under": 1.1136712749615976}], [[0.6000000000000001, 0.65], {"acc": 0.6121215306980656, "nll": 0.7084846501340004, "mse": 0.24912444490906674, "N": 19024, "over_prob": 0.0, "under_prob": 0.10921401236385042, "over_counts": {"0": 10191}, "under_counts": {"0": 9078, "1": 1004, "2": 78, "3": 24, "4": 5, "7": 1, "5": 1}, "avg_over_mag": 0.0, "avg_under_mag": 1.1356693620844565, "avg_over": 0.0, "avg_under": 1.1356693620844565}], [[0.65, 0.7000000000000001], {"acc": 0.6641386782231853, "nll": 0.6728600771203117, "mse": 0.2317238883751215, "N": 23075, "over_prob": 0.0, "under_prob": 0.15366022099447518, "over_counts": {"0": 11584}, "under_counts": {"0": 9804, "1": 1513, "2": 199, "3": 48, "4": 12, "5": 4, "6": 2, "8": 1, "14": 1}, "avg_over_mag": 0.0, "avg_under_mag": 1.2117977528089887, "avg_over": 0.0, "avg_under": 1.2117977528089887}], [[0.7000000000000001, 0.75], {"acc": 0.7126713327500729, "nll": 0.6341314140178814, "mse": 0.21255853081468415, "N": 27432, "over_prob": 0.0, "under_prob": 0.22112338715908209, "over_counts": {"0": 12943}, "under_counts": {"0": 10081, "1": 2293, "2": 392, "3": 113, "4": 33, "5": 15, "6": 5, "7": 5, "10": 2, "9": 2, "11": 1, "8": 1}, "avg_over_mag": 0.0, "avg_under_mag": 1.3085255066387143, "avg_over": 0.0, "avg_under": 1.3085255066387143}], [[0.75, 0.8], {"acc": 0.7697848341813278, "nll": 0.5730458782369191, "mse": 0.18503348501658765, "N": 32626, "over_prob": 0.0, "under_prob": 0.3370001383700014, "over_counts": {"0": 14454}, "under_counts": {"0": 9583, "1": 3686, "2": 764, "3": 224, "4": 101, "5": 46, "6": 15, "7": 14, "8": 5, "9": 3, "12": 2, "13": 2, "11": 2, "15": 2, "14": 1, "16": 1, "17": 1, "21": 1, "10": 1}, "avg_over_mag": 0.0, "avg_under_mag": 1.4278382262369123, "avg_over": 0.0, "avg_under": 1.4278382262369123}], [[0.8, 0.8500000000000001], {"acc": 0.8184080977930195, "nll": 0.5089178847940387, "mse": 0.15674808771760804, "N": 36158, "over_prob": 0.0, "under_prob": 0.5156704799296012, "over_counts": {"0": 14773}, "under_counts": {"0": 7155, "1": 5202, "2": 1407, "3": 489, "4": 230, "5": 93, "6": 69, "7": 47, "8": 24, "10": 15, "9": 8, "11": 7, "12": 4, "13": 4, "18": 3, "14": 3, "16": 3, "27": 2, "26": 2, "25": 1, "31": 1, "36": 1, "19": 1, "17": 1, "15": 1}, "avg_over_mag": 0.0, "avg_under_mag": 1.6533210816487267, "avg_over": 0.0, "avg_under": 1.6533210816487267}], [[0.8500000000000001, 0.9], {"acc": 0.8695270212826254, "nll": 0.4224782358897905, "mse": 0.12060852014732115, "N": 35287, "over_prob": 0.6076544479541615, "under_prob": 0.0, "over_counts": {"0": 5341, "1": 4994, "2": 1770, "3": 760, "4": 332, "5": 148, "6": 78, "8": 49, "7": 48, "9": 24, "10": 16, "12": 13, "11": 11, "13": 7, "15": 5, "16": 4, "14": 4, "19": 3, "29": 1, "32": 1, "23": 1, "17": 1, "20": 1, "42": 1}, "under_counts": {"0": 13613}, "avg_over_mag": 1.8419970986460348, "avg_under_mag": 0.0,