{"auc": 0.7197305309564948, "over_prob": 0.2785594910776862, "under_prob": 0.13394253059464123, "over_counts": {"0": 26764, "1": 5465, "2": 2192, "3": 1040, "4": 573, "5": 375, "6": 224, "7": 126, "8": 81, "9": 59, "10": 50, "12": 30, "11": 28, "14": 16, "15": 13, "13": 11, "16": 9, "18": 6, "17": 5, "22": 4, "19": 4, "21": 3, "32": 3, "25": 2, "26": 2, "24": 2, "33": 2, "28": 1, "45": 1, "30": 1, "47": 1, "29": 1, "23": 1, "27": 1, "37": 1, "34": 1}, "under_counts": {"0": 32129, "1": 3389, "2": 856, "3": 350, "4": 150, "5": 99, "6": 36, "7": 31, "8": 14, "9": 10, "12": 9, "11": 6, "10": 6, "17": 2, "20": 2, "14": 2, "21": 1, "30": 1, "15": 1, "18": 1, "22": 1, "31": 1, "25": 1}, "avg_over_mag": 2.2689181343139153, "avg_under_mag": 1.686254779633729, "avg_over": 2.2689181343139153, "avg_under": 1.686254779633729, "acc": 0.7282830532422535, "nll": 0.547095257603921, "mse": 0.18354762435791366, "metrics_by_prob": [[[0.0, 0.05], {"acc": 0.9769585253456221, "nll": 0.1411950540201949, "mse": 0.031341881256606155, "N": 868, "over_prob": 0.0, "under_prob": 0.0, "over_counts": {"0": 343}, "under_counts": {"0": 343}, "avg_over_mag": 0.0, "avg_under_mag": 0.0, "avg_over": 0.0, "avg_under": 0.0}], [[0.05, 0.1], {"acc": 0.899546827794562, "nll": 0.3471238149541786, "mse": 0.09852709504425716, "N": 1324, "over_prob": 0.0, "under_prob": 0.0, "over_counts": {"0": 791}, "under_counts": {"0": 791}, "avg_over_mag": 0.0, "avg_under_mag": 0.0, "avg_over": 0.0, "avg_under": 0.0}], [[0.1, 0.15000000000000002], {"acc": 0.8109090909090909, "nll": 0.4776723617845902, "mse": 0.15099022740685364, "N": 1925, "over_prob": 0.0, "under_prob": 0.0, "over_counts": {"0": 1190}, "under_counts": {"0": 1190}, "avg_over_mag": 0.0, "avg_under_mag": 0.0, "avg_over": 0.0, "avg_under": 0.0}], [[0.15000000000000002, 0.2], {"acc": 0.7448979591836735, "nll": 0.5578184117177191, "mse": 0.1848253152244742, "N": 2450, "over_prob": 0.0, "under_prob": 0.0012062726176115257, "over_counts": {"0": 1658}, "under_counts": {"0": 1656, "1": 2}, "avg_over_mag": 0.0, "avg_under_mag": 1.0, "avg_over": 0.0, "avg_under": 1.0}], [[0.2, 0.25], {"acc": 0.6768996960486322, "nll": 0.6174974729396511, "mse": 0.21266755146658683, "N": 3290, "over_prob": 0.0, "under_prob": 0.000446030330062408, "over_counts": {"0": 2242}, "under_counts": {"0": 2241, "1": 1}, "avg_over_mag": 0.0, "avg_under_mag": 1.0, "avg_over": 0.0, "avg_under": 1.0}], [[0.25, 0.30000000000000004], {"acc": 0.6322787712058688, "nll": 0.6619290720507568, "mse": 0.23274138936954805, "N": 4362, "over_prob": 0.0, "under_prob": 0.0017105713308245285, "over_counts": {"0": 2923}, "under_counts": {"0": 2918, "1": 5}, "avg_over_mag": 0.0, "avg_under_mag": 1.0, "avg_over": 0.0, "avg_under": 1.0}], [[0.30000000000000004, 0.35000000000000003], {"acc": 0.5813953488372093, "nll": 0.6924757382987055, "mse": 0.247984123692889, "N": 5375, "over_prob": 0.0, "under_prob": 0.00139703827884885, "over_counts": {"0": 3579}, "under_counts": {"0": 3574, "1": 5}, "avg_over_mag": 0.0, "avg_under_mag": 1.0, "avg_over": 0.0, "avg_under": 1.0}], [[0.35000000000000003, 0.4], {"acc": 0.5294554088143641, "nll": 0.7131464918038254, "mse": 0.258270823284176, "N": 6739, "over_prob": 0.0, "under_prob": 0.0038715554543383712, "over_counts": {"0": 4391}, "under_counts": {"0": 4374, "1": 16, "2": 1}, "avg_over_mag": 0.0, "avg_under_mag": 1.0588235294117647, "avg_over": 0.0, "avg_under": 1.0588235294117647}], [[0.4, 0.45], {"acc": 0.5120143454871489, "nll": 0.7279212028032509, "mse": 0.26510879722739306, "N": 8365, "over_prob": 0.0, "under_prob": 0.004889056036103789, "over_counts": {"0": 5318}, "under_counts": {"0": 5292, "1": 23, "2": 3}, "avg_over_mag": 0.0, "avg_under_mag": 1.1153846153846154, "avg_over": 0.0, "avg_under": 1.1153846153846154}], [[0.45, 0.5], {"acc": 0.49532524368410585, "nll": 0.7280741695004619, "mse": 0.2656248439262243, "N": 10054, "over_prob": 0.0, "under_prob": 0.0054321776641635955, "over_counts": {"0": 6259}, "under_counts": {"0": 6225, "1": 31, "2": 3}, "avg_over_mag": 0.0, "avg_under_mag": 1.088235294117647, "avg_over": 0.0, "avg_under": 1.088235294117647}], [[0.5, 0.55], {"acc": 0.5149881046788263, "nll": 0.7203272488534569, "mse": 0.26179332838029323, "N": 12610, "over_prob": 0.0, "under_prob": 0.007769591426657785, "over_counts": {"0": 7465}, "under_counts": {"0": 7407, "1": 53, "2": 4, "3": 1}, "avg_over_mag": 0.0, "avg_under_mag": 1.103448275862069, "avg_over": 0.0, "avg_under": 1.103448275862069}], [[0.55, 0.6000000000000001], {"acc": 0.5452241715399611, "nll": 0.7094372718499139, "mse": 0.2564431987300331, "N": 15390, "over_prob": 0.0, "under_prob": 0.010330343966397981, "over_counts": {"0": 8809}, "under_counts": {"0": 8718, "1": 89, "2": 2}, "avg_over_mag": 0.0, "avg_under_mag": 1.021978021978022, "avg_over": 0.0, "avg_under": 1.021978021978022}], [[0.6000000000000001, 0.65], {"acc": 0.6045587065995229, "nll": 0.6823406492879803, "mse": 0.24310128104065704, "N": 18865, "over_prob": 0.0, "under_prob": 0.01586687306501544, "over_counts": {"0": 10336}, "under_counts": {"0": 10172, "1": 150, "2": 12, "4": 1, "3": 1}, "avg_over_mag": 0.0, "avg_under_mag": 1.103658536585366, "avg_over": 0.0, "avg_under": 1.103658536585366}], [[0.65, 0.7000000000000001], {"acc": 0.6625957539943095, "nll": 0.649603746421124, "mse": 0.2272128951864167, "N": 22845, "over_prob": 0.0, "under_prob": 0.028989225243714722, "over_counts": {"0": 11694}, "under_counts": {"0": 11355, "1": 309, "2": 21, "3": 5, "4": 3, "5": 1}, "avg_over_mag": 0.0, "avg_under_mag": 1.1297935103244838, "avg_over": 0.0, "avg_under": 1.1297935103244838}], [[0.7000000000000001, 0.75], {"acc": 0.7178673089555507, "nll": 0.6061663888269033, "mse": 0.20670170168045823, "N": 27402, "over_prob": 0.0, "under_prob": 0.04594308204662423, "over_counts": {"0": 13212}, "under_counts": {"0": 12605, "1": 543, "2": 55, "3": 6, "6": 1, "4": 1, "5": 1}, "avg_over_mag": 0.0, "avg_under_mag": 1.130148270181219, "avg_over": 0.0, "avg_under": 1.130148270181219}], [[0.75, 0.8], {"acc": 0.7728559430117896, "nll": 0.5464291182860428, "mse": 0.1795192880678291, "N": 32147, "over_prob": 0.0, "under_prob": 0.09985447993902019, "over_counts": {"0": 14431}, "under_counts": {"0": 12990, "1": 1233, "2": 139, "3": 44, "4": 14, "6": 5, "5": 2, "7": 2, "8": 2}, "avg_over_mag": 0.0, "avg_under_mag": 1.227619708535739, "avg_over": 0.0, "avg_under": 1.227619708535739}], [[0.8, 0.8500000000000001], {"acc": 0.8240886146943354, "nll": 0.4758034074658413, "mse": 0.14882412930020317, "N": 35660, "over_prob": 0.0, "under_prob": 0.23921992037249473, "over_counts": {"0": 14819}, "under_counts": {"0": 11274, "1": 2701, "2": 508, "3": 189, "4": 74, "5": 24, "6": 15, "7": 12, "8": 11, "9": 3, "10": 2, "18": 1, "22": 1, "17": 1, "12": 1, "13": 1, "15": 1}, "avg_over_mag": 0.0, "avg_under_mag": 1.4403385049365303, "avg_over": 0.0, "avg_under": 1.4403385049365303}], [[0.8500000000000001, 0.9], {"acc": 0.8729728153074321, "nll": 0.393033985440056, "mse": 0.11459493570003172, "N": 34284, "over_prob": 0.7030962712363021, "under_prob": 0.0, "over_counts": {"1": 5458, "0": 4037, "2": 2000, "3": 879, "4": 454, "5": 279, "6": 159, "7": 90, "8": 69, "9": 44, "10": 37, "12": 19, "11": 16, "14": 10, "13": 9, "15": 7, "17": 5, "18": 3, "21": 3, "22": 2, "19": 2, "23": 2, "24": 2, "27": 2, "31": 2, "16": 2, "25": 1, "28": 1, "20": 1, "42": 1, "38": 1}, "under_counts": {"0": 13597}, "avg_over_mag": 2.055753138075314, "avg_under_mag": 0.0, "avg_over": 2.055753138075314, "avg_under": 0.0}], [[0.9, 0.9500000000000001], {"acc": 0.9218710599310751, "nll": 0.2841675558339875, "mse": 0.07441540001937429, "N": 23794, "over_prob": 0.285886875343218, "under_prob": 0.0, "over_counts": {"0": 6502, "1": 1944, "2": 416, "3": 139, "4": 49, "5": 20, "6": 15, "8": 7, "7": 5, "9": 4, "15": 1, "13": 1, "10": 1, "14": 1}, "under_counts": {"0": 9105}, "avg_over_mag": 1.4437187860161351, "avg_under_mag": 0.0, "avg_over": 1.4437187860161351,