{"auc": 0.7000391220231701, "over_prob": 0.01660931709899416, "under_prob": 0.0049629433562731196, "over_counts": {"0": 14861, "1": 182, "2": 49, "3": 14, "4": 2, "6": 2, "5": 1, "7": 1}, "under_counts": {"0": 15037, "1": 63, "2": 8, "3": 3, "6": 1}, "avg_over_mag": 1.4103585657370519, "avg_under_mag": 1.2533333333333334, "avg_over": 1.4103585657370519, "avg_under": 1.2533333333333334, "acc": 0.6758883304435617, "nll": 0.6007307567600906, "mse": 0.20712428159523422, "metrics_by_prob": [[[0.0, 0.05], {"acc": 0.9664570230607966, "nll": 0.16499667597287626, "mse": 0.0366837143583653, "N": 477, "over_prob": 0.0, "under_prob": 0.0, "over_counts": {"0": 141}, "under_counts": {"0": 141}, "avg_over_mag": 0.0, "avg_under_mag": 0.0, "avg_over": 0.0, "avg_under": 0.0}], [[0.05, 0.1], {"acc": 0.917979797979798, "nll": 0.2877481570072463, "mse": 0.0760797576065768, "N": 2475, "over_prob": 0.0, "under_prob": 0.0, "over_counts": {"0": 735}, "under_counts": {"0": 735}, "avg_over_mag": 0.0, "avg_under_mag": 0.0, "avg_over": 0.0, "avg_under": 0.0}], [[0.1, 0.15000000000000002], {"acc": 0.870879697669536, "nll": 0.38826828817447695, "mse": 0.11363661924442223, "N": 4763, "over_prob": 0.0, "under_prob": 0.0, "over_counts": {"0": 1667}, "under_counts": {"0": 1667}, "avg_over_mag": 0.0, "avg_under_mag": 0.0, "avg_over": 0.0, "avg_under": 0.0}], [[0.15000000000000002, 0.2], {"acc": 0.8170045045045045, "nll": 0.48079332388266494, "mse": 0.1511187034363096, "N": 7104, "over_prob": 0.0, "under_prob": 0.0, "over_counts": {"0": 2587}, "under_counts": {"0": 2587}, "avg_over_mag": 0.0, "avg_under_mag": 0.0, "avg_over": 0.0, "avg_under": 0.0}], [[0.2, 0.25], {"acc": 0.7714542796085929, "nll": 0.5396555928278273, "mse": 0.17722206377992722, "N": 8891, "over_prob": 0.0, "under_prob": 0.0002867794665901702, "over_counts": {"0": 3487}, "under_counts": {"0": 3486, "1": 1}, "avg_over_mag": 0.0, "avg_under_mag": 1.0, "avg_over": 0.0, "avg_under": 1.0}], [[0.25, 0.30000000000000004], {"acc": 0.7252747252747253, "nll": 0.5937651911145416, "mse": 0.2017523540270319, "N": 10101, "over_prob": 0.0, "under_prob": 0.00023786869647957065, "over_counts": {"0": 4204}, "under_counts": {"0": 4203, "1": 1}, "avg_over_mag": 0.0, "avg_under_mag": 1.0, "avg_over": 0.0, "avg_under": 1.0}], [[0.30000000000000004, 0.35000000000000003], {"acc": 0.6743535988819007, "nll": 0.636229881103834, "mse": 0.22179446701610095, "N": 10017, "over_prob": 0.0, "under_prob": 0.0, "over_counts": {"0": 4501}, "under_counts": {"0": 4501}, "avg_over_mag": 0.0, "avg_under_mag": 0.0, "avg_over": 0.0, "avg_under": 0.0}], [[0.35000000000000003, 0.4], {"acc": 0.6289548330787693, "nll": 0.6629301864667191, "mse": 0.23488339587658905, "N": 9166, "over_prob": 0.0, "under_prob": 0.0002303086135421184, "over_counts": {"0": 4342}, "under_counts": {"0": 4341, "1": 1}, "avg_over_mag": 0.0, "avg_under_mag": 1.0, "avg_over": 0.0, "avg_under": 1.0}], [[0.4, 0.45], {"acc": 0.5747339767384311, "nll": 0.6868375722469386, "mse": 0.24661956474236732, "N": 8082, "over_prob": 0.0, "under_prob": 0.0, "over_counts": {"0": 4109}, "under_counts": {"0": 4109}, "avg_over_mag": 0.0, "avg_under_mag": 0.0, "avg_over": 0.0, "avg_under": 0.0}], [[0.45, 0.5], {"acc": 0.5141359812439663, "nll": 0.7017512777832544, "mse": 0.25404054010776367, "N": 7251, "over_prob": 0.0, "under_prob": 0.00026476039184542, "over_counts": {"0": 3777}, "under_counts": {"0": 3776, "1": 1}, "avg_over_mag": 0.0, "avg_under_mag": 1.0, "avg_over": 0.0, "avg_under": 1.0}], [[0.5, 0.55], {"acc": 0.5103145079472439, "nll": 0.7013229879238819, "mse": 0.2539163106881681, "N": 5914, "over_prob": 0.0, "under_prob": 0.00030712530712528885, "over_counts": {"0": 3256}, "under_counts": {"0": 3255, "1": 1}, "avg_over_mag": 0.0, "avg_under_mag": 1.0, "avg_over": 0.0, "avg_under": 1.0}], [[0.55, 0.6000000000000001], {"acc": 0.528554070473876, "nll": 0.6946455911872526, "mse": 0.25068770738586243, "N": 4938, "over_prob": 0.0, "under_prob": 0.0, "over_counts": {"0": 2780}, "under_counts": {"0": 2780}, "avg_over_mag": 0.0, "avg_under_mag": 0.0, "avg_over": 0.0, "avg_under": 0.0}], [[0.6000000000000001, 0.65], {"acc": 0.5893745092907616, "nll": 0.677367703823251, "mse": 0.2419558679120685, "N": 3821, "over_prob": 0.0, "under_prob": 0.0012919896640827266, "over_counts": {"0": 2322}, "under_counts": {"0": 2319, "1": 3}, "avg_over_mag": 0.0, "avg_under_mag": 1.0, "avg_over": 0.0, "avg_under": 1.0}], [[0.65, 0.7000000000000001], {"acc": 0.6530045154567559, "nll": 0.6488553041336341, "mse": 0.22804501160980437, "N": 2879, "over_prob": 0.0, "under_prob": 0.0011179429849077493, "over_counts": {"0": 1789}, "under_counts": {"0": 1787, "1": 1, "2": 1}, "avg_over_mag": 0.0, "avg_under_mag": 1.5, "avg_over": 0.0, "avg_under": 1.5}], [[0.7000000000000001, 0.75], {"acc": 0.7075606276747504, "nll": 0.6139257965696555, "mse": 0.21120557131847698, "N": 2103, "over_prob": 0.0, "under_prob": 0.005952380952380931, "over_counts": {"0": 1344}, "under_counts": {"0": 1336, "1": 7, "2": 1}, "avg_over_mag": 0.0, "avg_under_mag": 1.125, "avg_over": 0.0, "avg_under": 1.125}], [[0.75, 0.8], {"acc": 0.7615273775216138, "nll": 0.5587461387132749, "mse": 0.18559861638075723, "N": 1388, "over_prob": 0.0, "under_prob": 0.011879049676025932, "over_counts": {"0": 926}, "under_counts": {"0": 915, "1": 7, "2": 4}, "avg_over_mag": 0.0, "avg_under_mag": 1.3636363636363635, "avg_over": 0.0, "avg_under": 1.3636363636363635}], [[0.8, 0.8500000000000001], {"acc": 0.8380520951302378, "nll": 0.46303259135706426, "mse": 0.14301369033131095, "N": 883, "over_prob": 0.0, "under_prob": 0.08877721943048578, "over_counts": {"0": 597}, "under_counts": {"0": 544, "1": 49, "2": 2, "3": 2}, "avg_over_mag": 0.0, "avg_under_mag": 1.1132075471698113, "avg_over": 0.0, "avg_under": 1.1132075471698113}], [[0.8500000000000001, 0.9], {"acc": 0.8730769230769231, "nll": 0.38715302013502645, "mse": 0.11262622451042521, "N": 520, "over_prob": 0.6807909604519774, "under_prob": 0.0, "over_counts": {"1": 188, "0": 113, "2": 38, "3": 9, "4": 4, "5": 1, "7": 1}, "under_counts": {"0": 354}, "avg_over_mag": 1.3236514522821576, "avg_under_mag": 0.0, "avg_over": 1.3236514522821576, "avg_under": 0.0}], [[0.9, 0.9500000000000001], {"acc": 0.9212328767123288, "nll": 0.2908801090744651, "mse": 0.07568889718494758, "N": 292, "over_prob": 0.16315789473684206, "under_prob": 0.0, "over_counts": {"0": 159, "1": 27, "2": 4}, "under_counts": {"0": 190}, "avg_over_mag": 1.1290322580645162, "avg_under_mag": 0.0, "avg_over": 1.1290322580645162, "avg_under": 0.0}], [[0.9500000000000001, 1.0], {"acc": 0.9836065573770492, "nll": 0.09803486083659049, "mse": 0.01658538160011308, "N": 61, "over_prob": 0.0, "under_prob": 0.0, "over_counts": {"0": 44}, "under_counts": {"0": 44}, "avg_over_mag": 0.0, "avg_under_mag": 0.0, "avg_over": 0.0, "avg_under": 0.0}]]}