{"auc": 0.7014900178247304, "over_prob": 0.016754250386398772, "under_prob": 0.005873261205564195, "over_counts": {"0": 15904, "1": 197, "2": 56, "3": 11, "4": 4, "5": 1, "6": 1, "9": 1}, "under_counts": {"0": 16080, "1": 64, "2": 23, "3": 5, "5": 2, "4": 1}, "avg_over_mag": 1.3948339483394834, "avg_under_mag": 1.4631578947368422, "avg_over": 1.3948339483394834, "avg_under": 1.4631578947368422, "acc": 0.680294848718608, "nll": 0.5974261390013368, "mse": 0.20558393533849997, "metrics_by_prob": [[[0.0, 0.05], {"acc": 0.9657534246575342, "nll": 0.16010794979064105, "mse": 0.03603336375071962, "N": 584, "over_prob": 0.0, "under_prob": 0.0, "over_counts": {"0": 178}, "under_counts": {"0": 178}, "avg_over_mag": 0.0, "avg_under_mag": 0.0, "avg_over": 0.0, "avg_under": 0.0}], [[0.05, 0.1], {"acc": 0.918484090096532, "nll": 0.28853142933647763, "mse": 0.07639756686086177, "N": 2797, "over_prob": 0.0, "under_prob": 0.0, "over_counts": {"0": 903}, "under_counts": {"0": 903}, "avg_over_mag": 0.0, "avg_under_mag": 0.0, "avg_over": 0.0, "avg_under": 0.0}], [[0.1, 0.15000000000000002], {"acc": 0.8711127089699803, "nll": 0.3928545522007652, "mse": 0.11478710145597366, "N": 5563, "over_prob": 0.0, "under_prob": 0.0, "over_counts": {"0": 1836}, "under_counts": {"0": 1836}, "avg_over_mag": 0.0, "avg_under_mag": 0.0, "avg_over": 0.0, "avg_under": 0.0}], [[0.15000000000000002, 0.2], {"acc": 0.8196909717788278, "nll": 0.47791013331400706, "mse": 0.14970503749738706, "N": 7831, "over_prob": 0.0, "under_prob": 0.0, "over_counts": {"0": 2853}, "under_counts": {"0": 2853}, "avg_over_mag": 0.0, "avg_under_mag": 0.0, "avg_over": 0.0, "avg_under": 0.0}], [[0.2, 0.25], {"acc": 0.7698454421196509, "nll": 0.5468045644374879, "mse": 0.1800625575297452, "N": 9511, "over_prob": 0.0, "under_prob": 0.0, "over_counts": {"0": 3725}, "under_counts": {"0": 3725}, "avg_over_mag": 0.0, "avg_under_mag": 0.0, "avg_over": 0.0, "avg_under": 0.0}], [[0.25, 0.30000000000000004], {"acc": 0.7267896821563135, "nll": 0.593450880523954, "mse": 0.20153802812048366, "N": 10351, "over_prob": 0.0, "under_prob": 0.0, "over_counts": {"0": 4234}, "under_counts": {"0": 4234}, "avg_over_mag": 0.0, "avg_under_mag": 0.0, "avg_over": 0.0, "avg_under": 0.0}], [[0.30000000000000004, 0.35000000000000003], {"acc": 0.6696590679846681, "nll": 0.6401137518166566, "mse": 0.22368404665003008, "N": 9914, "over_prob": 0.0, "under_prob": 0.0, "over_counts": {"0": 4410}, "under_counts": {"0": 4410}, "avg_over_mag": 0.0, "avg_under_mag": 0.0, "avg_over": 0.0, "avg_under": 0.0}], [[0.35000000000000003, 0.4], {"acc": 0.6218826276132866, "nll": 0.6670920143509552, "mse": 0.2367707558366074, "N": 9423, "over_prob": 0.0, "under_prob": 0.00022893772893772812, "over_counts": {"0": 4368}, "under_counts": {"0": 4367, "1": 1}, "avg_over_mag": 0.0, "avg_under_mag": 1.0, "avg_over": 0.0, "avg_under": 1.0}], [[0.4, 0.45], {"acc": 0.5544306961629796, "nll": 0.6961703285152628, "mse": 0.25106538144745216, "N": 8001, "over_prob": 0.0, "under_prob": 0.0, "over_counts": {"0": 4123}, "under_counts": {"0": 4123}, "avg_over_mag": 0.0, "avg_under_mag": 0.0, "avg_over": 0.0, "avg_under": 0.0}], [[0.45, 0.5], {"acc": 0.5266220541169625, "nll": 0.6983218554661462, "mse": 0.2523808743373928, "N": 6874, "over_prob": 0.0, "under_prob": 0.0, "over_counts": {"0": 3804}, "under_counts": {"0": 3804}, "avg_over_mag": 0.0, "avg_under_mag": 0.0, "avg_over": 0.0, "avg_under": 0.0}], [[0.5, 0.55], {"acc": 0.5035217316612266, "nll": 0.7029813117056191, "mse": 0.2546897432123662, "N": 5821, "over_prob": 0.0, "under_prob": 0.0005979073243647104, "over_counts": {"0": 3345}, "under_counts": {"0": 3343, "1": 2}, "avg_over_mag": 0.0, "avg_under_mag": 1.0, "avg_over": 0.0, "avg_under": 1.0}], [[0.55, 0.6000000000000001], {"acc": 0.541086210377549, "nll": 0.6930964997730452, "mse": 0.24981978501596927, "N": 4953, "over_prob": 0.0, "under_prob": 0.0003455425017276914, "over_counts": {"0": 2894}, "under_counts": {"0": 2893, "1": 1}, "avg_over_mag": 0.0, "avg_under_mag": 1.0, "avg_over": 0.0, "avg_under": 1.0}], [[0.6000000000000001, 0.65], {"acc": 0.5982532751091703, "nll": 0.6757080346291605, "mse": 0.24108804043198923, "N": 3664, "over_prob": 0.0, "under_prob": 0.0008752735229758946, "over_counts": {"0": 2285}, "under_counts": {"0": 2283, "1": 2}, "avg_over_mag": 0.0, "avg_under_mag": 1.0, "avg_over": 0.0, "avg_under": 1.0}], [[0.65, 0.7000000000000001], {"acc": 0.6431070678796361, "nll": 0.6572113243181563, "mse": 0.23191872087864848, "N": 2858, "over_prob": 0.0, "under_prob": 0.003206841261357618, "over_counts": {"0": 1871}, "under_counts": {"0": 1865, "1": 6}, "avg_over_mag": 0.0, "avg_under_mag": 1.0, "avg_over": 0.0, "avg_under": 1.0}], [[0.7000000000000001, 0.75], {"acc": 0.7084729535662997, "nll": 0.6062225261937984, "mse": 0.207812329158032, "N": 2089, "over_prob": 0.0, "under_prob": 0.007052186177715081, "over_counts": {"0": 1418}, "under_counts": {"0": 1408, "1": 7, "2": 3}, "avg_over_mag": 0.0, "avg_under_mag": 1.3, "avg_over": 0.0, "avg_under": 1.3}], [[0.75, 0.8], {"acc": 0.7863247863247863, "nll": 0.5401788513805036, "mse": 0.17680560381561375, "N": 1404, "over_prob": 0.0, "under_prob": 0.029743589743589705, "over_counts": {"0": 975}, "under_counts": {"0": 946, "1": 23, "2": 5, "3": 1}, "avg_over_mag": 0.0, "avg_under_mag": 1.2413793103448276, "avg_over": 0.0, "avg_under": 1.2413793103448276}], [[0.8, 0.8500000000000001], {"acc": 0.8477777777777777, "nll": 0.452899741911677, "mse": 0.13891737388186665, "N": 900, "over_prob": 0.0, "under_prob": 0.10641627543035992, "over_counts": {"0": 639}, "under_counts": {"0": 571, "1": 60, "2": 6, "3": 2}, "avg_over_mag": 0.0, "avg_under_mag": 1.1470588235294117, "avg_over": 0.0, "avg_under": 1.1470588235294117}], [[0.8500000000000001, 0.9], {"acc": 0.8640973630831643, "nll": 0.3971164879208911, "mse": 0.11755932362248737, "N": 493, "over_prob": 0.7094972067039106, "under_prob": 0.0, "over_counts": {"1": 205, "0": 104, "2": 38, "3": 6, "5": 2, "4": 2, "7": 1}, "under_counts": {"0": 358}, "avg_over_mag": 1.2755905511811023, "avg_under_mag": 0.0, "avg_over": 1.2755905511811023, "avg_under": 0.0}], [[0.9, 0.9500000000000001], {"acc": 0.9163346613545816, "nll": 0.3018252944661079, "mse": 0.07967435171423315, "N": 251, "over_prob": 0.227979274611399, "under_prob": 0.0, "over_counts": {"0": 149, "1": 36, "2": 8}, "under_counts": {"0": 193}, "avg_over_mag": 1.1818181818181819, "avg_under_mag": 0.0, "avg_over": 1.1818181818181819, "avg_under": 0.0}], [[0.9500000000000001, 1.0], {"acc": 1.0, "nll": 0.07347301405487637, "mse": 0.005772974322589908, "N": 54, "over_prob": 0.045454545454545414, "under_prob": 0.0, "over_counts": {"0": 42, "1": 2}, "under_counts": {"0": 44}, "avg_over_mag": 1.0, "avg_under_mag": 0.0, "avg_over": 1.0, "avg_under": 0.0}]]}