{"over_prob": 0.4362229769798911, "under_prob": 0.03970564450913794, "over_counts": {"0": 20915, "1": 6021, "2": 3129, "3": 2025, "4": 1269, "5": 926, "6": 701, "7": 449, "8": 334, "9": 254, "10": 188, "11": 156, "12": 131, "13": 82, "14": 78, "15": 69, "16": 45, "17": 34, "19": 31, "21": 31, "18": 31, "22": 21, "20": 18, "23": 16, "24": 16, "27": 11, "29": 11, "25": 9, "26": 9, "31": 9, "37": 7, "28": 6, "42": 5, "47": 5, "39": 4, "32": 4, "50": 3, "30": 3, "53": 3, "54": 3, "34": 3, "33": 3, "36": 3, "41": 2, "35": 2, "38": 2, "55": 2, "43": 2, "44": 2, "57": 1, "52": 1, "46": 1, "45": 1, "89": 1, "48": 1, "60": 1, "49": 1, "51": 1, "64": 1, "111": 1, "65": 1, "58": 1, "66": 1, "79": 1}, "under_counts": {"0": 35625, "1": 1075, "2": 226, "3": 100, "4": 32, "5": 19, "6": 6, "7": 4, "10": 3, "9": 3, "8": 1, "11": 1, "14": 1, "12": 1, "19": 1}, "avg_over_mag": 3.5982203546931966, "avg_under_mag": 1.5173116089613035, "avg_over": 3.5982203546931966, "avg_under": 1.5173116089613035, "acc": 0.7027736501411104, "auc": 0.6407711541737211, "nll": 0.5913813355605714, "mse": 0.20182869949716728, "metrics_by_prob": [[[0.0, 0.05], {"acc": 0.7603686635944701, "nll": 0.4093477147720771, "mse": 0.13502785817350224, "N": 868, "over_prob": 0.0, "under_prob": 0.002915451895043719, "over_counts": {"0": 343}, "under_counts": {"0": 342, "1": 1}, "avg_over_mag": 0.0, "avg_under_mag": 1.0, "avg_over": 0.0, "avg_under": 1.0}], [[0.05, 0.1], {"acc": 0.5347432024169184, "nll": 0.6538472884157918, "mse": 0.2341560428592957, "N": 1324, "over_prob": 0.0, "under_prob": 0.005056890012642201, "over_counts": {"0": 791}, "under_counts": {"0": 787, "1": 4}, "avg_over_mag": 0.0, "avg_under_mag": 1.0, "avg_over": 0.0, "avg_under": 1.0}], [[0.1, 0.15000000000000002], {"acc": 0.4649350649350649, "nll": 0.7168101133751428, "mse": 0.26233092266900015, "N": 1925, "over_prob": 0.0, "under_prob": 0.0008403361344537785, "over_counts": {"0": 1190}, "under_counts": {"0": 1189, "1": 1}, "avg_over_mag": 0.0, "avg_under_mag": 1.0, "avg_over": 0.0, "avg_under": 1.0}], [[0.15000000000000002, 0.2], {"acc": 0.4142857142857143, "nll": 0.7486914950631143, "mse": 0.2766404882966824, "N": 2450, "over_prob": 0.0, "under_prob": 0.001809408926417344, "over_counts": {"0": 1658}, "under_counts": {"0": 1655, "1": 3}, "avg_over_mag": 0.0, "avg_under_mag": 1.0, "avg_over": 0.0, "avg_under": 1.0}], [[0.2, 0.25], {"acc": 0.37446808510638296, "nll": 0.7884125707902431, "mse": 0.29493357352923627, "N": 3290, "over_prob": 0.0, "under_prob": 0.002230151650312262, "over_counts": {"0": 2242}, "under_counts": {"0": 2237, "1": 5}, "avg_over_mag": 0.0, "avg_under_mag": 1.0, "avg_over": 0.0, "avg_under": 1.0}], [[0.25, 0.30000000000000004], {"acc": 0.3672627235213205, "nll": 0.7945304302303638, "mse": 0.2975773397486506, "N": 4362, "over_prob": 0.0, "under_prob": 0.0020526855969893454, "over_counts": {"0": 2923}, "under_counts": {"0": 2917, "1": 6}, "avg_over_mag": 0.0, "avg_under_mag": 1.0, "avg_over": 0.0, "avg_under": 1.0}], [[0.30000000000000004, 0.35000000000000003], {"acc": 0.4024186046511628, "nll": 0.7799199713322432, "mse": 0.290651542351347, "N": 5375, "over_prob": 0.0, "under_prob": 0.0019558535903884122, "over_counts": {"0": 3579}, "under_counts": {"0": 3572, "1": 7}, "avg_over_mag": 0.0, "avg_under_mag": 1.0, "avg_over": 0.0, "avg_under": 1.0}], [[0.35000000000000003, 0.4], {"acc": 0.402433595488945, "nll": 0.7851685643894307, "mse": 0.29285537153689156, "N": 6739, "over_prob": 0.0, "under_prob": 0.002277385561375578, "over_counts": {"0": 4391}, "under_counts": {"0": 4381, "1": 9, "2": 1}, "avg_over_mag": 0.0, "avg_under_mag": 1.1, "avg_over": 0.0, "avg_under": 1.1}], [[0.4, 0.45], {"acc": 0.44172145845786015, "nll": 0.7620012051842519, "mse": 0.2821825550163598, "N": 8365, "over_prob": 0.0, "under_prob": 0.002256487401278706, "over_counts": {"0": 5318}, "under_counts": {"0": 5306, "1": 12}, "avg_over_mag": 0.0, "avg_under_mag": 1.0, "avg_over": 0.0, "avg_under": 1.0}], [[0.45, 0.5], {"acc": 0.48309130694251046, "nll": 0.7462177999704087, "mse": 0.2743696872834004, "N": 10054, "over_prob": 0.0, "under_prob": 0.003355168557277466, "over_counts": {"0": 6259}, "under_counts": {"0": 6238, "1": 20, "2": 1}, "avg_over_mag": 0.0, "avg_under_mag": 1.0476190476190477, "avg_over": 0.0, "avg_under": 1.0476190476190477}], [[0.5, 0.55], {"acc": 0.5240285487708168, "nll": 0.7241906401073214, "mse": 0.26375845520245256, "N": 12610, "over_prob": 0.0, "under_prob": 0.004554588077695931, "over_counts": {"0": 7465}, "under_counts": {"0": 7431, "1": 33, "2": 1}, "avg_over_mag": 0.0, "avg_under_mag": 1.0294117647058822, "avg_over": 0.0, "avg_under": 1.0294117647058822}], [[0.55, 0.6000000000000001], {"acc": 0.5657569850552306, "nll": 0.7059354967132475, "mse": 0.2547410112659717, "N": 15390, "over_prob": 0.0, "under_prob": 0.0057895334317175084, "over_counts": {"0": 8809}, "under_counts": {"0": 8758, "1": 49, "2": 1, "3": 1}, "avg_over_mag": 0.0, "avg_under_mag": 1.0588235294117647, "avg_over": 0.0, "avg_under": 1.0588235294117647}], [[0.6000000000000001, 0.65], {"acc": 0.611767824012722, "nll": 0.6781814597918249, "mse": 0.24145002205793908, "N": 18865, "over_prob": 0.0, "under_prob": 0.010545665634674961, "over_counts": {"0": 10336}, "under_counts": {"0": 10227, "1": 104, "2": 5}, "avg_over_mag": 0.0, "avg_under_mag": 1.0458715596330275, "avg_over": 0.0, "avg_under": 1.0458715596330275}], [[0.65, 0.7000000000000001], {"acc": 0.6639964981396367, "nll": 0.6448807993369028, "mse": 0.2256885352098102, "N": 22845, "over_prob": 0.0, "under_prob": 0.013169146570891077, "over_counts": {"0": 11694}, "under_counts": {"0": 11540, "1": 146, "2": 8}, "avg_over_mag": 0.0, "avg_under_mag": 1.051948051948052, "avg_over": 0.0, "avg_under": 1.051948051948052}], [[0.7000000000000001, 0.75], {"acc": 0.7145463834756587, "nll": 0.6099995285253241, "mse": 0.20901032156529292, "N": 27402, "over_prob": 0.0, "under_prob": 0.020284589766878636, "over_counts": {"0": 13212}, "under_counts": {"0": 12944, "1": 245, "2": 17, "3": 5, "5": 1}, "avg_over_mag": 0.0, "avg_under_mag": 1.1156716417910448, "avg_over": 0.0, "avg_under": 1.1156716417910448}], [[0.75, 0.8], {"acc": 0.7668833794755343, "nll": 0.5674434334905598, "mse": 0.18924959061980215, "N": 32147, "over_prob": 0.0, "under_prob": 0.030559212805765346, "over_counts": {"0": 14431}, "under_counts": {"0": 13990, "1": 391, "2": 45, "3": 3, "4": 1, "6": 1}, "avg_over_mag": 0.0, "avg_under_mag": 1.1337868480725624, "avg_over": 0.0, "avg_under": 1.1337868480725624}], [[0.8, 0.8500000000000001], {"acc": 0.817638810992709, "nll": 0.5191819259107138, "mse": 0.16712177622191954, "N": 35660, "over_prob": 0.0, "under_prob": 0.04986841217356097, "over_counts": {"0": 14819}, "under_counts": {"0": 14080, "1": 581, "2": 112, "3": 27, "4": 7, "5": 4, "6": 2, "9": 2, "8": 2, "12": 1, "7": 1}, "avg_over_mag": 0.0, "avg_under_mag": 1.3518267929634642, "avg_over": 0.0, "avg_under": 1.3518267929634642}], [[0.8500000000000001, 0.9], {"acc": 0.8679850659199627, "nll": 0.4640156602230822, "mse": 0.14234427268545732, "N": 34284, "over_prob": 0.9742590277267045, "under_prob": 0.0, "over_counts": {"1": 6532, "2": 2902, "3": 1436, "4": 811, "5": 488, "0": 350, "6": 324, "7": 192, "8": 145, "9": 94, "10": 78, "11": 44, "12": 43, "13": 28, "14": 25, "15": 16, "16": 15, "18": 12, "17": 10, "19": 6, "30": 5, "20": 5, "23": 5, "25": 4, "21": 4, "22": 4, "24": 4, "29": 3, "33": 2, "37": 2, "32": 1, "38": 1, "71": 1, "28": 1, "35": 1, "36": 1, "26": 1, "48": 1}, "under_counts": {"0": 13597}, "avg_over_mag": 2.4435721295387633, "avg_under_mag": 0.0, "avg_over": 2.4435721295387633, "avg_under": 0.0}], [[0.9, 0.9500000000000001], {"acc": 0.919307388417248, "nll": 0.39150451098470024, "mse": 0.1113379699863728, "N": 23794, "over_prob": 0.9624382207578254, "under_prob": 0.0, "over_counts": {"1": 4370, "2": 1853, "3": 1026, "4": 539, "0": 342, "5": 340, "6": 163, "7": 125, "8": 70, "9": 63, "10": 45, "11": 33, "12": 22, "13": 20, "14": 12,