{"acc": 0.7243171825250709, "auc": 0.7813311477447433, "nll": 0.5440155300090654, "mse": 0.18243065014660964}