{"auc": 0.74721851889231, "over_prob": 0.3064929020246684, "under_prob": 0.1652315569001629, "over_counts": {"0": 2980, "1": 696, "2": 287, "3": 138, "4": 71, "5": 51, "6": 24, "7": 13, "9": 11, "8": 11, "10": 6, "11": 5, "12": 1, "13": 1, "16": 1, "20": 1}, "under_counts": {"0": 3587, "1": 525, "2": 109, "3": 34, "4": 20, "5": 11, "7": 4, "9": 2, "6": 2, "10": 1, "15": 1, "8": 1}, "avg_over_mag": 2.1419893697798025, "avg_under_mag": 1.508450704225352, "avg_over": 2.1419893697798025, "avg_under": 1.508450704225352, "acc": 0.725004546281142, "nll": 0.5448647344476717, "mse": 0.18311102256321438, "metrics_by_prob": [[[0.0, 0.05], {"acc": 0.9491150442477876, "nll": 0.1995786605085723, "mse": 0.04820768262108662, "N": 452, "over_prob": 0.0, "under_prob": 0.0, "over_counts": {"0": 76}, "under_counts": {"0": 76}, "avg_over_mag": 0.0, "avg_under_mag": 0.0, "avg_over": 0.0, "avg_under": 0.0}], [[0.05, 0.1], {"acc": 0.864406779661017, "nll": 0.41055084627933314, "mse": 0.12500438312340678, "N": 295, "over_prob": 0.0, "under_prob": 0.0, "over_counts": {"0": 138}, "under_counts": {"0": 138}, "avg_over_mag": 0.0, "avg_under_mag": 0.0, "avg_over": 0.0, "avg_under": 0.0}], [[0.1, 0.15000000000000002], {"acc": 0.8142493638676844, "nll": 0.48764071133533426, "mse": 0.15359155690290863, "N": 393, "over_prob": 0.0, "under_prob": 0.004545454545454519, "over_counts": {"0": 220}, "under_counts": {"0": 219, "1": 1}, "avg_over_mag": 0.0, "avg_under_mag": 1.0, "avg_over": 0.0, "avg_under": 1.0}], [[0.15000000000000002, 0.2], {"acc": 0.7097505668934241, "nll": 0.5892597744376943, "mse": 0.19922878428416993, "N": 441, "over_prob": 0.0, "under_prob": 0.0, "over_counts": {"0": 272}, "under_counts": {"0": 272}, "avg_over_mag": 0.0, "avg_under_mag": 0.0, "avg_over": 0.0, "avg_under": 0.0}], [[0.2, 0.25], {"acc": 0.6404715127701375, "nll": 0.6321408133455115, "mse": 0.21947082904026663, "N": 509, "over_prob": 0.0, "under_prob": 0.0, "over_counts": {"0": 329}, "under_counts": {"0": 329}, "avg_over_mag": 0.0, "avg_under_mag": 0.0, "avg_over": 0.0, "avg_under": 0.0}], [[0.25, 0.30000000000000004], {"acc": 0.6252158894645942, "nll": 0.6722566590654699, "mse": 0.23633609057808097, "N": 579, "over_prob": 0.0, "under_prob": 0.0025380710659898, "over_counts": {"0": 394}, "under_counts": {"0": 393, "1": 1}, "avg_over_mag": 0.0, "avg_under_mag": 1.0, "avg_over": 0.0, "avg_under": 1.0}], [[0.30000000000000004, 0.35000000000000003], {"acc": 0.5833333333333334, "nll": 0.6890385154796079, "mse": 0.24626967800385724, "N": 684, "over_prob": 0.0, "under_prob": 0.006507592190889366, "over_counts": {"0": 461}, "under_counts": {"0": 458, "1": 3}, "avg_over_mag": 0.0, "avg_under_mag": 1.0, "avg_over": 0.0, "avg_under": 1.0}], [[0.35000000000000003, 0.4], {"acc": 0.5186666666666667, "nll": 0.7314070945782922, "mse": 0.2662206141760628, "N": 750, "over_prob": 0.0, "under_prob": 0.0, "over_counts": {"0": 510}, "under_counts": {"0": 510}, "avg_over_mag": 0.0, "avg_under_mag": 0.0, "avg_over": 0.0, "avg_under": 0.0}], [[0.4, 0.45], {"acc": 0.5027262813522355, "nll": 0.734595527028952, "mse": 0.2676194092715866, "N": 917, "over_prob": 0.0, "under_prob": 0.009740259740259716, "over_counts": {"0": 616}, "under_counts": {"0": 610, "1": 6}, "avg_over_mag": 0.0, "avg_under_mag": 1.0, "avg_over": 0.0, "avg_under": 1.0}], [[0.45, 0.5], {"acc": 0.4975514201762977, "nll": 0.74735721737511, "mse": 0.27330601533616905, "N": 1021, "over_prob": 0.0, "under_prob": 0.007440476190476164, "over_counts": {"0": 672}, "under_counts": {"0": 667, "1": 5}, "avg_over_mag": 0.0, "avg_under_mag": 1.0, "avg_over": 0.0, "avg_under": 1.0}], [[0.5, 0.55], {"acc": 0.5, "nll": 0.7413324164311531, "mse": 0.27082828245064117, "N": 1292, "over_prob": 0.0, "under_prob": 0.008567931456548328, "over_counts": {"0": 817}, "under_counts": {"0": 810, "1": 6, "2": 1}, "avg_over_mag": 0.0, "avg_under_mag": 1.1428571428571428, "avg_over": 0.0, "avg_under": 1.1428571428571428}], [[0.55, 0.6000000000000001], {"acc": 0.5228494623655914, "nll": 0.7233236884499603, "mse": 0.26229824904022747, "N": 1488, "over_prob": 0.0, "under_prob": 0.020787746170678356, "over_counts": {"0": 914}, "under_counts": {"0": 895, "1": 17, "2": 1, "3": 1}, "avg_over_mag": 0.0, "avg_under_mag": 1.1578947368421053, "avg_over": 0.0, "avg_under": 1.1578947368421053}], [[0.6000000000000001, 0.65], {"acc": 0.5858823529411765, "nll": 0.69574325863423, "mse": 0.24887287249947923, "N": 1700, "over_prob": 0.0, "under_prob": 0.030097087378640808, "over_counts": {"0": 1030}, "under_counts": {"0": 999, "1": 29, "3": 1, "2": 1}, "avg_over_mag": 0.0, "avg_under_mag": 1.096774193548387, "avg_over": 0.0, "avg_under": 1.096774193548387}], [[0.65, 0.7000000000000001], {"acc": 0.6589906908378246, "nll": 0.6542772038245166, "mse": 0.2293931962979602, "N": 2041, "over_prob": 0.0, "under_prob": 0.042158516020236125, "over_counts": {"0": 1186}, "under_counts": {"0": 1136, "1": 45, "2": 5}, "avg_over_mag": 0.0, "avg_under_mag": 1.1, "avg_over": 0.0, "avg_under": 1.1}], [[0.7000000000000001, 0.75], {"acc": 0.6925385934819898, "nll": 0.6261052554821928, "mse": 0.2153791579199536, "N": 2332, "over_prob": 0.0, "under_prob": 0.07824143070044709, "over_counts": {"0": 1342}, "under_counts": {"0": 1237, "1": 95, "2": 6, "3": 4}, "avg_over_mag": 0.0, "avg_under_mag": 1.1333333333333333, "avg_over": 0.0, "avg_under": 1.1333333333333333}], [[0.75, 0.8], {"acc": 0.7663479923518165, "nll": 0.5469685601120702, "mse": 0.17993884533545426, "N": 2615, "over_prob": 0.0, "under_prob": 0.15325936199722612, "over_counts": {"0": 1442}, "under_counts": {"0": 1221, "1": 190, "2": 24, "3": 4, "4": 2, "6": 1}, "avg_over_mag": 0.0, "avg_under_mag": 1.1945701357466063, "avg_over": 0.0, "avg_under": 1.1945701357466063}], [[0.8, 0.8500000000000001], {"acc": 0.8003985386914646, "nll": 0.5117406573538076, "mse": 0.16389888948799813, "N": 3011, "over_prob": 0.0, "under_prob": 0.2803970223325062, "over_counts": {"0": 1612}, "under_counts": {"0": 1160, "1": 383, "2": 48, "3": 13, "4": 6, "5": 1, "6": 1}, "avg_over_mag": 0.0, "avg_under_mag": 1.2234513274336283, "avg_over": 0.0, "avg_under": 1.2234513274336283}], [[0.8500000000000001, 0.9], {"acc": 0.8832550860719874, "nll": 0.3867102788852175, "mse": 0.11206387143035644, "N": 3195, "over_prob": 0.7255029201817003, "under_prob": 0.0, "over_counts": {"1": 688, "0": 423, "2": 222, "3": 113, "4": 45, "5": 21, "6": 11, "7": 9, "8": 6, "9": 2, "15": 1}, "under_counts": {"0": 1541}, "avg_over_mag": 1.7584973166368516, "avg_under_mag": 0.0, "avg_over": 1.7584973166368516, "avg_under": 0.0}], [[0.9, 0.9500000000000001], {"acc": 0.93515005174198, "nll": 0.26423677026454967, "mse": 0.06667705021526275, "N": 2899, "over_prob": 0.4394957983193277, "under_prob": 0.0, "over_counts": {"0": 667, "1": 364, "2": 95, "3": 36, "4": 12, "5": 8, "7": 3, "6": 3, "10": 1, "8": 1}, "under_counts": {"0": 1190}, "avg_over_mag": 1.5430210325047802, "avg_under_mag": 0.0, "avg_over": 1.5430210325047802, "avg_under": 0.0}], [[0.9500000000000001, 1.0], {"acc": 0.9591373439273553, "nll": 0.18800698760941414, "mse": 0.042570274743287194, "N": 881, "over_prob": 0.09582309582309578, "under_prob": 0.0, "over_counts": {"0": 368, "1": 35, "2": 2, "5": 1, "4": 1}, "under_counts": {"0": 407}, "avg_over_mag": 1.2307692307692308, "avg_under_mag": 0.0, "avg_over": 1.2307692307692308, "avg_under": 0.0}]]}