{"over_prob": 0.35369305996397016, "under_prob": 0.015527151068027822, "over_counts": {"0": 7534, "3": 1443, "2": 979, "1": 904, "4": 195, "5": 188, "6": 169, "7": 68, "8": 55, "9": 42, "10": 21, "12": 12, "13": 10, "11": 9, "14": 6, "17": 6, "15": 4, "18": 3, "20": 2, "24": 2, "16": 1, "21": 1, "22": 1, "19": 1, "23": 1}, "under_counts": {"0": 11476, "1": 126, "2": 31, "3": 13, "4": 6, "5": 5}, "avg_over_mag": 2.981081736599563, "avg_under_mag": 1.5248618784530388, "avg_over": 2.981081736599563, "avg_under": 1.5248618784530388, "acc": 0.7305277040900439, "auc": 0.6452200296121273, "nll": 0.5617296247001321, "mse": 0.18866312741013158, "metrics_by_prob": [[[0.0, 0.05], {"acc": 0.0, "nll": 0.8430590721422773, "mse": 0.32445337882280967, "N": 1, "over_prob": 0.0, "under_prob": 0.0, "over_counts": {"0": 1}, "under_counts": {"0": 1}, "avg_over_mag": 0.0, "avg_under_mag": 0.0, "avg_over": 0.0, "avg_under": 0.0}], [[0.05, 0.1], {"acc": 0.21052631578947367, "nll": 0.8318884128974248, "mse": 0.31811031865215683, "N": 19, "over_prob": 0.0, "under_prob": 0.0, "over_counts": {"0": 10}, "under_counts": {"0": 10}, "avg_over_mag": 0.0, "avg_under_mag": 0.0, "avg_over": 0.0, "avg_under": 0.0}], [[0.1, 0.15000000000000002], {"acc": 0.25, "nll": 0.8805709809715139, "mse": 0.3392033021004977, "N": 44, "over_prob": 0.0, "under_prob": 0.0, "over_counts": {"0": 24}, "under_counts": {"0": 24}, "avg_over_mag": 0.0, "avg_under_mag": 0.0, "avg_over": 0.0, "avg_under": 0.0}], [[0.15000000000000002, 0.2], {"acc": 0.16666666666666666, "nll": 0.9460087354489591, "mse": 0.3699421036832318, "N": 96, "over_prob": 0.0, "under_prob": 0.0, "over_counts": {"0": 57}, "under_counts": {"0": 57}, "avg_over_mag": 0.0, "avg_under_mag": 0.0, "avg_over": 0.0, "avg_under": 0.0}], [[0.2, 0.25], {"acc": 0.2671232876712329, "nll": 0.8763989073507757, "mse": 0.33706321401882416, "N": 146, "over_prob": 0.0, "under_prob": 0.0, "over_counts": {"0": 111}, "under_counts": {"0": 111}, "avg_over_mag": 0.0, "avg_under_mag": 0.0, "avg_over": 0.0, "avg_under": 0.0}], [[0.25, 0.30000000000000004], {"acc": 0.25075528700906347, "nll": 0.8748651020109082, "mse": 0.33679551627807536, "N": 331, "over_prob": 0.0, "under_prob": 0.004405286343612369, "over_counts": {"0": 227}, "under_counts": {"0": 226, "1": 1}, "avg_over_mag": 0.0, "avg_under_mag": 1.0, "avg_over": 0.0, "avg_under": 1.0}], [[0.30000000000000004, 0.35000000000000003], {"acc": 0.3182608695652174, "nll": 0.8374447490932414, "mse": 0.3188750908298307, "N": 575, "over_prob": 0.0, "under_prob": 0.0, "over_counts": {"0": 391}, "under_counts": {"0": 391}, "avg_over_mag": 0.0, "avg_under_mag": 0.0, "avg_over": 0.0, "avg_under": 0.0}], [[0.35000000000000003, 0.4], {"acc": 0.39376443418013857, "nll": 0.8076994323686678, "mse": 0.30428955762059157, "N": 866, "over_prob": 0.0, "under_prob": 0.0, "over_counts": {"0": 549}, "under_counts": {"0": 549}, "avg_over_mag": 0.0, "avg_under_mag": 0.0, "avg_over": 0.0, "avg_under": 0.0}], [[0.4, 0.45], {"acc": 0.42230483271375463, "nll": 0.8012852954331237, "mse": 0.30077714378807213, "N": 1345, "over_prob": 0.0, "under_prob": 0.0012091898428052694, "over_counts": {"0": 827}, "under_counts": {"0": 826, "2": 1}, "avg_over_mag": 0.0, "avg_under_mag": 2.0, "avg_over": 0.0, "avg_under": 2.0}], [[0.45, 0.5], {"acc": 0.47627118644067795, "nll": 0.7692668077570495, "mse": 0.2854145121004481, "N": 1770, "over_prob": 0.0, "under_prob": 0.0008771929824561431, "over_counts": {"0": 1140}, "under_counts": {"0": 1139, "1": 1}, "avg_over_mag": 0.0, "avg_under_mag": 1.0, "avg_over": 0.0, "avg_under": 1.0}], [[0.5, 0.55], {"acc": 0.5242839352428393, "nll": 0.7503222951600006, "mse": 0.2758021804553001, "N": 2409, "over_prob": 0.0, "under_prob": 0.0012642225031606058, "over_counts": {"0": 1582}, "under_counts": {"0": 1580, "1": 2}, "avg_over_mag": 0.0, "avg_under_mag": 1.0, "avg_over": 0.0, "avg_under": 1.0}], [[0.55, 0.6000000000000001], {"acc": 0.5853107344632769, "nll": 0.7014014657292157, "mse": 0.25279508600951467, "N": 3540, "over_prob": 0.0, "under_prob": 0.002225189141076944, "over_counts": {"0": 2247}, "under_counts": {"0": 2242, "1": 5}, "avg_over_mag": 0.0, "avg_under_mag": 1.0, "avg_over": 0.0, "avg_under": 1.0}], [[0.6000000000000001, 0.65], {"acc": 0.6261346444780636, "nll": 0.6730268542578256, "mse": 0.23912872665186924, "N": 5288, "over_prob": 0.0, "under_prob": 0.002872646026172987, "over_counts": {"0": 3133}, "under_counts": {"0": 3124, "1": 9}, "avg_over_mag": 0.0, "avg_under_mag": 1.0, "avg_over": 0.0, "avg_under": 1.0}], [[0.65, 0.7000000000000001], {"acc": 0.6766404199475066, "nll": 0.6324603451145817, "mse": 0.22002831663935934, "N": 7620, "over_prob": 0.0, "under_prob": 0.0021216407355021394, "over_counts": {"0": 4242}, "under_counts": {"0": 4233, "1": 7, "2": 2}, "avg_over_mag": 0.0, "avg_under_mag": 1.2222222222222223, "avg_over": 0.0, "avg_under": 1.2222222222222223}], [[0.7000000000000001, 0.75], {"acc": 0.7324981577008106, "nll": 0.5847720183797157, "mse": 0.19758586369285, "N": 9499, "over_prob": 0.0, "under_prob": 0.004442727448329187, "over_counts": {"0": 5177}, "under_counts": {"0": 5154, "1": 21, "3": 1, "2": 1}, "avg_over_mag": 0.0, "avg_under_mag": 1.1304347826086956, "avg_over": 0.0, "avg_under": 1.1304347826086956}], [[0.75, 0.8], {"acc": 0.775036855036855, "nll": 0.5426631855581698, "mse": 0.17813182054099183, "N": 10175, "over_prob": 0.0, "under_prob": 0.013816925734024155, "over_counts": {"0": 5211}, "under_counts": {"0": 5139, "1": 63, "2": 9}, "avg_over_mag": 0.0, "avg_under_mag": 1.125, "avg_over": 0.0, "avg_under": 1.125}], [[0.8, 0.8500000000000001], {"acc": 0.8301702635289014, "nll": 0.4800118132792314, "mse": 0.14992119934281115, "N": 9221, "over_prob": 0.0, "under_prob": 0.029157919290879408, "over_counts": {"0": 4287}, "under_counts": {"0": 4162, "1": 114, "2": 10, "4": 1}, "avg_over_mag": 0.0, "avg_under_mag": 1.104, "avg_over": 0.0, "avg_under": 1.104}], [[0.8500000000000001, 0.9], {"acc": 0.8725927993301702, "nll": 0.41578259875419304, "mse": 0.12240346416474483, "N": 7166, "over_prob": 0.9301272984441301, "under_prob": 0.0, "over_counts": {"1": 1676, "2": 814, "3": 450, "0": 247, "4": 126, "5": 88, "6": 47, "7": 27, "8": 16, "9": 11, "10": 7, "13": 6, "14": 4, "17": 4, "11": 3, "12": 3, "18": 3, "20": 1, "19": 1, "15": 1}, "under_counts": {"0": 3535}, "avg_over_mag": 2.05139902676399, "avg_under_mag": 0.0, "avg_over": 2.05139902676399, "avg_under": 0.0}], [[0.9, 0.9500000000000001], {"acc": 0.9200325732899023, "nll": 0.331993092317163, "mse": 0.08802186253450991, "N": 6140, "over_prob": 0.9029126213592233, "under_prob": 0.0, "over_counts": {"2": 682, "3": 611, "1": 567, "0": 230, "4": 86, "5": 72, "6": 62, "7": 25, "8": 14, "9": 6, "10": 4, "12": 4, "15": 1, "16": 1, "11": 1, "14": 1, "20": 1, "23": 1}, "under_counts": {"0": 2369}, "avg_over_mag": 2.50958391771856, "avg_under_mag": 0.0, "avg_over": 2.50958391771856, "avg_under": 0.0}], [[0.9500000000000001, 1.0], {"acc": 0.9576271186440678, "nll": 0.22656245655988075, "mse": 0.051406187258194416, "N": 472, "over_prob": 0.38842975206611574, "under_prob": 0.0, "over_counts": {"0": 148, "1": 52, "2": 20, "3": 13, "4": 4, "7": 3, "5": 2}, "under_counts": {"0": 242}, "avg_over_mag": 1.8936170212765957, "avg_under_mag": 0.0, "avg_over": 1.8936170212765957, "avg_under": 0.0}]]}