{"auc": 0.613145267362489, "over_prob": 0.030240868184224445, "under_prob": 0.000264690312334559, "over_counts": {"0": 14655, "1": 264, "2": 100, "3": 47, "4": 26, "5": 6, "6": 3, "11": 2, "8": 2, "7": 2, "9": 2, "12": 1, "13": 1, "10": 1}, "under_counts": {"0": 15108, "1": 4}, "avg_over_mag": 1.886214442013129, "avg_under_mag": 1.0, "avg_over": 1.886214442013129, "avg_under": 1.0, "acc": 0.6311700283124465, "nll": 0.644069601371593, "mse": 0.22628381431403996, "metrics_by_prob": [[[0.0, 0.05], {"acc": 0.9412997903563941, "nll": 0.42378932571988864, "mse": 0.12428306697480315, "N": 477, "over_prob": 0.0, "under_prob": 0.0, "over_counts": {"0": 141}, "under_counts": {"0": 141}, "avg_over_mag": 0.0, "avg_under_mag": 0.0, "avg_over": 0.0, "avg_under": 0.0}], [[0.05, 0.1], {"acc": 0.8997979797979798, "nll": 0.411668017264914, "mse": 0.12070851703825415, "N": 2475, "over_prob": 0.0, "under_prob": 0.0, "over_counts": {"0": 735}, "under_counts": {"0": 735}, "avg_over_mag": 0.0, "avg_under_mag": 0.0, "avg_over": 0.0, "avg_under": 0.0}], [[0.1, 0.15000000000000002], {"acc": 0.8584925467142557, "nll": 0.4822509616844404, "mse": 0.15048689318325895, "N": 4763, "over_prob": 0.0, "under_prob": 0.0, "over_counts": {"0": 1667}, "under_counts": {"0": 1667}, "avg_over_mag": 0.0, "avg_under_mag": 0.0, "avg_over": 0.0, "avg_under": 0.0}], [[0.15000000000000002, 0.2], {"acc": 0.8092623873873874, "nll": 0.5362808728312785, "mse": 0.17476717321880117, "N": 7104, "over_prob": 0.0, "under_prob": 0.0, "over_counts": {"0": 2587}, "under_counts": {"0": 2587}, "avg_over_mag": 0.0, "avg_under_mag": 0.0, "avg_over": 0.0, "avg_under": 0.0}], [[0.2, 0.25], {"acc": 0.7616691035878979, "nll": 0.5744946159984021, "mse": 0.1925956071912425, "N": 8891, "over_prob": 0.0, "under_prob": 0.0, "over_counts": {"0": 3487}, "under_counts": {"0": 3487}, "avg_over_mag": 0.0, "avg_under_mag": 0.0, "avg_over": 0.0, "avg_under": 0.0}], [[0.25, 0.30000000000000004], {"acc": 0.7103257103257103, "nll": 0.6128784786920555, "mse": 0.21067686087636148, "N": 10101, "over_prob": 0.0, "under_prob": 0.0, "over_counts": {"0": 4204}, "under_counts": {"0": 4204}, "avg_over_mag": 0.0, "avg_under_mag": 0.0, "avg_over": 0.0, "avg_under": 0.0}], [[0.30000000000000004, 0.35000000000000003], {"acc": 0.6626734551262853, "nll": 0.6431460117797019, "mse": 0.2251725944236581, "N": 10017, "over_prob": 0.0, "under_prob": 0.0, "over_counts": {"0": 4501}, "under_counts": {"0": 4501}, "avg_over_mag": 0.0, "avg_under_mag": 0.0, "avg_over": 0.0, "avg_under": 0.0}], [[0.35000000000000003, 0.4], {"acc": 0.620336024438141, "nll": 0.6666536794611295, "mse": 0.23651926645271915, "N": 9166, "over_prob": 0.0, "under_prob": 0.0, "over_counts": {"0": 4342}, "under_counts": {"0": 4342}, "avg_over_mag": 0.0, "avg_under_mag": 0.0, "avg_over": 0.0, "avg_under": 0.0}], [[0.4, 0.45], {"acc": 0.5763424894828013, "nll": 0.6923458197990446, "mse": 0.24888567836697334, "N": 8082, "over_prob": 0.0, "under_prob": 0.0, "over_counts": {"0": 4109}, "under_counts": {"0": 4109}, "avg_over_mag": 0.0, "avg_under_mag": 0.0, "avg_over": 0.0, "avg_under": 0.0}], [[0.45, 0.5], {"acc": 0.5191008136808716, "nll": 0.7173334423297408, "mse": 0.261035401179868, "N": 7251, "over_prob": 0.0, "under_prob": 0.0, "over_counts": {"0": 3777}, "under_counts": {"0": 3777}, "avg_over_mag": 0.0, "avg_under_mag": 0.0, "avg_over": 0.0, "avg_under": 0.0}], [[0.5, 0.55], {"acc": 0.48241460940142034, "nll": 0.7256660970222027, "mse": 0.2653753458442702, "N": 5914, "over_prob": 0.0, "under_prob": 0.0, "over_counts": {"0": 3256}, "under_counts": {"0": 3256}, "avg_over_mag": 0.0, "avg_under_mag": 0.0, "avg_over": 0.0, "avg_under": 0.0}], [[0.55, 0.6000000000000001], {"acc": 0.4599027946537059, "nll": 0.7345397593332994, "mse": 0.2696802109718124, "N": 4938, "over_prob": 0.0, "under_prob": 0.0, "over_counts": {"0": 2780}, "under_counts": {"0": 2780}, "avg_over_mag": 0.0, "avg_under_mag": 0.0, "avg_over": 0.0, "avg_under": 0.0}], [[0.6000000000000001, 0.65], {"acc": 0.4224025124313007, "nll": 0.7468102210795721, "mse": 0.2757587155088105, "N": 3821, "over_prob": 0.0, "under_prob": 0.0, "over_counts": {"0": 2322}, "under_counts": {"0": 2322}, "avg_over_mag": 0.0, "avg_under_mag": 0.0, "avg_over": 0.0, "avg_under": 0.0}], [[0.65, 0.7000000000000001], {"acc": 0.4088225078152136, "nll": 0.7487384117547956, "mse": 0.27679917250295866, "N": 2879, "over_prob": 0.0, "under_prob": 0.0, "over_counts": {"0": 1789}, "under_counts": {"0": 1789}, "avg_over_mag": 0.0, "avg_under_mag": 0.0, "avg_over": 0.0, "avg_under": 0.0}], [[0.7000000000000001, 0.75], {"acc": 0.4189253447456015, "nll": 0.7441074515512252, "mse": 0.2745071823462494, "N": 2103, "over_prob": 0.0, "under_prob": 0.0, "over_counts": {"0": 1344}, "under_counts": {"0": 1344}, "avg_over_mag": 0.0, "avg_under_mag": 0.0, "avg_over": 0.0, "avg_under": 0.0}], [[0.75, 0.8], {"acc": 0.4510086455331412, "nll": 0.7209498821461653, "mse": 0.26355914483948656, "N": 1388, "over_prob": 0.0, "under_prob": 0.0, "over_counts": {"0": 926}, "under_counts": {"0": 926}, "avg_over_mag": 0.0, "avg_under_mag": 0.0, "avg_over": 0.0, "avg_under": 0.0}], [[0.8, 0.8500000000000001], {"acc": 0.44280860702151753, "nll": 0.7168187786307653, "mse": 0.2617722526133819, "N": 883, "over_prob": 0.0, "under_prob": 0.00670016750418756, "over_counts": {"0": 597}, "under_counts": {"0": 593, "1": 4}, "avg_over_mag": 0.0, "avg_under_mag": 1.0, "avg_over": 0.0, "avg_under": 1.0}], [[0.8500000000000001, 0.9], {"acc": 0.5153846153846153, "nll": 0.7010571255703719, "mse": 0.2525869849340149, "N": 520, "over_prob": 0.9915254237288136, "under_prob": 0.0, "over_counts": {"1": 254, "2": 55, "3": 25, "4": 9, "5": 7, "0": 3, "7": 1}, "under_counts": {"0": 354}, "avg_over_mag": 1.4729344729344729, "avg_under_mag": 0.0, "avg_over": 1.4729344729344729, "avg_under": 0.0}], [[0.9, 0.9500000000000001], {"acc": 0.6541095890410958, "nll": 0.6373886276866617, "mse": 0.22284239254641924, "N": 292, "over_prob": 0.9842105263157894, "under_prob": 0.0, "over_counts": {"1": 131, "2": 38, "3": 9, "6": 3, "7": 3, "0": 3, "5": 2, "4": 1}, "under_counts": {"0": 190}, "avg_over_mag": 1.53475935828877, "avg_under_mag": 0.0, "avg_over": 1.53475935828877, "avg_under": 0.0}], [[0.9500000000000001, 1.0], {"acc": 0.6065573770491803, "nll": 0.6278192079977637, "mse": 0.22070654618215052, "N": 61, "over_prob": 0.9545454545454546, "under_prob": 0.0, "over_counts": {"1": 28, "2": 12, "3": 2, "0": 2}, "under_counts": {"0": 44}, "avg_over_mag": 1.380952380952381, "avg_under_mag": 0.0, "avg_over": 1.380952380952381, "avg_under": 0.0}]]}