{"acc": 0.7235460435298654, "auc": 0.7022629824468201, "nll": 0.5614257598779091, "mse": 0.18880644113276202}