{"over_prob": 0.062181688973113824, "under_prob": 0.6264361009119981, "over_counts": {"0": 7918, "1": 339, "2": 87, "3": 33, "4": 25, "5": 15, "7": 6, "9": 5, "8": 3, "6": 2, "15": 2, "12": 1, "40": 1, "20": 1, "22": 1, "10": 1, "11": 1, "33": 1, "16": 1}, "under_counts": {"0": 3154, "1": 1944, "2": 994, "3": 647, "4": 472, "5": 317, "6": 202, "7": 182, "8": 134, "9": 102, "10": 71, "11": 48, "13": 39, "14": 27, "12": 21, "16": 14, "15": 13, "17": 8, "18": 7, "19": 6, "21": 5, "22": 4, "27": 4, "29": 3, "30": 3, "23": 2, "20": 2, "35": 2, "32": 2, "26": 2, "39": 2, "42": 1, "28": 1, "44": 1, "51": 1, "50": 1, "33": 1, "31": 1, "45": 1, "38": 1, "40": 1}, "avg_over_mag": 2.1028571428571428, "avg_under_mag": 3.445263754963131, "avg_over": 2.1028571428571428, "avg_under": 3.445263754963131, "acc": 0.5943431847046304, "auc": 0.6068137372184126, "nll": 1.137608567091509, "mse": 0.29337248073628447, "metrics_by_prob": [[[0.0, 0.05], {"acc": 0.7878787878787878, "nll": 0.641258199697246, "mse": 0.162940393274468, "N": 495, "over_prob": 0.0, "under_prob": 0.2666666666666667, "over_counts": {"0": 30}, "under_counts": {"0": 22, "1": 3, "9": 1, "19": 1, "7": 1, "2": 1, "3": 1}, "avg_over_mag": 0.0, "avg_under_mag": 5.375, "avg_over": 0.0, "avg_under": 5.375}], [[0.05, 0.1], {"acc": 0.7532894736842105, "nll": 0.7192699409227074, "mse": 0.19402166256310888, "N": 608, "over_prob": 0.0, "under_prob": 0.28888888888888886, "over_counts": {"0": 90}, "under_counts": {"0": 64, "1": 15, "2": 6, "3": 3, "4": 1, "5": 1}, "avg_over_mag": 0.0, "avg_under_mag": 1.7307692307692308, "avg_over": 0.0, "avg_under": 1.7307692307692308}], [[0.1, 0.15000000000000002], {"acc": 0.6941176470588235, "nll": 0.8202004831852912, "mse": 0.22112253510897353, "N": 850, "over_prob": 0.0, "under_prob": 0.2168674698795181, "over_counts": {"0": 166}, "under_counts": {"0": 130, "1": 26, "2": 6, "3": 2, "10": 1, "4": 1}, "avg_over_mag": 0.0, "avg_under_mag": 1.6111111111111112, "avg_over": 0.0, "avg_under": 1.6111111111111112}], [[0.15000000000000002, 0.2], {"acc": 0.6202209005947323, "nll": 0.9599693492681409, "mse": 0.27009378096757647, "N": 1177, "over_prob": 0.0, "under_prob": 0.2921348314606742, "over_counts": {"0": 267}, "under_counts": {"0": 189, "1": 55, "2": 15, "5": 3, "3": 3, "4": 1, "10": 1}, "avg_over_mag": 0.0, "avg_under_mag": 1.5769230769230769, "avg_over": 0.0, "avg_under": 1.5769230769230769}], [[0.2, 0.25], {"acc": 0.5880483153210426, "nll": 1.1520614132761877, "mse": 0.29924331150060046, "N": 1573, "over_prob": 0.0, "under_prob": 0.3111111111111111, "over_counts": {"0": 405}, "under_counts": {"0": 279, "1": 91, "2": 22, "3": 7, "5": 3, "4": 2, "9": 1}, "avg_over_mag": 0.0, "avg_under_mag": 1.492063492063492, "avg_over": 0.0, "avg_under": 1.492063492063492}], [[0.25, 0.30000000000000004], {"acc": 0.536270582999555, "nll": 1.1791600085982419, "mse": 0.3256268696061378, "N": 2247, "over_prob": 0.0, "under_prob": 0.3415435139573071, "over_counts": {"0": 609}, "under_counts": {"0": 401, "1": 138, "2": 47, "3": 17, "4": 3, "6": 2, "10": 1}, "avg_over_mag": 0.0, "avg_under_mag": 1.5240384615384615, "avg_over": 0.0, "avg_under": 1.5240384615384615}], [[0.30000000000000004, 0.35000000000000003], {"acc": 0.5147482014388489, "nll": 1.2208949097482529, "mse": 0.34214618921763884, "N": 2780, "over_prob": 0.0, "under_prob": 0.35834411384217335, "over_counts": {"0": 773}, "under_counts": {"0": 496, "1": 173, "2": 65, "3": 26, "4": 7, "6": 3, "5": 2, "7": 1}, "avg_over_mag": 0.0, "avg_under_mag": 1.6028880866425992, "avg_over": 0.0, "avg_under": 1.6028880866425992}], [[0.35000000000000003, 0.4], {"acc": 0.5124596892406919, "nll": 1.2135559053954557, "mse": 0.3429653269225187, "N": 3411, "over_prob": 0.0, "under_prob": 0.4243353783231084, "over_counts": {"0": 978}, "under_counts": {"0": 563, "1": 259, "2": 103, "3": 34, "4": 12, "5": 5, "6": 2}, "avg_over_mag": 0.0, "avg_under_mag": 1.5710843373493977, "avg_over": 0.0, "avg_under": 1.5710843373493977}], [[0.4, 0.45], {"acc": 0.49009280160521695, "nll": 1.2953232425519177, "mse": 0.35168031727121857, "N": 3987, "over_prob": 0.0, "under_prob": 0.47607052896725444, "over_counts": {"0": 1191}, "under_counts": {"0": 624, "1": 345, "2": 128, "3": 62, "4": 14, "5": 10, "6": 4, "7": 3, "8": 1}, "avg_over_mag": 0.0, "avg_under_mag": 1.6684303350970018, "avg_over": 0.0, "avg_under": 1.6684303350970018}], [[0.45, 0.5], {"acc": 0.5045814244064973, "nll": 1.2713785102776918, "mse": 0.3462529178002109, "N": 4802, "over_prob": 0.0, "under_prob": 0.539389638041164, "over_counts": {"0": 1409}, "under_counts": {"0": 649, "1": 430, "2": 197, "3": 76, "4": 32, "5": 13, "6": 7, "8": 2, "9": 2, "7": 1}, "avg_over_mag": 0.0, "avg_under_mag": 1.7473684210526317, "avg_over": 0.0, "avg_under": 1.7473684210526317}], [[0.5, 0.55], {"acc": 0.508102564102564, "nll": 1.3179302174162868, "mse": 0.3494910000785901, "N": 4875, "over_prob": 0.0, "under_prob": 0.5707610146862483, "over_counts": {"0": 1498}, "under_counts": {"0": 643, "1": 502, "2": 194, "3": 86, "4": 42, "5": 13, "6": 7, "7": 5, "8": 3, "9": 2, "11": 1}, "avg_over_mag": 0.0, "avg_under_mag": 1.7672514619883042, "avg_over": 0.0, "avg_under": 1.7672514619883042}], [[0.55, 0.6000000000000001], {"acc": 0.5372629998122771, "nll": 1.3014197173271276, "mse": 0.3340132242774528, "N": 5327, "over_prob": 0.0, "under_prob": 0.596745027124774, "over_counts": {"0": 1659}, "under_counts": {"0": 669, "1": 560, "2": 217, "3": 117, "4": 46, "5": 17, "6": 13, "7": 12, "11": 2, "9": 2, "8": 2, "10": 1, "14": 1}, "avg_over_mag": 0.0, "avg_under_mag": 1.8747474747474748, "avg_over": 0.0, "avg_under": 1.8747474747474748}], [[0.6000000000000001, 0.65], {"acc": 0.5658019314523764, "nll": 1.2339968114496527, "mse": 0.315281855196368, "N": 5281, "over_prob": 0.0, "under_prob": 0.6255760368663594, "over_counts": {"0": 1736}, "under_counts": {"0": 650, "1": 588, "2": 256, "3": 119, "4": 67, "5": 29, "6": 10, "7": 6, "8": 5, "9": 3, "12": 1, "11": 1, "10": 1}, "avg_over_mag": 0.0, "avg_under_mag": 1.9079189686924494, "avg_over": 0.0, "avg_under": 1.9079189686924494}], [[0.65, 0.7000000000000001], {"acc": 0.6037665485735596, "nll": 1.1585214668492836, "mse": 0.2928260380594282, "N": 5363, "over_prob": 0.0, "under_prob": 0.6698324022346369, "over_counts": {"0": 1790}, "under_counts": {"1": 629, "0": 591, "2": 279, "3": 140, "4": 73, "5": 39, "6": 22, "7": 9, "8": 4, "9": 3, "11": 1}, "avg_over_mag": 0.0, "avg_under_mag": 1.9674728940783988, "avg_over": 0.0, "avg_under": 1.9674728940783988}], [[0.7000000000000001, 0.75], {"acc": 0.6409274622420762, "nll": 1.0436445387673838, "mse": 0.2624651302047023, "N": 4701, "over_prob": 0.0, "under_prob": 0.7128537735849056, "over_counts": {"0": 1696}, "under_counts": {"1": 660, "0": 487, "2": 324, "3": 123, "4": 50, "5": 27, "6": 9, "7": 7, "8": 4, "9": 3, "11": 1, "10": 1}, "avg_over_mag": 0.0, "avg_under_mag": 1.815550041356493, "avg_over": 0.0, "avg_under": 1.815550041356493}], [[0.75, 0.8], {"acc": 0.6997981836528759, "nll": 1.0268533479805522, "mse": 0.23304954606431144, "N": 3964, "over_prob": 0.0, "under_prob": 0.7336387434554974, "over_counts": {"0": 1528}, "under_counts": {"1": 566, "0": 407, "2": 307, "3": 133, "4": 62, "5": 26, "6": 10, "7": 10, "8": 4, "10": 2, "12": 1}, "avg_over_mag": 0.0, "avg_under_mag": 1.918822479928635, "avg_over": 0.0, "avg_under": 1.918822479928635}], [[0.8, 0.8500000000000001], {"acc": 0.7446943300601837, "nll": 0.933979980812752, "mse": 0.20041565058565092, "N": 3157, "over_prob": 0.0, "under_prob": 0.7892690513219285, "over_counts": {"0": 1286}, "under_counts": {"1": 514, "2": 272, "0": 271, "3": 127, "4": 54, "5": 24, "6": 14, "7": 8, "9": 1, "10": 1}, "avg_over_mag": 0.0, "avg_under_mag": 1.9054187192118226, "avg_over": 0.0, "avg_under": 1.9054187192118226}], [[0.8500000000000001, 0.9], {"acc": 0.8163172288058341, "nll": 0.728545188439074, "mse": 0.1520956774126382, "N": 2194, "over_prob": 0.49082568807339455, "under_prob": 0.0, "over_counts": {"0": 444, "1": 286,