{"auc": 0.6459003772855805, "over_prob": 0.0048738804316865725, "under_prob": 0.000538025761939398, "over_counts": {"0": 31443, "1": 116, "2": 26, "4": 4, "3": 4, "5": 2, "10": 1, "7": 1}, "under_counts": {"0": 31580, "1": 12, "2": 4, "5": 1}, "avg_over_mag": 1.448051948051948, "avg_under_mag": 1.4705882352941178, "avg_over": 1.448051948051948, "avg_under": 1.4705882352941178, "acc": 0.6662445314298872, "nll": 0.6182436324270392, "mse": 0.21430349870088902, "metrics_by_prob": [[[0.0, 0.05], {"acc": 0.9723756906077348, "nll": 0.20035415376551746, "mse": 0.04371010572602809, "N": 181, "over_prob": 0.0, "under_prob": 0.0, "over_counts": {"0": 21}, "under_counts": {"0": 21}, "avg_over_mag": 0.0, "avg_under_mag": 0.0, "avg_over": 0.0, "avg_under": 0.0}], [[0.05, 0.1], {"acc": 0.9217741935483871, "nll": 0.29838089132916557, "mse": 0.079534200064248, "N": 1240, "over_prob": 0.0, "under_prob": 0.0, "over_counts": {"0": 232}, "under_counts": {"0": 232}, "avg_over_mag": 0.0, "avg_under_mag": 0.0, "avg_over": 0.0, "avg_under": 0.0}], [[0.1, 0.15000000000000002], {"acc": 0.8681974326523233, "nll": 0.4036330589136862, "mse": 0.11885167298176767, "N": 5531, "over_prob": 0.0, "under_prob": 0.0, "over_counts": {"0": 1089}, "under_counts": {"0": 1089}, "avg_over_mag": 0.0, "avg_under_mag": 0.0, "avg_over": 0.0, "avg_under": 0.0}], [[0.15000000000000002, 0.2], {"acc": 0.8238091753859662, "nll": 0.4731522466846991, "mse": 0.14768335044927594, "N": 13667, "over_prob": 0.0, "under_prob": 0.0, "over_counts": {"0": 2898}, "under_counts": {"0": 2898}, "avg_over_mag": 0.0, "avg_under_mag": 0.0, "avg_over": 0.0, "avg_under": 0.0}], [[0.2, 0.25], {"acc": 0.7740807871569135, "nll": 0.5406488817887051, "mse": 0.17727553125260742, "N": 23172, "over_prob": 0.0, "under_prob": 0.0, "over_counts": {"0": 5073}, "under_counts": {"0": 5073}, "avg_over_mag": 0.0, "avg_under_mag": 0.0, "avg_over": 0.0, "avg_under": 0.0}], [[0.25, 0.30000000000000004], {"acc": 0.7229456362832761, "nll": 0.595296102068582, "mse": 0.20238178913471203, "N": 29413, "over_prob": 0.0, "under_prob": 0.0, "over_counts": {"0": 6498}, "under_counts": {"0": 6498}, "avg_over_mag": 0.0, "avg_under_mag": 0.0, "avg_over": 0.0, "avg_under": 0.0}], [[0.30000000000000004, 0.35000000000000003], {"acc": 0.6725549609954226, "nll": 0.6375363288055556, "mse": 0.22239615351701508, "N": 31022, "over_prob": 0.0, "under_prob": 0.0, "over_counts": {"0": 7367}, "under_counts": {"0": 7367}, "avg_over_mag": 0.0, "avg_under_mag": 0.0, "avg_over": 0.0, "avg_under": 0.0}], [[0.35000000000000003, 0.4], {"acc": 0.6149933573733156, "nll": 0.6708507153138796, "mse": 0.23864215173259415, "N": 26345, "over_prob": 0.0, "under_prob": 0.0, "over_counts": {"0": 7122}, "under_counts": {"0": 7122}, "avg_over_mag": 0.0, "avg_under_mag": 0.0, "avg_over": 0.0, "avg_under": 0.0}], [[0.4, 0.45], {"acc": 0.5575173095944609, "nll": 0.6929943063544084, "mse": 0.24952519786435903, "N": 20220, "over_prob": 0.0, "under_prob": 0.0, "over_counts": {"0": 6177}, "under_counts": {"0": 6177}, "avg_over_mag": 0.0, "avg_under_mag": 0.0, "avg_over": 0.0, "avg_under": 0.0}], [[0.45, 0.5], {"acc": 0.5218527148203065, "nll": 0.6995977060511575, "mse": 0.25297568532159714, "N": 14163, "over_prob": 0.0, "under_prob": 0.0002000400080015563, "over_counts": {"0": 4999}, "under_counts": {"0": 4998, "1": 1}, "avg_over_mag": 0.0, "avg_under_mag": 1.0, "avg_over": 0.0, "avg_under": 1.0}], [[0.5, 0.55], {"acc": 0.5025429116338207, "nll": 0.7033174540792418, "mse": 0.25484199150099357, "N": 9438, "over_prob": 0.0, "under_prob": 0.0002611647949856133, "over_counts": {"0": 3829}, "under_counts": {"0": 3828, "1": 1}, "avg_over_mag": 0.0, "avg_under_mag": 1.0, "avg_over": 0.0, "avg_under": 1.0}], [[0.55, 0.6000000000000001], {"acc": 0.5303498779495525, "nll": 0.6957394724228733, "mse": 0.25107661318857444, "N": 6145, "over_prob": 0.0, "under_prob": 0.00035906642728900096, "over_counts": {"0": 2785}, "under_counts": {"0": 2784, "1": 1}, "avg_over_mag": 0.0, "avg_under_mag": 1.0, "avg_over": 0.0, "avg_under": 1.0}], [[0.6000000000000001, 0.65], {"acc": 0.5901450610177297, "nll": 0.679581706942873, "mse": 0.2429959327345987, "N": 4343, "over_prob": 0.0, "under_prob": 0.00198314328210214, "over_counts": {"0": 2017}, "under_counts": {"0": 2013, "1": 4}, "avg_over_mag": 0.0, "avg_under_mag": 1.0, "avg_over": 0.0, "avg_under": 1.0}], [[0.65, 0.7000000000000001], {"acc": 0.663362831858407, "nll": 0.6493784499362927, "mse": 0.22830810016962827, "N": 2825, "over_prob": 0.0, "under_prob": 0.0021660649819494893, "over_counts": {"0": 1385}, "under_counts": {"0": 1382, "1": 3}, "avg_over_mag": 0.0, "avg_under_mag": 1.0, "avg_over": 0.0, "avg_under": 1.0}], [[0.7000000000000001, 0.75], {"acc": 0.7190801740211311, "nll": 0.6108791101275226, "mse": 0.20977481162074132, "N": 1609, "over_prob": 0.0, "under_prob": 0.002195389681668547, "over_counts": {"0": 911}, "under_counts": {"0": 909, "2": 1, "1": 1}, "avg_over_mag": 0.0, "avg_under_mag": 1.5, "avg_over": 0.0, "avg_under": 1.5}], [[0.75, 0.8], {"acc": 0.7546201232032854, "nll": 0.5752107841765782, "mse": 0.19331268122813394, "N": 974, "over_prob": 0.0, "under_prob": 0.008333333333333304, "over_counts": {"0": 600}, "under_counts": {"0": 595, "1": 4, "2": 1}, "avg_over_mag": 0.0, "avg_under_mag": 1.2, "avg_over": 0.0, "avg_under": 1.2}], [[0.8, 0.8500000000000001], {"acc": 0.8160291438979964, "nll": 0.512439165934568, "mse": 0.1640694982754688, "N": 549, "over_prob": 0.0, "under_prob": 0.014792899408283988, "over_counts": {"0": 338}, "under_counts": {"0": 333, "1": 4, "2": 1}, "avg_over_mag": 0.0, "avg_under_mag": 1.2, "avg_over": 0.0, "avg_under": 1.2}], [[0.8500000000000001, 0.9], {"acc": 0.8640776699029126, "nll": 0.42967359096365954, "mse": 0.1280790658979206, "N": 206, "over_prob": 0.9419354838709677, "under_prob": 0.0, "over_counts": {"1": 117, "2": 17, "0": 9, "3": 7, "4": 4, "7": 1}, "under_counts": {"0": 155}, "avg_over_mag": 1.3356164383561644, "avg_under_mag": 0.0, "avg_over": 1.3356164383561644, "avg_under": 0.0}], [[0.9, 0.9500000000000001], {"acc": 0.9333333333333333, "nll": 0.30762863807937557, "mse": 0.08039226043205011, "N": 45, "over_prob": 0.59375, "under_prob": 0.0, "over_counts": {"1": 14, "0": 13, "2": 4, "5": 1}, "under_counts": {"0": 32}, "avg_over_mag": 1.4210526315789473, "avg_under_mag": 0.0, "avg_over": 1.4210526315789473, "avg_under": 0.0}], [[0.9500000000000001, 1.0], {"acc": 1.0, "nll": 0.19414462302242397, "mse": 0.03936872814985236, "N": 4, "over_prob": 0.33333333333333337, "under_prob": 0.0, "over_counts": {"0": 2, "1": 1}, "under_counts": {"0": 3}, "avg_over_mag": 1.0, "avg_under_mag": 0.0, "avg_over": 1.0, "avg_under": 0.0}]]}