{"over_prob": 0.0027850745323922954, "under_prob": 0.10842801531790991, "over_counts": {"0": 31509, "1": 71, "2": 12, "4": 3, "3": 1, "9": 1}, "under_counts": {"0": 28171, "1": 2493, "2": 541, "3": 188, "4": 100, "5": 44, "6": 25, "7": 11, "8": 10, "9": 4, "10": 2, "14": 2, "12": 2, "16": 1, "13": 1, "11": 1, "15": 1}, "avg_over_mag": 1.3522727272727273, "avg_under_mag": 1.5262697022767076, "avg_over": 1.3522727272727273, "avg_under": 1.5262697022767076, "acc": 0.5961526385196659, "auc": 0.5624933152136815, "nll": 0.7200335928202901, "mse": 0.25201916197888813, "metrics_by_prob": [[[0.0, 0.05], {"acc": 0.9226519337016574, "nll": 0.35216996755433394, "mse": 0.09941526952455329, "N": 181, "over_prob": 0.0, "under_prob": 0.0, "over_counts": {"0": 21}, "under_counts": {"0": 21}, "avg_over_mag": 0.0, "avg_under_mag": 0.0, "avg_over": 0.0, "avg_under": 0.0}], [[0.05, 0.1], {"acc": 0.8419354838709677, "nll": 0.47125393517373015, "mse": 0.14658131382240408, "N": 1240, "over_prob": 0.0, "under_prob": 0.02155172413793105, "over_counts": {"0": 232}, "under_counts": {"0": 227, "1": 4, "2": 1}, "avg_over_mag": 0.0, "avg_under_mag": 1.2, "avg_over": 0.0, "avg_under": 1.2}], [[0.1, 0.15000000000000002], {"acc": 0.7770746700415838, "nll": 0.5472390874626261, "mse": 0.17856046581005494, "N": 5531, "over_prob": 0.0, "under_prob": 0.017447199265381075, "over_counts": {"0": 1089}, "under_counts": {"0": 1070, "1": 15, "2": 4}, "avg_over_mag": 0.0, "avg_under_mag": 1.2105263157894737, "avg_over": 0.0, "avg_under": 1.2105263157894737}], [[0.15000000000000002, 0.2], {"acc": 0.725543279432209, "nll": 0.6107170829553062, "mse": 0.2031250618121484, "N": 13667, "over_prob": 0.0, "under_prob": 0.03140096618357491, "over_counts": {"0": 2898}, "under_counts": {"0": 2807, "1": 82, "2": 6, "3": 2, "4": 1}, "avg_over_mag": 0.0, "avg_under_mag": 1.1428571428571428, "avg_over": 0.0, "avg_under": 1.1428571428571428}], [[0.2, 0.25], {"acc": 0.6656309338857241, "nll": 0.6611956718548357, "mse": 0.22542379559323977, "N": 23172, "over_prob": 0.0, "under_prob": 0.02976542479794997, "over_counts": {"0": 5073}, "under_counts": {"0": 4922, "1": 135, "2": 14, "4": 1, "3": 1}, "avg_over_mag": 0.0, "avg_under_mag": 1.1258278145695364, "avg_over": 0.0, "avg_under": 1.1258278145695364}], [[0.25, 0.30000000000000004], {"acc": 0.6248257573181927, "nll": 0.6970860275876544, "mse": 0.24198374705626566, "N": 29413, "over_prob": 0.0, "under_prob": 0.03878116343490301, "over_counts": {"0": 6498}, "under_counts": {"0": 6246, "1": 214, "2": 29, "3": 6, "5": 2, "4": 1}, "avg_over_mag": 0.0, "avg_under_mag": 1.2063492063492063, "avg_over": 0.0, "avg_under": 1.2063492063492063}], [[0.30000000000000004, 0.35000000000000003], {"acc": 0.5840371349364967, "nll": 0.7345129166788613, "mse": 0.25846316096687977, "N": 31022, "over_prob": 0.0, "under_prob": 0.04750916248133563, "over_counts": {"0": 7367}, "under_counts": {"0": 7017, "1": 298, "2": 32, "3": 13, "4": 4, "5": 2, "7": 1}, "avg_over_mag": 0.0, "avg_under_mag": 1.24, "avg_over": 0.0, "avg_under": 1.24}], [[0.35000000000000003, 0.4], {"acc": 0.5572214841525907, "nll": 0.7544964683422596, "mse": 0.26740157979592477, "N": 26345, "over_prob": 0.0, "under_prob": 0.051951698960966075, "over_counts": {"0": 7122}, "under_counts": {"0": 6752, "1": 301, "2": 54, "3": 11, "4": 4}, "avg_over_mag": 0.0, "avg_under_mag": 1.2378378378378379, "avg_over": 0.0, "avg_under": 1.2378378378378379}], [[0.4, 0.45], {"acc": 0.5230464886251236, "nll": 0.7835458999687518, "mse": 0.28076520272358424, "N": 20220, "over_prob": 0.0, "under_prob": 0.06410879067508501, "over_counts": {"0": 6177}, "under_counts": {"0": 5781, "1": 317, "2": 47, "3": 25, "4": 3, "6": 2, "5": 1, "9": 1}, "avg_over_mag": 0.0, "avg_under_mag": 1.3232323232323233, "avg_over": 0.0, "avg_under": 1.3232323232323233}], [[0.45, 0.5], {"acc": 0.5051895784791358, "nll": 0.7841196759581585, "mse": 0.2822842670083506, "N": 14163, "over_prob": 0.0, "under_prob": 0.07441488297659526, "over_counts": {"0": 4999}, "under_counts": {"0": 4627, "1": 308, "2": 46, "3": 11, "6": 2, "5": 2, "4": 2, "9": 1}, "avg_over_mag": 0.0, "avg_under_mag": 1.2688172043010753, "avg_over": 0.0, "avg_under": 1.2688172043010753}], [[0.5, 0.55], {"acc": 0.5011655011655012, "nll": 0.7952913465515689, "mse": 0.2862641958750588, "N": 9438, "over_prob": 0.0, "under_prob": 0.0974144685296422, "over_counts": {"0": 3829}, "under_counts": {"0": 3456, "1": 293, "2": 53, "3": 15, "4": 5, "5": 3, "6": 2, "7": 1, "12": 1}, "avg_over_mag": 0.0, "avg_under_mag": 1.3672922252010724, "avg_over": 0.0, "avg_under": 1.3672922252010724}], [[0.55, 0.6000000000000001], {"acc": 0.5212367778681856, "nll": 0.7861126779623799, "mse": 0.27995208475172584, "N": 6145, "over_prob": 0.0, "under_prob": 0.13177737881508078, "over_counts": {"0": 2785}, "under_counts": {"0": 2418, "1": 292, "2": 48, "3": 14, "4": 8, "5": 4, "6": 1}, "avg_over_mag": 0.0, "avg_under_mag": 1.3297002724795641, "avg_over": 0.0, "avg_under": 1.3297002724795641}], [[0.6000000000000001, 0.65], {"acc": 0.5381072991020033, "nll": 0.7845762992435308, "mse": 0.27634005481889706, "N": 4343, "over_prob": 0.0, "under_prob": 0.16311353495290037, "over_counts": {"0": 2017}, "under_counts": {"0": 1688, "1": 251, "2": 46, "3": 15, "5": 8, "4": 5, "7": 2, "8": 1, "6": 1}, "avg_over_mag": 0.0, "avg_under_mag": 1.446808510638298, "avg_over": 0.0, "avg_under": 1.446808510638298}], [[0.65, 0.7000000000000001], {"acc": 0.5688495575221238, "nll": 0.7617842091869901, "mse": 0.2660542543645032, "N": 2825, "over_prob": 0.0, "under_prob": 0.215884476534296, "over_counts": {"0": 1385}, "under_counts": {"0": 1086, "1": 236, "2": 43, "3": 9, "4": 8, "7": 1, "5": 1, "9": 1}, "avg_over_mag": 0.0, "avg_under_mag": 1.3444816053511706, "avg_over": 0.0, "avg_under": 1.3444816053511706}], [[0.7000000000000001, 0.75], {"acc": 0.6357986326911125, "nll": 0.6882763722060267, "mse": 0.23427584205783564, "N": 1609, "over_prob": 0.0, "under_prob": 0.2612513721185511, "over_counts": {"0": 911}, "under_counts": {"0": 673, "1": 181, "2": 30, "3": 12, "4": 5, "5": 4, "7": 3, "6": 2, "8": 1}, "avg_over_mag": 0.0, "avg_under_mag": 1.504201680672269, "avg_over": 0.0, "avg_under": 1.504201680672269}], [[0.75, 0.8], {"acc": 0.6560574948665298, "nll": 0.7179406606329862, "mse": 0.2365797761004762, "N": 974, "over_prob": 0.0, "under_prob": 0.32166666666666666, "over_counts": {"0": 600}, "under_counts": {"0": 407, "1": 152, "2": 22, "3": 8, "4": 6, "6": 2, "5": 2, "10": 1}, "avg_over_mag": 0.0, "avg_under_mag": 1.4300518134715026, "avg_over": 0.0, "avg_under": 1.4300518134715026}], [[0.8, 0.8500000000000001], {"acc": 0.7650273224043715, "nll": 0.5454477754320113, "mse": 0.17364457154198581, "N": 549, "over_prob": 0.0, "under_prob": 0.45857988165680474, "over_counts": {"0": 338}, "under_counts": {"0": 183, "1": 124, "2": 22, "4": 3, "7": 2, "3": 1, "5": 1, "16": 1, "6": 1}, "avg_over_mag": 0.0, "avg_under_mag": 1.4451612903225806, "avg_over": 0.0, "avg_under": 1.4451612903225806}], [[0.8500000000000001, 0.9], {"acc": 0.7912621359223301, "nll": 0.5688239810600695, "mse": 0.1728632100183785, "N": 206, "over_prob": 0.5225806451612903, "under_prob": 0.0, "over_counts": {"0": 74, "1": 69, "2": 8, "4": 4}, "under_counts": {"0": 155}, "avg_over_mag": 1.2469135802469136, "avg_under_mag": 0.0, "avg_over": 1.2469135802469136, "avg_under": 0.0}], [[0.9, 0.9500000000000001], {"acc": 0.8666666666666667, "nll": 0.30524871371998613, "mse": 0.08760109787814331, "N": 45, "over_prob": 0.375, "under_prob": 0.0, "over_counts": {"0": 20, "1": 9, "2": 2, "4": 1}, "under_counts": {"0": 32}, "avg_over_mag": 1.4166666666666667, "avg_under_mag": 0.0, "avg_over": 1.4166666666666667, "avg_under": 0.0}], [[0.9500000000000001, 1.0], {"acc": 0.75, "nll": 0.32180099844864485, "mse": 0.12367394974682178, "N": 4, "over_prob": 0.33333333333333337, "under_prob": 0.0, "over_counts": {"0": 2, "1": 1}, "under_counts": {"0": 3}, "avg_over_mag": 1.0, "avg_under_mag": 0.0, "avg_over": 1.0,