{"acc": 0.6921742306638663, "auc": 0.6804845253944536, "nll": 0.706040752302679, "mse": 0.21453235167189155}