{"auc": 0.6896047632575449, "over_prob": 0.08575151012673221, "under_prob": 0.13727348099016934, "over_counts": {"0": 7719, "1": 363, "2": 173, "3": 81, "4": 42, "5": 26, "6": 16, "9": 6, "8": 5, "7": 5, "10": 2, "17": 1, "12": 1, "13": 1, "26": 1, "11": 1}, "under_counts": {"0": 7284, "1": 874, "2": 191, "3": 46, "4": 20, "7": 7, "6": 5, "8": 5, "5": 4, "13": 3, "12": 2, "9": 2}, "avg_over_mag": 2.1740331491712706, "avg_under_mag": 1.46160483175151, "avg_over": 2.1740331491712706, "avg_under": 1.46160483175151, "acc": 0.6440462705522947, "nll": 0.6303720537722158, "mse": 0.2199797315992914, "metrics_by_prob": [[[0.0, 0.05], {"acc": 0.9777777777777777, "nll": 0.20533288410139647, "mse": 0.043051508041480606, "N": 495, "over_prob": 0.0, "under_prob": 0.0, "over_counts": {"0": 30}, "under_counts": {"0": 30}, "avg_over_mag": 0.0, "avg_under_mag": 0.0, "avg_over": 0.0, "avg_under": 0.0}], [[0.05, 0.1], {"acc": 0.912828947368421, "nll": 0.3126211183037286, "mse": 0.08501758277513052, "N": 608, "over_prob": 0.0, "under_prob": 0.0, "over_counts": {"0": 90}, "under_counts": {"0": 90}, "avg_over_mag": 0.0, "avg_under_mag": 0.0, "avg_over": 0.0, "avg_under": 0.0}], [[0.1, 0.15000000000000002], {"acc": 0.8741176470588236, "nll": 0.40681078342546495, "mse": 0.11891871054496857, "N": 850, "over_prob": 0.0, "under_prob": 0.0, "over_counts": {"0": 166}, "under_counts": {"0": 166}, "avg_over_mag": 0.0, "avg_under_mag": 0.0, "avg_over": 0.0, "avg_under": 0.0}], [[0.15000000000000002, 0.2], {"acc": 0.7892948173322005, "nll": 0.5257219771860262, "mse": 0.16859380308836006, "N": 1177, "over_prob": 0.0, "under_prob": 0.0, "over_counts": {"0": 267}, "under_counts": {"0": 267}, "avg_over_mag": 0.0, "avg_under_mag": 0.0, "avg_over": 0.0, "avg_under": 0.0}], [[0.2, 0.25], {"acc": 0.7482517482517482, "nll": 0.5682516489687619, "mse": 0.1896590731149357, "N": 1573, "over_prob": 0.0, "under_prob": 0.0, "over_counts": {"0": 405}, "under_counts": {"0": 405}, "avg_over_mag": 0.0, "avg_under_mag": 0.0, "avg_over": 0.0, "avg_under": 0.0}], [[0.25, 0.30000000000000004], {"acc": 0.6764574988874055, "nll": 0.6414886513158131, "mse": 0.22250006212410747, "N": 2247, "over_prob": 0.0, "under_prob": 0.003284072249589487, "over_counts": {"0": 609}, "under_counts": {"0": 607, "1": 2}, "avg_over_mag": 0.0, "avg_under_mag": 1.0, "avg_over": 0.0, "avg_under": 1.0}], [[0.30000000000000004, 0.35000000000000003], {"acc": 0.6161870503597122, "nll": 0.6715600758453699, "mse": 0.2375535228008383, "N": 2780, "over_prob": 0.0, "under_prob": 0.002587322121604174, "over_counts": {"0": 773}, "under_counts": {"0": 771, "1": 2}, "avg_over_mag": 0.0, "avg_under_mag": 1.0, "avg_over": 0.0, "avg_under": 1.0}], [[0.35000000000000003, 0.4], {"acc": 0.543828789211375, "nll": 0.7063194223694513, "mse": 0.2547841088625469, "N": 3411, "over_prob": 0.0, "under_prob": 0.005112474437627856, "over_counts": {"0": 978}, "under_counts": {"0": 973, "1": 5}, "avg_over_mag": 0.0, "avg_under_mag": 1.0, "avg_over": 0.0, "avg_under": 1.0}], [[0.4, 0.45], {"acc": 0.5159267619764234, "nll": 0.7238431325349581, "mse": 0.26324868389774786, "N": 3987, "over_prob": 0.0, "under_prob": 0.005877413937867337, "over_counts": {"0": 1191}, "under_counts": {"0": 1184, "1": 7}, "avg_over_mag": 0.0, "avg_under_mag": 1.0, "avg_over": 0.0, "avg_under": 1.0}], [[0.45, 0.5], {"acc": 0.5002082465639317, "nll": 0.7266922793096557, "mse": 0.2649721598113364, "N": 4802, "over_prob": 0.0, "under_prob": 0.007806955287437911, "over_counts": {"0": 1409}, "under_counts": {"0": 1398, "1": 11}, "avg_over_mag": 0.0, "avg_under_mag": 1.0, "avg_over": 0.0, "avg_under": 1.0}], [[0.5, 0.55], {"acc": 0.5066666666666667, "nll": 0.723707087371081, "mse": 0.26350849146247557, "N": 4875, "over_prob": 0.0, "under_prob": 0.012683578104138893, "over_counts": {"0": 1498}, "under_counts": {"0": 1479, "1": 18, "2": 1}, "avg_over_mag": 0.0, "avg_under_mag": 1.0526315789473684, "avg_over": 0.0, "avg_under": 1.0526315789473684}], [[0.55, 0.6000000000000001], {"acc": 0.5406420123897128, "nll": 0.7080843218993766, "mse": 0.2558593377155068, "N": 5327, "over_prob": 0.0, "under_prob": 0.02169981916817365, "over_counts": {"0": 1659}, "under_counts": {"0": 1623, "1": 35, "2": 1}, "avg_over_mag": 0.0, "avg_under_mag": 1.0277777777777777, "avg_over": 0.0, "avg_under": 1.0277777777777777}], [[0.6000000000000001, 0.65], {"acc": 0.5896610490437417, "nll": 0.6905701589212778, "mse": 0.2470360566768593, "N": 5281, "over_prob": 0.0, "under_prob": 0.0374423963133641, "over_counts": {"0": 1736}, "under_counts": {"0": 1671, "1": 63, "2": 2}, "avg_over_mag": 0.0, "avg_under_mag": 1.0307692307692307, "avg_over": 0.0, "avg_under": 1.0307692307692307}], [[0.65, 0.7000000000000001], {"acc": 0.6434831251165393, "nll": 0.6592770513531978, "mse": 0.23147911691731757, "N": 5363, "over_prob": 0.0, "under_prob": 0.06592178770949719, "over_counts": {"0": 1790}, "under_counts": {"0": 1672, "1": 106, "2": 12}, "avg_over_mag": 0.0, "avg_under_mag": 1.1016949152542372, "avg_over": 0.0, "avg_under": 1.1016949152542372}], [[0.7000000000000001, 0.75], {"acc": 0.6951712401616678, "nll": 0.6237432416811646, "mse": 0.21426281089178364, "N": 4701, "over_prob": 0.0, "under_prob": 0.13443396226415094, "over_counts": {"0": 1696}, "under_counts": {"0": 1468, "1": 207, "2": 17, "3": 4}, "avg_over_mag": 0.0, "avg_under_mag": 1.1096491228070176, "avg_over": 0.0, "avg_under": 1.1096491228070176}], [[0.75, 0.8], {"acc": 0.7628657921291625, "nll": 0.5632586681653278, "mse": 0.1867897827208736, "N": 3964, "over_prob": 0.0, "under_prob": 0.22513089005235598, "over_counts": {"0": 1528}, "under_counts": {"0": 1184, "1": 288, "2": 40, "3": 8, "4": 6, "5": 2}, "avg_over_mag": 0.0, "avg_under_mag": 1.2383720930232558, "avg_over": 0.0, "avg_under": 1.2383720930232558}], [[0.8, 0.8500000000000001], {"acc": 0.8194488438390878, "nll": 0.4933638997318918, "mse": 0.15573539498834205, "N": 3157, "over_prob": 0.0, "under_prob": 0.3950233281493002, "over_counts": {"0": 1286}, "under_counts": {"0": 778, "1": 382, "2": 75, "3": 25, "4": 11, "5": 9, "6": 4, "7": 2}, "avg_over_mag": 0.0, "avg_under_mag": 1.4448818897637796, "avg_over": 0.0, "avg_under": 1.4448818897637796}], [[0.8500000000000001, 0.9], {"acc": 0.8746581586144029, "nll": 0.40335858477519054, "mse": 0.11870154122105597, "N": 2194, "over_prob": 0.7155963302752293, "under_prob": 0.0, "over_counts": {"1": 321, "0": 248, "2": 159, "3": 71, "4": 32, "5": 23, "6": 7, "7": 3, "9": 2, "10": 2, "13": 1, "24": 1, "11": 1, "8": 1}, "under_counts": {"0": 872}, "avg_over_mag": 2.0064102564102564, "avg_under_mag": 0.0, "avg_over": 2.0064102564102564, "avg_under": 0.0}], [[0.9, 0.9500000000000001], {"acc": 0.9214474845542807, "nll": 0.31094204070241777, "mse": 0.08261408380881638, "N": 1133, "over_prob": 0.3991683991683992, "under_prob": 0.0, "over_counts": {"0": 289, "1": 128, "2": 40, "3": 12, "4": 5, "5": 2, "8": 2, "6": 1, "7": 1, "9": 1}, "under_counts": {"0": 481}, "avg_over_mag": 1.625, "avg_under_mag": 0.0, "avg_over": 1.625, "avg_under": 0.0}], [[0.9500000000000001, 1.0], {"acc": 0.9794721407624634, "nll": 0.1276631326851412, "mse": 0.023854016469911924, "N": 341, "over_prob": 0.07291666666666663, "under_prob": 0.0, "over_counts": {"0": 89, "1": 5, "2": 1, "3": 1}, "under_counts": {"0": 96}, "avg_over_mag": 1.4285714285714286, "avg_under_mag": 0.0, "avg_over": 1.4285714285714286, "avg_under": 0.0}]]}