{"over_prob": 0.4442553658670473, "under_prob": 0.050227809189218875, "over_counts": {"0": 20248, "1": 5931, "2": 3272, "3": 2068, "4": 1213, "5": 975, "6": 669, "7": 410, "8": 308, "9": 250, "10": 203, "11": 147, "12": 120, "13": 100, "14": 76, "16": 45, "15": 42, "18": 38, "17": 32, "19": 31, "21": 26, "22": 22, "20": 21, "27": 18, "26": 13, "29": 11, "23": 10, "24": 10, "25": 9, "32": 9, "30": 8, "43": 6, "50": 6, "36": 5, "41": 5, "37": 5, "28": 5, "34": 5, "31": 4, "47": 4, "57": 3, "42": 3, "35": 3, "38": 3, "39": 3, "40": 3, "33": 3, "62": 3, "65": 2, "46": 2, "49": 2, "64": 2, "63": 2, "52": 2, "58": 2, "48": 2, "53": 2, "44": 2, "51": 2, "69": 1, "60": 1, "54": 1, "88": 1, "45": 1, "56": 1, "74": 1, "150": 1}, "under_counts": {"0": 34604, "1": 1295, "2": 298, "3": 125, "4": 39, "5": 20, "6": 17, "8": 8, "7": 7, "17": 3, "11": 3, "12": 2, "9": 2, "21": 2, "13": 2, "10": 2, "24": 2, "33": 1, "25": 1, "36": 1}, "avg_over_mag": 3.645619671320895, "avg_under_mag": 1.6901639344262296, "avg_over": 3.645619671320895, "avg_under": 1.6901639344262296, "acc": 0.702321996477567, "auc": 0.6309984987098681, "nll": 0.5920378865545409, "mse": 0.2021242704367068, "metrics_by_prob": [[[0.0, 0.05], {"acc": 0.58, "nll": 0.613268672406383, "mse": 0.21628465607753783, "N": 600, "over_prob": 0.0, "under_prob": 0.0036231884057971175, "over_counts": {"0": 276}, "under_counts": {"0": 275, "1": 1}, "avg_over_mag": 0.0, "avg_under_mag": 1.0, "avg_over": 0.0, "avg_under": 1.0}], [[0.05, 0.1], {"acc": 0.4167357083678542, "nll": 0.7322207382504129, "mse": 0.2692756003530325, "N": 1207, "over_prob": 0.0, "under_prob": 0.0026917900403768957, "over_counts": {"0": 743}, "under_counts": {"0": 741, "1": 2}, "avg_over_mag": 0.0, "avg_under_mag": 1.0, "avg_over": 0.0, "avg_under": 1.0}], [[0.1, 0.15000000000000002], {"acc": 0.3894927536231884, "nll": 0.7596196696344549, "mse": 0.2828534053642866, "N": 1656, "over_prob": 0.0, "under_prob": 0.0, "over_counts": {"0": 1067}, "under_counts": {"0": 1067}, "avg_over_mag": 0.0, "avg_under_mag": 0.0, "avg_over": 0.0, "avg_under": 0.0}], [[0.15000000000000002, 0.2], {"acc": 0.33526970954356844, "nll": 0.797409625929568, "mse": 0.299806546197015, "N": 2410, "over_prob": 0.0, "under_prob": 0.0018461538461538307, "over_counts": {"0": 1625}, "under_counts": {"0": 1622, "1": 3}, "avg_over_mag": 0.0, "avg_under_mag": 1.0, "avg_over": 0.0, "avg_under": 1.0}], [[0.2, 0.25], {"acc": 0.33597715736040606, "nll": 0.8091977209987862, "mse": 0.30516847045572937, "N": 3152, "over_prob": 0.0, "under_prob": 0.001865671641791078, "over_counts": {"0": 2144}, "under_counts": {"0": 2140, "1": 4}, "avg_over_mag": 0.0, "avg_under_mag": 1.0, "avg_over": 0.0, "avg_under": 1.0}], [[0.25, 0.30000000000000004], {"acc": 0.3445817490494297, "nll": 0.8110641952338905, "mse": 0.30590688985473213, "N": 4208, "over_prob": 0.0, "under_prob": 0.0018142235123367323, "over_counts": {"0": 2756}, "under_counts": {"0": 2751, "1": 5}, "avg_over_mag": 0.0, "avg_under_mag": 1.0, "avg_over": 0.0, "avg_under": 1.0}], [[0.30000000000000004, 0.35000000000000003], {"acc": 0.37311463046757165, "nll": 0.798824155766877, "mse": 0.2998834856501651, "N": 5304, "over_prob": 0.0, "under_prob": 0.0026041666666666297, "over_counts": {"0": 3456}, "under_counts": {"0": 3447, "1": 9}, "avg_over_mag": 0.0, "avg_under_mag": 1.0, "avg_over": 0.0, "avg_under": 1.0}], [[0.35000000000000003, 0.4], {"acc": 0.3923272890753784, "nll": 0.7949608610769071, "mse": 0.2977746340298302, "N": 6673, "over_prob": 0.0, "under_prob": 0.003525264394829586, "over_counts": {"0": 4255}, "under_counts": {"0": 4240, "1": 14, "2": 1}, "avg_over_mag": 0.0, "avg_under_mag": 1.0666666666666667, "avg_over": 0.0, "avg_under": 1.0666666666666667}], [[0.4, 0.45], {"acc": 0.43117125524965, "nll": 0.7745562648417622, "mse": 0.28797693455484186, "N": 8572, "over_prob": 0.0, "under_prob": 0.00457578646329837, "over_counts": {"0": 5245}, "under_counts": {"0": 5221, "1": 22, "2": 2}, "avg_over_mag": 0.0, "avg_under_mag": 1.0833333333333333, "avg_over": 0.0, "avg_under": 1.0833333333333333}], [[0.45, 0.5], {"acc": 0.48381519546633367, "nll": 0.7507175220784176, "mse": 0.2763105457441676, "N": 10411, "over_prob": 0.0, "under_prob": 0.006243996157540788, "over_counts": {"0": 6246}, "under_counts": {"0": 6207, "1": 38, "2": 1}, "avg_over_mag": 0.0, "avg_under_mag": 1.0256410256410255, "avg_over": 0.0, "avg_under": 1.0256410256410255}], [[0.5, 0.55], {"acc": 0.5320238459186794, "nll": 0.728946050007326, "mse": 0.2656700872589488, "N": 13084, "over_prob": 0.0, "under_prob": 0.006480624256050782, "over_counts": {"0": 7561}, "under_counts": {"0": 7512, "1": 48, "2": 1}, "avg_over_mag": 0.0, "avg_under_mag": 1.0204081632653061, "avg_over": 0.0, "avg_under": 1.0204081632653061}], [[0.55, 0.6000000000000001], {"acc": 0.5682694780149139, "nll": 0.7072910763541755, "mse": 0.255181036781266, "N": 15556, "over_prob": 0.0, "under_prob": 0.009615384615384581, "over_counts": {"0": 8736}, "under_counts": {"0": 8652, "1": 79, "2": 5}, "avg_over_mag": 0.0, "avg_under_mag": 1.0595238095238095, "avg_over": 0.0, "avg_under": 1.0595238095238095}], [[0.6000000000000001, 0.65], {"acc": 0.6153805719091674, "nll": 0.6787272056813197, "mse": 0.24143976862724184, "N": 19024, "over_prob": 0.0, "under_prob": 0.013639485820822306, "over_counts": {"0": 10191}, "under_counts": {"0": 10052, "1": 131, "2": 8}, "avg_over_mag": 0.0, "avg_under_mag": 1.0575539568345325, "avg_over": 0.0, "avg_under": 1.0575539568345325}], [[0.65, 0.7000000000000001], {"acc": 0.6652654387865655, "nll": 0.6446544306226345, "mse": 0.225277795341582, "N": 23075, "over_prob": 0.0, "under_prob": 0.018560082872928207, "over_counts": {"0": 11584}, "under_counts": {"0": 11369, "1": 195, "2": 17, "3": 3}, "avg_over_mag": 0.0, "avg_under_mag": 1.1069767441860465, "avg_over": 0.0, "avg_under": 1.1069767441860465}], [[0.7000000000000001, 0.75], {"acc": 0.7147856517935258, "nll": 0.6086455894006936, "mse": 0.2083819861584136, "N": 27432, "over_prob": 0.0, "under_prob": 0.02843235725874993, "over_counts": {"0": 12943}, "under_counts": {"0": 12575, "1": 319, "2": 42, "3": 6, "4": 1}, "avg_over_mag": 0.0, "avg_under_mag": 1.1548913043478262, "avg_over": 0.0, "avg_under": 1.1548913043478262}], [[0.75, 0.8], {"acc": 0.7702445902041317, "nll": 0.5632399371015374, "mse": 0.1872965374738416, "N": 32626, "over_prob": 0.0, "under_prob": 0.03805175038051756, "over_counts": {"0": 14454}, "under_counts": {"0": 13904, "1": 471, "2": 53, "3": 11, "4": 7, "5": 4, "9": 2, "8": 1, "10": 1}, "avg_over_mag": 0.0, "avg_under_mag": 1.2618181818181817, "avg_over": 0.0, "avg_under": 1.2618181818181817}], [[0.8, 0.8500000000000001], {"acc": 0.8180762210299242, "nll": 0.5182655132228925, "mse": 0.16668978939632947, "N": 36158, "over_prob": 0.0, "under_prob": 0.06105733432613547, "over_counts": {"0": 14773}, "under_counts": {"0": 13871, "1": 704, "2": 130, "3": 31, "4": 14, "5": 7, "6": 3, "7": 2, "10": 2, "11": 2, "14": 1, "9": 1, "13": 1, "16": 1, "18": 1, "27": 1, "25": 1}, "avg_over_mag": 0.0, "avg_under_mag": 1.4900221729490022, "avg_over": 0.0, "avg_under": 1.4900221729490022}], [[0.8500000000000001, 0.9], {"acc": 0.8680533907671381, "nll": 0.46274077756806864, "mse": 0.141884704678333, "N": 35287, "over_prob": 0.975170792624697, "under_prob": 0.0, "over_counts": {"1": 6456, "2": 2931, "3": 1513, "4": 822, "5": 525, "0": 338, "6": 308, "7": 177, "8": 126, "9": 83, "10": 78, "13": 35, "12": 33, "11": 30, "14": 26, "15": 22, "17": 17, "16": 17, "18": 11, "19": 9, "22": 7, "21": 7, "27": 6, "43": 3, "29": 3, "20": 3, "30": 3, "28": 3, "37": 2, "24": 2, "25": 2, "34": 2, "23": 2, "51": 2, "26": 1, "49": 1, "44": 1, "32": 1, "41": 1, "36": 1, "31": 1, "35": 1, "80": 1}, "under_counts": {"0": 13613}, "avg_over_mag": 2.4762335216572504, "avg_under_mag": 0.0, "avg_over": 2.4762335216572504, "avg_under": 0.0}], [[0.9, 0.9500000000000001], {"acc": 0.922124036638018, "nll": 0.3871685464458632, "mse": 0.10961081960180952, "N": 24783,