{"over_prob": 0.2770874209723131, "under_prob": 0.4887726182690212, "over_counts": {"0": 3316, "1": 684, "2": 265, "3": 140, "4": 65, "5": 48, "7": 22, "6": 14, "8": 10, "10": 7, "11": 6, "13": 2, "9": 2, "15": 1, "24": 1, "12": 1, "20": 1, "14": 1, "16": 1}, "under_counts": {"0": 2345, "1": 1157, "2": 501, "3": 250, "4": 130, "5": 84, "6": 43, "7": 24, "10": 13, "8": 11, "9": 11, "11": 6, "13": 3, "12": 3, "14": 2, "15": 1, "25": 1, "16": 1, "21": 1}, "avg_over_mag": 2.1502753737214793, "avg_under_mag": 2.1578947368421053, "avg_over": 2.1502753737214793, "avg_under": 2.1578947368421053, "acc": 0.6764696500909062, "auc": 0.669116177504328, "nll": 0.7567767182893905, "mse": 0.22552843756047158, "metrics_by_prob": [[[0.0, 0.05], {"acc": 0.9047619047619048, "nll": 0.37478764456788194, "mse": 0.08773105658131702, "N": 189, "over_prob": 0.0, "under_prob": 0.050000000000000044, "over_counts": {"0": 60}, "under_counts": {"0": 57, "1": 2, "2": 1}, "avg_over_mag": 0.0, "avg_under_mag": 1.3333333333333333, "avg_over": 0.0, "avg_under": 1.3333333333333333}], [[0.05, 0.1], {"acc": 0.8169014084507042, "nll": 0.5656414948199734, "mse": 0.1542341711347695, "N": 284, "over_prob": 0.0, "under_prob": 0.054263565891472854, "over_counts": {"0": 129}, "under_counts": {"0": 122, "1": 5, "2": 2}, "avg_over_mag": 0.0, "avg_under_mag": 1.2857142857142858, "avg_over": 0.0, "avg_under": 1.2857142857142858}], [[0.1, 0.15000000000000002], {"acc": 0.739247311827957, "nll": 0.7022386941962456, "mse": 0.20351761127377038, "N": 372, "over_prob": 0.0, "under_prob": 0.03980099502487566, "over_counts": {"0": 201}, "under_counts": {"0": 193, "1": 8}, "avg_over_mag": 0.0, "avg_under_mag": 1.0, "avg_over": 0.0, "avg_under": 1.0}], [[0.15000000000000002, 0.2], {"acc": 0.6723044397463002, "nll": 0.7426337066563785, "mse": 0.2317119050646056, "N": 473, "over_prob": 0.0, "under_prob": 0.08813559322033904, "over_counts": {"0": 295}, "under_counts": {"0": 269, "1": 25, "2": 1}, "avg_over_mag": 0.0, "avg_under_mag": 1.0384615384615385, "avg_over": 0.0, "avg_under": 1.0384615384615385}], [[0.2, 0.25], {"acc": 0.6099173553719008, "nll": 0.8767630683083745, "mse": 0.2710496205411492, "N": 605, "over_prob": 0.0, "under_prob": 0.07520891364902504, "over_counts": {"0": 359}, "under_counts": {"0": 332, "1": 21, "2": 6}, "avg_over_mag": 0.0, "avg_under_mag": 1.2222222222222223, "avg_over": 0.0, "avg_under": 1.2222222222222223}], [[0.25, 0.30000000000000004], {"acc": 0.5657142857142857, "nll": 0.9290349810117647, "mse": 0.2839053162490986, "N": 700, "over_prob": 0.0, "under_prob": 0.08628318584070793, "over_counts": {"0": 452}, "under_counts": {"0": 413, "1": 37, "2": 2}, "avg_over_mag": 0.0, "avg_under_mag": 1.0512820512820513, "avg_over": 0.0, "avg_under": 1.0512820512820513}], [[0.30000000000000004, 0.35000000000000003], {"acc": 0.5510455104551045, "nll": 0.9883516913506077, "mse": 0.30093691291096014, "N": 813, "over_prob": 0.0, "under_prob": 0.10058027079303677, "over_counts": {"0": 517}, "under_counts": {"0": 465, "1": 51, "2": 1}, "avg_over_mag": 0.0, "avg_under_mag": 1.0192307692307692, "avg_over": 0.0, "avg_under": 1.0192307692307692}], [[0.35000000000000003, 0.4], {"acc": 0.5233644859813084, "nll": 0.9700472930185936, "mse": 0.3077700371055625, "N": 963, "over_prob": 0.0, "under_prob": 0.13651315789473684, "over_counts": {"0": 608}, "under_counts": {"0": 525, "1": 74, "2": 7, "3": 2}, "avg_over_mag": 0.0, "avg_under_mag": 1.1325301204819278, "avg_over": 0.0, "avg_under": 1.1325301204819278}], [[0.4, 0.45], {"acc": 0.4981949458483754, "nll": 1.004049704744481, "mse": 0.3150089563484709, "N": 1108, "over_prob": 0.0, "under_prob": 0.15129682997118155, "over_counts": {"0": 694}, "under_counts": {"0": 589, "1": 96, "2": 7, "5": 1, "3": 1}, "avg_over_mag": 0.0, "avg_under_mag": 1.1238095238095238, "avg_over": 0.0, "avg_under": 1.1238095238095238}], [[0.45, 0.5], {"acc": 0.5213864306784661, "nll": 0.944099219602846, "mse": 0.3069269490118394, "N": 1356, "over_prob": 0.0, "under_prob": 0.14823815309842037, "over_counts": {"0": 823}, "under_counts": {"0": 701, "1": 119, "2": 3}, "avg_over_mag": 0.0, "avg_under_mag": 1.0245901639344261, "avg_over": 0.0, "avg_under": 1.0245901639344261}], [[0.5, 0.55], {"acc": 0.504406779661017, "nll": 0.9152357814578204, "mse": 0.30227338401145326, "N": 1475, "over_prob": 0.0, "under_prob": 0.1632208922742111, "over_counts": {"0": 919}, "under_counts": {"0": 769, "1": 142, "2": 6, "4": 1, "5": 1}, "avg_over_mag": 0.0, "avg_under_mag": 1.0866666666666667, "avg_over": 0.0, "avg_under": 1.0866666666666667}], [[0.55, 0.6000000000000001], {"acc": 0.5033185840707964, "nll": 0.9398846688592764, "mse": 0.30636876120949114, "N": 1808, "over_prob": 0.0, "under_prob": 0.17863720073664824, "over_counts": {"0": 1086}, "under_counts": {"0": 892, "1": 170, "2": 23, "3": 1}, "avg_over_mag": 0.0, "avg_under_mag": 1.1288659793814433, "avg_over": 0.0, "avg_under": 1.1288659793814433}], [[0.6000000000000001, 0.65], {"acc": 0.5573044761436301, "nll": 0.8966493761467528, "mse": 0.28216810168447914, "N": 2033, "over_prob": 0.0, "under_prob": 0.23395270270270274, "over_counts": {"0": 1184}, "under_counts": {"0": 907, "1": 241, "2": 32, "3": 2, "4": 1, "5": 1}, "avg_over_mag": 0.0, "avg_under_mag": 1.1552346570397112, "avg_over": 0.0, "avg_under": 1.1552346570397112}], [[0.65, 0.7000000000000001], {"acc": 0.5927152317880795, "nll": 0.8647433831530964, "mse": 0.2725344976132605, "N": 2416, "over_prob": 0.0, "under_prob": 0.3102678571428571, "over_counts": {"0": 1344}, "under_counts": {"0": 927, "1": 360, "2": 45, "3": 7, "4": 4, "5": 1}, "avg_over_mag": 0.0, "avg_under_mag": 1.1798561151079137, "avg_over": 0.0, "avg_under": 1.1798561151079137}], [[0.7000000000000001, 0.75], {"acc": 0.6345740873299929, "nll": 0.8719935166816954, "mse": 0.2584664589569907, "N": 2794, "over_prob": 0.0, "under_prob": 0.40765171503957787, "over_counts": {"0": 1516}, "under_counts": {"0": 898, "1": 517, "2": 79, "3": 14, "4": 7, "5": 1}, "avg_over_mag": 0.0, "avg_under_mag": 1.2135922330097086, "avg_over": 0.0, "avg_under": 1.2135922330097086}], [[0.75, 0.8], {"acc": 0.6873960758230795, "nll": 0.766929758156102, "mse": 0.22730728374406392, "N": 3007, "over_prob": 0.0, "under_prob": 0.4850931677018634, "over_counts": {"0": 1610}, "under_counts": {"0": 829, "1": 618, "2": 126, "3": 22, "4": 11, "6": 2, "5": 2}, "avg_over_mag": 0.0, "avg_under_mag": 1.2829705505761844, "avg_over": 0.0, "avg_under": 1.2829705505761844}], [[0.8, 0.8500000000000001], {"acc": 0.7602985074626866, "nll": 0.7046190352102403, "mse": 0.1932796005030281, "N": 3350, "over_prob": 0.0, "under_prob": 0.5663411832280298, "over_counts": {"0": 1741}, "under_counts": {"0": 755, "1": 720, "2": 186, "3": 51, "4": 16, "5": 9, "6": 3, "8": 1}, "avg_over_mag": 0.0, "avg_under_mag": 1.3995943204868153, "avg_over": 0.0, "avg_under": 1.3995943204868153}], [[0.8500000000000001, 0.9], {"acc": 0.8284982935153583, "nll": 0.5716006261152983, "mse": 0.14838208284706972, "N": 3516, "over_prob": 0.5795180722891566, "under_prob": 0.0, "over_counts": {"0": 698, "1": 615, "2": 200, "3": 78, "4": 29, "5": 17, "6": 11, "10": 5, "8": 4, "7": 3}, "under_counts": {"0": 1660}, "avg_over_mag": 1.682952182952183, "avg_under_mag": 0.0, "avg_over": 1.682952182952183, "avg_under": 0.0}], [[0.9, 0.9500000000000001], {"acc": 0.8962113976440624, "nll": 0.4076892251360571, "mse": 0.09634981125953057, "N": 3141, "over_prob": 0.4749807544264819, "under_prob": 0.0, "over_counts": {"0": 682, "1": 425, "2": 111, "3": 54, "4": 12, "5": 6, "6": 5, "10": 2, "7": 1, "12": 1}, "under_counts": {"0": 1299}, "avg_over_mag": 1.5494327390599676, "avg_under_mag": 0.0, "avg_over": 1.5494327390599676, "avg_under": 0.0}], [[0.9500000000000001, 1.0], {"acc": 0.9514767932489452, "nll": 0.22776427644169042, "mse": 0.049054910991468685, "N": 948, "over_prob": 0.2808988764044944, "under_prob": 0.0, "over_counts": {"0": 320, "1": 105, "2": 11, "3": 5, "4": 4}, "under_counts": {"0": 445}, "avg_over_mag": 1.264,