{"acc": 0.7310413360425967, "auc": 0.7268826909863815, "nll": 0.5319145604664905, "mse": 0.1781401478645312}