{"over_prob": 0.4002616088947024, "under_prob": 0.3124046217571398, "over_counts": {"0": 2751, "1": 828, "2": 334, "3": 188, "4": 147, "5": 98, "6": 58, "7": 46, "9": 30, "8": 24, "10": 20, "13": 9, "11": 8, "15": 6, "18": 5, "14": 4, "12": 3, "26": 3, "16": 3, "24": 2, "40": 2, "28": 2, "20": 2, "32": 2, "17": 2, "19": 2, "23": 1, "22": 1, "29": 1, "27": 1, "52": 1, "33": 1, "25": 1, "21": 1}, "under_counts": {"0": 3154, "1": 847, "2": 316, "3": 124, "4": 65, "5": 38, "6": 19, "7": 11, "9": 4, "8": 2, "10": 2, "11": 2, "14": 1, "12": 1, "17": 1}, "avg_over_mag": 3.085511982570806, "avg_under_mag": 1.834612700628053, "avg_over": 3.085511982570806, "avg_under": 1.834612700628053, "acc": 0.658128927306944, "auc": 0.6166023410517458, "nll": 0.6894930824260413, "mse": 0.23077594939635787, "metrics_by_prob": [[[0.0, 0.05], {"acc": 0.8783068783068783, "nll": 0.3475304331051286, "mse": 0.09732363599317173, "N": 189, "over_prob": 0.0, "under_prob": 0.01666666666666672, "over_counts": {"0": 60}, "under_counts": {"0": 59, "2": 1}, "avg_over_mag": 0.0, "avg_under_mag": 2.0, "avg_over": 0.0, "avg_under": 2.0}], [[0.05, 0.1], {"acc": 0.7394366197183099, "nll": 0.6091473471785641, "mse": 0.19192149565571306, "N": 284, "over_prob": 0.0, "under_prob": 0.046511627906976716, "over_counts": {"0": 129}, "under_counts": {"0": 123, "1": 6}, "avg_over_mag": 0.0, "avg_under_mag": 1.0, "avg_over": 0.0, "avg_under": 1.0}], [[0.1, 0.15000000000000002], {"acc": 0.6290322580645161, "nll": 0.7023963379331011, "mse": 0.22480038067298916, "N": 372, "over_prob": 0.0, "under_prob": 0.03980099502487566, "over_counts": {"0": 201}, "under_counts": {"0": 193, "1": 7, "2": 1}, "avg_over_mag": 0.0, "avg_under_mag": 1.125, "avg_over": 0.0, "avg_under": 1.125}], [[0.15000000000000002, 0.2], {"acc": 0.5454545454545454, "nll": 0.7497672179103245, "mse": 0.25844141070239296, "N": 473, "over_prob": 0.0, "under_prob": 0.07457627118644072, "over_counts": {"0": 295}, "under_counts": {"0": 273, "1": 20, "2": 2}, "avg_over_mag": 0.0, "avg_under_mag": 1.0909090909090908, "avg_over": 0.0, "avg_under": 1.0909090909090908}], [[0.2, 0.25], {"acc": 0.515702479338843, "nll": 0.7797414202359652, "mse": 0.2695209175461351, "N": 605, "over_prob": 0.0, "under_prob": 0.0473537604456824, "over_counts": {"0": 359}, "under_counts": {"0": 342, "1": 16, "2": 1}, "avg_over_mag": 0.0, "avg_under_mag": 1.0588235294117647, "avg_over": 0.0, "avg_under": 1.0588235294117647}], [[0.25, 0.30000000000000004], {"acc": 0.47285714285714286, "nll": 0.8566056773771168, "mse": 0.29224812210580015, "N": 700, "over_prob": 0.0, "under_prob": 0.09070796460176989, "over_counts": {"0": 452}, "under_counts": {"0": 411, "1": 38, "2": 2, "3": 1}, "avg_over_mag": 0.0, "avg_under_mag": 1.0975609756097562, "avg_over": 0.0, "avg_under": 1.0975609756097562}], [[0.30000000000000004, 0.35000000000000003], {"acc": 0.47232472324723246, "nll": 0.8511966212787986, "mse": 0.292124025422909, "N": 813, "over_prob": 0.0, "under_prob": 0.08704061895551263, "over_counts": {"0": 517}, "under_counts": {"0": 472, "1": 43, "2": 2}, "avg_over_mag": 0.0, "avg_under_mag": 1.0444444444444445, "avg_over": 0.0, "avg_under": 1.0444444444444445}], [[0.35000000000000003, 0.4], {"acc": 0.4766355140186916, "nll": 0.834239711363177, "mse": 0.2930765300984972, "N": 963, "over_prob": 0.0, "under_prob": 0.09868421052631582, "over_counts": {"0": 608}, "under_counts": {"0": 548, "1": 53, "2": 5, "3": 2}, "avg_over_mag": 0.0, "avg_under_mag": 1.15, "avg_over": 0.0, "avg_under": 1.15}], [[0.4, 0.45], {"acc": 0.4963898916967509, "nll": 0.8445433466626059, "mse": 0.29067420165962393, "N": 1108, "over_prob": 0.0, "under_prob": 0.10951008645533145, "over_counts": {"0": 694}, "under_counts": {"0": 618, "1": 71, "2": 4, "3": 1}, "avg_over_mag": 0.0, "avg_under_mag": 1.0789473684210527, "avg_over": 0.0, "avg_under": 1.0789473684210527}], [[0.45, 0.5], {"acc": 0.4911504424778761, "nll": 0.8194009868262863, "mse": 0.2859713745045788, "N": 1356, "over_prob": 0.0, "under_prob": 0.10206561360874844, "over_counts": {"0": 823}, "under_counts": {"0": 739, "1": 79, "2": 4, "3": 1}, "avg_over_mag": 0.0, "avg_under_mag": 1.0714285714285714, "avg_over": 0.0, "avg_under": 1.0714285714285714}], [[0.5, 0.55], {"acc": 0.5132203389830509, "nll": 0.806781678740377, "mse": 0.2804846525941827, "N": 1475, "over_prob": 0.0, "under_prob": 0.12622415669205655, "over_counts": {"0": 919}, "under_counts": {"0": 803, "1": 106, "2": 7, "3": 2, "4": 1}, "avg_over_mag": 0.0, "avg_under_mag": 1.1206896551724137, "avg_over": 0.0, "avg_under": 1.1206896551724137}], [[0.55, 0.6000000000000001], {"acc": 0.49889380530973454, "nll": 0.8459902017164846, "mse": 0.28845292178805837, "N": 1808, "over_prob": 0.0, "under_prob": 0.14088397790055252, "over_counts": {"0": 1086}, "under_counts": {"0": 933, "1": 134, "2": 18, "3": 1}, "avg_over_mag": 0.0, "avg_under_mag": 1.130718954248366, "avg_over": 0.0, "avg_under": 1.130718954248366}], [[0.6000000000000001, 0.65], {"acc": 0.588293162813576, "nll": 0.7703102968015691, "mse": 0.2642640762481014, "N": 2033, "over_prob": 0.0, "under_prob": 0.15033783783783783, "over_counts": {"0": 1184}, "under_counts": {"0": 1006, "1": 163, "2": 12, "3": 2, "4": 1}, "avg_over_mag": 0.0, "avg_under_mag": 1.1067415730337078, "avg_over": 0.0, "avg_under": 1.1067415730337078}], [[0.65, 0.7000000000000001], {"acc": 0.597682119205298, "nll": 0.7513167348086759, "mse": 0.25813083682572063, "N": 2416, "over_prob": 0.0, "under_prob": 0.1852678571428571, "over_counts": {"0": 1344}, "under_counts": {"0": 1095, "1": 219, "2": 27, "3": 3}, "avg_over_mag": 0.0, "avg_under_mag": 1.1325301204819278, "avg_over": 0.0, "avg_under": 1.1325301204819278}], [[0.7000000000000001, 0.75], {"acc": 0.6556907659269864, "nll": 0.7357567574227529, "mse": 0.2460108047656945, "N": 2794, "over_prob": 0.0, "under_prob": 0.23218997361477578, "over_counts": {"0": 1516}, "under_counts": {"0": 1164, "1": 303, "2": 45, "3": 4}, "avg_over_mag": 0.0, "avg_under_mag": 1.1505681818181819, "avg_over": 0.0, "avg_under": 1.1505681818181819}], [[0.75, 0.8], {"acc": 0.6774193548387096, "nll": 0.6892492191709867, "mse": 0.22936307029484182, "N": 3007, "over_prob": 0.0, "under_prob": 0.23478260869565215, "over_counts": {"0": 1610}, "under_counts": {"0": 1232, "1": 321, "2": 48, "3": 6, "4": 2, "9": 1}, "avg_over_mag": 0.0, "avg_under_mag": 1.1957671957671958, "avg_over": 0.0, "avg_under": 1.1957671957671958}], [[0.8, 0.8500000000000001], {"acc": 0.735820895522388, "nll": 0.6435079660734007, "mse": 0.2112588496697998, "N": 3350, "over_prob": 0.0, "under_prob": 0.27800114876507753, "over_counts": {"0": 1741}, "under_counts": {"0": 1257, "1": 390, "2": 78, "3": 13, "4": 2, "5": 1}, "avg_over_mag": 0.0, "avg_under_mag": 1.2355371900826446, "avg_over": 0.0, "avg_under": 1.2355371900826446}], [[0.8500000000000001, 0.9], {"acc": 0.8026166097838453, "nll": 0.5569389587980103, "mse": 0.17916020657267462, "N": 3516, "over_prob": 0.8361445783132531, "under_prob": 0.0, "over_counts": {"1": 772, "2": 310, "0": 272, "3": 143, "4": 67, "5": 34, "6": 18, "7": 12, "8": 11, "9": 8, "10": 4, "12": 3, "11": 3, "15": 1, "16": 1, "21": 1}, "under_counts": {"0": 1660}, "avg_over_mag": 1.9971181556195965, "avg_under_mag": 0.0, "avg_over": 1.9971181556195965, "avg_under": 0.0}], [[0.9, 0.9500000000000001], {"acc": 0.8669213626233684, "nll": 0.46575507716434295, "mse": 0.14191154854230834, "N": 3141, "over_prob": 0.7906081601231717, "under_prob": 0.0, "over_counts": {"1": 545, "0": 272, "2": 216, "3": 119, "4": 56, "5": 28, "6": 20, "7": 13, "8": 7, "10": 5, "11": 4, "9": 4, "15": 3, "12": 2, "22": 1, "21": 1, "25": 1, "23": 1, "14": 1}, "under_counts": {"0": 1299}, "avg_over_mag": 2.2093476144109054, "avg_under_mag": 0.0, "avg_over": 2.2093476144109054, "avg_under": 0.0}], [[0.9500000000000001, 1.0], {"acc": 0.9335443037974683, "nll": 0.36088853526661185, "mse": 0.10813560775762994, "N": 948, "over_prob": 0.6764044943820224, "under_prob": 0.0, "over_counts": {"1": 201,