{"over_prob": 0.3704424329582946, "under_prob": 0.009559258945943672, "over_counts": {"0": 7442, "3": 1544, "2": 1042, "1": 937, "4": 213, "5": 199, "6": 190, "7": 70, "8": 52, "9": 48, "10": 20, "11": 20, "13": 11, "12": 7, "15": 7, "16": 3, "14": 3, "18": 3, "23": 2, "35": 1, "19": 1, "20": 1, "42": 1, "32": 1, "22": 1, "29": 1, "17": 1}, "under_counts": {"0": 11708, "1": 90, "2": 17, "3": 3, "4": 2, "5": 1}, "avg_over_mag": 2.9997716373601278, "avg_under_mag": 1.2920353982300885, "avg_over": 2.9997716373601278, "avg_under": 1.2920353982300885, "acc": 0.7328226246881873, "auc": 0.6435094045216002, "nll": 0.5605353006923438, "mse": 0.187936841143484, "metrics_by_prob": [[[0.0, 0.05], {"acc": 0.6363636363636364, "nll": 0.662131549747288, "mse": 0.2346866527403485, "N": 11, "over_prob": 0.0, "under_prob": 0.0, "over_counts": {"0": 4}, "under_counts": {"0": 4}, "avg_over_mag": 0.0, "avg_under_mag": 0.0, "avg_over": 0.0, "avg_under": 0.0}], [[0.05, 0.1], {"acc": 0.6470588235294118, "nll": 0.7102644047122475, "mse": 0.2578415294813226, "N": 34, "over_prob": 0.0, "under_prob": 0.0, "over_counts": {"0": 13}, "under_counts": {"0": 13}, "avg_over_mag": 0.0, "avg_under_mag": 0.0, "avg_over": 0.0, "avg_under": 0.0}], [[0.1, 0.15000000000000002], {"acc": 0.48484848484848486, "nll": 0.7166818621497925, "mse": 0.26130427821721297, "N": 66, "over_prob": 0.0, "under_prob": 0.0, "over_counts": {"0": 31}, "under_counts": {"0": 31}, "avg_over_mag": 0.0, "avg_under_mag": 0.0, "avg_over": 0.0, "avg_under": 0.0}], [[0.15000000000000002, 0.2], {"acc": 0.40384615384615385, "nll": 0.7843908685190913, "mse": 0.29331550621750774, "N": 104, "over_prob": 0.0, "under_prob": 0.0, "over_counts": {"0": 61}, "under_counts": {"0": 61}, "avg_over_mag": 0.0, "avg_under_mag": 0.0, "avg_over": 0.0, "avg_under": 0.0}], [[0.2, 0.25], {"acc": 0.3333333333333333, "nll": 0.8269746200366754, "mse": 0.3137613984817469, "N": 180, "over_prob": 0.0, "under_prob": 0.0, "over_counts": {"0": 120}, "under_counts": {"0": 120}, "avg_over_mag": 0.0, "avg_under_mag": 0.0, "avg_over": 0.0, "avg_under": 0.0}], [[0.25, 0.30000000000000004], {"acc": 0.38904109589041097, "nll": 0.7797621727934315, "mse": 0.2914578388428422, "N": 365, "over_prob": 0.0, "under_prob": 0.0, "over_counts": {"0": 231}, "under_counts": {"0": 231}, "avg_over_mag": 0.0, "avg_under_mag": 0.0, "avg_over": 0.0, "avg_under": 0.0}], [[0.30000000000000004, 0.35000000000000003], {"acc": 0.38164251207729466, "nll": 0.7893945897906888, "mse": 0.2956630004380965, "N": 621, "over_prob": 0.0, "under_prob": 0.0, "over_counts": {"0": 403}, "under_counts": {"0": 403}, "avg_over_mag": 0.0, "avg_under_mag": 0.0, "avg_over": 0.0, "avg_under": 0.0}], [[0.35000000000000003, 0.4], {"acc": 0.4415862808145766, "nll": 0.771559644309889, "mse": 0.28690410328927884, "N": 933, "over_prob": 0.0, "under_prob": 0.0, "over_counts": {"0": 554}, "under_counts": {"0": 554}, "avg_over_mag": 0.0, "avg_under_mag": 0.0, "avg_over": 0.0, "avg_under": 0.0}], [[0.4, 0.45], {"acc": 0.4622356495468278, "nll": 0.766079324242245, "mse": 0.28429086535280634, "N": 1324, "over_prob": 0.0, "under_prob": 0.0, "over_counts": {"0": 794}, "under_counts": {"0": 794}, "avg_over_mag": 0.0, "avg_under_mag": 0.0, "avg_over": 0.0, "avg_under": 0.0}], [[0.45, 0.5], {"acc": 0.4455562095350206, "nll": 0.781633352545828, "mse": 0.2912027245341836, "N": 1699, "over_prob": 0.0, "under_prob": 0.0, "over_counts": {"0": 1042}, "under_counts": {"0": 1042}, "avg_over_mag": 0.0, "avg_under_mag": 0.0, "avg_over": 0.0, "avg_under": 0.0}], [[0.5, 0.55], {"acc": 0.5249254367277375, "nll": 0.7375733299469862, "mse": 0.2700047788896718, "N": 2347, "over_prob": 0.0, "under_prob": 0.0012886597938144284, "over_counts": {"0": 1552}, "under_counts": {"0": 1550, "1": 2}, "avg_over_mag": 0.0, "avg_under_mag": 1.0, "avg_over": 0.0, "avg_under": 1.0}], [[0.55, 0.6000000000000001], {"acc": 0.5615615615615616, "nll": 0.714163802206388, "mse": 0.2588703032327886, "N": 3330, "over_prob": 0.0, "under_prob": 0.0009276437847866026, "over_counts": {"0": 2156}, "under_counts": {"0": 2154, "1": 2}, "avg_over_mag": 0.0, "avg_under_mag": 1.0, "avg_over": 0.0, "avg_under": 1.0}], [[0.6000000000000001, 0.65], {"acc": 0.6282819929708497, "nll": 0.6702904435892051, "mse": 0.2378749691501842, "N": 4837, "over_prob": 0.0, "under_prob": 0.0, "over_counts": {"0": 3110}, "under_counts": {"0": 3110}, "avg_over_mag": 0.0, "avg_under_mag": 0.0, "avg_over": 0.0, "avg_under": 0.0}], [[0.65, 0.7000000000000001], {"acc": 0.6710472279260781, "nll": 0.6391773386159819, "mse": 0.22301742992363055, "N": 7305, "over_prob": 0.0, "under_prob": 0.002160345655304874, "over_counts": {"0": 4166}, "under_counts": {"0": 4157, "1": 8, "2": 1}, "avg_over_mag": 0.0, "avg_under_mag": 1.1111111111111112, "avg_over": 0.0, "avg_under": 1.1111111111111112}], [[0.7000000000000001, 0.75], {"acc": 0.72214498510427, "nll": 0.5954372972021905, "mse": 0.20253749228268053, "N": 10070, "over_prob": 0.0, "under_prob": 0.0026515151515151825, "over_counts": {"0": 5280}, "under_counts": {"0": 5266, "1": 14}, "avg_over_mag": 0.0, "avg_under_mag": 1.0, "avg_over": 0.0, "avg_under": 1.0}], [[0.75, 0.8], {"acc": 0.7786502149934568, "nll": 0.5401646497204254, "mse": 0.17702126265238657, "N": 10698, "over_prob": 0.0, "under_prob": 0.003931847968545177, "over_counts": {"0": 5341}, "under_counts": {"0": 5320, "1": 21}, "avg_over_mag": 0.0, "avg_under_mag": 1.0, "avg_over": 0.0, "avg_under": 1.0}], [[0.8, 0.8500000000000001], {"acc": 0.8250131371518655, "nll": 0.48610612513980705, "mse": 0.15270344160257035, "N": 9515, "over_prob": 0.0, "under_prob": 0.018744354110207806, "over_counts": {"0": 4428}, "under_counts": {"0": 4345, "1": 74, "2": 6, "4": 2, "3": 1}, "avg_over_mag": 0.0, "avg_under_mag": 1.1686746987951808, "avg_over": 0.0, "avg_under": 1.1686746987951808}], [[0.8500000000000001, 0.9], {"acc": 0.8756435643564356, "nll": 0.4139057245988566, "mse": 0.12144311642002865, "N": 7575, "over_prob": 0.9642271982523212, "under_prob": 0.0, "over_counts": {"1": 1829, "2": 830, "3": 491, "4": 150, "0": 131, "5": 75, "6": 55, "7": 29, "8": 25, "9": 12, "10": 9, "11": 9, "15": 4, "12": 3, "13": 3, "16": 2, "20": 1, "17": 1, "14": 1, "18": 1, "29": 1}, "under_counts": {"0": 3662}, "avg_over_mag": 2.0481450014160294, "avg_under_mag": 0.0, "avg_over": 2.0481450014160294, "avg_under": 0.0}], [[0.9, 0.9500000000000001], {"acc": 0.9182150230268382, "nll": 0.34299361565173253, "mse": 0.09194366610588979, "N": 6297, "over_prob": 0.9235798937474459, "under_prob": 0.0, "over_counts": {"2": 691, "3": 664, "1": 608, "0": 187, "4": 97, "5": 81, "6": 64, "7": 17, "8": 12, "9": 11, "11": 4, "13": 2, "15": 2, "10": 2, "19": 1, "14": 1, "39": 1, "17": 1, "12": 1}, "under_counts": {"0": 2447}, "avg_over_mag": 2.5194690265486726, "avg_under_mag": 0.0, "avg_over": 2.5194690265486726, "avg_under": 0.0}], [[0.9500000000000001, 1.0], {"acc": 0.9474885844748858, "nll": 0.2596512406884325, "mse": 0.06266901746766364, "N": 438, "over_prob": 0.5315315315315315, "under_prob": 0.0, "over_counts": {"0": 104, "1": 73, "2": 23, "3": 13, "5": 4, "4": 3, "10": 2}, "under_counts": {"0": 222}, "avg_over_mag": 1.7796610169491525, "avg_under_mag": 0.0, "avg_over": 1.7796610169491525, "avg_under": 0.0}]]}