{"acc": 0.7479667596569691, "auc": 0.7212668330674276, "nll": 0.5211349587369719, "mse": 0.17293794693992462}