{"over_prob": 0.26575556633780795, "under_prob": 0.31818426869373007, "over_counts": {"0": 27239, "1": 5457, "2": 2053, "3": 981, "4": 522, "5": 295, "6": 178, "7": 97, "8": 77, "9": 59, "11": 26, "10": 25, "12": 22, "13": 14, "14": 10, "16": 9, "17": 6, "20": 6, "18": 5, "19": 3, "24": 3, "31": 2, "22": 2, "15": 2, "23": 1, "33": 1, "29": 1, "26": 1, "28": 1}, "under_counts": {"0": 25294, "1": 6640, "2": 2480, "3": 1071, "4": 568, "5": 357, "6": 212, "7": 140, "8": 91, "9": 58, "10": 47, "11": 39, "13": 21, "12": 16, "15": 9, "16": 8, "14": 8, "18": 7, "17": 6, "19": 5, "21": 4, "20": 4, "22": 3, "23": 3, "24": 1, "38": 1, "26": 1, "31": 1, "28": 1, "37": 1, "34": 1}, "avg_over_mag": 2.124454812861345, "avg_under_mag": 2.1137749915282953, "avg_over": 2.124454812861345, "avg_under": 2.1137749915282953, "acc": 0.7189000324937295, "auc": 0.6986845824030914, "nll": 0.5716724156847857, "mse": 0.19046028371433604, "metrics_by_prob": [[[0.0, 0.05], {"acc": 0.9447004608294931, "nll": 0.21111342281269818, "mse": 0.05365450385952986, "N": 868, "over_prob": 0.0, "under_prob": 0.0, "over_counts": {"0": 343}, "under_counts": {"0": 343}, "avg_over_mag": 0.0, "avg_under_mag": 0.0, "avg_over": 0.0, "avg_under": 0.0}], [[0.05, 0.1], {"acc": 0.8512084592145015, "nll": 0.3966375980092186, "mse": 0.11855706696112359, "N": 1324, "over_prob": 0.0, "under_prob": 0.005056890012642201, "over_counts": {"0": 791}, "under_counts": {"0": 787, "1": 3, "2": 1}, "avg_over_mag": 0.0, "avg_under_mag": 1.25, "avg_over": 0.0, "avg_under": 1.25}], [[0.1, 0.15000000000000002], {"acc": 0.7646753246753247, "nll": 0.5186635175633734, "mse": 0.16815735723447747, "N": 1925, "over_prob": 0.0, "under_prob": 0.001680672268907557, "over_counts": {"0": 1190}, "under_counts": {"0": 1188, "1": 2}, "avg_over_mag": 0.0, "avg_under_mag": 1.0, "avg_over": 0.0, "avg_under": 1.0}], [[0.15000000000000002, 0.2], {"acc": 0.6930612244897959, "nll": 0.6030596023622327, "mse": 0.20364412277228738, "N": 2450, "over_prob": 0.0, "under_prob": 0.007237635705669487, "over_counts": {"0": 1658}, "under_counts": {"0": 1646, "1": 12}, "avg_over_mag": 0.0, "avg_under_mag": 1.0, "avg_over": 0.0, "avg_under": 1.0}], [[0.2, 0.25], {"acc": 0.61580547112462, "nll": 0.6594269363287403, "mse": 0.23021967661670764, "N": 3290, "over_prob": 0.0, "under_prob": 0.00535236396074934, "over_counts": {"0": 2242}, "under_counts": {"0": 2230, "1": 11, "2": 1}, "avg_over_mag": 0.0, "avg_under_mag": 1.0833333333333333, "avg_over": 0.0, "avg_under": 1.0833333333333333}], [[0.25, 0.30000000000000004], {"acc": 0.5554791380100871, "nll": 0.7119671543746043, "mse": 0.2536224946703745, "N": 4362, "over_prob": 0.0, "under_prob": 0.012316113581936405, "over_counts": {"0": 2923}, "under_counts": {"0": 2887, "1": 34, "2": 2}, "avg_over_mag": 0.0, "avg_under_mag": 1.0555555555555556, "avg_over": 0.0, "avg_under": 1.0555555555555556}], [[0.30000000000000004, 0.35000000000000003], {"acc": 0.5242790697674419, "nll": 0.7357448614445452, "mse": 0.26531648605585223, "N": 5375, "over_prob": 0.0, "under_prob": 0.011455713886560526, "over_counts": {"0": 3579}, "under_counts": {"0": 3538, "1": 39, "2": 2}, "avg_over_mag": 0.0, "avg_under_mag": 1.048780487804878, "avg_over": 0.0, "avg_under": 1.048780487804878}], [[0.35000000000000003, 0.4], {"acc": 0.4843448582875798, "nll": 0.7591881863312334, "mse": 0.2759339209276619, "N": 6739, "over_prob": 0.0, "under_prob": 0.015030744705078591, "over_counts": {"0": 4391}, "under_counts": {"0": 4325, "1": 63, "2": 3}, "avg_over_mag": 0.0, "avg_under_mag": 1.0454545454545454, "avg_over": 0.0, "avg_under": 1.0454545454545454}], [[0.4, 0.45], {"acc": 0.4773460848774656, "nll": 0.7579098435135241, "mse": 0.27659355050396117, "N": 8365, "over_prob": 0.0, "under_prob": 0.02012034599473489, "over_counts": {"0": 5318}, "under_counts": {"0": 5211, "1": 98, "2": 7, "3": 2}, "avg_over_mag": 0.0, "avg_under_mag": 1.102803738317757, "avg_over": 0.0, "avg_under": 1.102803738317757}], [[0.45, 0.5], {"acc": 0.48607519395265564, "nll": 0.7571947477874498, "mse": 0.2754760471814708, "N": 10054, "over_prob": 0.0, "under_prob": 0.030675826809394513, "over_counts": {"0": 6259}, "under_counts": {"0": 6067, "1": 177, "2": 14, "3": 1}, "avg_over_mag": 0.0, "avg_under_mag": 1.0833333333333333, "avg_over": 0.0, "avg_under": 1.0833333333333333}], [[0.5, 0.55], {"acc": 0.5140364789849325, "nll": 0.7437724992689426, "mse": 0.2697927312403038, "N": 12610, "over_prob": 0.0, "under_prob": 0.041259209645010064, "over_counts": {"0": 7465}, "under_counts": {"0": 7157, "1": 286, "2": 21, "3": 1}, "avg_over_mag": 0.0, "avg_under_mag": 1.0746753246753247, "avg_over": 0.0, "avg_under": 1.0746753246753247}], [[0.55, 0.6000000000000001], {"acc": 0.548408057179987, "nll": 0.7310561963929176, "mse": 0.262795129754353, "N": 15390, "over_prob": 0.0, "under_prob": 0.058803496424111756, "over_counts": {"0": 8809}, "under_counts": {"0": 8291, "1": 486, "2": 25, "3": 6, "4": 1}, "avg_over_mag": 0.0, "avg_under_mag": 1.0772200772200773, "avg_over": 0.0, "avg_under": 1.0772200772200773}], [[0.6000000000000001, 0.65], {"acc": 0.5993108931884442, "nll": 0.7055784032041676, "mse": 0.24990734680649968, "N": 18865, "over_prob": 0.0, "under_prob": 0.08707430340557276, "over_counts": {"0": 10336}, "under_counts": {"0": 9436, "1": 808, "2": 74, "3": 16, "5": 2}, "avg_over_mag": 0.0, "avg_under_mag": 1.1266666666666667, "avg_over": 0.0, "avg_under": 1.1266666666666667}], [[0.65, 0.7000000000000001], {"acc": 0.6571240971766251, "nll": 0.6708793857225802, "mse": 0.23259045978547843, "N": 22845, "over_prob": 0.0, "under_prob": 0.1328031469129468, "over_counts": {"0": 11694}, "under_counts": {"0": 10141, "1": 1372, "2": 144, "3": 24, "4": 10, "5": 3}, "avg_over_mag": 0.0, "avg_under_mag": 1.1506761107533805, "avg_over": 0.0, "avg_under": 1.1506761107533805}], [[0.7000000000000001, 0.75], {"acc": 0.7110064958762135, "nll": 0.6276186708289367, "mse": 0.21211777367305004, "N": 27402, "over_prob": 0.0, "under_prob": 0.19686648501362403, "over_counts": {"0": 13212}, "under_counts": {"0": 10611, "1": 2156, "2": 328, "3": 70, "4": 32, "5": 9, "7": 2, "6": 2, "8": 2}, "avg_over_mag": 0.0, "avg_under_mag": 1.2445213379469435, "avg_over": 0.0, "avg_under": 1.2445213379469435}], [[0.75, 0.8], {"acc": 0.7670078078825396, "nll": 0.5710847268835625, "mse": 0.18537764521450048, "N": 32147, "over_prob": 0.0, "under_prob": 0.3024738410366572, "over_counts": {"0": 14431}, "under_counts": {"0": 10066, "1": 3381, "2": 635, "3": 198, "4": 83, "5": 36, "6": 13, "8": 6, "9": 5, "11": 4, "10": 2, "7": 2}, "avg_over_mag": 0.0, "avg_under_mag": 1.3759450171821306, "avg_over": 0.0, "avg_under": 1.3759450171821306}], [[0.8, 0.8500000000000001], {"acc": 0.8209478407178912, "nll": 0.4980346888154106, "mse": 0.1541207254949731, "N": 35660, "over_prob": 0.0, "under_prob": 0.47486335110331335, "over_counts": {"0": 14819}, "under_counts": {"0": 7782, "1": 4751, "2": 1338, "3": 474, "4": 214, "5": 103, "6": 55, "7": 44, "9": 12, "10": 11, "8": 9, "11": 8, "12": 5, "13": 3, "14": 3, "15": 3, "17": 2, "32": 1, "22": 1}, "avg_over_mag": 0.0, "avg_under_mag": 1.6356401875799347, "avg_over": 0.0, "avg_under": 1.6356401875799347}], [[0.8500000000000001, 0.9], {"acc": 0.8715727453039319, "nll": 0.41680763070006327, "mse": 0.11932249166005042, "N": 34284, "over_prob": 0.6285209972788115, "under_prob": 0.0, "over_counts": {"1": 5186, "0": 5051, "2": 1767, "3": 730, "4": 342, "5": 194, "6": 114, "7": 81, "8": 39, "9": 24, "10": 19, "11": 12, "13": 11, "12": 6, "15": 4, "14": 4, "16": 2, "22": 2, "18": 2, "19": 1, "24": 1, "17": 1, "26": 1, "27": 1, "23": 1, "21": 1}, "under_counts": {"0": 13597}, "avg_over_mag": 1.8662532178797098, "avg_under_mag": 0.0, "avg_over": 1.8662532178797098, "avg_under": 0.0}], [[0.9, 0.9500000000000001], {"acc": 0.9215348407161469, "nll": 0.3010243220340698, "mse": 0.07731732686348007, "N": 23794, "over_prob": 0.35892366831411315, "under_prob": 0.0, "over_counts": {"0": 5837, "1": 2440, "2": 511,