{"over_prob": 0.3686551543694401, "under_prob": 0.00784929356357933, "over_counts": {"0": 7239, "3": 1442, "2": 1035, "1": 956, "5": 207, "4": 199, "6": 161, "7": 56, "8": 55, "9": 33, "10": 27, "12": 13, "11": 10, "13": 10, "14": 7, "18": 2, "17": 2, "22": 2, "19": 2, "34": 1, "27": 1, "20": 1, "25": 1, "57": 1, "23": 1, "28": 1, "16": 1}, "under_counts": {"0": 11376, "1": 66, "2": 11, "3": 6, "6": 4, "5": 2, "7": 1}, "avg_over_mag": 2.939200378519044, "avg_under_mag": 1.6333333333333333, "avg_over": 2.939200378519044, "avg_under": 1.6333333333333333, "acc": 0.7326493380942728, "auc": 0.6473816761174168, "nll": 0.5590138177570273, "mse": 0.18749419823527586, "metrics_by_prob": [[[0.0, 0.05], {"acc": 0.0, "nll": 0.7739380051468916, "mse": 0.2903124242541833, "N": 3, "over_prob": 0.0, "under_prob": 0.0, "over_counts": {"0": 2}, "under_counts": {"0": 2}, "avg_over_mag": 0.0, "avg_under_mag": 0.0, "avg_over": 0.0, "avg_under": 0.0}], [[0.05, 0.1], {"acc": 0.3125, "nll": 0.8024031470371795, "mse": 0.3030539067138746, "N": 16, "over_prob": 0.0, "under_prob": 0.0, "over_counts": {"0": 6}, "under_counts": {"0": 6}, "avg_over_mag": 0.0, "avg_under_mag": 0.0, "avg_over": 0.0, "avg_under": 0.0}], [[0.1, 0.15000000000000002], {"acc": 0.23255813953488372, "nll": 0.9380937936718375, "mse": 0.364164787194449, "N": 43, "over_prob": 0.0, "under_prob": 0.0, "over_counts": {"0": 20}, "under_counts": {"0": 20}, "avg_over_mag": 0.0, "avg_under_mag": 0.0, "avg_over": 0.0, "avg_under": 0.0}], [[0.15000000000000002, 0.2], {"acc": 0.21875, "nll": 0.9266509086156077, "mse": 0.35984304168211406, "N": 64, "over_prob": 0.0, "under_prob": 0.0, "over_counts": {"0": 49}, "under_counts": {"0": 49}, "avg_over_mag": 0.0, "avg_under_mag": 0.0, "avg_over": 0.0, "avg_under": 0.0}], [[0.2, 0.25], {"acc": 0.3081761006289308, "nll": 0.8756999976889207, "mse": 0.3364066530255839, "N": 159, "over_prob": 0.0, "under_prob": 0.0, "over_counts": {"0": 116}, "under_counts": {"0": 116}, "avg_over_mag": 0.0, "avg_under_mag": 0.0, "avg_over": 0.0, "avg_under": 0.0}], [[0.25, 0.30000000000000004], {"acc": 0.3560371517027864, "nll": 0.8108376333108867, "mse": 0.30624979676011904, "N": 323, "over_prob": 0.0, "under_prob": 0.0, "over_counts": {"0": 222}, "under_counts": {"0": 222}, "avg_over_mag": 0.0, "avg_under_mag": 0.0, "avg_over": 0.0, "avg_under": 0.0}], [[0.30000000000000004, 0.35000000000000003], {"acc": 0.3351449275362319, "nll": 0.838179665653783, "mse": 0.3187651636745505, "N": 552, "over_prob": 0.0, "under_prob": 0.002564102564102555, "over_counts": {"0": 390}, "under_counts": {"0": 389, "1": 1}, "avg_over_mag": 0.0, "avg_under_mag": 1.0, "avg_over": 0.0, "avg_under": 1.0}], [[0.35000000000000003, 0.4], {"acc": 0.38034682080924853, "nll": 0.815381885265093, "mse": 0.30787423708170164, "N": 865, "over_prob": 0.0, "under_prob": 0.0, "over_counts": {"0": 558}, "under_counts": {"0": 558}, "avg_over_mag": 0.0, "avg_under_mag": 0.0, "avg_over": 0.0, "avg_under": 0.0}], [[0.4, 0.45], {"acc": 0.40391861341371516, "nll": 0.8126741204529895, "mse": 0.30605189568586255, "N": 1327, "over_prob": 0.0, "under_prob": 0.002358490566037763, "over_counts": {"0": 848}, "under_counts": {"0": 846, "2": 1, "1": 1}, "avg_over_mag": 0.0, "avg_under_mag": 1.5, "avg_over": 0.0, "avg_under": 1.5}], [[0.45, 0.5], {"acc": 0.47377830750893923, "nll": 0.7707061950460918, "mse": 0.28608295300074693, "N": 1678, "over_prob": 0.0, "under_prob": 0.0009157509157509125, "over_counts": {"0": 1092}, "under_counts": {"0": 1091, "1": 1}, "avg_over_mag": 0.0, "avg_under_mag": 1.0, "avg_over": 0.0, "avg_under": 1.0}], [[0.5, 0.55], {"acc": 0.5232198142414861, "nll": 0.7489012760775746, "mse": 0.27506558168966966, "N": 2261, "over_prob": 0.0, "under_prob": 0.0013449899125757003, "over_counts": {"0": 1487}, "under_counts": {"0": 1485, "1": 2}, "avg_over_mag": 0.0, "avg_under_mag": 1.0, "avg_over": 0.0, "avg_under": 1.0}], [[0.55, 0.6000000000000001], {"acc": 0.5869101978691019, "nll": 0.7030648362387746, "mse": 0.25331719863054825, "N": 3285, "over_prob": 0.0, "under_prob": 0.0009302325581395099, "over_counts": {"0": 2150}, "under_counts": {"0": 2148, "1": 1, "2": 1}, "avg_over_mag": 0.0, "avg_under_mag": 1.5, "avg_over": 0.0, "avg_under": 1.5}], [[0.6000000000000001, 0.65], {"acc": 0.6178844959635686, "nll": 0.6832355901243123, "mse": 0.2437493326655042, "N": 4831, "over_prob": 0.0, "under_prob": 0.0013131976362442677, "over_counts": {"0": 3046}, "under_counts": {"0": 3042, "1": 4}, "avg_over_mag": 0.0, "avg_under_mag": 1.0, "avg_over": 0.0, "avg_under": 1.0}], [[0.65, 0.7000000000000001], {"acc": 0.6692126909518213, "nll": 0.6414222056903142, "mse": 0.22410121614593942, "N": 6808, "over_prob": 0.0, "under_prob": 0.0007369196757552876, "over_counts": {"0": 4071}, "under_counts": {"0": 4068, "1": 3}, "avg_over_mag": 0.0, "avg_under_mag": 1.0, "avg_over": 0.0, "avg_under": 1.0}], [[0.7000000000000001, 0.75], {"acc": 0.730085653104925, "nll": 0.5876120040989222, "mse": 0.19887357810523512, "N": 9340, "over_prob": 0.0, "under_prob": 0.001993620414672992, "over_counts": {"0": 5016}, "under_counts": {"0": 5006, "1": 9, "2": 1}, "avg_over_mag": 0.0, "avg_under_mag": 1.1, "avg_over": 0.0, "avg_under": 1.1}], [[0.75, 0.8], {"acc": 0.7759796437659033, "nll": 0.5398786834706211, "mse": 0.17700124676549378, "N": 9825, "over_prob": 0.0, "under_prob": 0.006619937694704037, "over_counts": {"0": 5136}, "under_counts": {"0": 5102, "1": 28, "2": 5, "3": 1}, "avg_over_mag": 0.0, "avg_under_mag": 1.2058823529411764, "avg_over": 0.0, "avg_under": 1.2058823529411764}], [[0.8, 0.8500000000000001], {"acc": 0.8332957619477006, "nll": 0.4747615745492724, "mse": 0.14764912947363146, "N": 8872, "over_prob": 0.0, "under_prob": 0.01487252124645888, "over_counts": {"0": 4236}, "under_counts": {"0": 4173, "1": 52, "2": 8, "3": 2, "4": 1}, "avg_over_mag": 0.0, "avg_under_mag": 1.2380952380952381, "avg_over": 0.0, "avg_under": 1.2380952380952381}], [[0.8500000000000001, 0.9], {"acc": 0.8762297261366658, "nll": 0.409863487195211, "mse": 0.11987348693863056, "N": 7522, "over_prob": 0.9605484051482932, "under_prob": 0.0, "over_counts": {"1": 1719, "2": 831, "3": 502, "0": 141, "4": 136, "5": 102, "6": 43, "8": 27, "7": 26, "9": 19, "10": 10, "13": 5, "14": 3, "11": 3, "12": 2, "34": 1, "19": 1, "27": 1, "57": 1, "28": 1}, "under_counts": {"0": 3574}, "avg_over_mag": 2.0964171278764927, "avg_under_mag": 0.0, "avg_over": 2.0964171278764927, "avg_under": 0.0}], [[0.9, 0.9500000000000001], {"acc": 0.9207987815197157, "nll": 0.32628980796158896, "mse": 0.08607482115212144, "N": 5909, "over_prob": 0.90183525394793, "under_prob": 0.0, "over_counts": {"2": 768, "1": 574, "3": 529, "0": 230, "4": 92, "5": 67, "6": 40, "7": 14, "9": 10, "8": 10, "10": 5, "15": 2, "16": 1, "19": 1}, "under_counts": {"0": 2343}, "avg_over_mag": 2.377188831045906, "avg_under_mag": 0.0, "avg_over": 2.377188831045906, "avg_under": 0.0}], [[0.9500000000000001, 1.0], {"acc": 0.9533333333333334, "nll": 0.24349449078041296, "mse": 0.056073713049438534, "N": 450, "over_prob": 0.40930232558139534, "under_prob": 0.0, "over_counts": {"0": 127, "1": 44, "2": 18, "3": 12, "4": 6, "5": 3, "6": 2, "11": 1, "10": 1, "16": 1}, "under_counts": {"0": 215}, "avg_over_mag": 2.3181818181818183, "avg_under_mag": 0.0, "avg_over": 2.3181818181818183, "avg_under": 0.0}]]}