{"auc": 0.6442740000588281, "over_prob": 0.4167920142212498, "under_prob": 0.03549842745795162, "over_counts": {"0": 21325, "1": 5828, "2": 3148, "3": 1888, "4": 1092, "5": 841, "6": 615, "7": 377, "8": 309, "9": 234, "10": 151, "11": 144, "12": 109, "13": 76, "14": 54, "15": 52, "16": 50, "17": 35, "19": 28, "18": 26, "20": 25, "22": 14, "23": 11, "21": 11, "24": 10, "30": 9, "28": 9, "26": 7, "32": 6, "29": 6, "31": 6, "27": 5, "37": 5, "44": 4, "36": 4, "25": 4, "33": 4, "35": 3, "47": 3, "34": 3, "38": 3, "50": 2, "42": 2, "40": 2, "41": 2, "43": 2, "48": 2, "57": 1, "56": 1, "49": 1, "64": 1, "39": 1, "52": 1, "46": 1, "58": 1, "55": 1, "66": 1, "53": 1, "91": 1, "171": 1, "63": 1, "59": 1, "71": 1, "67": 1, "45": 1, "170": 1}, "under_counts": {"0": 35267, "1": 629, "2": 281, "3": 151, "4": 100, "5": 40, "6": 22, "7": 16, "9": 13, "8": 11, "11": 5, "13": 4, "10": 4, "17": 3, "20": 2, "18": 2, "19": 2, "26": 2, "15": 2, "31": 1, "46": 1, "24": 1, "21": 1, "45": 1, "28": 1, "23": 1, "16": 1, "38": 1}, "avg_over_mag": 3.4495406824146984, "avg_under_mag": 2.5878274268104775, "avg_over": 3.4495406824146984, "avg_under": 2.5878274268104775, "acc": 0.70554812186088, "nll": 0.5836106429935981, "mse": 0.19866877045423884, "metrics_by_prob": [[[0.0, 0.05], {"acc": 0.5953678474114441, "nll": 0.6488573488962797, "mse": 0.23136948952729197, "N": 734, "over_prob": 0.0, "under_prob": 0.0, "over_counts": {"0": 322}, "under_counts": {"0": 322}, "avg_over_mag": 0.0, "avg_under_mag": 0.0, "avg_over": 0.0, "avg_under": 0.0}], [[0.05, 0.1], {"acc": 0.4770070148090413, "nll": 0.7628059314704547, "mse": 0.28111525912390833, "N": 1283, "over_prob": 0.0, "under_prob": 0.013580246913580285, "over_counts": {"0": 810}, "under_counts": {"0": 799, "1": 11}, "avg_over_mag": 0.0, "avg_under_mag": 1.0, "avg_over": 0.0, "avg_under": 1.0}], [[0.1, 0.15000000000000002], {"acc": 0.42102137767220904, "nll": 0.7893954148933573, "mse": 0.2942729904229652, "N": 1684, "over_prob": 0.0, "under_prob": 0.005240174672489051, "over_counts": {"0": 1145}, "under_counts": {"0": 1139, "1": 6}, "avg_over_mag": 0.0, "avg_under_mag": 1.0, "avg_over": 0.0, "avg_under": 1.0}], [[0.15000000000000002, 0.2], {"acc": 0.40706401766004413, "nll": 0.792406844521067, "mse": 0.2957362728993307, "N": 2265, "over_prob": 0.0, "under_prob": 0.0030788177339901024, "over_counts": {"0": 1624}, "under_counts": {"0": 1619, "1": 5}, "avg_over_mag": 0.0, "avg_under_mag": 1.0, "avg_over": 0.0, "avg_under": 1.0}], [[0.2, 0.25], {"acc": 0.39510258107213764, "nll": 0.807398208128083, "mse": 0.3025236091416048, "N": 3022, "over_prob": 0.0, "under_prob": 0.005652378709373518, "over_counts": {"0": 2123}, "under_counts": {"0": 2111, "1": 12}, "avg_over_mag": 0.0, "avg_under_mag": 1.0, "avg_over": 0.0, "avg_under": 1.0}], [[0.25, 0.30000000000000004], {"acc": 0.40284842319430314, "nll": 0.8072105608168225, "mse": 0.3023121647914433, "N": 3932, "over_prob": 0.0, "under_prob": 0.004809470958194617, "over_counts": {"0": 2703}, "under_counts": {"0": 2690, "1": 13}, "avg_over_mag": 0.0, "avg_under_mag": 1.0, "avg_over": 0.0, "avg_under": 1.0}], [[0.30000000000000004, 0.35000000000000003], {"acc": 0.39864029666254636, "nll": 0.8130536077215735, "mse": 0.30487691396601785, "N": 4854, "over_prob": 0.0, "under_prob": 0.00723109370292252, "over_counts": {"0": 3319}, "under_counts": {"0": 3295, "1": 24}, "avg_over_mag": 0.0, "avg_under_mag": 1.0, "avg_over": 0.0, "avg_under": 1.0}], [[0.35000000000000003, 0.4], {"acc": 0.4245866043093369, "nll": 0.7989174345433508, "mse": 0.2979943314323226, "N": 5987, "over_prob": 0.0, "under_prob": 0.007374631268436627, "over_counts": {"0": 4068}, "under_counts": {"0": 4038, "1": 30}, "avg_over_mag": 0.0, "avg_under_mag": 1.0, "avg_over": 0.0, "avg_under": 1.0}], [[0.4, 0.45], {"acc": 0.44723885562208915, "nll": 0.7880314962776935, "mse": 0.2928879492422526, "N": 7515, "over_prob": 0.0, "under_prob": 0.008251157174481771, "over_counts": {"0": 4969}, "under_counts": {"0": 4928, "1": 41}, "avg_over_mag": 0.0, "avg_under_mag": 1.0, "avg_over": 0.0, "avg_under": 1.0}], [[0.45, 0.5], {"acc": 0.4809488821244883, "nll": 0.7644295837792796, "mse": 0.28199679654491216, "N": 9527, "over_prob": 0.0, "under_prob": 0.0069044879171461515, "over_counts": {"0": 6083}, "under_counts": {"0": 6041, "1": 41, "2": 1}, "avg_over_mag": 0.0, "avg_under_mag": 1.0238095238095237, "avg_over": 0.0, "avg_under": 1.0238095238095237}], [[0.5, 0.55], {"acc": 0.5207442796077445, "nll": 0.7440172926878431, "mse": 0.272093626963483, "N": 11931, "over_prob": 0.0, "under_prob": 0.005903349807797942, "over_counts": {"0": 7284}, "under_counts": {"0": 7241, "1": 42, "2": 1}, "avg_over_mag": 0.0, "avg_under_mag": 1.0232558139534884, "avg_over": 0.0, "avg_under": 1.0232558139534884}], [[0.55, 0.6000000000000001], {"acc": 0.5639190862804458, "nll": 0.7173921556876895, "mse": 0.25940041345454534, "N": 14534, "over_prob": 0.0, "under_prob": 0.009468576162859565, "over_counts": {"0": 8449}, "under_counts": {"0": 8369, "1": 73, "2": 4, "4": 1, "5": 1, "3": 1}, "avg_over_mag": 0.0, "avg_under_mag": 1.1625, "avg_over": 0.0, "avg_under": 1.1625}], [[0.6000000000000001, 0.65], {"acc": 0.6113168841529432, "nll": 0.6892898924174732, "mse": 0.24589858433323858, "N": 17549, "over_prob": 0.0, "under_prob": 0.012310509716146112, "over_counts": {"0": 9829}, "under_counts": {"0": 9708, "1": 113, "2": 4, "3": 2, "4": 1, "5": 1}, "avg_over_mag": 0.0, "avg_under_mag": 1.1239669421487604, "avg_over": 0.0, "avg_under": 1.1239669421487604}], [[0.65, 0.7000000000000001], {"acc": 0.6638687164010186, "nll": 0.6480169097798014, "mse": 0.2266701981697038, "N": 21206, "over_prob": 0.0, "under_prob": 0.01510759771629333, "over_counts": {"0": 11385}, "under_counts": {"0": 11213, "1": 148, "2": 18, "3": 4, "4": 1, "6": 1}, "avg_over_mag": 0.0, "avg_under_mag": 1.197674418604651, "avg_over": 0.0, "avg_under": 1.197674418604651}], [[0.7000000000000001, 0.75], {"acc": 0.7120710955246483, "nll": 0.6064204182480263, "mse": 0.20736922507407152, "N": 25093, "over_prob": 0.0, "under_prob": 0.024775130187785988, "over_counts": {"0": 12674}, "under_counts": {"0": 12360, "1": 257, "2": 36, "3": 9, "5": 5, "4": 4, "8": 2, "7": 1}, "avg_over_mag": 0.0, "avg_under_mag": 1.3375796178343948, "avg_over": 0.0, "avg_under": 1.3375796178343948}], [[0.75, 0.8], {"acc": 0.7671255708523618, "nll": 0.5559685172139306, "mse": 0.18412497087867088, "N": 29999, "over_prob": 0.0, "under_prob": 0.03671875000000002, "over_counts": {"0": 14080}, "under_counts": {"0": 13563, "1": 382, "2": 83, "3": 25, "4": 9, "5": 6, "6": 5, "7": 3, "8": 1, "10": 1, "9": 1, "11": 1}, "avg_over_mag": 0.0, "avg_under_mag": 1.504835589941973, "avg_over": 0.0, "avg_under": 1.504835589941973}], [[0.8, 0.8500000000000001], {"acc": 0.8167257647695174, "nll": 0.5012677313748912, "mse": 0.15968150406006537, "N": 33278, "over_prob": 0.0, "under_prob": 0.05479546710889993, "over_counts": {"0": 14472}, "under_counts": {"0": 13679, "1": 503, "2": 154, "3": 62, "4": 30, "5": 14, "7": 9, "8": 4, "9": 4, "6": 4, "21": 2, "10": 1, "20": 1, "30": 1, "12": 1, "11": 1, "16": 1, "14": 1}, "avg_over_mag": 0.0, "avg_under_mag": 1.8877679697351828, "avg_over": 0.0, "avg_under": 1.8877679697351828}], [[0.8500000000000001, 0.9], {"acc": 0.8684856100041883, "nll": 0.43473424599515703, "mse": 0.13066250540609012, "N": 33426, "over_prob": 0.9377791009228937, "under_prob": 0.0, "over_counts": {"1": 6275, "2": 2767, "3": 1361, "0": 836, "4": 758, "5": 475, "6": 290, "7": 178, "8": 132, "9": 94, "10": 70, "11": 46, "12": 32, "14": 21, "13": 20, "15": 13, "20": 12, "17": 11, "16": 10, "21": 5, "18": 4, "28": 4, "22": 3, "24": 3, "29": 3, "27": 2, "42": 2, "31": 2, "39": 1, "94": 1, "26": 1, "49": 1, "67": 1, "23": 1, "79": 1}, "under_counts": {"0": 13436}, "avg_over_mag": 2.3971428571428572, "avg_under_mag": 0.0, "avg_over": 2.3971428571428572, "avg_under": 0.0}], [[0.9, 0.9500000000000001], {"acc": 0.9173782019085887, "nll": 0.3556642845783245,