{"auc": 0.7187542122654931, "over_prob": 0.28334904875478395, "under_prob": 0.12784957568362088, "over_counts": {"0": 25841, "1": 5404, "2": 2227, "3": 1035, "4": 568, "5": 337, "6": 214, "7": 131, "8": 71, "9": 53, "10": 40, "12": 23, "11": 23, "13": 19, "14": 17, "15": 9, "16": 8, "18": 8, "21": 6, "17": 5, "23": 3, "37": 3, "29": 2, "19": 2, "27": 2, "22": 2, "38": 1, "24": 1, "28": 1, "20": 1, "26": 1}, "under_counts": {"0": 31448, "1": 3143, "2": 809, "3": 310, "4": 145, "5": 74, "7": 39, "6": 34, "8": 20, "9": 8, "12": 6, "11": 6, "10": 5, "13": 3, "19": 2, "21": 2, "20": 1, "15": 1, "24": 1, "29": 1}, "avg_over_mag": 2.222570226093765, "avg_under_mag": 1.6800433839479392, "avg_over": 2.222570226093765, "avg_under": 1.6800433839479392, "acc": 0.7314546465986408, "nll": 0.5439009857456791, "mse": 0.18222450644924906, "metrics_by_prob": [[[0.0, 0.05], {"acc": 0.965556831228473, "nll": 0.18306638734395056, "mse": 0.04390882935921584, "N": 871, "over_prob": 0.0, "under_prob": 0.0, "over_counts": {"0": 311}, "under_counts": {"0": 311}, "avg_over_mag": 0.0, "avg_under_mag": 0.0, "avg_over": 0.0, "avg_under": 0.0}], [[0.05, 0.1], {"acc": 0.8700882117080995, "nll": 0.3592584189452772, "mse": 0.10595636034811054, "N": 1247, "over_prob": 0.0, "under_prob": 0.0, "over_counts": {"0": 770}, "under_counts": {"0": 770}, "avg_over_mag": 0.0, "avg_under_mag": 0.0, "avg_over": 0.0, "avg_under": 0.0}], [[0.1, 0.15000000000000002], {"acc": 0.812004530011325, "nll": 0.47466631337900833, "mse": 0.15025392974789256, "N": 1766, "over_prob": 0.0, "under_prob": 0.0, "over_counts": {"0": 1150}, "under_counts": {"0": 1150}, "avg_over_mag": 0.0, "avg_under_mag": 0.0, "avg_over": 0.0, "avg_under": 0.0}], [[0.15000000000000002, 0.2], {"acc": 0.7418069087688219, "nll": 0.5638660262171209, "mse": 0.1885353710355921, "N": 2258, "over_prob": 0.0, "under_prob": 0.0006230529595016021, "over_counts": {"0": 1605}, "under_counts": {"0": 1604, "1": 1}, "avg_over_mag": 0.0, "avg_under_mag": 1.0, "avg_over": 0.0, "avg_under": 1.0}], [[0.2, 0.25], {"acc": 0.6699061662198391, "nll": 0.6255299168012882, "mse": 0.21672922117726506, "N": 2984, "over_prob": 0.0, "under_prob": 0.0019212295869356355, "over_counts": {"0": 2082}, "under_counts": {"0": 2078, "1": 4}, "avg_over_mag": 0.0, "avg_under_mag": 1.0, "avg_over": 0.0, "avg_under": 1.0}], [[0.25, 0.30000000000000004], {"acc": 0.6189500640204866, "nll": 0.6681013147154489, "mse": 0.23619331113285644, "N": 3905, "over_prob": 0.0, "under_prob": 0.0026256564141035055, "over_counts": {"0": 2666}, "under_counts": {"0": 2659, "1": 7}, "avg_over_mag": 0.0, "avg_under_mag": 1.0, "avg_over": 0.0, "avg_under": 1.0}], [[0.30000000000000004, 0.35000000000000003], {"acc": 0.5787878787878787, "nll": 0.6908400814532122, "mse": 0.24739327512236411, "N": 4950, "over_prob": 0.0, "under_prob": 0.0036090225563909506, "over_counts": {"0": 3325}, "under_counts": {"0": 3313, "1": 9, "2": 3}, "avg_over_mag": 0.0, "avg_under_mag": 1.25, "avg_over": 0.0, "avg_under": 1.25}], [[0.35000000000000003, 0.4], {"acc": 0.5234921692769077, "nll": 0.717596591117497, "mse": 0.2603747197064419, "N": 6002, "over_prob": 0.0, "under_prob": 0.003455936805726978, "over_counts": {"0": 4051}, "under_counts": {"0": 4037, "1": 14}, "avg_over_mag": 0.0, "avg_under_mag": 1.0, "avg_over": 0.0, "avg_under": 1.0}], [[0.4, 0.45], {"acc": 0.5051823933234622, "nll": 0.7312143296006033, "mse": 0.2668874402635445, "N": 7429, "over_prob": 0.0, "under_prob": 0.004106776180698102, "over_counts": {"0": 4870}, "under_counts": {"0": 4850, "1": 19, "2": 1}, "avg_over_mag": 0.0, "avg_under_mag": 1.05, "avg_over": 0.0, "avg_under": 1.05}], [[0.45, 0.5], {"acc": 0.4970267055897935, "nll": 0.7274465979362096, "mse": 0.2653055194678366, "N": 9249, "over_prob": 0.0, "under_prob": 0.005297334244702689, "over_counts": {"0": 5852}, "under_counts": {"0": 5821, "1": 29, "2": 2}, "avg_over_mag": 0.0, "avg_under_mag": 1.064516129032258, "avg_over": 0.0, "avg_under": 1.064516129032258}], [[0.5, 0.55], {"acc": 0.5109388458225668, "nll": 0.7257105319848522, "mse": 0.2642992432187539, "N": 11610, "over_prob": 0.0, "under_prob": 0.006993985172751405, "over_counts": {"0": 7149}, "under_counts": {"0": 7099, "1": 47, "2": 3}, "avg_over_mag": 0.0, "avg_under_mag": 1.06, "avg_over": 0.0, "avg_under": 1.06}], [[0.55, 0.6000000000000001], {"acc": 0.5564894585697275, "nll": 0.7048166172502807, "mse": 0.2541353287959911, "N": 14277, "over_prob": 0.0, "under_prob": 0.008833711352512874, "over_counts": {"0": 8377}, "under_counts": {"0": 8303, "1": 68, "2": 5, "3": 1}, "avg_over_mag": 0.0, "avg_under_mag": 1.0945945945945945, "avg_over": 0.0, "avg_under": 1.0945945945945945}], [[0.6000000000000001, 0.65], {"acc": 0.6101551001924601, "nll": 0.6800854607351168, "mse": 0.24203686179357262, "N": 17666, "over_prob": 0.0, "under_prob": 0.019011793411956135, "over_counts": {"0": 9836}, "under_counts": {"0": 9649, "1": 173, "2": 12, "5": 1, "3": 1}, "avg_over_mag": 0.0, "avg_under_mag": 1.0962566844919786, "avg_over": 0.0, "avg_under": 1.0962566844919786}], [[0.65, 0.7000000000000001], {"acc": 0.6630015975942111, "nll": 0.6478528366635714, "mse": 0.22655769289331154, "N": 21282, "over_prob": 0.0, "under_prob": 0.027542561725643955, "over_counts": {"0": 11219}, "under_counts": {"0": 10910, "1": 291, "2": 14, "3": 4}, "avg_over_mag": 0.0, "avg_under_mag": 1.0711974110032363, "avg_over": 0.0, "avg_under": 1.0711974110032363}], [[0.7000000000000001, 0.75], {"acc": 0.7232177189879259, "nll": 0.5985127977636343, "mse": 0.20342637981630188, "N": 26006, "over_prob": 0.0, "under_prob": 0.04347826086956519, "over_counts": {"0": 12558}, "under_counts": {"0": 12012, "1": 479, "2": 50, "3": 14, "4": 2, "5": 1}, "avg_over_mag": 0.0, "avg_under_mag": 1.1611721611721613, "avg_over": 0.0, "avg_under": 1.1611721611721613}], [[0.75, 0.8], {"acc": 0.7722704206907841, "nll": 0.5468920600525028, "mse": 0.17982515310275354, "N": 30545, "over_prob": 0.0, "under_prob": 0.09319409434641701, "over_counts": {"0": 13885}, "under_counts": {"0": 12591, "1": 1077, "2": 157, "3": 35, "4": 17, "5": 6, "6": 1, "11": 1}, "avg_over_mag": 0.0, "avg_under_mag": 1.2449768160741885, "avg_over": 0.0, "avg_under": 1.2449768160741885}], [[0.8, 0.8500000000000001], {"acc": 0.8232961660008348, "nll": 0.47893242252890633, "mse": 0.14986748118449325, "N": 33542, "over_prob": 0.0, "under_prob": 0.2290192814537384, "over_counts": {"0": 14418}, "under_counts": {"0": 11116, "1": 2511, "2": 483, "3": 164, "4": 73, "5": 36, "6": 13, "7": 11, "11": 3, "8": 2, "19": 1, "14": 1, "16": 1, "12": 1, "9": 1, "20": 1}, "avg_over_mag": 0.0, "avg_under_mag": 1.4339794064203513, "avg_over": 0.0, "avg_under": 1.4339794064203513}], [[0.8500000000000001, 0.9], {"acc": 0.8764124077533147, "nll": 0.3868380074202753, "mse": 0.11225948966348225, "N": 32657, "over_prob": 0.701307433694434, "under_prob": 0.0, "over_counts": {"1": 5365, "0": 3998, "2": 2054, "3": 844, "4": 456, "5": 234, "6": 148, "7": 82, "8": 56, "10": 37, "9": 34, "11": 20, "13": 10, "12": 9, "18": 7, "17": 6, "15": 5, "16": 4, "22": 3, "26": 3, "14": 3, "23": 2, "21": 1, "24": 1, "32": 1, "35": 1, "27": 1}, "under_counts": {"0": 13385}, "avg_over_mag": 2.000745712155108, "avg_under_mag": 0.0, "avg_over": 2.000745712155108, "avg_under": 0.0}], [[0.9, 0.9500000000000001], {"acc": 0.9217578176395772, "nll": 0.2858328616663944, "mse": 0.07492513017020876, "N": 22801, "over_prob": 0.29589439534623563, "under_prob": 0.0, "over_counts": {"0": 6294, "1": 1950, "2": 432, "3": 142, "4": 65, "5": 24, "6": 11, "7": 7, "11": 5, "8": 4, "10": 2, "12": 1, "15": 1, "9": 1}, "under_counts": {"0": 8939}, "avg_over_mag": 1.466162570888469, "avg_under_mag": 0.0, "avg_over": 1.466162570888469, "avg_under": 0.0}], [[0.9500000000000001, 1.0], {"acc": 0.9652361942781105, "nll": 0.1594636397274412, "mse": 0.03484739947492844, "N": 6012, "over_prob": 0.017498138495904647, "under_prob": 0.0, "over_counts": {"0": 2639, "1": 46, "3": 1}, "under_counts": {"0": 2686},