{"auc": 0.6962757614025169, "over_prob": 0.01246770025839794, "under_prob": 0.008010335917312705, "over_counts": {"0": 15287, "1": 136, "2": 39, "3": 10, "4": 6, "5": 2}, "under_counts": {"0": 15356, "1": 90, "2": 17, "3": 13, "5": 2, "6": 1, "4": 1}, "avg_over_mag": 1.4404145077720207, "avg_under_mag": 1.4758064516129032, "avg_over": 1.4404145077720207, "avg_under": 1.4758064516129032, "acc": 0.6816542088137144, "nll": 0.5958452373651844, "mse": 0.2048055831259968, "metrics_by_prob": [[[0.0, 0.05], {"acc": 0.9630434782608696, "nll": 0.1649410946161032, "mse": 0.03678579777865439, "N": 460, "over_prob": 0.0, "under_prob": 0.0, "over_counts": {"0": 147}, "under_counts": {"0": 147}, "avg_over_mag": 0.0, "avg_under_mag": 0.0, "avg_over": 0.0, "avg_under": 0.0}], [[0.05, 0.1], {"acc": 0.9191709844559586, "nll": 0.28717280871110845, "mse": 0.07574175265479617, "N": 2895, "over_prob": 0.0, "under_prob": 0.0, "over_counts": {"0": 924}, "under_counts": {"0": 924}, "avg_over_mag": 0.0, "avg_under_mag": 0.0, "avg_over": 0.0, "avg_under": 0.0}], [[0.1, 0.15000000000000002], {"acc": 0.8692116182572615, "nll": 0.39336729667727427, "mse": 0.11528259127364796, "N": 6025, "over_prob": 0.0, "under_prob": 0.0, "over_counts": {"0": 1975}, "under_counts": {"0": 1975}, "avg_over_mag": 0.0, "avg_under_mag": 0.0, "avg_over": 0.0, "avg_under": 0.0}], [[0.15000000000000002, 0.2], {"acc": 0.8209307819513347, "nll": 0.47559512549190147, "mse": 0.14900866919692335, "N": 8466, "over_prob": 0.0, "under_prob": 0.0, "over_counts": {"0": 3022}, "under_counts": {"0": 3022}, "avg_over_mag": 0.0, "avg_under_mag": 0.0, "avg_over": 0.0, "avg_under": 0.0}], [[0.2, 0.25], {"acc": 0.7710796287249634, "nll": 0.5446693684721261, "mse": 0.17916399877980138, "N": 10235, "over_prob": 0.0, "under_prob": 0.0, "over_counts": {"0": 3848}, "under_counts": {"0": 3848}, "avg_over_mag": 0.0, "avg_under_mag": 0.0, "avg_over": 0.0, "avg_under": 0.0}], [[0.25, 0.30000000000000004], {"acc": 0.7290211376213372, "nll": 0.593022084766231, "mse": 0.20115998975487948, "N": 11023, "over_prob": 0.0, "under_prob": 0.0, "over_counts": {"0": 4513}, "under_counts": {"0": 4513}, "avg_over_mag": 0.0, "avg_under_mag": 0.0, "avg_over": 0.0, "avg_under": 0.0}], [[0.30000000000000004, 0.35000000000000003], {"acc": 0.6724809797736129, "nll": 0.6370658166903347, "mse": 0.22223209911726235, "N": 10778, "over_prob": 0.0, "under_prob": 0.0, "over_counts": {"0": 4736}, "under_counts": {"0": 4736}, "avg_over_mag": 0.0, "avg_under_mag": 0.0, "avg_over": 0.0, "avg_under": 0.0}], [[0.35000000000000003, 0.4], {"acc": 0.621773288439955, "nll": 0.6661528669087241, "mse": 0.2364085427381346, "N": 9801, "over_prob": 0.0, "under_prob": 0.0002172024326672073, "over_counts": {"0": 4604}, "under_counts": {"0": 4603, "1": 1}, "avg_over_mag": 0.0, "avg_under_mag": 1.0, "avg_over": 0.0, "avg_under": 1.0}], [[0.4, 0.45], {"acc": 0.5578848192203509, "nll": 0.6905443559207395, "mse": 0.2484334163455214, "N": 8491, "over_prob": 0.0, "under_prob": 0.0, "over_counts": {"0": 4223}, "under_counts": {"0": 4223}, "avg_over_mag": 0.0, "avg_under_mag": 0.0, "avg_over": 0.0, "avg_under": 0.0}], [[0.45, 0.5], {"acc": 0.521813031161473, "nll": 0.698981818215564, "mse": 0.25273343076906635, "N": 7060, "over_prob": 0.0, "under_prob": 0.00027639579878391274, "over_counts": {"0": 3618}, "under_counts": {"0": 3617, "1": 1}, "avg_over_mag": 0.0, "avg_under_mag": 1.0, "avg_over": 0.0, "avg_under": 1.0}], [[0.5, 0.55], {"acc": 0.5100914265999655, "nll": 0.7008554054638567, "mse": 0.25370423726222835, "N": 5797, "over_prob": 0.0, "under_prob": 0.0003045066991473888, "over_counts": {"0": 3284}, "under_counts": {"0": 3283, "1": 1}, "avg_over_mag": 0.0, "avg_under_mag": 1.0, "avg_over": 0.0, "avg_under": 1.0}], [[0.55, 0.6000000000000001], {"acc": 0.5376606114311032, "nll": 0.6952998639833688, "mse": 0.2508408161099393, "N": 4514, "over_prob": 0.0, "under_prob": 0.00038372985418266836, "over_counts": {"0": 2606}, "under_counts": {"0": 2605, "1": 1}, "avg_over_mag": 0.0, "avg_under_mag": 1.0, "avg_over": 0.0, "avg_under": 1.0}], [[0.6000000000000001, 0.65], {"acc": 0.5690002881014117, "nll": 0.6864631298324051, "mse": 0.24635065997123928, "N": 3471, "over_prob": 0.0, "under_prob": 0.0004803073967338811, "over_counts": {"0": 2082}, "under_counts": {"0": 2081, "1": 1}, "avg_over_mag": 0.0, "avg_under_mag": 1.0, "avg_over": 0.0, "avg_under": 1.0}], [[0.65, 0.7000000000000001], {"acc": 0.6600300525920361, "nll": 0.6432028715052359, "mse": 0.22537765713235797, "N": 2662, "over_prob": 0.0, "under_prob": 0.002376708259061222, "over_counts": {"0": 1683}, "under_counts": {"0": 1679, "1": 4}, "avg_over_mag": 0.0, "avg_under_mag": 1.0, "avg_over": 0.0, "avg_under": 1.0}], [[0.7000000000000001, 0.75], {"acc": 0.6966901790558871, "nll": 0.6172796462931011, "mse": 0.21271092716426493, "N": 1843, "over_prob": 0.0, "under_prob": 0.012626262626262652, "over_counts": {"0": 1188}, "under_counts": {"0": 1173, "1": 13, "2": 1, "3": 1}, "avg_over_mag": 0.0, "avg_under_mag": 1.2, "avg_over": 0.0, "avg_under": 1.2}], [[0.75, 0.8], {"acc": 0.7696867061812024, "nll": 0.5558565073076204, "mse": 0.18364695330734412, "N": 1181, "over_prob": 0.0, "under_prob": 0.047919293820933184, "over_counts": {"0": 793}, "under_counts": {"0": 755, "1": 26, "2": 10, "4": 1, "5": 1}, "avg_over_mag": 0.0, "avg_under_mag": 1.4473684210526316, "avg_over": 0.0, "avg_under": 1.4473684210526316}], [[0.8, 0.8500000000000001], {"acc": 0.815006468305304, "nll": 0.4866735156380182, "mse": 0.15335343604055543, "N": 773, "over_prob": 0.0, "under_prob": 0.1577981651376147, "over_counts": {"0": 545}, "under_counts": {"0": 459, "1": 75, "2": 9, "5": 1, "3": 1}, "avg_over_mag": 0.0, "avg_under_mag": 1.1744186046511629, "avg_over": 0.0, "avg_under": 1.1744186046511629}], [[0.8500000000000001, 0.9], {"acc": 0.8876889848812095, "nll": 0.37640805506603037, "mse": 0.10675674731919949, "N": 463, "over_prob": 0.5973154362416108, "under_prob": 0.0, "over_counts": {"1": 131, "0": 120, "2": 35, "3": 6, "4": 4, "5": 2}, "under_counts": {"0": 298}, "avg_over_mag": 1.3764044943820224, "avg_under_mag": 0.0, "avg_over": 1.3764044943820224, "avg_under": 0.0}], [[0.9, 0.9500000000000001], {"acc": 0.9363636363636364, "nll": 0.25633900359105705, "mse": 0.06413357096744925, "N": 220, "over_prob": 0.18181818181818177, "under_prob": 0.0, "over_counts": {"0": 126, "1": 23, "2": 5}, "under_counts": {"0": 154}, "avg_over_mag": 1.1785714285714286, "avg_under_mag": 0.0, "avg_over": 1.1785714285714286, "avg_under": 0.0}], [[0.9500000000000001, 1.0], {"acc": 0.9393939393939394, "nll": 0.26917991723839507, "mse": 0.0603159508004207, "N": 33, "over_prob": 0.0, "under_prob": 0.0, "over_counts": {"0": 28}, "under_counts": {"0": 28}, "avg_over_mag": 0.0, "avg_under_mag": 0.0, "avg_over": 0.0, "avg_under": 0.0}]]}