{"over_prob": 0.192996008754989, "under_prob": 0.22629930045920776, "over_counts": {"0": 18804, "1": 2199, "3": 1037, "2": 1020, "4": 138, "5": 54, "6": 34, "7": 11, "8": 2, "10": 1, "14": 1}, "under_counts": {"0": 18028, "1": 1890, "2": 1531, "3": 919, "4": 398, "5": 250, "6": 127, "7": 74, "8": 36, "10": 18, "9": 10, "11": 8, "12": 5, "13": 3, "16": 2, "24": 1, "14": 1}, "avg_over_mag": 1.8885923949299532, "avg_under_mag": 2.398255262658828, "avg_over": 1.8885923949299532, "avg_under": 2.398255262658828, "acc": 0.6592371708074062, "auc": 0.6370231526115352, "nll": 0.6436878762206912, "mse": 0.22269413116328893, "metrics_by_prob": [[[0.0, 0.05], {"acc": 0.7899408284023669, "nll": 0.5482002119154383, "mse": 0.1812400352149388, "N": 338, "over_prob": 0.0, "under_prob": 0.0, "over_counts": {"0": 39}, "under_counts": {"0": 39}, "avg_over_mag": 0.0, "avg_under_mag": 0.0, "avg_over": 0.0, "avg_under": 0.0}], [[0.05, 0.1], {"acc": 0.6410256410256411, "nll": 0.6282966657355973, "mse": 0.21941516147102208, "N": 507, "over_prob": 0.0, "under_prob": 0.0, "over_counts": {"0": 95}, "under_counts": {"0": 95}, "avg_over_mag": 0.0, "avg_under_mag": 0.0, "avg_over": 0.0, "avg_under": 0.0}], [[0.1, 0.15000000000000002], {"acc": 0.6064139941690962, "nll": 0.6681677657024824, "mse": 0.23763446251825138, "N": 686, "over_prob": 0.0, "under_prob": 0.0, "over_counts": {"0": 163}, "under_counts": {"0": 163}, "avg_over_mag": 0.0, "avg_under_mag": 0.0, "avg_over": 0.0, "avg_under": 0.0}], [[0.15000000000000002, 0.2], {"acc": 0.5833333333333334, "nll": 0.7001485337592784, "mse": 0.2520909843641053, "N": 960, "over_prob": 0.0, "under_prob": 0.010714285714285676, "over_counts": {"0": 280}, "under_counts": {"0": 277, "1": 3}, "avg_over_mag": 0.0, "avg_under_mag": 1.0, "avg_over": 0.0, "avg_under": 1.0}], [[0.2, 0.25], {"acc": 0.48333333333333334, "nll": 0.7547799230869155, "mse": 0.27798790085424585, "N": 1320, "over_prob": 0.0, "under_prob": 0.004662004662004615, "over_counts": {"0": 429}, "under_counts": {"0": 427, "1": 2}, "avg_over_mag": 0.0, "avg_under_mag": 1.0, "avg_over": 0.0, "avg_under": 1.0}], [[0.25, 0.30000000000000004], {"acc": 0.48016922263352724, "nll": 0.7592566364367525, "mse": 0.2801693268105099, "N": 1891, "over_prob": 0.0, "under_prob": 0.0014705882352941124, "over_counts": {"0": 680}, "under_counts": {"0": 679, "1": 1}, "avg_over_mag": 0.0, "avg_under_mag": 1.0, "avg_over": 0.0, "avg_under": 1.0}], [[0.30000000000000004, 0.35000000000000003], {"acc": 0.44966216216216215, "nll": 0.7887276235902714, "mse": 0.29362724848090893, "N": 2960, "over_prob": 0.0, "under_prob": 0.012322274881516604, "over_counts": {"0": 1055}, "under_counts": {"0": 1042, "1": 12, "2": 1}, "avg_over_mag": 0.0, "avg_under_mag": 1.0769230769230769, "avg_over": 0.0, "avg_under": 1.0769230769230769}], [[0.35000000000000003, 0.4], {"acc": 0.4325868372943327, "nll": 0.8049575921286702, "mse": 0.30000892848098654, "N": 4376, "over_prob": 0.0, "under_prob": 0.019255455712451908, "over_counts": {"0": 1558}, "under_counts": {"0": 1528, "1": 23, "2": 6, "3": 1}, "avg_over_mag": 0.0, "avg_under_mag": 1.2666666666666666, "avg_over": 0.0, "avg_under": 1.2666666666666666}], [[0.4, 0.45], {"acc": 0.44690412782956057, "nll": 0.8036655292462535, "mse": 0.2994506887930665, "N": 6008, "over_prob": 0.0, "under_prob": 0.03299725022914757, "over_counts": {"0": 2182}, "under_counts": {"0": 2110, "1": 54, "2": 17, "3": 1}, "avg_over_mag": 0.0, "avg_under_mag": 1.2638888888888888, "avg_over": 0.0, "avg_under": 1.2638888888888888}], [[0.45, 0.5], {"acc": 0.4796109240553685, "nll": 0.7853000168774773, "mse": 0.29017874295514084, "N": 8019, "over_prob": 0.0, "under_prob": 0.0420944558521561, "over_counts": {"0": 2922}, "under_counts": {"0": 2799, "1": 87, "2": 26, "3": 9, "4": 1}, "avg_over_mag": 0.0, "avg_under_mag": 1.3821138211382114, "avg_over": 0.0, "avg_under": 1.3821138211382114}], [[0.5, 0.55], {"acc": 0.5164646464646465, "nll": 0.7653663498929243, "mse": 0.2799648930592552, "N": 9900, "over_prob": 0.0, "under_prob": 0.05646036916395225, "over_counts": {"0": 3684}, "under_counts": {"0": 3476, "1": 153, "2": 41, "3": 9, "4": 3, "6": 1, "12": 1}, "avg_over_mag": 0.0, "avg_under_mag": 1.4038461538461537, "avg_over": 0.0, "avg_under": 1.4038461538461537}], [[0.55, 0.6000000000000001], {"acc": 0.5688436290186837, "nll": 0.7381396616258812, "mse": 0.2658534818509086, "N": 11882, "over_prob": 0.0, "under_prob": 0.0854644808743169, "over_counts": {"0": 4575}, "under_counts": {"0": 4184, "1": 282, "2": 75, "3": 25, "4": 7, "11": 2}, "avg_over_mag": 0.0, "avg_under_mag": 1.4245524296675192, "avg_over": 0.0, "avg_under": 1.4245524296675192}], [[0.6000000000000001, 0.65], {"acc": 0.617435268883101, "nll": 0.7061719831771858, "mse": 0.24989739118026194, "N": 13054, "over_prob": 0.0, "under_prob": 0.11646814142560036, "over_counts": {"0": 5289}, "under_counts": {"0": 4673, "1": 412, "2": 140, "3": 54, "4": 7, "5": 2, "6": 1}, "avg_over_mag": 0.0, "avg_under_mag": 1.4577922077922079, "avg_over": 0.0, "avg_under": 1.4577922077922079}], [[0.65, 0.7000000000000001], {"acc": 0.6668132834836156, "nll": 0.6720706860266669, "mse": 0.2323451548752456, "N": 13641, "over_prob": 0.0, "under_prob": 0.17169453542492674, "over_counts": {"0": 5801}, "under_counts": {"0": 4805, "1": 610, "2": 245, "3": 95, "4": 34, "5": 8, "6": 2, "10": 1, "8": 1}, "avg_over_mag": 0.0, "avg_under_mag": 1.5973895582329318, "avg_over": 0.0, "avg_under": 1.5973895582329318}], [[0.7000000000000001, 0.75], {"acc": 0.7167206648823778, "nll": 0.623851501183373, "mse": 0.21025575982877293, "N": 14198, "over_prob": 0.0, "under_prob": 0.22871239853573133, "over_counts": {"0": 6283}, "under_counts": {"0": 4846, "1": 861, "2": 377, "3": 129, "4": 50, "5": 17, "6": 2, "7": 1}, "avg_over_mag": 0.0, "avg_under_mag": 1.60473208072373, "avg_over": 0.0, "avg_under": 1.60473208072373}], [[0.75, 0.8], {"acc": 0.7659683188553909, "nll": 0.5708390090986792, "mse": 0.18593944577653973, "N": 13699, "over_prob": 0.0, "under_prob": 0.2879389798188463, "over_counts": {"0": 6293}, "under_counts": {"0": 4481, "1": 1071, "2": 493, "3": 166, "4": 53, "5": 19, "6": 8, "7": 2}, "avg_over_mag": 0.0, "avg_under_mag": 1.6136865342163356, "avg_over": 0.0, "avg_under": 1.6136865342163356}], [[0.8, 0.8500000000000001], {"acc": 0.8209489704565801, "nll": 0.49823215652795055, "mse": 0.15433789627745018, "N": 12287, "over_prob": 0.0, "under_prob": 0.37076343717904825, "over_counts": {"0": 5842}, "under_counts": {"0": 3676, "1": 1125, "2": 682, "3": 250, "4": 52, "5": 39, "6": 13, "8": 2, "7": 2, "9": 1}, "avg_over_mag": 0.0, "avg_under_mag": 1.7354570637119113, "avg_over": 0.0, "avg_under": 1.7354570637119113}], [[0.8500000000000001, 0.9], {"acc": 0.8677549333608844, "nll": 0.4300458954762324, "mse": 0.12511859299112074, "N": 9679, "over_prob": 0.7236952861952861, "under_prob": 0.0, "over_counts": {"1": 1897, "0": 1313, "2": 1035, "3": 390, "4": 55, "5": 31, "6": 22, "7": 6, "10": 1, "8": 1, "12": 1}, "under_counts": {"0": 4752}, "avg_over_mag": 1.6621110788019773, "avg_under_mag": 0.0, "avg_over": 1.6621110788019773, "avg_under": 0.0}], [[0.9, 0.9500000000000001], {"acc": 0.9230349344978166, "nll": 0.319139793054602, "mse": 0.0843972519868995, "N": 5496, "over_prob": 0.6486384266263238, "under_prob": 0.0, "over_counts": {"1": 1098, "0": 929, "2": 395, "3": 198, "4": 17, "6": 4, "5": 3}, "under_counts": {"0": 2644}, "avg_over_mag": 1.5096209912536442, "avg_under_mag": 0.0, "avg_over": 1.5096209912536442, "avg_under": 0.0}], [[0.9500000000000001, 1.0], {"acc": 0.9640933572710951, "nll": 0.21418653117298853, "mse": 0.048321199616209565, "N": 557, "over_prob": 0.4767801857585139, "under_prob": 0.0, "over_counts": {"0": 169, "1": 127, "2": 20, "3": 7}, "under_counts": {"0": 323}, "avg_over_mag": 1.2207792207792207, "avg_under_mag": 0.0, "avg_over": 1.2207792207792207, "avg_under": 0.0}]]}