{"acc": 0.751527139449648, "auc": 0.7630637941940668, "nll": 0.5236908598346762, "mse": 0.17082909938014212}