{"acc": 0.7254622344610543, "auc": 0.7789080987128718, "nll": 0.5423046088555934, "mse": 0.18125764139024858}