{"auc": 0.7159805770165105, "over_prob": 0.26343525278585933, "under_prob": 0.1661634736784322, "over_counts": {"0": 26836, "1": 5031, "2": 2132, "3": 1014, "4": 490, "5": 307, "6": 188, "7": 116, "8": 68, "9": 54, "10": 38, "12": 29, "11": 26, "13": 16, "15": 12, "17": 11, "14": 9, "18": 8, "24": 6, "16": 5, "33": 4, "21": 4, "22": 3, "20": 3, "19": 3, "25": 3, "23": 2, "31": 2, "35": 2, "50": 2, "36": 1, "39": 1, "37": 1, "30": 1, "48": 1, "32": 1, "26": 1, "34": 1, "28": 1, "63": 1}, "under_counts": {"0": 30380, "1": 3963, "2": 1086, "3": 484, "4": 211, "5": 114, "6": 63, "7": 33, "8": 29, "9": 13, "10": 12, "11": 11, "14": 6, "15": 5, "12": 4, "20": 4, "13": 3, "16": 2, "17": 2, "18": 2, "41": 1, "22": 1, "33": 1, "24": 1, "46": 1, "21": 1, "19": 1}, "avg_over_mag": 2.2931860804334234, "avg_under_mag": 1.789560621076974, "avg_over": 2.2931860804334234, "avg_under": 1.789560621076974, "acc": 0.7279082582685333, "nll": 0.547691128484594, "mse": 0.18384353871214013, "metrics_by_prob": [[[0.0, 0.05], {"acc": 0.9383333333333334, "nll": 0.2307398738100711, "mse": 0.05959208743528289, "N": 600, "over_prob": 0.0, "under_prob": 0.0, "over_counts": {"0": 276}, "under_counts": {"0": 276}, "avg_over_mag": 0.0, "avg_under_mag": 0.0, "avg_over": 0.0, "avg_under": 0.0}], [[0.05, 0.1], {"acc": 0.8492129246064622, "nll": 0.4128397793173695, "mse": 0.12419186170068187, "N": 1207, "over_prob": 0.0, "under_prob": 0.0, "over_counts": {"0": 743}, "under_counts": {"0": 743}, "avg_over_mag": 0.0, "avg_under_mag": 0.0, "avg_over": 0.0, "avg_under": 0.0}], [[0.1, 0.15000000000000002], {"acc": 0.8043478260869565, "nll": 0.504783658351127, "mse": 0.1605288966472358, "N": 1656, "over_prob": 0.0, "under_prob": 0.0009372071227741197, "over_counts": {"0": 1067}, "under_counts": {"0": 1066, "2": 1}, "avg_over_mag": 0.0, "avg_under_mag": 2.0, "avg_over": 0.0, "avg_under": 2.0}], [[0.15000000000000002, 0.2], {"acc": 0.7560165975103734, "nll": 0.5559521081648678, "mse": 0.1841000357681883, "N": 2410, "over_prob": 0.0, "under_prob": 0.0036923076923076614, "over_counts": {"0": 1625}, "under_counts": {"0": 1619, "1": 5, "2": 1}, "avg_over_mag": 0.0, "avg_under_mag": 1.1666666666666667, "avg_over": 0.0, "avg_under": 1.1666666666666667}], [[0.2, 0.25], {"acc": 0.6773477157360406, "nll": 0.6292776395665878, "mse": 0.21688545150389246, "N": 3152, "over_prob": 0.0, "under_prob": 0.003731343283582045, "over_counts": {"0": 2144}, "under_counts": {"0": 2136, "1": 8}, "avg_over_mag": 0.0, "avg_under_mag": 1.0, "avg_over": 0.0, "avg_under": 1.0}], [[0.25, 0.30000000000000004], {"acc": 0.627851711026616, "nll": 0.657492640590916, "mse": 0.23176149020626996, "N": 4208, "over_prob": 0.0, "under_prob": 0.002177068214804012, "over_counts": {"0": 2756}, "under_counts": {"0": 2750, "1": 6}, "avg_over_mag": 0.0, "avg_under_mag": 1.0, "avg_over": 0.0, "avg_under": 1.0}], [[0.30000000000000004, 0.35000000000000003], {"acc": 0.5806938159879337, "nll": 0.6931209776969048, "mse": 0.24823546392829166, "N": 5304, "over_prob": 0.0, "under_prob": 0.00520833333333337, "over_counts": {"0": 3456}, "under_counts": {"0": 3438, "1": 17, "2": 1}, "avg_over_mag": 0.0, "avg_under_mag": 1.0555555555555556, "avg_over": 0.0, "avg_under": 1.0555555555555556}], [[0.35000000000000003, 0.4], {"acc": 0.5273490184324892, "nll": 0.716889275472174, "mse": 0.2596262816371666, "N": 6673, "over_prob": 0.0, "under_prob": 0.004700352526439522, "over_counts": {"0": 4255}, "under_counts": {"0": 4235, "1": 18, "2": 2}, "avg_over_mag": 0.0, "avg_under_mag": 1.1, "avg_over": 0.0, "avg_under": 1.1}], [[0.4, 0.45], {"acc": 0.5024498366775548, "nll": 0.7323521020386334, "mse": 0.2672270091268822, "N": 8572, "over_prob": 0.0, "under_prob": 0.005529075309818832, "over_counts": {"0": 5245}, "under_counts": {"0": 5216, "1": 28, "3": 1}, "avg_over_mag": 0.0, "avg_under_mag": 1.0689655172413792, "avg_over": 0.0, "avg_under": 1.0689655172413792}], [[0.45, 0.5], {"acc": 0.4963980405340505, "nll": 0.7320036449836478, "mse": 0.2670603215505522, "N": 10411, "over_prob": 0.0, "under_prob": 0.008325328210054384, "over_counts": {"0": 6246}, "under_counts": {"0": 6194, "1": 47, "2": 5}, "avg_over_mag": 0.0, "avg_under_mag": 1.0961538461538463, "avg_over": 0.0, "avg_under": 1.0961538461538463}], [[0.5, 0.55], {"acc": 0.5143686945888107, "nll": 0.7232347889345986, "mse": 0.26288649227543265, "N": 13084, "over_prob": 0.0, "under_prob": 0.011903187409072924, "over_counts": {"0": 7561}, "under_counts": {"0": 7471, "1": 83, "2": 5, "3": 2}, "avg_over_mag": 0.0, "avg_under_mag": 1.1, "avg_over": 0.0, "avg_under": 1.1}], [[0.55, 0.6000000000000001], {"acc": 0.5464129596297249, "nll": 0.7136565246130148, "mse": 0.25811559876509604, "N": 15556, "over_prob": 0.0, "under_prob": 0.015567765567765512, "over_counts": {"0": 8736}, "under_counts": {"0": 8600, "1": 125, "2": 9, "3": 2}, "avg_over_mag": 0.0, "avg_under_mag": 1.0955882352941178, "avg_over": 0.0, "avg_under": 1.0955882352941178}], [[0.6000000000000001, 0.65], {"acc": 0.6052354920100925, "nll": 0.6852489114724137, "mse": 0.2442302743702239, "N": 19024, "over_prob": 0.0, "under_prob": 0.022176430183495244, "over_counts": {"0": 10191}, "under_counts": {"0": 9965, "1": 206, "2": 17, "3": 2, "5": 1}, "avg_over_mag": 0.0, "avg_under_mag": 1.1106194690265487, "avg_over": 0.0, "avg_under": 1.1106194690265487}], [[0.65, 0.7000000000000001], {"acc": 0.6634452871072589, "nll": 0.6512691679725415, "mse": 0.22776474639845506, "N": 23075, "over_prob": 0.0, "under_prob": 0.03634323204419887, "over_counts": {"0": 11584}, "under_counts": {"0": 11163, "1": 374, "2": 35, "3": 8, "4": 2, "7": 1, "8": 1}, "avg_over_mag": 0.0, "avg_under_mag": 1.166270783847981, "avg_over": 0.0, "avg_under": 1.166270783847981}], [[0.7000000000000001, 0.75], {"acc": 0.7146762904636921, "nll": 0.6066224205411886, "mse": 0.20702782872169864, "N": 27432, "over_prob": 0.0, "under_prob": 0.061963995982384334, "over_counts": {"0": 12943}, "under_counts": {"0": 12141, "1": 685, "2": 86, "3": 20, "4": 7, "7": 2, "14": 1, "8": 1}, "avg_over_mag": 0.0, "avg_under_mag": 1.2231920199501247, "avg_over": 0.0, "avg_under": 1.2231920199501247}], [[0.75, 0.8], {"acc": 0.7738919879850426, "nll": 0.5459985697792683, "mse": 0.1791226620031234, "N": 32626, "over_prob": 0.0, "under_prob": 0.12619344126193444, "over_counts": {"0": 14454}, "under_counts": {"0": 12630, "1": 1505, "2": 220, "3": 60, "4": 18, "5": 8, "6": 5, "7": 4, "8": 3, "10": 1}, "avg_over_mag": 0.0, "avg_under_mag": 1.2768640350877194, "avg_over": 0.0, "avg_under": 1.2768640350877194}], [[0.8, 0.8500000000000001], {"acc": 0.82261187012556, "nll": 0.47909316577642796, "mse": 0.1499293914115266, "N": 36158, "over_prob": 0.0, "under_prob": 0.28998849252013814, "over_counts": {"0": 14773}, "under_counts": {"0": 10489, "1": 3149, "2": 712, "3": 220, "4": 96, "5": 43, "6": 20, "7": 16, "8": 11, "11": 4, "10": 4, "15": 2, "14": 2, "9": 2, "19": 1, "31": 1, "20": 1}, "avg_over_mag": 0.0, "avg_under_mag": 1.4897292250233427, "avg_over": 0.0, "avg_under": 1.4897292250233427}], [[0.8500000000000001, 0.9], {"acc": 0.8712557032334854, "nll": 0.39366196551009447, "mse": 0.11516200003844344, "N": 35287, "over_prob": 0.6544479541614633, "under_prob": 0.0, "over_counts": {"1": 5021, "0": 4704, "2": 1949, "3": 873, "4": 387, "5": 226, "6": 143, "7": 88, "8": 48, "9": 37, "10": 33, "11": 17, "12": 16, "15": 8, "13": 8, "14": 7, "16": 7, "18": 6, "19": 4, "22": 3, "32": 3, "21": 3, "17": 3, "25": 2, "29": 2, "24": 2, "33": 2, "23": 2, "20": 2, "34": 1, "27": 1, "36": 1, "38": 1, "28": 1, "30": 1, "55": 1}, "under_counts": {"0": 13613}, "avg_over_mag": 2.0839600404085754, "avg_under_mag": 0.0, "avg_over": 2.0839600404085754, "avg_under": 0.0}], [[0.9, 0.9500000000000001], {"acc": 0.924383650082718, "nll": 0.276616399221751, "mse": 0.07197914426366989, "N": 24783, "over_prob": 0.2510460251046025, "under_prob": 0.0, "over_counts": {"0": 6802, "1": 1706, "2": 354, "3": 121, "4": 39, "5": 22, "6": 10, "9": 7, "7": 5, "8": 4,