{"over_prob": 0.013630490956072383, "under_prob": 0.027971576227390216, "over_counts": {"0": 15269, "1": 143, "2": 34, "3": 17, "4": 6, "5": 6, "6": 3, "9": 1, "8": 1}, "under_counts": {"0": 15047, "1": 354, "2": 53, "3": 10, "4": 9, "5": 6, "8": 1}, "avg_over_mag": 1.6635071090047393, "avg_under_mag": 1.302540415704388, "avg_over": 1.6635071090047393, "avg_under": 1.302540415704388, "acc": 0.673223066607063, "auc": 0.6791131220544857, "nll": 0.6093475452889151, "mse": 0.21023495078979743, "metrics_by_prob": [[[0.0, 0.05], {"acc": 0.9630434782608696, "nll": 0.1777130438559995, "mse": 0.03985432112259463, "N": 460, "over_prob": 0.0, "under_prob": 0.0, "over_counts": {"0": 147}, "under_counts": {"0": 147}, "avg_over_mag": 0.0, "avg_under_mag": 0.0, "avg_over": 0.0, "avg_under": 0.0}], [[0.05, 0.1], {"acc": 0.918825561312608, "nll": 0.3031173768772413, "mse": 0.08017109402559579, "N": 2895, "over_prob": 0.0, "under_prob": 0.0, "over_counts": {"0": 924}, "under_counts": {"0": 924}, "avg_over_mag": 0.0, "avg_under_mag": 0.0, "avg_over": 0.0, "avg_under": 0.0}], [[0.1, 0.15000000000000002], {"acc": 0.8693775933609958, "nll": 0.40854923205785626, "mse": 0.12010013336687889, "N": 6025, "over_prob": 0.0, "under_prob": 0.0, "over_counts": {"0": 1975}, "under_counts": {"0": 1975}, "avg_over_mag": 0.0, "avg_under_mag": 0.0, "avg_over": 0.0, "avg_under": 0.0}], [[0.15000000000000002, 0.2], {"acc": 0.8190408693597921, "nll": 0.49330721761879975, "mse": 0.15575235070974036, "N": 8466, "over_prob": 0.0, "under_prob": 0.0, "over_counts": {"0": 3022}, "under_counts": {"0": 3022}, "avg_over_mag": 0.0, "avg_under_mag": 0.0, "avg_over": 0.0, "avg_under": 0.0}], [[0.2, 0.25], {"acc": 0.7651196873473376, "nll": 0.559438383168988, "mse": 0.185065865253673, "N": 10235, "over_prob": 0.0, "under_prob": 0.0, "over_counts": {"0": 3848}, "under_counts": {"0": 3848}, "avg_over_mag": 0.0, "avg_under_mag": 0.0, "avg_over": 0.0, "avg_under": 0.0}], [[0.25, 0.30000000000000004], {"acc": 0.7215821464211195, "nll": 0.6044032593299422, "mse": 0.2060520400321942, "N": 11023, "over_prob": 0.0, "under_prob": 0.00022158209616662816, "over_counts": {"0": 4513}, "under_counts": {"0": 4512, "1": 1}, "avg_over_mag": 0.0, "avg_under_mag": 1.0, "avg_over": 0.0, "avg_under": 1.0}], [[0.30000000000000004, 0.35000000000000003], {"acc": 0.6570792354796808, "nll": 0.6490621665623294, "mse": 0.22751982022437708, "N": 10778, "over_prob": 0.0, "under_prob": 0.0, "over_counts": {"0": 4736}, "under_counts": {"0": 4736}, "avg_over_mag": 0.0, "avg_under_mag": 0.0, "avg_over": 0.0, "avg_under": 0.0}], [[0.35000000000000003, 0.4], {"acc": 0.6023875114784206, "nll": 0.6787655090275715, "mse": 0.24196840858604043, "N": 9801, "over_prob": 0.0, "under_prob": 0.0004344048653345256, "over_counts": {"0": 4604}, "under_counts": {"0": 4602, "1": 2}, "avg_over_mag": 0.0, "avg_under_mag": 1.0, "avg_over": 0.0, "avg_under": 1.0}], [[0.4, 0.45], {"acc": 0.5469320456954422, "nll": 0.7049235065580404, "mse": 0.25461745434963295, "N": 8491, "over_prob": 0.0, "under_prob": 0.0011839924224484877, "over_counts": {"0": 4223}, "under_counts": {"0": 4218, "1": 5}, "avg_over_mag": 0.0, "avg_under_mag": 1.0, "avg_over": 0.0, "avg_under": 1.0}], [[0.45, 0.5], {"acc": 0.5230878186968838, "nll": 0.7075059627513779, "mse": 0.25635809970826057, "N": 7060, "over_prob": 0.0, "under_prob": 0.0027639579878385723, "over_counts": {"0": 3618}, "under_counts": {"0": 3608, "1": 9, "2": 1}, "avg_over_mag": 0.0, "avg_under_mag": 1.1, "avg_over": 0.0, "avg_under": 1.1}], [[0.5, 0.55], {"acc": 0.5102639296187683, "nll": 0.7118518619822896, "mse": 0.2585218970002893, "N": 5797, "over_prob": 0.0, "under_prob": 0.0018270401948843329, "over_counts": {"0": 3284}, "under_counts": {"0": 3278, "1": 5, "2": 1}, "avg_over_mag": 0.0, "avg_under_mag": 1.1666666666666667, "avg_over": 0.0, "avg_under": 1.1666666666666667}], [[0.55, 0.6000000000000001], {"acc": 0.5219317678334072, "nll": 0.7059708497160676, "mse": 0.25518358983965733, "N": 4514, "over_prob": 0.0, "under_prob": 0.007290867229470477, "over_counts": {"0": 2606}, "under_counts": {"0": 2587, "1": 15, "3": 2, "4": 1, "2": 1}, "avg_over_mag": 0.0, "avg_under_mag": 1.4210526315789473, "avg_over": 0.0, "avg_under": 1.4210526315789473}], [[0.6000000000000001, 0.65], {"acc": 0.5537309132814751, "nll": 0.6991703734770781, "mse": 0.251670366145949, "N": 3471, "over_prob": 0.0, "under_prob": 0.018251681075888593, "over_counts": {"0": 2082}, "under_counts": {"0": 2044, "1": 36, "4": 1, "2": 1}, "avg_over_mag": 0.0, "avg_under_mag": 1.105263157894737, "avg_over": 0.0, "avg_under": 1.105263157894737}], [[0.65, 0.7000000000000001], {"acc": 0.635236664162284, "nll": 0.6624690468782584, "mse": 0.23344702918701563, "N": 2662, "over_prob": 0.0, "under_prob": 0.04099821746880572, "over_counts": {"0": 1683}, "under_counts": {"0": 1614, "1": 63, "2": 5, "3": 1}, "avg_over_mag": 0.0, "avg_under_mag": 1.1014492753623188, "avg_over": 0.0, "avg_under": 1.1014492753623188}], [[0.7000000000000001, 0.75], {"acc": 0.6901790558871406, "nll": 0.6343416123684031, "mse": 0.2187602406214008, "N": 1843, "over_prob": 0.0, "under_prob": 0.07070707070707072, "over_counts": {"0": 1188}, "under_counts": {"0": 1104, "1": 75, "2": 7, "3": 1, "4": 1}, "avg_over_mag": 0.0, "avg_under_mag": 1.1428571428571428, "avg_over": 0.0, "avg_under": 1.1428571428571428}], [[0.75, 0.8], {"acc": 0.7603725656223539, "nll": 0.5783469998905741, "mse": 0.19202532718720033, "N": 1181, "over_prob": 0.0, "under_prob": 0.1513240857503153, "over_counts": {"0": 793}, "under_counts": {"0": 673, "1": 108, "2": 11, "3": 1}, "avg_over_mag": 0.0, "avg_under_mag": 1.1083333333333334, "avg_over": 0.0, "avg_under": 1.1083333333333334}], [[0.8, 0.8500000000000001], {"acc": 0.815006468305304, "nll": 0.5059999829857097, "mse": 0.16077914612272237, "N": 773, "over_prob": 0.0, "under_prob": 0.27889908256880735, "over_counts": {"0": 545}, "under_counts": {"0": 393, "1": 141, "2": 10, "3": 1}, "avg_over_mag": 0.0, "avg_under_mag": 1.0789473684210527, "avg_over": 0.0, "avg_under": 1.0789473684210527}], [[0.8500000000000001, 0.9], {"acc": 0.8876889848812095, "nll": 0.38788712763396166, "mse": 0.11103250453015337, "N": 463, "over_prob": 0.5939597315436241, "under_prob": 0.0, "over_counts": {"1": 122, "0": 121, "2": 35, "3": 9, "4": 5, "5": 4, "6": 2}, "under_counts": {"0": 298}, "avg_over_mag": 1.5310734463276836, "avg_under_mag": 0.0, "avg_over": 1.5310734463276836, "avg_under": 0.0}], [[0.9, 0.9500000000000001], {"acc": 0.9363636363636364, "nll": 0.29468547720530436, "mse": 0.07178992732562124, "N": 220, "over_prob": 0.38961038961038963, "under_prob": 0.0, "over_counts": {"0": 94, "1": 50, "2": 6, "3": 2, "6": 1, "4": 1}, "under_counts": {"0": 154}, "avg_over_mag": 1.3, "avg_under_mag": 0.0, "avg_over": 1.3, "avg_under": 0.0}], [[0.9500000000000001, 1.0], {"acc": 0.9393939393939394, "nll": 0.2551206171453609, "mse": 0.062340832933708026, "N": 33, "over_prob": 0.0714285714285714, "under_prob": 0.0, "over_counts": {"0": 26, "1": 2}, "under_counts": {"0": 28}, "avg_over_mag": 1.0, "avg_under_mag": 0.0, "avg_over": 1.0, "avg_under": 0.0}]]}