{"acc": 0.6813862124969822, "auc": 0.7241887775303884, "nll": 0.5964919725532193, "mse": 0.20452078205424865}