{"auc": 0.607314213562448, "over_prob": 0.005380257619394202, "under_prob": 0.0, "over_counts": {"0": 31427, "1": 122, "2": 33, "3": 6, "4": 5, "6": 1, "10": 1, "5": 1, "7": 1}, "under_counts": {"0": 31597}, "avg_over_mag": 1.4941176470588236, "avg_under_mag": 0.0, "avg_over": 1.4941176470588236, "avg_under": 0.0, "acc": 0.6500481443493187, "nll": 0.6334857247441865, "mse": 0.22120104169419513, "metrics_by_prob": [[[0.0, 0.05], {"acc": 0.988950276243094, "nll": 0.21660205696433785, "mse": 0.04332890973672604, "N": 181, "over_prob": 0.0, "under_prob": 0.0, "over_counts": {"0": 21}, "under_counts": {"0": 21}, "avg_over_mag": 0.0, "avg_under_mag": 0.0, "avg_over": 0.0, "avg_under": 0.0}], [[0.05, 0.1], {"acc": 0.9209677419354839, "nll": 0.35042878809566663, "mse": 0.09540291014229288, "N": 1240, "over_prob": 0.0, "under_prob": 0.0, "over_counts": {"0": 232}, "under_counts": {"0": 232}, "avg_over_mag": 0.0, "avg_under_mag": 0.0, "avg_over": 0.0, "avg_under": 0.0}], [[0.1, 0.15000000000000002], {"acc": 0.8633158560838908, "nll": 0.4476282181714332, "mse": 0.13533893361890156, "N": 5531, "over_prob": 0.0, "under_prob": 0.0, "over_counts": {"0": 1089}, "under_counts": {"0": 1089}, "avg_over_mag": 0.0, "avg_under_mag": 0.0, "avg_over": 0.0, "avg_under": 0.0}], [[0.15000000000000002, 0.2], {"acc": 0.8219799517084949, "nll": 0.5003242334726244, "mse": 0.1588374035576726, "N": 13667, "over_prob": 0.0, "under_prob": 0.0, "over_counts": {"0": 2898}, "under_counts": {"0": 2898}, "avg_over_mag": 0.0, "avg_under_mag": 0.0, "avg_over": 0.0, "avg_under": 0.0}], [[0.2, 0.25], {"acc": 0.7710167443466253, "nll": 0.553630313919775, "mse": 0.18314090052179718, "N": 23172, "over_prob": 0.0, "under_prob": 0.0, "over_counts": {"0": 5073}, "under_counts": {"0": 5073}, "avg_over_mag": 0.0, "avg_under_mag": 0.0, "avg_over": 0.0, "avg_under": 0.0}], [[0.25, 0.30000000000000004], {"acc": 0.7199197633699385, "nll": 0.6009893470941791, "mse": 0.20511709444013568, "N": 29413, "over_prob": 0.0, "under_prob": 0.0, "over_counts": {"0": 6498}, "under_counts": {"0": 6498}, "avg_over_mag": 0.0, "avg_under_mag": 0.0, "avg_over": 0.0, "avg_under": 0.0}], [[0.30000000000000004, 0.35000000000000003], {"acc": 0.6668493327316098, "nll": 0.6404108877633785, "mse": 0.22388746658240913, "N": 31022, "over_prob": 0.0, "under_prob": 0.0, "over_counts": {"0": 7367}, "under_counts": {"0": 7367}, "avg_over_mag": 0.0, "avg_under_mag": 0.0, "avg_over": 0.0, "avg_under": 0.0}], [[0.35000000000000003, 0.4], {"acc": 0.6120326437654204, "nll": 0.6745434021019789, "mse": 0.24021890811676153, "N": 26345, "over_prob": 0.0, "under_prob": 0.0, "over_counts": {"0": 7122}, "under_counts": {"0": 7122}, "avg_over_mag": 0.0, "avg_under_mag": 0.0, "avg_over": 0.0, "avg_under": 0.0}], [[0.4, 0.45], {"acc": 0.5608803165182987, "nll": 0.697649874640692, "mse": 0.2515585579243754, "N": 20220, "over_prob": 0.0, "under_prob": 0.0, "over_counts": {"0": 6177}, "under_counts": {"0": 6177}, "avg_over_mag": 0.0, "avg_under_mag": 0.0, "avg_over": 0.0, "avg_under": 0.0}], [[0.45, 0.5], {"acc": 0.5175457177151733, "nll": 0.7127979355562747, "mse": 0.2590527191923844, "N": 14163, "over_prob": 0.0, "under_prob": 0.0, "over_counts": {"0": 4999}, "under_counts": {"0": 4999}, "avg_over_mag": 0.0, "avg_under_mag": 0.0, "avg_over": 0.0, "avg_under": 0.0}], [[0.5, 0.55], {"acc": 0.48506039415130325, "nll": 0.7247003326927567, "mse": 0.2649683916561015, "N": 9438, "over_prob": 0.0, "under_prob": 0.0, "over_counts": {"0": 3829}, "under_counts": {"0": 3829}, "avg_over_mag": 0.0, "avg_under_mag": 0.0, "avg_over": 0.0, "avg_under": 0.0}], [[0.55, 0.6000000000000001], {"acc": 0.46525630593978845, "nll": 0.7279120951936935, "mse": 0.2665638125223295, "N": 6145, "over_prob": 0.0, "under_prob": 0.0, "over_counts": {"0": 2785}, "under_counts": {"0": 2785}, "avg_over_mag": 0.0, "avg_under_mag": 0.0, "avg_over": 0.0, "avg_under": 0.0}], [[0.6000000000000001, 0.65], {"acc": 0.44577481003914343, "nll": 0.7319140755944243, "mse": 0.26865469567845507, "N": 4343, "over_prob": 0.0, "under_prob": 0.0, "over_counts": {"0": 2017}, "under_counts": {"0": 2017}, "avg_over_mag": 0.0, "avg_under_mag": 0.0, "avg_over": 0.0, "avg_under": 0.0}], [[0.65, 0.7000000000000001], {"acc": 0.464070796460177, "nll": 0.7219024365177553, "mse": 0.26384347240255457, "N": 2825, "over_prob": 0.0, "under_prob": 0.0, "over_counts": {"0": 1385}, "under_counts": {"0": 1385}, "avg_over_mag": 0.0, "avg_under_mag": 0.0, "avg_over": 0.0, "avg_under": 0.0}], [[0.7000000000000001, 0.75], {"acc": 0.45618396519577376, "nll": 0.7200201483483075, "mse": 0.26290684103223444, "N": 1609, "over_prob": 0.0, "under_prob": 0.0, "over_counts": {"0": 911}, "under_counts": {"0": 911}, "avg_over_mag": 0.0, "avg_under_mag": 0.0, "avg_over": 0.0, "avg_under": 0.0}], [[0.75, 0.8], {"acc": 0.5010266940451745, "nll": 0.7096273320809279, "mse": 0.25774233791992435, "N": 974, "over_prob": 0.0, "under_prob": 0.0, "over_counts": {"0": 600}, "under_counts": {"0": 600}, "avg_over_mag": 0.0, "avg_under_mag": 0.0, "avg_over": 0.0, "avg_under": 0.0}], [[0.8, 0.8500000000000001], {"acc": 0.5227686703096539, "nll": 0.6935985434649645, "mse": 0.25005503690921504, "N": 549, "over_prob": 0.0, "under_prob": 0.0, "over_counts": {"0": 338}, "under_counts": {"0": 338}, "avg_over_mag": 0.0, "avg_under_mag": 0.0, "avg_over": 0.0, "avg_under": 0.0}], [[0.8500000000000001, 0.9], {"acc": 0.6553398058252428, "nll": 0.6379217410138786, "mse": 0.22334304478629674, "N": 206, "over_prob": 1.0, "under_prob": 0.0, "over_counts": {"1": 124, "2": 19, "3": 7, "4": 4, "7": 1}, "under_counts": {"0": 155}, "avg_over_mag": 1.3290322580645162, "avg_under_mag": 0.0, "avg_over": 1.3290322580645162, "avg_under": 0.0}], [[0.9, 0.9500000000000001], {"acc": 0.7777777777777778, "nll": 0.5876602105784758, "mse": 0.1967248887167676, "N": 45, "over_prob": 0.96875, "under_prob": 0.0, "over_counts": {"1": 22, "2": 7, "3": 1, "0": 1, "5": 1}, "under_counts": {"0": 32}, "avg_over_mag": 1.4193548387096775, "avg_under_mag": 0.0, "avg_over": 1.4193548387096775, "avg_under": 0.0}], [[0.9500000000000001, 1.0], {"acc": 0.75, "nll": 0.5681618386539142, "mse": 0.18847558687593846, "N": 4, "over_prob": 1.0, "under_prob": 0.0, "over_counts": {"1": 2, "2": 1}, "under_counts": {"0": 3}, "avg_over_mag": 1.3333333333333333, "avg_under_mag": 0.0, "avg_over": 1.3333333333333333, "avg_under": 0.0}]]}