{"auc": 0.7316384548860325, "over_prob": 0.2976846747519294, "under_prob": 0.22249173098125685, "over_counts": {"0": 3185, "1": 741, "2": 269, "3": 149, "4": 89, "6": 29, "5": 27, "7": 13, "8": 9, "9": 7, "12": 5, "11": 4, "10": 3, "13": 3, "17": 1, "14": 1}, "under_counts": {"0": 3526, "1": 651, "2": 197, "3": 79, "4": 35, "5": 18, "7": 13, "6": 6, "9": 4, "12": 2, "13": 2, "8": 1, "10": 1}, "avg_over_mag": 2.0896296296296297, "avg_under_mag": 1.7274529236868186, "avg_over": 2.0896296296296297, "avg_under": 1.7274529236868186, "acc": 0.7150336346756765, "nll": 0.5586513896896663, "mse": 0.188606143317742, "metrics_by_prob": [[[0.0, 0.05], {"acc": 0.9767441860465116, "nll": 0.14464276177189103, "mse": 0.029635382327887344, "N": 258, "over_prob": 0.0, "under_prob": 0.0, "over_counts": {"0": 60}, "under_counts": {"0": 60}, "avg_over_mag": 0.0, "avg_under_mag": 0.0, "avg_over": 0.0, "avg_under": 0.0}], [[0.05, 0.1], {"acc": 0.8906752411575563, "nll": 0.39707898779000217, "mse": 0.11616188162677796, "N": 311, "over_prob": 0.0, "under_prob": 0.0, "over_counts": {"0": 123}, "under_counts": {"0": 123}, "avg_over_mag": 0.0, "avg_under_mag": 0.0, "avg_over": 0.0, "avg_under": 0.0}], [[0.1, 0.15000000000000002], {"acc": 0.8147268408551069, "nll": 0.465855205258209, "mse": 0.14614759815470876, "N": 421, "over_prob": 0.0, "under_prob": 0.0, "over_counts": {"0": 215}, "under_counts": {"0": 215}, "avg_over_mag": 0.0, "avg_under_mag": 0.0, "avg_over": 0.0, "avg_under": 0.0}], [[0.15000000000000002, 0.2], {"acc": 0.6766595289079229, "nll": 0.6147726879637869, "mse": 0.21197118441828344, "N": 467, "over_prob": 0.0, "under_prob": 0.0, "over_counts": {"0": 283}, "under_counts": {"0": 283}, "avg_over_mag": 0.0, "avg_under_mag": 0.0, "avg_over": 0.0, "avg_under": 0.0}], [[0.2, 0.25], {"acc": 0.646551724137931, "nll": 0.657969183354964, "mse": 0.23038746763657053, "N": 580, "over_prob": 0.0, "under_prob": 0.0026385224274406704, "over_counts": {"0": 379}, "under_counts": {"0": 378, "1": 1}, "avg_over_mag": 0.0, "avg_under_mag": 1.0, "avg_over": 0.0, "avg_under": 1.0}], [[0.25, 0.30000000000000004], {"acc": 0.627972027972028, "nll": 0.6778631338528697, "mse": 0.24015149606344927, "N": 715, "over_prob": 0.0, "under_prob": 0.002207505518763808, "over_counts": {"0": 453}, "under_counts": {"0": 452, "1": 1}, "avg_over_mag": 0.0, "avg_under_mag": 1.0, "avg_over": 0.0, "avg_under": 1.0}], [[0.30000000000000004, 0.35000000000000003], {"acc": 0.5618374558303887, "nll": 0.7080448359180446, "mse": 0.253857033889463, "N": 849, "over_prob": 0.0, "under_prob": 0.007285974499089298, "over_counts": {"0": 549}, "under_counts": {"0": 545, "1": 4}, "avg_over_mag": 0.0, "avg_under_mag": 1.0, "avg_over": 0.0, "avg_under": 1.0}], [[0.35000000000000003, 0.4], {"acc": 0.5440158259149357, "nll": 0.7230272826554499, "mse": 0.2616319307002607, "N": 1011, "over_prob": 0.0, "under_prob": 0.004716981132075526, "over_counts": {"0": 636}, "under_counts": {"0": 633, "1": 3}, "avg_over_mag": 0.0, "avg_under_mag": 1.0, "avg_over": 0.0, "avg_under": 1.0}], [[0.4, 0.45], {"acc": 0.5218106995884774, "nll": 0.7235173797138975, "mse": 0.2628298900861204, "N": 1215, "over_prob": 0.0, "under_prob": 0.008185538881309684, "over_counts": {"0": 733}, "under_counts": {"0": 727, "1": 6}, "avg_over_mag": 0.0, "avg_under_mag": 1.0, "avg_over": 0.0, "avg_under": 1.0}], [[0.45, 0.5], {"acc": 0.4942363112391931, "nll": 0.7396991952721229, "mse": 0.26994170771179327, "N": 1388, "over_prob": 0.0, "under_prob": 0.009163802978235935, "over_counts": {"0": 873}, "under_counts": {"0": 865, "1": 7, "2": 1}, "avg_over_mag": 0.0, "avg_under_mag": 1.125, "avg_over": 0.0, "avg_under": 1.125}], [[0.5, 0.55], {"acc": 0.5105358217941, "nll": 0.7296220885594001, "mse": 0.26477433177633175, "N": 1661, "over_prob": 0.0, "under_prob": 0.01750772399588052, "over_counts": {"0": 971}, "under_counts": {"0": 954, "1": 16, "2": 1}, "avg_over_mag": 0.0, "avg_under_mag": 1.0588235294117647, "avg_over": 0.0, "avg_under": 1.0588235294117647}], [[0.55, 0.6000000000000001], {"acc": 0.5242766061794998, "nll": 0.7278236538312826, "mse": 0.2643312482225794, "N": 2039, "over_prob": 0.0, "under_prob": 0.01959114139693352, "over_counts": {"0": 1174}, "under_counts": {"0": 1151, "1": 22, "2": 1}, "avg_over_mag": 0.0, "avg_under_mag": 1.0434782608695652, "avg_over": 0.0, "avg_under": 1.0434782608695652}], [[0.6000000000000001, 0.65], {"acc": 0.5943353129282778, "nll": 0.6930327224193966, "mse": 0.24731152240907409, "N": 2189, "over_prob": 0.0, "under_prob": 0.041368337311058045, "over_counts": {"0": 1257}, "under_counts": {"0": 1205, "1": 51, "2": 1}, "avg_over_mag": 0.0, "avg_under_mag": 1.0192307692307692, "avg_over": 0.0, "avg_under": 1.0192307692307692}], [[0.65, 0.7000000000000001], {"acc": 0.6436736302719748, "nll": 0.6637243212527872, "mse": 0.23340282076494623, "N": 2537, "over_prob": 0.0, "under_prob": 0.07346647646219684, "over_counts": {"0": 1402}, "under_counts": {"0": 1299, "1": 96, "2": 7}, "avg_over_mag": 0.0, "avg_under_mag": 1.0679611650485437, "avg_over": 0.0, "avg_under": 1.0679611650485437}], [[0.7000000000000001, 0.75], {"acc": 0.7050909090909091, "nll": 0.620860876374615, "mse": 0.2121837684462384, "N": 2750, "over_prob": 0.0, "under_prob": 0.11170568561872907, "over_counts": {"0": 1495}, "under_counts": {"0": 1328, "1": 143, "2": 18, "3": 4, "4": 1, "5": 1}, "avg_over_mag": 0.0, "avg_under_mag": 1.1976047904191616, "avg_over": 0.0, "avg_under": 1.1976047904191616}], [[0.75, 0.8], {"acc": 0.7672223969801825, "nll": 0.5471356524649994, "mse": 0.17940459963682304, "N": 3179, "over_prob": 0.0, "under_prob": 0.2281639928698752, "over_counts": {"0": 1683}, "under_counts": {"0": 1299, "1": 324, "2": 48, "3": 9, "4": 2, "6": 1}, "avg_over_mag": 0.0, "avg_under_mag": 1.2005208333333333, "avg_over": 0.0, "avg_under": 1.2005208333333333}], [[0.8, 0.8500000000000001], {"acc": 0.8228782287822878, "nll": 0.48464765788993597, "mse": 0.15189036452871205, "N": 3523, "over_prob": 0.0, "under_prob": 0.3474285714285714, "over_counts": {"0": 1750}, "under_counts": {"0": 1142, "1": 448, "2": 108, "3": 33, "4": 12, "6": 3, "5": 3, "9": 1}, "avg_over_mag": 0.0, "avg_under_mag": 1.4029605263157894, "avg_over": 0.0, "avg_under": 1.4029605263157894}], [[0.8500000000000001, 0.9], {"acc": 0.8712656165127648, "nll": 0.40525914445939093, "mse": 0.11894640712572617, "N": 3682, "over_prob": 0.6946144430844553, "under_prob": 0.0, "over_counts": {"1": 683, "0": 499, "2": 240, "3": 113, "4": 49, "5": 25, "6": 8, "7": 6, "9": 4, "8": 4, "11": 1, "14": 1, "12": 1}, "under_counts": {"0": 1634}, "avg_over_mag": 1.7779735682819384, "avg_under_mag": 0.0, "avg_over": 1.7779735682819384, "avg_under": 0.0}], [[0.9, 0.9500000000000001], {"acc": 0.923338485316847, "nll": 0.2813047191399226, "mse": 0.07387681691009702, "N": 3235, "over_prob": 0.39022498060512023, "under_prob": 0.0, "over_counts": {"0": 786, "1": 344, "2": 96, "3": 39, "4": 11, "5": 7, "6": 3, "7": 2, "8": 1}, "under_counts": {"0": 1289}, "avg_over_mag": 1.5347912524850895, "avg_under_mag": 0.0, "avg_over": 1.5347912524850895, "avg_under": 0.0}], [[0.9500000000000001, 1.0], {"acc": 0.9596678529062871, "nll": 0.1803055399867132, "mse": 0.040851407796760913, "N": 843, "over_prob": 0.0640394088669951, "under_prob": 0.0, "over_counts": {"0": 380, "1": 23, "2": 2, "4": 1}, "under_counts": {"0": 406}, "avg_over_mag": 1.1923076923076923, "avg_under_mag": 0.0, "avg_over": 1.1923076923076923, "avg_under": 0.0}]]}