{"over_prob": 0.25985827428095043, "under_prob": 0.05635681533972492, "over_counts": {"0": 8878, "1": 1104, "2": 943, "3": 614, "4": 126, "5": 110, "6": 85, "7": 35, "8": 26, "9": 17, "10": 14, "12": 11, "11": 11, "14": 3, "18": 3, "17": 2, "16": 2, "13": 2, "15": 2, "33": 1, "31": 1, "25": 1, "19": 1, "29": 1, "57": 1, "35": 1}, "under_counts": {"0": 11319, "1": 508, "2": 75, "3": 49, "4": 16, "5": 10, "6": 7, "7": 3, "8": 2, "10": 2, "13": 1, "9": 1, "19": 1, "11": 1}, "avg_over_mag": 2.515880654475457, "avg_under_mag": 1.5828402366863905, "avg_over": 2.515880654475457, "avg_under": 1.5828402366863905, "acc": 0.7364486542474143, "auc": 0.652180542454472, "nll": 0.550478726901874, "mse": 0.18429190883351604, "metrics_by_prob": [[[0.0, 0.05], {"acc": 0.0, "nll": 0.7291601914174866, "mse": 0.2679989277617665, "N": 1, "over_prob": 0.0, "under_prob": 0.0, "over_counts": {"0": 1}, "under_counts": {"0": 1}, "avg_over_mag": 0.0, "avg_under_mag": 0.0, "avg_over": 0.0, "avg_under": 0.0}], [[0.05, 0.1], {"acc": 0.16666666666666666, "nll": 0.7312757762381589, "mse": 0.27109545090426473, "N": 6, "over_prob": 0.0, "under_prob": 0.0, "over_counts": {"0": 3}, "under_counts": {"0": 3}, "avg_over_mag": 0.0, "avg_under_mag": 0.0, "avg_over": 0.0, "avg_under": 0.0}], [[0.1, 0.15000000000000002], {"acc": 0.19444444444444445, "nll": 0.900225944465125, "mse": 0.3455411029576786, "N": 36, "over_prob": 0.0, "under_prob": 0.0, "over_counts": {"0": 21}, "under_counts": {"0": 21}, "avg_over_mag": 0.0, "avg_under_mag": 0.0, "avg_over": 0.0, "avg_under": 0.0}], [[0.15000000000000002, 0.2], {"acc": 0.18571428571428572, "nll": 0.8673129583635111, "mse": 0.3330138914791685, "N": 70, "over_prob": 0.0, "under_prob": 0.0, "over_counts": {"0": 44}, "under_counts": {"0": 44}, "avg_over_mag": 0.0, "avg_under_mag": 0.0, "avg_over": 0.0, "avg_under": 0.0}], [[0.2, 0.25], {"acc": 0.36283185840707965, "nll": 0.8322123631269996, "mse": 0.3150548086671056, "N": 113, "over_prob": 0.0, "under_prob": 0.0, "over_counts": {"0": 82}, "under_counts": {"0": 82}, "avg_over_mag": 0.0, "avg_under_mag": 0.0, "avg_over": 0.0, "avg_under": 0.0}], [[0.25, 0.30000000000000004], {"acc": 0.4025423728813559, "nll": 0.7885190812948557, "mse": 0.29461840140872086, "N": 236, "over_prob": 0.0, "under_prob": 0.005494505494505475, "over_counts": {"0": 182}, "under_counts": {"0": 181, "1": 1}, "avg_over_mag": 0.0, "avg_under_mag": 1.0, "avg_over": 0.0, "avg_under": 1.0}], [[0.30000000000000004, 0.35000000000000003], {"acc": 0.425, "nll": 0.7796803283805005, "mse": 0.29075646358818247, "N": 520, "over_prob": 0.0, "under_prob": 0.0, "over_counts": {"0": 379}, "under_counts": {"0": 379}, "avg_over_mag": 0.0, "avg_under_mag": 0.0, "avg_over": 0.0, "avg_under": 0.0}], [[0.35000000000000003, 0.4], {"acc": 0.43393939393939396, "nll": 0.769656069511801, "mse": 0.28590435689952126, "N": 825, "over_prob": 0.0, "under_prob": 0.0018348623853210455, "over_counts": {"0": 545}, "under_counts": {"0": 544, "1": 1}, "avg_over_mag": 0.0, "avg_under_mag": 1.0, "avg_over": 0.0, "avg_under": 1.0}], [[0.4, 0.45], {"acc": 0.44630071599045346, "nll": 0.7636360902851372, "mse": 0.2831417405963259, "N": 1257, "over_prob": 0.0, "under_prob": 0.0011778563015312216, "over_counts": {"0": 849}, "under_counts": {"0": 848, "1": 1}, "avg_over_mag": 0.0, "avg_under_mag": 1.0, "avg_over": 0.0, "avg_under": 1.0}], [[0.45, 0.5], {"acc": 0.4774458113649678, "nll": 0.764795056325976, "mse": 0.2828251338003661, "N": 1707, "over_prob": 0.0, "under_prob": 0.0046992481203007586, "over_counts": {"0": 1064}, "under_counts": {"0": 1059, "1": 5}, "avg_over_mag": 0.0, "avg_under_mag": 1.0, "avg_over": 0.0, "avg_under": 1.0}], [[0.5, 0.55], {"acc": 0.5158294639088223, "nll": 0.7424893846127354, "mse": 0.2718353416721725, "N": 2369, "over_prob": 0.0, "under_prob": 0.007299270072992692, "over_counts": {"0": 1507}, "under_counts": {"0": 1496, "1": 10, "2": 1}, "avg_over_mag": 0.0, "avg_under_mag": 1.0909090909090908, "avg_over": 0.0, "avg_under": 1.0909090909090908}], [[0.55, 0.6000000000000001], {"acc": 0.5735937044593413, "nll": 0.7086470913167139, "mse": 0.25609006888567865, "N": 3431, "over_prob": 0.0, "under_prob": 0.005038937242327068, "over_counts": {"0": 2183}, "under_counts": {"0": 2172, "1": 10, "2": 1}, "avg_over_mag": 0.0, "avg_under_mag": 1.0909090909090908, "avg_over": 0.0, "avg_under": 1.0909090909090908}], [[0.6000000000000001, 0.65], {"acc": 0.6298662407666201, "nll": 0.6752424191830173, "mse": 0.23981090383006506, "N": 5009, "over_prob": 0.0, "under_prob": 0.009076175040518608, "over_counts": {"0": 3085}, "under_counts": {"0": 3057, "1": 24, "3": 2, "2": 2}, "avg_over_mag": 0.0, "avg_under_mag": 1.2142857142857142, "avg_over": 0.0, "avg_under": 1.2142857142857142}], [[0.65, 0.7000000000000001], {"acc": 0.6718108452498938, "nll": 0.6418998661700619, "mse": 0.22393359658229003, "N": 7063, "over_prob": 0.0, "under_prob": 0.013129625208880391, "over_counts": {"0": 4189}, "under_counts": {"0": 4134, "1": 51, "2": 3, "3": 1}, "avg_over_mag": 0.0, "avg_under_mag": 1.0909090909090908, "avg_over": 0.0, "avg_under": 1.0909090909090908}], [[0.7000000000000001, 0.75], {"acc": 0.7314538532770861, "nll": 0.5875441337191938, "mse": 0.1985910349847915, "N": 9719, "over_prob": 0.0, "under_prob": 0.018150879183210455, "over_counts": {"0": 5289}, "under_counts": {"0": 5193, "1": 86, "2": 8, "4": 2}, "avg_over_mag": 0.0, "avg_under_mag": 1.1458333333333333, "avg_over": 0.0, "avg_under": 1.1458333333333333}], [[0.75, 0.8], {"acc": 0.7700737005430567, "nll": 0.5484592509730503, "mse": 0.18056800078289797, "N": 10312, "over_prob": 0.0, "under_prob": 0.03175775480059084, "over_counts": {"0": 5416}, "under_counts": {"0": 5244, "1": 156, "2": 11, "3": 2, "10": 1, "5": 1, "11": 1}, "avg_over_mag": 0.0, "avg_under_mag": 1.2209302325581395, "avg_over": 0.0, "avg_under": 1.2209302325581395}], [[0.8, 0.8500000000000001], {"acc": 0.820829750644884, "nll": 0.4842087181574046, "mse": 0.1522532023270843, "N": 9304, "over_prob": 0.0, "under_prob": 0.1155890168290522, "over_counts": {"0": 4516}, "under_counts": {"0": 3994, "1": 453, "2": 50, "3": 11, "4": 5, "6": 1, "7": 1, "5": 1}, "avg_over_mag": 0.0, "avg_under_mag": 1.1954022988505748, "avg_over": 0.0, "avg_under": 1.1954022988505748}], [[0.8500000000000001, 0.9], {"acc": 0.8718954248366013, "nll": 0.400712043562978, "mse": 0.11750110898136618, "N": 7650, "over_prob": 0.7255113024757804, "under_prob": 0.0, "over_counts": {"1": 1290, "0": 1020, "2": 736, "3": 362, "4": 113, "5": 82, "6": 44, "7": 19, "8": 13, "9": 11, "10": 8, "11": 5, "16": 3, "17": 2, "12": 2, "33": 1, "30": 1, "25": 1, "19": 1, "57": 1, "18": 1}, "under_counts": {"0": 3716}, "avg_over_mag": 2.1264836795252227, "avg_under_mag": 0.0, "avg_over": 2.1264836795252227, "avg_under": 0.0}], [[0.9, 0.9500000000000001], {"acc": 0.9279569892473118, "nll": 0.2839542532169829, "mse": 0.07289042093320175, "N": 6510, "over_prob": 0.40694888178913735, "under_prob": 0.0, "over_counts": {"0": 1485, "1": 449, "2": 375, "3": 101, "4": 34, "5": 23, "6": 15, "7": 7, "8": 4, "9": 3, "10": 3, "14": 1, "19": 1, "11": 1, "20": 1, "12": 1}, "under_counts": {"0": 2504}, "avg_over_mag": 2.0186457311089305, "avg_under_mag": 0.0, "avg_over": 2.0186457311089305, "avg_under": 0.0}], [[0.9500000000000001, 1.0], {"acc": 0.9603340292275574, "nll": 0.19959126751012374, "mse": 0.04358169485314219, "N": 479, "over_prob": 0.09999999999999998, "under_prob": 0.0, "over_counts": {"0": 207, "1": 14, "3": 4, "2": 2, "6": 2, "10": 1}, "under_counts": {"0": 230}, "avg_over_mag": 2.260869565217391, "avg_under_mag": 0.0, "avg_over": 2.260869565217391, "avg_under": 0.0}]]}