{"acc": 0.7253432760907754, "auc": 0.7332158117047234, "nll": 0.6627814189763069, "mse": 0.19384346498984312}