{"over_prob": 0.2428583683623574, "under_prob": 0.0472677361242172, "over_counts": {"0": 8826, "1": 1056, "2": 866, "3": 479, "4": 127, "5": 105, "6": 56, "7": 34, "8": 30, "9": 19, "10": 14, "13": 10, "12": 9, "14": 6, "17": 5, "15": 4, "11": 2, "20": 2, "19": 2, "18": 2, "16": 1, "22": 1, "24": 1}, "under_counts": {"0": 11106, "1": 338, "2": 94, "3": 57, "4": 24, "5": 16, "6": 8, "8": 5, "7": 3, "10": 2, "9": 2, "35": 1, "13": 1}, "avg_over_mag": 2.489579653832568, "avg_under_mag": 1.938294010889292, "avg_over": 2.489579653832568, "avg_under": 1.938294010889292, "acc": 0.7316667416033452, "auc": 0.6521389772413453, "nll": 0.5559935161503903, "mse": 0.18660135564488164, "metrics_by_prob": [[[0.0, 0.05], {"acc": 0.0, "nll": 0.8416246605125435, "mse": 0.32374995030199116, "N": 1, "over_prob": 0.0, "under_prob": 0.0, "over_counts": {"0": 1}, "under_counts": {"0": 1}, "avg_over_mag": 0.0, "avg_under_mag": 0.0, "avg_over": 0.0, "avg_under": 0.0}], [[0.05, 0.1], {"acc": 0.10526315789473684, "nll": 0.8538837410647694, "mse": 0.32896484800551073, "N": 19, "over_prob": 0.0, "under_prob": 0.0, "over_counts": {"0": 10}, "under_counts": {"0": 10}, "avg_over_mag": 0.0, "avg_under_mag": 0.0, "avg_over": 0.0, "avg_under": 0.0}], [[0.1, 0.15000000000000002], {"acc": 0.2727272727272727, "nll": 0.868563102390186, "mse": 0.33319497964528266, "N": 44, "over_prob": 0.0, "under_prob": 0.0, "over_counts": {"0": 24}, "under_counts": {"0": 24}, "avg_over_mag": 0.0, "avg_under_mag": 0.0, "avg_over": 0.0, "avg_under": 0.0}], [[0.15000000000000002, 0.2], {"acc": 0.20833333333333334, "nll": 0.9041964283517862, "mse": 0.3504403929823526, "N": 96, "over_prob": 0.0, "under_prob": 0.0, "over_counts": {"0": 57}, "under_counts": {"0": 57}, "avg_over_mag": 0.0, "avg_under_mag": 0.0, "avg_over": 0.0, "avg_under": 0.0}], [[0.2, 0.25], {"acc": 0.2876712328767123, "nll": 0.8582593217746469, "mse": 0.32814535532531397, "N": 146, "over_prob": 0.0, "under_prob": 0.0, "over_counts": {"0": 111}, "under_counts": {"0": 111}, "avg_over_mag": 0.0, "avg_under_mag": 0.0, "avg_over": 0.0, "avg_under": 0.0}], [[0.25, 0.30000000000000004], {"acc": 0.31722054380664655, "nll": 0.8309561556078908, "mse": 0.3150536145822462, "N": 331, "over_prob": 0.0, "under_prob": 0.004405286343612369, "over_counts": {"0": 227}, "under_counts": {"0": 226, "1": 1}, "avg_over_mag": 0.0, "avg_under_mag": 1.0, "avg_over": 0.0, "avg_under": 1.0}], [[0.30000000000000004, 0.35000000000000003], {"acc": 0.3652173913043478, "nll": 0.7939149386538166, "mse": 0.298173183172324, "N": 575, "over_prob": 0.0, "under_prob": 0.0, "over_counts": {"0": 391}, "under_counts": {"0": 391}, "avg_over_mag": 0.0, "avg_under_mag": 0.0, "avg_over": 0.0, "avg_under": 0.0}], [[0.35000000000000003, 0.4], {"acc": 0.4064665127020785, "nll": 0.7851616265716456, "mse": 0.29344673840891305, "N": 866, "over_prob": 0.0, "under_prob": 0.007285974499089298, "over_counts": {"0": 549}, "under_counts": {"0": 545, "1": 4}, "avg_over_mag": 0.0, "avg_under_mag": 1.0, "avg_over": 0.0, "avg_under": 1.0}], [[0.4, 0.45], {"acc": 0.42825278810408923, "nll": 0.7810358006198455, "mse": 0.2914987406833271, "N": 1345, "over_prob": 0.0, "under_prob": 0.0036275695284159193, "over_counts": {"0": 827}, "under_counts": {"0": 824, "1": 3}, "avg_over_mag": 0.0, "avg_under_mag": 1.0, "avg_over": 0.0, "avg_under": 1.0}], [[0.45, 0.5], {"acc": 0.48192090395480225, "nll": 0.755356294203042, "mse": 0.27885555595021994, "N": 1770, "over_prob": 0.0, "under_prob": 0.004385964912280715, "over_counts": {"0": 1140}, "under_counts": {"0": 1135, "1": 5}, "avg_over_mag": 0.0, "avg_under_mag": 1.0, "avg_over": 0.0, "avg_under": 1.0}], [[0.5, 0.55], {"acc": 0.5255292652552926, "nll": 0.744552726946196, "mse": 0.27267462000684073, "N": 2409, "over_prob": 0.0, "under_prob": 0.006953223767383054, "over_counts": {"0": 1582}, "under_counts": {"0": 1571, "1": 10, "3": 1}, "avg_over_mag": 0.0, "avg_under_mag": 1.1818181818181819, "avg_over": 0.0, "avg_under": 1.1818181818181819}], [[0.55, 0.6000000000000001], {"acc": 0.5853107344632769, "nll": 0.6996732541155302, "mse": 0.25192565359403524, "N": 3540, "over_prob": 0.0, "under_prob": 0.004895416110369366, "over_counts": {"0": 2247}, "under_counts": {"0": 2236, "1": 10, "3": 1}, "avg_over_mag": 0.0, "avg_under_mag": 1.1818181818181819, "avg_over": 0.0, "avg_under": 1.1818181818181819}], [[0.6000000000000001, 0.65], {"acc": 0.6248108925869894, "nll": 0.674173440632831, "mse": 0.2393687142068178, "N": 5288, "over_prob": 0.0, "under_prob": 0.01117140121289495, "over_counts": {"0": 3133}, "under_counts": {"0": 3098, "1": 31, "2": 3, "3": 1}, "avg_over_mag": 0.0, "avg_under_mag": 1.1428571428571428, "avg_over": 0.0, "avg_under": 1.1428571428571428}], [[0.65, 0.7000000000000001], {"acc": 0.676771653543307, "nll": 0.633961381708506, "mse": 0.22060658419367168, "N": 7620, "over_prob": 0.0, "under_prob": 0.012965582272512988, "over_counts": {"0": 4242}, "under_counts": {"0": 4187, "1": 53, "2": 2}, "avg_over_mag": 0.0, "avg_under_mag": 1.0363636363636364, "avg_over": 0.0, "avg_under": 1.0363636363636364}], [[0.7000000000000001, 0.75], {"acc": 0.7326034319402043, "nll": 0.5866817759676216, "mse": 0.19818442304552417, "N": 9499, "over_prob": 0.0, "under_prob": 0.020668340737879043, "over_counts": {"0": 5177}, "under_counts": {"0": 5070, "1": 93, "2": 12, "4": 1, "3": 1}, "avg_over_mag": 0.0, "avg_under_mag": 1.158878504672897, "avg_over": 0.0, "avg_under": 1.158878504672897}], [[0.75, 0.8], {"acc": 0.7748402948402948, "nll": 0.5440446945653662, "mse": 0.17853825078071509, "N": 10175, "over_prob": 0.0, "under_prob": 0.03665323354442529, "over_counts": {"0": 5211}, "under_counts": {"0": 5020, "1": 165, "2": 22, "5": 2, "3": 1, "10": 1}, "avg_over_mag": 0.0, "avg_under_mag": 1.2146596858638743, "avg_over": 0.0, "avg_under": 1.2146596858638743}], [[0.8, 0.8500000000000001], {"acc": 0.8297364710985793, "nll": 0.4806509956196342, "mse": 0.1500144553104337, "N": 9221, "over_prob": 0.0, "under_prob": 0.09797060881735475, "over_counts": {"0": 4287}, "under_counts": {"0": 3867, "1": 330, "2": 63, "3": 15, "4": 5, "5": 4, "18": 1, "8": 1, "9": 1}, "avg_over_mag": 0.0, "avg_under_mag": 1.3714285714285714, "avg_over": 0.0, "avg_under": 1.3714285714285714}], [[0.8500000000000001, 0.9], {"acc": 0.8725927993301702, "nll": 0.40650666995776724, "mse": 0.11927798280992676, "N": 7166, "over_prob": 0.6837340876944837, "under_prob": 0.0, "over_counts": {"1": 1191, "0": 1118, "2": 642, "3": 313, "4": 103, "5": 61, "6": 38, "7": 16, "8": 14, "9": 8, "13": 8, "10": 6, "11": 3, "15": 3, "17": 3, "12": 3, "18": 2, "14": 1, "20": 1, "19": 1}, "under_counts": {"0": 3535}, "avg_over_mag": 2.098882912701696, "avg_under_mag": 0.0, "avg_over": 2.098882912701696, "avg_under": 0.0}], [[0.9, 0.9500000000000001], {"acc": 0.9200325732899023, "nll": 0.29644914974628644, "mse": 0.0779976383766394, "N": 6140, "over_prob": 0.398480371464753, "under_prob": 0.0, "over_counts": {"0": 1425, "1": 452, "2": 259, "3": 138, "4": 33, "5": 26, "6": 13, "7": 9, "8": 4, "10": 3, "9": 2, "11": 1, "15": 1, "14": 1, "12": 1, "19": 1}, "under_counts": {"0": 2369}, "avg_over_mag": 2.0529661016949152, "avg_under_mag": 0.0, "avg_over": 2.0529661016949152, "avg_under": 0.0}], [[0.9500000000000001, 1.0], {"acc": 0.9576271186440678, "nll": 0.19291322835719973, "mse": 0.04387603980705271, "N": 472, "over_prob": 0.10330578512396693, "under_prob": 0.0, "over_counts": {"0": 217, "1": 18, "2": 4, "3": 2, "5": 1}, "under_counts": {"0": 242}, "avg_over_mag": 1.48, "avg_under_mag": 0.0, "avg_over": 1.48, "avg_under": 0.0}]]}