{"acc": 0.8352353239604168, "auc": 0.7673132583996982, "nll": 0.4454811791714268, "mse": 0.12463091258322062}