{"auc": 0.7797452339686779, "over_prob": 0.4408833300762165, "under_prob": 0.272718389681454, "over_counts": {"0": 5722, "1": 1934, "2": 912, "3": 509, "4": 326, "5": 192, "6": 138, "7": 111, "8": 74, "9": 60, "10": 57, "11": 31, "13": 23, "12": 21, "14": 17, "15": 13, "17": 10, "19": 9, "16": 9, "18": 8, "20": 7, "27": 5, "21": 5, "23": 4, "30": 4, "28": 4, "37": 3, "31": 3, "34": 3, "24": 3, "35": 3, "29": 2, "49": 2, "33": 2, "26": 1, "25": 1, "22": 1, "32": 1, "56": 1, "55": 1, "43": 1, "41": 1}, "under_counts": {"0": 7443, "1": 1453, "2": 581, "3": 284, "4": 119, "5": 85, "6": 70, "7": 37, "8": 24, "9": 22, "11": 14, "14": 12, "15": 9, "16": 8, "10": 6, "18": 5, "12": 5, "20": 5, "22": 4, "21": 4, "25": 4, "13": 4, "39": 3, "27": 2, "40": 2, "17": 2, "34": 2, "42": 2, "41": 2, "29": 2, "75": 1, "19": 1, "48": 1, "78": 1, "35": 1, "96": 1, "55": 1, "33": 1, "62": 1, "123": 1, "52": 1, "28": 1, "50": 1, "44": 1, "63": 1, "49": 1, "71": 1, "23": 1, "31": 1}, "avg_over_mag": 3.217863475177305, "avg_under_mag": 2.9623790756001434, "avg_over": 3.217863475177305, "avg_under": 2.9623790756001434, "acc": 0.8516471923884541, "nll": 0.3639750093251039, "mse": 0.11129168363939285, "metrics_by_prob": [[[0.0, 0.05], {"acc": 0.9575757575757575, "nll": 0.18759505228650603, "mse": 0.04598337810210346, "N": 165, "over_prob": 0.0, "under_prob": 0.0, "over_counts": {"0": 95}, "under_counts": {"0": 95}, "avg_over_mag": 0.0, "avg_under_mag": 0.0, "avg_over": 0.0, "avg_under": 0.0}], [[0.05, 0.1], {"acc": 0.8438538205980066, "nll": 0.3960093317423138, "mse": 0.12060807660690274, "N": 301, "over_prob": 0.0, "under_prob": 0.01041666666666663, "over_counts": {"0": 192}, "under_counts": {"0": 190, "1": 2}, "avg_over_mag": 0.0, "avg_under_mag": 1.0, "avg_over": 0.0, "avg_under": 1.0}], [[0.1, 0.15000000000000002], {"acc": 0.7758620689655172, "nll": 0.482697217745075, "mse": 0.15600952143289773, "N": 464, "over_prob": 0.0, "under_prob": 0.0, "over_counts": {"0": 298}, "under_counts": {"0": 298}, "avg_over_mag": 0.0, "avg_under_mag": 0.0, "avg_over": 0.0, "avg_under": 0.0}], [[0.15000000000000002, 0.2], {"acc": 0.6936936936936937, "nll": 0.5935030570122797, "mse": 0.2024065713902524, "N": 666, "over_prob": 0.0, "under_prob": 0.004716981132075526, "over_counts": {"0": 424}, "under_counts": {"0": 422, "1": 2}, "avg_over_mag": 0.0, "avg_under_mag": 1.0, "avg_over": 0.0, "avg_under": 1.0}], [[0.2, 0.25], {"acc": 0.6511627906976745, "nll": 0.6543863948683415, "mse": 0.2282821794873646, "N": 860, "over_prob": 0.0, "under_prob": 0.0103270223752151, "over_counts": {"0": 581}, "under_counts": {"0": 575, "1": 6}, "avg_over_mag": 0.0, "avg_under_mag": 1.0, "avg_over": 0.0, "avg_under": 1.0}], [[0.25, 0.30000000000000004], {"acc": 0.5856727976766699, "nll": 0.7035222810139032, "mse": 0.25119360850923206, "N": 1033, "over_prob": 0.0, "under_prob": 0.007082152974504208, "over_counts": {"0": 706}, "under_counts": {"0": 701, "1": 3, "2": 2}, "avg_over_mag": 0.0, "avg_under_mag": 1.4, "avg_over": 0.0, "avg_under": 1.4}], [[0.30000000000000004, 0.35000000000000003], {"acc": 0.577485380116959, "nll": 0.7203361056686808, "mse": 0.2575499649717332, "N": 1368, "over_prob": 0.0, "under_prob": 0.017148981779206873, "over_counts": {"0": 933}, "under_counts": {"0": 917, "1": 14, "2": 1, "7": 1}, "avg_over_mag": 0.0, "avg_under_mag": 1.4375, "avg_over": 0.0, "avg_under": 1.4375}], [[0.35000000000000003, 0.4], {"acc": 0.5418894830659536, "nll": 0.727152978793356, "mse": 0.2628903367060254, "N": 1683, "over_prob": 0.0, "under_prob": 0.01180744777475018, "over_counts": {"0": 1101}, "under_counts": {"0": 1088, "1": 12, "4": 1}, "avg_over_mag": 0.0, "avg_under_mag": 1.2307692307692308, "avg_over": 0.0, "avg_under": 1.2307692307692308}], [[0.4, 0.45], {"acc": 0.4890788224121557, "nll": 0.741283353857693, "mse": 0.27099493569452826, "N": 2106, "over_prob": 0.0, "under_prob": 0.015272727272727327, "over_counts": {"0": 1375}, "under_counts": {"0": 1354, "1": 18, "2": 2, "3": 1}, "avg_over_mag": 0.0, "avg_under_mag": 1.1904761904761905, "avg_over": 0.0, "avg_under": 1.1904761904761905}], [[0.45, 0.5], {"acc": 0.4976440739398333, "nll": 0.7399300927658987, "mse": 0.26970055063195353, "N": 2759, "over_prob": 0.0, "under_prob": 0.017109144542772903, "over_counts": {"0": 1695}, "under_counts": {"0": 1666, "1": 23, "2": 6}, "avg_over_mag": 0.0, "avg_under_mag": 1.206896551724138, "avg_over": 0.0, "avg_under": 1.206896551724138}], [[0.5, 0.55], {"acc": 0.5206611570247934, "nll": 0.7342129850042414, "mse": 0.26675017472730755, "N": 3509, "over_prob": 0.0, "under_prob": 0.03116011505273253, "over_counts": {"0": 2086}, "under_counts": {"0": 2021, "1": 58, "2": 5, "3": 2}, "avg_over_mag": 0.0, "avg_under_mag": 1.1384615384615384, "avg_over": 0.0, "avg_under": 1.1384615384615384}], [[0.55, 0.6000000000000001], {"acc": 0.5419724770642201, "nll": 0.7309700125655325, "mse": 0.26491187274053507, "N": 4360, "over_prob": 0.0, "under_prob": 0.033626901521216945, "over_counts": {"0": 2498}, "under_counts": {"0": 2414, "1": 75, "2": 9}, "avg_over_mag": 0.0, "avg_under_mag": 1.1071428571428572, "avg_over": 0.0, "avg_under": 1.1071428571428572}], [[0.6000000000000001, 0.65], {"acc": 0.6048632218844985, "nll": 0.7017426425353764, "mse": 0.2497635155428361, "N": 5593, "over_prob": 0.0, "under_prob": 0.0511171293161814, "over_counts": {"0": 2954}, "under_counts": {"0": 2803, "1": 119, "2": 22, "3": 5, "4": 3, "6": 1, "5": 1}, "avg_over_mag": 0.0, "avg_under_mag": 1.3311258278145695, "avg_over": 0.0, "avg_under": 1.3311258278145695}], [[0.65, 0.7000000000000001], {"acc": 0.6740573152337859, "nll": 0.6450856380988389, "mse": 0.22403948344494673, "N": 6630, "over_prob": 0.0, "under_prob": 0.06536731634182913, "over_counts": {"0": 3335}, "under_counts": {"0": 3117, "1": 181, "2": 20, "3": 9, "4": 4, "6": 2, "10": 1, "9": 1}, "avg_over_mag": 0.0, "avg_under_mag": 1.353211009174312, "avg_over": 0.0, "avg_under": 1.353211009174312}], [[0.7000000000000001, 0.75], {"acc": 0.7081254454739844, "nll": 0.6235869991525256, "mse": 0.21256580803089933, "N": 8418, "over_prob": 0.0, "under_prob": 0.11386898669396106, "over_counts": {"0": 3908}, "under_counts": {"0": 3463, "1": 335, "2": 65, "3": 23, "5": 6, "8": 4, "4": 3, "7": 3, "6": 3, "10": 1, "42": 1, "9": 1}, "avg_over_mag": 0.0, "avg_under_mag": 1.5910112359550561, "avg_over": 0.0, "avg_under": 1.5910112359550561}], [[0.75, 0.8], {"acc": 0.7708259166963333, "nll": 0.5545176971591685, "mse": 0.1817464841692821, "N": 11236, "over_prob": 0.0, "under_prob": 0.21709058456046404, "over_counts": {"0": 4482}, "under_counts": {"0": 3509, "1": 684, "2": 161, "3": 50, "4": 29, "5": 9, "7": 7, "11": 6, "6": 5, "8": 5, "10": 4, "14": 2, "12": 2, "20": 2, "13": 2, "41": 1, "15": 1, "18": 1, "17": 1, "9": 1}, "avg_over_mag": 0.0, "avg_under_mag": 1.8088386433710175, "avg_over": 0.0, "avg_under": 1.8088386433710175}], [[0.8, 0.8500000000000001], {"acc": 0.8187503795008805, "nll": 0.4874789872028904, "mse": 0.15266191618238745, "N": 16469, "over_prob": 0.0, "under_prob": 0.4160694077706526, "over_counts": {"0": 5302}, "under_counts": {"0": 3096, "1": 1362, "2": 429, "3": 163, "4": 77, "5": 41, "6": 21, "7": 18, "10": 13, "11": 11, "9": 10, "8": 10, "13": 9, "16": 7, "12": 4, "17": 4, "20": 3, "27": 2, "22": 2, "24": 2, "47": 2, "19": 2, "15": 2, "29": 2, "30": 1, "61": 1, "14": 1, "41": 1, "26": 1, "34": 1, "37": 1, "60": 1, "31": 1, "21": 1}, "avg_over_mag": 0.0, "avg_under_mag": 2.276065276518586, "avg_over": 0.0, "avg_under": 2.276065276518586}], [[0.8500000000000001, 0.9], {"acc": 0.8770818584895115, "nll": 0.383854320517542, "mse": 0.11089461030973981, "N": 26839, "over_prob": 0.6343669250645995, "under_prob": 0.0, "over_counts": {"0": 2264, "1": 1932, "2": 828, "3": 405, "4": 237, "5": 139, "6": 93, "7": 73, "8": 47, "9": 32, "10": 26, "11": 21, "13": 13, "12": 12, "16": 9, "14": 8, "15": 7, "17": 7, "23": 7, "28": 6, "19": 3, "26": 3, "24": 3, "22": 2, "30": 2, "20": 2, "18": 2, "25": 2, "48": 1,