{"acc": 0.8333517526850391, "auc": 0.7336846938743355, "nll": 0.4275292281557886, "mse": 0.12821806087523166}