{"over_prob": 0.5067155067155067, "under_prob": 0.31477411477411477, "over_counts": {"0": 2020, "1": 454, "2": 402, "3": 309, "4": 247, "5": 168, "6": 115, "7": 83, "8": 65, "9": 53, "10": 34, "11": 29, "12": 22, "14": 18, "13": 14, "15": 10, "17": 10, "19": 6, "20": 5, "18": 4, "25": 3, "23": 3, "21": 3, "24": 2, "22": 2, "29": 2, "31": 2, "28": 2, "34": 1, "36": 1, "44": 1, "16": 1, "45": 1, "32": 1, "43": 1, "35": 1}, "under_counts": {"0": 2806, "1": 703, "2": 287, "3": 144, "4": 75, "5": 34, "6": 22, "7": 10, "8": 3, "16": 2, "9": 1, "18": 1, "22": 1, "19": 1, "12": 1, "13": 1, "10": 1, "14": 1, "11": 1}, "avg_over_mag": 4.339277108433735, "avg_under_mag": 1.9899146625290922, "avg_over": 4.339277108433735, "avg_under": 1.9899146625290922, "acc": 0.8121893846942926, "auc": 0.806853587307533, "nll": 0.42769900333286975, "mse": 0.13541115397857553, "metrics_by_prob": [[[0.0, 0.05], {"acc": 0.9061224489795918, "nll": 0.3206784487352357, "mse": 0.0901975190910273, "N": 245, "over_prob": 0.0, "under_prob": 0.007633587786259555, "over_counts": {"0": 131}, "under_counts": {"0": 130, "1": 1}, "avg_over_mag": 0.0, "avg_under_mag": 1.0, "avg_over": 0.0, "avg_under": 1.0}], [[0.05, 0.1], {"acc": 0.8365217391304348, "nll": 0.4658335544913024, "mse": 0.14323771332056312, "N": 575, "over_prob": 0.0, "under_prob": 0.025316455696202556, "over_counts": {"0": 316}, "under_counts": {"0": 308, "1": 8}, "avg_over_mag": 0.0, "avg_under_mag": 1.0, "avg_over": 0.0, "avg_under": 1.0}], [[0.1, 0.15000000000000002], {"acc": 0.7897793263646922, "nll": 0.5266840982809695, "mse": 0.17034332755680212, "N": 861, "over_prob": 0.0, "under_prob": 0.014893617021276562, "over_counts": {"0": 470}, "under_counts": {"0": 463, "1": 7}, "avg_over_mag": 0.0, "avg_under_mag": 1.0, "avg_over": 0.0, "avg_under": 1.0}], [[0.15000000000000002, 0.2], {"acc": 0.7108433734939759, "nll": 0.6283115948284038, "mse": 0.21388344641852153, "N": 1079, "over_prob": 0.0, "under_prob": 0.03322259136212624, "over_counts": {"0": 602}, "under_counts": {"0": 582, "1": 19, "4": 1}, "avg_over_mag": 0.0, "avg_under_mag": 1.15, "avg_over": 0.0, "avg_under": 1.15}], [[0.2, 0.25], {"acc": 0.6298200514138818, "nll": 0.6988713149185009, "mse": 0.24443270776054943, "N": 1167, "over_prob": 0.0, "under_prob": 0.04397163120567371, "over_counts": {"0": 705}, "under_counts": {"0": 674, "1": 29, "5": 1, "2": 1}, "avg_over_mag": 0.0, "avg_under_mag": 1.1612903225806452, "avg_over": 0.0, "avg_under": 1.1612903225806452}], [[0.25, 0.30000000000000004], {"acc": 0.579136690647482, "nll": 0.7342426701839107, "mse": 0.26059246943659886, "N": 1112, "over_prob": 0.0, "under_prob": 0.045454545454545414, "over_counts": {"0": 748}, "under_counts": {"0": 714, "1": 33, "2": 1}, "avg_over_mag": 0.0, "avg_under_mag": 1.0294117647058822, "avg_over": 0.0, "avg_under": 1.0294117647058822}], [[0.30000000000000004, 0.35000000000000003], {"acc": 0.5397236614853195, "nll": 0.7695139407701633, "mse": 0.27603440650973576, "N": 1158, "over_prob": 0.0, "under_prob": 0.058007566204287486, "over_counts": {"0": 793}, "under_counts": {"0": 747, "1": 46}, "avg_over_mag": 0.0, "avg_under_mag": 1.0, "avg_over": 0.0, "avg_under": 1.0}], [[0.35000000000000003, 0.4], {"acc": 0.5128, "nll": 0.7687391085371008, "mse": 0.2792429890470239, "N": 1250, "over_prob": 0.0, "under_prob": 0.03819444444444442, "over_counts": {"0": 864}, "under_counts": {"0": 831, "1": 33}, "avg_over_mag": 0.0, "avg_under_mag": 1.0, "avg_over": 0.0, "avg_under": 1.0}], [[0.4, 0.45], {"acc": 0.48976377952755906, "nll": 0.7896915614421756, "mse": 0.28576560590808064, "N": 1270, "over_prob": 0.0, "under_prob": 0.05726405090137854, "over_counts": {"0": 943}, "under_counts": {"0": 889, "1": 51, "2": 2, "3": 1}, "avg_over_mag": 0.0, "avg_under_mag": 1.0740740740740742, "avg_over": 0.0, "avg_under": 1.0740740740740742}], [[0.45, 0.5], {"acc": 0.5022522522522522, "nll": 0.7847677142771896, "mse": 0.2832918896469241, "N": 1332, "over_prob": 0.0, "under_prob": 0.079002079002079, "over_counts": {"0": 962}, "under_counts": {"0": 886, "1": 66, "2": 7, "4": 2, "3": 1}, "avg_over_mag": 0.0, "avg_under_mag": 1.1973684210526316, "avg_over": 0.0, "avg_under": 1.1973684210526316}], [[0.5, 0.55], {"acc": 0.4800601956358164, "nll": 0.8066545310412396, "mse": 0.29210231630698236, "N": 1329, "over_prob": 0.0, "under_prob": 0.08102564102564103, "over_counts": {"0": 975}, "under_counts": {"0": 896, "1": 72, "2": 4, "3": 2, "9": 1}, "avg_over_mag": 0.0, "avg_under_mag": 1.2025316455696202, "avg_over": 0.0, "avg_under": 1.2025316455696202}], [[0.55, 0.6000000000000001], {"acc": 0.5352313167259787, "nll": 0.7749164163280401, "mse": 0.2765198252371945, "N": 1405, "over_prob": 0.0, "under_prob": 0.09695817490494296, "over_counts": {"0": 1052}, "under_counts": {"0": 950, "1": 95, "2": 6, "3": 1}, "avg_over_mag": 0.0, "avg_under_mag": 1.0784313725490196, "avg_over": 0.0, "avg_under": 1.0784313725490196}], [[0.6000000000000001, 0.65], {"acc": 0.5773657289002557, "nll": 0.7325644534896272, "mse": 0.26043773102928547, "N": 1564, "over_prob": 0.0, "under_prob": 0.10356832027850305, "over_counts": {"0": 1149}, "under_counts": {"0": 1030, "1": 111, "2": 6, "5": 1, "4": 1}, "avg_over_mag": 0.0, "avg_under_mag": 1.1092436974789917, "avg_over": 0.0, "avg_under": 1.1092436974789917}], [[0.65, 0.7000000000000001], {"acc": 0.6230547550432277, "nll": 0.6908451021382815, "mse": 0.2419308934191947, "N": 1735, "over_prob": 0.0, "under_prob": 0.12236944660950899, "over_counts": {"0": 1283}, "under_counts": {"0": 1126, "1": 145, "2": 8, "3": 4}, "avg_over_mag": 0.0, "avg_under_mag": 1.1019108280254777, "avg_over": 0.0, "avg_under": 1.1019108280254777}], [[0.7000000000000001, 0.75], {"acc": 0.6707376648754274, "nll": 0.651748956153551, "mse": 0.22441577722770684, "N": 2047, "over_prob": 0.0, "under_prob": 0.1676849966055669, "over_counts": {"0": 1473}, "under_counts": {"0": 1226, "1": 223, "2": 16, "3": 4, "5": 2, "7": 1, "4": 1}, "avg_over_mag": 0.0, "avg_under_mag": 1.165991902834008, "avg_over": 0.0, "avg_under": 1.165991902834008}], [[0.75, 0.8], {"acc": 0.7521954944635357, "nll": 0.5842093844874207, "mse": 0.19360520757325436, "N": 2619, "over_prob": 0.0, "under_prob": 0.23098751418842223, "over_counts": {"0": 1762}, "under_counts": {"0": 1355, "1": 353, "2": 37, "3": 10, "4": 4, "5": 2, "6": 1}, "avg_over_mag": 0.0, "avg_under_mag": 1.2014742014742015, "avg_over": 0.0, "avg_under": 1.2014742014742015}], [[0.8, 0.8500000000000001], {"acc": 0.8028048082427017, "nll": 0.5139589760653431, "mse": 0.16361442426217634, "N": 3494, "over_prob": 0.0, "under_prob": 0.3487780040733197, "over_counts": {"0": 1964}, "under_counts": {"0": 1279, "1": 531, "2": 97, "3": 35, "4": 14, "5": 4, "6": 2, "15": 1, "7": 1}, "avg_over_mag": 0.0, "avg_under_mag": 1.3722627737226278, "avg_over": 0.0, "avg_under": 1.3722627737226278}], [[0.8500000000000001, 0.9], {"acc": 0.8630637210151543, "nll": 0.4257106788421433, "mse": 0.1267599417777925, "N": 5477, "over_prob": 0.751269035532995, "under_prob": 0.0, "over_counts": {"1": 858, "0": 539, "2": 418, "3": 152, "4": 82, "5": 45, "6": 31, "7": 22, "9": 9, "8": 8, "12": 2, "10": 1}, "under_counts": {"0": 2167}, "avg_over_mag": 1.979115479115479, "avg_under_mag": 0.0, "avg_over": 1.979115479115479, "avg_under": 0.0}], [[0.9, 0.9500000000000001], {"acc": 0.920410783055199, "nll": 0.3087461191675865, "mse": 0.08184551714450572, "N": 10127, "over_prob": 0.7354145342886387, "under_prob": 0.0, "over_counts": {"1": 555, "0": 517, "2": 383, "3": 216, "4": 123, "5": 59, "6": 29, "7": 23, "8": 19, "9": 6, "10": 6, "13": 4, "12": 4, "11": 4, "15": 1, "24": 1, "20": 1, "21": 1, "16": 1, "30": 1}, "under_counts": {"0": 1954}, "avg_over_mag": 2.5240083507306887, "avg_under_mag": 0.0, "avg_over": 2.5240083507306887, "avg_under": 0.0}], [[0.9500000000000001, 1.0], {"acc": 0.974303683737646, "nll": 0.15268044614332685, "mse": 0.03146887775086601, "N": 16695, "over_prob": 0.6222391469916222, "under_prob": 0.0,