{"over_prob": 0.42505483792347065, "under_prob": 0.4691689008042895, "over_counts": {"0": 2359, "1": 673, "2": 366, "3": 222, "4": 136, "5": 96, "6": 62, "7": 47, "8": 33, "9": 30, "10": 15, "11": 13, "12": 10, "13": 10, "14": 9, "16": 4, "15": 4, "18": 4, "19": 3, "24": 2, "17": 2, "23": 1, "28": 1, "20": 1}, "under_counts": {"0": 2178, "1": 1011, "2": 485, "3": 219, "4": 93, "5": 51, "6": 27, "7": 13, "8": 9, "9": 4, "11": 4, "10": 3, "12": 2, "22": 1, "14": 1, "18": 1, "15": 1}, "avg_over_mag": 3.099197247706422, "avg_under_mag": 1.9703896103896104, "avg_over": 3.099197247706422, "avg_under": 1.9703896103896104, "acc": 0.8093578894972623, "auc": 0.7981414785095127, "nll": 0.43083421187126575, "mse": 0.1360763589872634, "metrics_by_prob": [[[0.0, 0.05], {"acc": 0.9722222222222222, "nll": 0.1438032206449869, "mse": 0.03335508754670954, "N": 72, "over_prob": 0.0, "under_prob": 0.0, "over_counts": {"0": 45}, "under_counts": {"0": 45}, "avg_over_mag": 0.0, "avg_under_mag": 0.0, "avg_over": 0.0, "avg_under": 0.0}], [[0.05, 0.1], {"acc": 0.8825622775800712, "nll": 0.37652319734911766, "mse": 0.11112346790040037, "N": 281, "over_prob": 0.0, "under_prob": 0.021164021164021163, "over_counts": {"0": 189}, "under_counts": {"0": 185, "1": 4}, "avg_over_mag": 0.0, "avg_under_mag": 1.0, "avg_over": 0.0, "avg_under": 1.0}], [[0.1, 0.15000000000000002], {"acc": 0.7947826086956522, "nll": 0.5041232180722756, "mse": 0.16048479768651686, "N": 575, "over_prob": 0.0, "under_prob": 0.025787965616045794, "over_counts": {"0": 349}, "under_counts": {"0": 340, "1": 9}, "avg_over_mag": 0.0, "avg_under_mag": 1.0, "avg_over": 0.0, "avg_under": 1.0}], [[0.15000000000000002, 0.2], {"acc": 0.7412371134020619, "nll": 0.5830687371805615, "mse": 0.19364238301007697, "N": 970, "over_prob": 0.0, "under_prob": 0.029038112522686066, "over_counts": {"0": 551}, "under_counts": {"0": 535, "1": 16}, "avg_over_mag": 0.0, "avg_under_mag": 1.0, "avg_over": 0.0, "avg_under": 1.0}], [[0.2, 0.25], {"acc": 0.6690909090909091, "nll": 0.6678409806839674, "mse": 0.22766708193453883, "N": 1100, "over_prob": 0.0, "under_prob": 0.052790346907994, "over_counts": {"0": 663}, "under_counts": {"0": 628, "1": 34, "2": 1}, "avg_over_mag": 0.0, "avg_under_mag": 1.0285714285714285, "avg_over": 0.0, "avg_under": 1.0285714285714285}], [[0.25, 0.30000000000000004], {"acc": 0.597478176527643, "nll": 0.7120488902255971, "mse": 0.250300384712951, "N": 1031, "over_prob": 0.0, "under_prob": 0.039416058394160625, "over_counts": {"0": 685}, "under_counts": {"0": 658, "1": 25, "2": 2}, "avg_over_mag": 0.0, "avg_under_mag": 1.0740740740740742, "avg_over": 0.0, "avg_under": 1.0740740740740742}], [[0.30000000000000004, 0.35000000000000003], {"acc": 0.5687121866897148, "nll": 0.750654481856382, "mse": 0.2670819325340194, "N": 1157, "over_prob": 0.0, "under_prob": 0.04955527318932651, "over_counts": {"0": 787}, "under_counts": {"0": 748, "1": 38, "2": 1}, "avg_over_mag": 0.0, "avg_under_mag": 1.0256410256410255, "avg_over": 0.0, "avg_under": 1.0256410256410255}], [[0.35000000000000003, 0.4], {"acc": 0.5049423393739704, "nll": 0.768820982175168, "mse": 0.27759905874594487, "N": 1214, "over_prob": 0.0, "under_prob": 0.049826187717265324, "over_counts": {"0": 863}, "under_counts": {"0": 820, "1": 43}, "avg_over_mag": 0.0, "avg_under_mag": 1.0, "avg_over": 0.0, "avg_under": 1.0}], [[0.4, 0.45], {"acc": 0.5120350109409191, "nll": 0.7794046825750194, "mse": 0.2827156321547095, "N": 1371, "over_prob": 0.0, "under_prob": 0.061553985872855654, "over_counts": {"0": 991}, "under_counts": {"0": 930, "1": 58, "3": 2, "2": 1}, "avg_over_mag": 0.0, "avg_under_mag": 1.0819672131147542, "avg_over": 0.0, "avg_under": 1.0819672131147542}], [[0.45, 0.5], {"acc": 0.48100358422939066, "nll": 0.8086571445388485, "mse": 0.294287072186892, "N": 1395, "over_prob": 0.0, "under_prob": 0.08815165876777253, "over_counts": {"0": 1055}, "under_counts": {"0": 962, "1": 88, "2": 3, "4": 2}, "avg_over_mag": 0.0, "avg_under_mag": 1.096774193548387, "avg_over": 0.0, "avg_under": 1.096774193548387}], [[0.5, 0.55], {"acc": 0.5237388724035609, "nll": 0.783845803078704, "mse": 0.28208277500037676, "N": 1348, "over_prob": 0.0, "under_prob": 0.11066398390342047, "over_counts": {"0": 994}, "under_counts": {"0": 884, "1": 99, "2": 8, "3": 2, "8": 1}, "avg_over_mag": 0.0, "avg_under_mag": 1.1727272727272726, "avg_over": 0.0, "avg_under": 1.1727272727272726}], [[0.55, 0.6000000000000001], {"acc": 0.524113475177305, "nll": 0.7822019657294041, "mse": 0.2811400051456525, "N": 1410, "over_prob": 0.0, "under_prob": 0.11786716557530397, "over_counts": {"0": 1069}, "under_counts": {"0": 943, "1": 118, "2": 5, "3": 2, "4": 1}, "avg_over_mag": 0.0, "avg_under_mag": 1.0952380952380953, "avg_over": 0.0, "avg_under": 1.0952380952380953}], [[0.6000000000000001, 0.65], {"acc": 0.5735645933014354, "nll": 0.7583638287491925, "mse": 0.26856866090925663, "N": 1672, "over_prob": 0.0, "under_prob": 0.13422818791946312, "over_counts": {"0": 1192}, "under_counts": {"0": 1032, "1": 145, "2": 11, "6": 1, "5": 1, "4": 1, "3": 1}, "avg_over_mag": 0.0, "avg_under_mag": 1.15625, "avg_over": 0.0, "avg_under": 1.15625}], [[0.65, 0.7000000000000001], {"acc": 0.6218181818181818, "nll": 0.6991673267128138, "mse": 0.24395232117041749, "N": 1925, "over_prob": 0.0, "under_prob": 0.16472303206997085, "over_counts": {"0": 1372}, "under_counts": {"0": 1146, "1": 208, "2": 12, "3": 4, "9": 1, "4": 1}, "avg_over_mag": 0.0, "avg_under_mag": 1.1371681415929205, "avg_over": 0.0, "avg_under": 1.1371681415929205}], [[0.7000000000000001, 0.75], {"acc": 0.6772295156179267, "nll": 0.6636424921234968, "mse": 0.22550284903086917, "N": 2209, "over_prob": 0.0, "under_prob": 0.23003802281368824, "over_counts": {"0": 1578}, "under_counts": {"0": 1215, "1": 328, "2": 27, "3": 6, "7": 1, "4": 1}, "avg_over_mag": 0.0, "avg_under_mag": 1.1322314049586777, "avg_over": 0.0, "avg_under": 1.1322314049586777}], [[0.75, 0.8], {"acc": 0.7563537783802101, "nll": 0.5678940899280762, "mse": 0.18479577915676507, "N": 2951, "over_prob": 0.0, "under_prob": 0.33066666666666666, "over_counts": {"0": 1875}, "under_counts": {"0": 1255, "1": 518, "2": 80, "3": 14, "4": 3, "5": 3, "6": 1, "7": 1}, "avg_over_mag": 0.0, "avg_under_mag": 1.2258064516129032, "avg_over": 0.0, "avg_under": 1.2258064516129032}], [[0.8, 0.8500000000000001], {"acc": 0.8154954060094363, "nll": 0.5012054798475741, "mse": 0.155516317192662, "N": 4027, "over_prob": 0.0, "under_prob": 0.5203103605659516, "over_counts": {"0": 2191}, "under_counts": {"0": 1051, "1": 861, "2": 191, "3": 55, "4": 16, "5": 10, "7": 4, "6": 3}, "avg_over_mag": 0.0, "avg_under_mag": 1.3754385964912281, "avg_over": 0.0, "avg_under": 1.3754385964912281}], [[0.8500000000000001, 0.9], {"acc": 0.8688576394375098, "nll": 0.40422946219138894, "mse": 0.11724197655216452, "N": 6329, "over_prob": 0.5621025858414582, "under_prob": 0.0, "over_counts": {"0": 1033, "1": 701, "2": 312, "3": 138, "4": 83, "5": 41, "6": 20, "7": 9, "9": 7, "8": 6, "10": 3, "13": 2, "11": 2, "14": 1, "12": 1}, "under_counts": {"0": 2359}, "avg_over_mag": 2.0165912518853695, "avg_under_mag": 0.0, "avg_over": 2.0165912518853695, "avg_under": 0.0}], [[0.9, 0.9500000000000001], {"acc": 0.9225185832968955, "nll": 0.2897858910571641, "mse": 0.07522723174405686, "N": 11435, "over_prob": 0.4724011039558418, "under_prob": 0.0, "over_counts": {"0": 1147, "1": 550, "2": 238, "3": 97, "4": 56, "5": 31, "6": 21, "7": 11, "8": 10, "9": 5, "10": 3, "12": 3, "14": 1, "15": 1}, "under_counts": {"0": 2174}, "avg_over_mag": 2.0632911392405062, "avg_under_mag": 0.0, "avg_over": 2.0632911392405062, "avg_under": 0.0}], [[0.9500000000000001, 1.0], {"acc": 0.970754716981132, "nll": 0.14446743972471912, "mse": 0.030543676225728456, "N": 13780, "over_prob": 0.22525597269624575, "under_prob": 0.0, "over_counts": {"0": 1135, "1": 211, "2": 58, "3": 30, "4": 11, "5": 7, "7": 4, "6": 2, "10": 2, "12": 2, "8": 1, "11": 1, "13": 1}, "under_counts": {"0": 1465},