{"acc": 0.8055525053987775, "auc": 0.8221184225092313, "nll": 0.4388864249529761, "mse": 0.13933855020258473}