{"over_prob": 0.5372670807453417, "under_prob": 0.33462732919254656, "over_counts": {"0": 1788, "1": 393, "2": 347, "3": 308, "4": 241, "5": 191, "6": 129, "7": 101, "8": 69, "9": 63, "10": 50, "11": 36, "13": 24, "12": 23, "14": 19, "15": 15, "17": 15, "16": 11, "20": 9, "18": 9, "19": 5, "21": 4, "26": 3, "23": 3, "28": 2, "24": 2, "35": 1, "49": 1, "25": 1, "53": 1}, "under_counts": {"0": 2571, "1": 720, "2": 269, "3": 126, "4": 73, "5": 43, "6": 30, "7": 12, "8": 10, "11": 3, "10": 2, "53": 1, "12": 1, "13": 1, "14": 1, "9": 1}, "avg_over_mag": 4.754335260115607, "avg_under_mag": 2.0425367362722353, "avg_over": 4.754335260115607, "avg_under": 2.0425367362722353, "acc": 0.7998792137915889, "auc": 0.8011095327614886, "nll": 0.4553652219713452, "mse": 0.14391459868547213, "metrics_by_prob": [[[0.0, 0.05], {"acc": 0.9746070133010882, "nll": 0.1481641798001198, "mse": 0.031142899670652053, "N": 827, "over_prob": 0.0, "under_prob": 0.0, "over_counts": {"0": 248}, "under_counts": {"0": 248}, "avg_over_mag": 0.0, "avg_under_mag": 0.0, "avg_over": 0.0, "avg_under": 0.0}], [[0.05, 0.1], {"acc": 0.8805369127516779, "nll": 0.4161317410989991, "mse": 0.11510341173646674, "N": 745, "over_prob": 0.0, "under_prob": 0.019774011299435013, "over_counts": {"0": 354}, "under_counts": {"0": 347, "1": 6, "19": 1}, "avg_over_mag": 0.0, "avg_under_mag": 3.5714285714285716, "avg_over": 0.0, "avg_under": 3.5714285714285716}], [[0.1, 0.15000000000000002], {"acc": 0.7488317757009346, "nll": 0.5988205891181465, "mse": 0.18901287734767233, "N": 856, "over_prob": 0.0, "under_prob": 0.03797468354430378, "over_counts": {"0": 474}, "under_counts": {"0": 456, "1": 16, "19": 1, "2": 1}, "avg_over_mag": 0.0, "avg_under_mag": 2.0555555555555554, "avg_over": 0.0, "avg_under": 2.0555555555555554}], [[0.15000000000000002, 0.2], {"acc": 0.7090909090909091, "nll": 0.6353102826425453, "mse": 0.20946143818306637, "N": 1265, "over_prob": 0.0, "under_prob": 0.053291536050156685, "over_counts": {"0": 638}, "under_counts": {"0": 604, "1": 32, "9": 1, "2": 1}, "avg_over_mag": 0.0, "avg_under_mag": 1.2647058823529411, "avg_over": 0.0, "avg_under": 1.2647058823529411}], [[0.2, 0.25], {"acc": 0.6617132867132867, "nll": 0.6808709668964933, "mse": 0.23061688361623933, "N": 1144, "over_prob": 0.0, "under_prob": 0.04427480916030535, "over_counts": {"0": 655}, "under_counts": {"0": 626, "1": 26, "5": 1, "3": 1, "2": 1}, "avg_over_mag": 0.0, "avg_under_mag": 1.2413793103448276, "avg_over": 0.0, "avg_under": 1.2413793103448276}], [[0.25, 0.30000000000000004], {"acc": 0.6055299539170507, "nll": 0.7050375346156152, "mse": 0.24564763146221927, "N": 1085, "over_prob": 0.0, "under_prob": 0.04956268221574345, "over_counts": {"0": 686}, "under_counts": {"0": 652, "1": 34}, "avg_over_mag": 0.0, "avg_under_mag": 1.0, "avg_over": 0.0, "avg_under": 1.0}], [[0.30000000000000004, 0.35000000000000003], {"acc": 0.5466321243523317, "nll": 0.7700604175377751, "mse": 0.27405421695084925, "N": 1158, "over_prob": 0.0, "under_prob": 0.02975420439844756, "over_counts": {"0": 773}, "under_counts": {"0": 750, "1": 23}, "avg_over_mag": 0.0, "avg_under_mag": 1.0, "avg_over": 0.0, "avg_under": 1.0}], [[0.35000000000000003, 0.4], {"acc": 0.5096308186195827, "nll": 0.7878172015221617, "mse": 0.28333032990456464, "N": 1246, "over_prob": 0.0, "under_prob": 0.05299539170506917, "over_counts": {"0": 868}, "under_counts": {"0": 822, "1": 43, "2": 3}, "avg_over_mag": 0.0, "avg_under_mag": 1.065217391304348, "avg_over": 0.0, "avg_under": 1.065217391304348}], [[0.4, 0.45], {"acc": 0.5, "nll": 0.8013540550375563, "mse": 0.28666937849123747, "N": 1278, "over_prob": 0.0, "under_prob": 0.07419712070874862, "over_counts": {"0": 903}, "under_counts": {"0": 836, "1": 60, "2": 7}, "avg_over_mag": 0.0, "avg_under_mag": 1.1044776119402986, "avg_over": 0.0, "avg_under": 1.1044776119402986}], [[0.45, 0.5], {"acc": 0.4853932584269663, "nll": 0.8139134661496813, "mse": 0.29192025695710216, "N": 1335, "over_prob": 0.0, "under_prob": 0.07494866529774125, "over_counts": {"0": 974}, "under_counts": {"0": 901, "1": 70, "2": 3}, "avg_over_mag": 0.0, "avg_under_mag": 1.0410958904109588, "avg_over": 0.0, "avg_under": 1.0410958904109588}], [[0.5, 0.55], {"acc": 0.49916107382550334, "nll": 0.7874438162588314, "mse": 0.2832334080982915, "N": 1192, "over_prob": 0.0, "under_prob": 0.09090909090909094, "over_counts": {"0": 902}, "under_counts": {"0": 820, "1": 77, "2": 3, "3": 2}, "avg_over_mag": 0.0, "avg_under_mag": 1.0853658536585367, "avg_over": 0.0, "avg_under": 1.0853658536585367}], [[0.55, 0.6000000000000001], {"acc": 0.5099085365853658, "nll": 0.7855573776082087, "mse": 0.2795957279120056, "N": 1312, "over_prob": 0.0, "under_prob": 0.08786610878661083, "over_counts": {"0": 956}, "under_counts": {"0": 872, "1": 77, "2": 6, "3": 1}, "avg_over_mag": 0.0, "avg_under_mag": 1.0952380952380953, "avg_over": 0.0, "avg_under": 1.0952380952380953}], [[0.6000000000000001, 0.65], {"acc": 0.5760309278350515, "nll": 0.7519410721504589, "mse": 0.26326558954573437, "N": 1552, "over_prob": 0.0, "under_prob": 0.10940325497287517, "over_counts": {"0": 1106}, "under_counts": {"0": 985, "1": 110, "2": 7, "3": 3, "4": 1}, "avg_over_mag": 0.0, "avg_under_mag": 1.1322314049586777, "avg_over": 0.0, "avg_under": 1.1322314049586777}], [[0.65, 0.7000000000000001], {"acc": 0.6111111111111112, "nll": 0.7039052770130857, "mse": 0.24665733577177298, "N": 1764, "over_prob": 0.0, "under_prob": 0.12128514056224904, "over_counts": {"0": 1245}, "under_counts": {"0": 1094, "1": 129, "2": 16, "3": 6}, "avg_over_mag": 0.0, "avg_under_mag": 1.185430463576159, "avg_over": 0.0, "avg_under": 1.185430463576159}], [[0.7000000000000001, 0.75], {"acc": 0.6472778036295952, "nll": 0.6793435028908228, "mse": 0.2339159593202752, "N": 2149, "over_prob": 0.0, "under_prob": 0.17634854771784236, "over_counts": {"0": 1446}, "under_counts": {"0": 1191, "1": 230, "2": 22, "3": 1, "4": 1, "5": 1}, "avg_over_mag": 0.0, "avg_under_mag": 1.1215686274509804, "avg_over": 0.0, "avg_under": 1.1215686274509804}], [[0.75, 0.8], {"acc": 0.7152342309111029, "nll": 0.6216290075210796, "mse": 0.20685676032948533, "N": 2711, "over_prob": 0.0, "under_prob": 0.23453908984830807, "over_counts": {"0": 1714}, "under_counts": {"0": 1312, "1": 333, "2": 55, "3": 11, "4": 2, "6": 1}, "avg_over_mag": 0.0, "avg_under_mag": 1.2189054726368158, "avg_over": 0.0, "avg_under": 1.2189054726368158}], [[0.8, 0.8500000000000001], {"acc": 0.7815610267155579, "nll": 0.5514415288229403, "mse": 0.17674523873902964, "N": 3818, "over_prob": 0.0, "under_prob": 0.34132653061224494, "over_counts": {"0": 1960}, "under_counts": {"0": 1291, "1": 483, "2": 119, "3": 43, "4": 12, "5": 6, "6": 3, "8": 1, "7": 1, "10": 1}, "avg_over_mag": 0.0, "avg_under_mag": 1.4514200298953661, "avg_over": 0.0, "avg_under": 1.4514200298953661}], [[0.8500000000000001, 0.9], {"acc": 0.8613374066530889, "nll": 0.4366963164845623, "mse": 0.1293505407979883, "N": 5892, "over_prob": 0.8146040777619725, "under_prob": 0.0, "over_counts": {"1": 876, "2": 402, "0": 391, "3": 178, "4": 101, "5": 61, "6": 40, "7": 21, "8": 16, "9": 7, "11": 5, "13": 4, "10": 3, "12": 3, "15": 1}, "under_counts": {"0": 2109}, "avg_over_mag": 2.147264260768335, "avg_under_mag": 0.0, "avg_over": 2.147264260768335, "avg_under": 0.0}], [[0.9, 0.9500000000000001], {"acc": 0.9199660633484162, "nll": 0.3141229522947757, "mse": 0.08346276984479715, "N": 10608, "over_prob": 0.7792140641158222, "under_prob": 0.0, "over_counts": {"1": 523, "0": 427, "2": 386, "3": 250, "4": 137, "5": 66, "6": 48, "7": 27, "8": 21, "10": 11, "11": 9, "9": 9, "12": 5, "13": 4, "17": 3, "14": 2, "15": 2, "29": 1, "16": 1, "35": 1, "22": 1}, "under_counts": {"0": 1934}, "avg_over_mag": 2.774386197743862, "avg_under_mag": 0.0, "avg_over": 2.774386197743862, "avg_under": 0.0}], [[0.9500000000000001, 1.0], {"acc": 0.9723730814639906, "nll": 0.16305040661369585, "mse": 0.0342200995098243, "N": 12705, "over_prob": 0.6278890600924499,