{"over_prob": 0.3918219461697723, "under_prob": 0.47412008281573503, "over_counts": {"0": 2350, "1": 643, "2": 313, "3": 186, "4": 126, "5": 74, "6": 46, "8": 33, "7": 32, "10": 12, "9": 12, "11": 9, "12": 4, "13": 4, "16": 3, "14": 3, "18": 2, "19": 2, "15": 2, "23": 2, "38": 1, "20": 1, "21": 1, "36": 1, "24": 1, "17": 1}, "under_counts": {"0": 2032, "1": 916, "2": 460, "3": 198, "4": 125, "5": 62, "6": 27, "7": 19, "8": 9, "11": 6, "10": 4, "12": 2, "9": 2, "50": 1, "14": 1}, "avg_over_mag": 2.83223249669749, "avg_under_mag": 2.0846069868995634, "avg_over": 2.83223249669749, "avg_under": 2.0846069868995634, "acc": 0.8108780791332675, "auc": 0.8202161638223895, "nll": 0.43568001864451744, "mse": 0.13630324393116214, "metrics_by_prob": [[[0.0, 0.05], {"acc": 0.9746070133010882, "nll": 0.1541952335681863, "mse": 0.033495881497341416, "N": 827, "over_prob": 0.0, "under_prob": 0.0, "over_counts": {"0": 248}, "under_counts": {"0": 248}, "avg_over_mag": 0.0, "avg_under_mag": 0.0, "avg_over": 0.0, "avg_under": 0.0}], [[0.05, 0.1], {"acc": 0.8859060402684564, "nll": 0.39725647133388614, "mse": 0.10985109803585649, "N": 745, "over_prob": 0.0, "under_prob": 0.011299435028248594, "over_counts": {"0": 354}, "under_counts": {"0": 350, "1": 3, "19": 1}, "avg_over_mag": 0.0, "avg_under_mag": 5.5, "avg_over": 0.0, "avg_under": 5.5}], [[0.1, 0.15000000000000002], {"acc": 0.7827102803738317, "nll": 0.5535644223107843, "mse": 0.17239772470751932, "N": 856, "over_prob": 0.0, "under_prob": 0.03586497890295359, "over_counts": {"0": 474}, "under_counts": {"0": 457, "1": 15, "17": 1, "2": 1}, "avg_over_mag": 0.0, "avg_under_mag": 2.0, "avg_over": 0.0, "avg_under": 2.0}], [[0.15000000000000002, 0.2], {"acc": 0.7343873517786561, "nll": 0.6046732346629086, "mse": 0.19730481158940613, "N": 1265, "over_prob": 0.0, "under_prob": 0.053291536050156685, "over_counts": {"0": 638}, "under_counts": {"0": 604, "1": 32, "9": 1, "2": 1}, "avg_over_mag": 0.0, "avg_under_mag": 1.2647058823529411, "avg_over": 0.0, "avg_under": 1.2647058823529411}], [[0.2, 0.25], {"acc": 0.6923076923076923, "nll": 0.6631590976133738, "mse": 0.22319610041589158, "N": 1144, "over_prob": 0.0, "under_prob": 0.042748091603053484, "over_counts": {"0": 655}, "under_counts": {"0": 627, "1": 25, "2": 2, "4": 1}, "avg_over_mag": 0.0, "avg_under_mag": 1.1785714285714286, "avg_over": 0.0, "avg_under": 1.1785714285714286}], [[0.25, 0.30000000000000004], {"acc": 0.6156682027649769, "nll": 0.7219616085356946, "mse": 0.25038276467498605, "N": 1085, "over_prob": 0.0, "under_prob": 0.05247813411078717, "over_counts": {"0": 686}, "under_counts": {"0": 650, "1": 35, "2": 1}, "avg_over_mag": 0.0, "avg_under_mag": 1.0277777777777777, "avg_over": 0.0, "avg_under": 1.0277777777777777}], [[0.30000000000000004, 0.35000000000000003], {"acc": 0.5587219343696027, "nll": 0.7672646571471806, "mse": 0.27375151371442824, "N": 1158, "over_prob": 0.0, "under_prob": 0.036222509702457995, "over_counts": {"0": 773}, "under_counts": {"0": 745, "1": 27, "2": 1}, "avg_over_mag": 0.0, "avg_under_mag": 1.0357142857142858, "avg_over": 0.0, "avg_under": 1.0357142857142858}], [[0.35000000000000003, 0.4], {"acc": 0.5168539325842697, "nll": 0.7941173151874695, "mse": 0.2856151098040893, "N": 1246, "over_prob": 0.0, "under_prob": 0.05760368663594473, "over_counts": {"0": 868}, "under_counts": {"0": 818, "1": 49, "2": 1}, "avg_over_mag": 0.0, "avg_under_mag": 1.02, "avg_over": 0.0, "avg_under": 1.02}], [[0.4, 0.45], {"acc": 0.49295774647887325, "nll": 0.8128997973489239, "mse": 0.2919484250428814, "N": 1278, "over_prob": 0.0, "under_prob": 0.08194905869324476, "over_counts": {"0": 903}, "under_counts": {"0": 829, "1": 67, "2": 7}, "avg_over_mag": 0.0, "avg_under_mag": 1.0945945945945945, "avg_over": 0.0, "avg_under": 1.0945945945945945}], [[0.45, 0.5], {"acc": 0.4883895131086142, "nll": 0.8188742484655034, "mse": 0.29441779462172685, "N": 1335, "over_prob": 0.0, "under_prob": 0.08932238193018482, "over_counts": {"0": 974}, "under_counts": {"0": 887, "1": 84, "2": 3}, "avg_over_mag": 0.0, "avg_under_mag": 1.0344827586206897, "avg_over": 0.0, "avg_under": 1.0344827586206897}], [[0.5, 0.55], {"acc": 0.4974832214765101, "nll": 0.8026822135804225, "mse": 0.2881800914482903, "N": 1192, "over_prob": 0.0, "under_prob": 0.10088691796008864, "over_counts": {"0": 902}, "under_counts": {"0": 811, "1": 84, "2": 7}, "avg_over_mag": 0.0, "avg_under_mag": 1.0769230769230769, "avg_over": 0.0, "avg_under": 1.0769230769230769}], [[0.55, 0.6000000000000001], {"acc": 0.5228658536585366, "nll": 0.7944673132458404, "mse": 0.2816701152838559, "N": 1312, "over_prob": 0.0, "under_prob": 0.12761506276150625, "over_counts": {"0": 956}, "under_counts": {"0": 834, "1": 110, "2": 11, "3": 1}, "avg_over_mag": 0.0, "avg_under_mag": 1.1065573770491803, "avg_over": 0.0, "avg_under": 1.1065573770491803}], [[0.6000000000000001, 0.65], {"acc": 0.5947164948453608, "nll": 0.7404383095459384, "mse": 0.25753945581018334, "N": 1552, "over_prob": 0.0, "under_prob": 0.15461121157323687, "over_counts": {"0": 1106}, "under_counts": {"0": 935, "1": 153, "2": 15, "3": 3}, "avg_over_mag": 0.0, "avg_under_mag": 1.1228070175438596, "avg_over": 0.0, "avg_under": 1.1228070175438596}], [[0.65, 0.7000000000000001], {"acc": 0.6332199546485261, "nll": 0.6975476664868316, "mse": 0.24232287721702514, "N": 1764, "over_prob": 0.0, "under_prob": 0.1678714859437751, "over_counts": {"0": 1245}, "under_counts": {"0": 1036, "1": 187, "2": 17, "3": 5}, "avg_over_mag": 0.0, "avg_under_mag": 1.1291866028708133, "avg_over": 0.0, "avg_under": 1.1291866028708133}], [[0.7000000000000001, 0.75], {"acc": 0.6807817589576547, "nll": 0.6615553795811963, "mse": 0.22408371198199165, "N": 2149, "over_prob": 0.0, "under_prob": 0.2524204702627939, "over_counts": {"0": 1446}, "under_counts": {"0": 1081, "1": 323, "2": 34, "3": 6, "4": 1, "5": 1}, "avg_over_mag": 0.0, "avg_under_mag": 1.1452054794520548, "avg_over": 0.0, "avg_under": 1.1452054794520548}], [[0.75, 0.8], {"acc": 0.749538915529325, "nll": 0.5934115593225677, "mse": 0.1918352681226936, "N": 2711, "over_prob": 0.0, "under_prob": 0.35822637106184363, "over_counts": {"0": 1714}, "under_counts": {"0": 1100, "1": 508, "2": 88, "3": 15, "4": 2, "6": 1}, "avg_over_mag": 0.0, "avg_under_mag": 1.210097719869707, "avg_over": 0.0, "avg_under": 1.210097719869707}], [[0.8, 0.8500000000000001], {"acc": 0.8051335777894185, "nll": 0.5247629683668291, "mse": 0.16261545384697307, "N": 3818, "over_prob": 0.0, "under_prob": 0.5510204081632653, "over_counts": {"0": 1960}, "under_counts": {"0": 880, "1": 778, "2": 203, "3": 50, "4": 28, "5": 10, "6": 4, "8": 3, "7": 2, "9": 1, "10": 1}, "avg_over_mag": 0.0, "avg_under_mag": 1.4601851851851853, "avg_over": 0.0, "avg_under": 1.4601851851851853}], [[0.8500000000000001, 0.9], {"acc": 0.8742362525458248, "nll": 0.40501828471180207, "mse": 0.11558632916712619, "N": 5892, "over_prob": 0.5666192508297772, "under_prob": 0.0, "over_counts": {"0": 914, "1": 686, "2": 252, "3": 116, "4": 59, "5": 34, "6": 16, "7": 13, "8": 7, "9": 5, "10": 4, "13": 1, "11": 1, "12": 1}, "under_counts": {"0": 2109}, "avg_over_mag": 1.9313807531380753, "avg_under_mag": 0.0, "avg_over": 1.9313807531380753, "avg_under": 0.0}], [[0.9, 0.9500000000000001], {"acc": 0.9242081447963801, "nll": 0.2909182984832162, "mse": 0.07392865634151866, "N": 10608, "over_prob": 0.42088934850051707, "under_prob": 0.0, "over_counts": {"0": 1120, "1": 483, "2": 166, "3": 82, "4": 27, "5": 18, "6": 13, "9": 7, "8": 5, "7": 4, "10": 3, "23": 2, "12": 2, "14": 1, "15": 1}, "under_counts": {"0": 1934}, "avg_over_mag": 1.961916461916462, "avg_under_mag": 0.0, "avg_over": 1.961916461916462, "avg_under": 0.0}], [[0.9500000000000001, 1.0], {"acc": 0.9733963006690279, "nll": 0.13435602046546707, "mse": 0.027324745520892438, "N": 12705, "over_prob": 0.17796610169491522, "under_prob": 0.0, "over_counts": {"0": 1067, "1": 165, "2": 37, "3": 10, "5": 7, "4": 6, "6": 2, "7": 2, "15": 1, "14": 1},