{"over_prob": 0.3413919413919414, "under_prob": 0.46813186813186813, "over_counts": {"0": 2697, "1": 609, "2": 296, "3": 164, "4": 84, "5": 62, "6": 56, "7": 27, "8": 25, "9": 16, "10": 16, "11": 9, "12": 5, "14": 4, "15": 4, "16": 4, "13": 3, "20": 2, "21": 1, "42": 1, "50": 1, "45": 1, "88": 1, "26": 1, "25": 1, "19": 1, "17": 1, "22": 1, "23": 1, "57": 1}, "under_counts": {"0": 2178, "1": 935, "2": 476, "3": 249, "4": 122, "5": 55, "7": 23, "6": 22, "8": 11, "9": 9, "10": 5, "11": 3, "23": 2, "13": 2, "21": 1, "14": 1, "18": 1}, "avg_over_mag": 3.01931330472103, "avg_under_mag": 2.121544079290558, "avg_over": 3.01931330472103, "avg_under": 2.121544079290558, "acc": 0.8168762490935781, "auc": 0.8203686421655302, "nll": 0.41620872229152944, "mse": 0.13117377563004187, "metrics_by_prob": [[[0.0, 0.05], {"acc": 0.9020408163265307, "nll": 0.29008603611523087, "mse": 0.08146608951392122, "N": 245, "over_prob": 0.0, "under_prob": 0.007633587786259555, "over_counts": {"0": 131}, "under_counts": {"0": 130, "1": 1}, "avg_over_mag": 0.0, "avg_under_mag": 1.0, "avg_over": 0.0, "avg_under": 1.0}], [[0.05, 0.1], {"acc": 0.8452173913043478, "nll": 0.4396054572081365, "mse": 0.1339788214553274, "N": 575, "over_prob": 0.0, "under_prob": 0.022151898734177222, "over_counts": {"0": 316}, "under_counts": {"0": 309, "1": 7}, "avg_over_mag": 0.0, "avg_under_mag": 1.0, "avg_over": 0.0, "avg_under": 1.0}], [[0.1, 0.15000000000000002], {"acc": 0.8013937282229965, "nll": 0.4982061877713183, "mse": 0.15899273500704902, "N": 861, "over_prob": 0.0, "under_prob": 0.023404255319148914, "over_counts": {"0": 470}, "under_counts": {"0": 459, "1": 10, "2": 1}, "avg_over_mag": 0.0, "avg_under_mag": 1.0909090909090908, "avg_over": 0.0, "avg_under": 1.0909090909090908}], [[0.15000000000000002, 0.2], {"acc": 0.7126969416126042, "nll": 0.6088682034954612, "mse": 0.2050092956955557, "N": 1079, "over_prob": 0.0, "under_prob": 0.03488372093023251, "over_counts": {"0": 602}, "under_counts": {"0": 581, "1": 20, "2": 1}, "avg_over_mag": 0.0, "avg_under_mag": 1.0476190476190477, "avg_over": 0.0, "avg_under": 1.0476190476190477}], [[0.2, 0.25], {"acc": 0.6392459297343616, "nll": 0.6881120945056312, "mse": 0.2393274370282144, "N": 1167, "over_prob": 0.0, "under_prob": 0.03687943262411353, "over_counts": {"0": 705}, "under_counts": {"0": 679, "1": 26}, "avg_over_mag": 0.0, "avg_under_mag": 1.0, "avg_over": 0.0, "avg_under": 1.0}], [[0.25, 0.30000000000000004], {"acc": 0.5935251798561151, "nll": 0.7272014496009279, "mse": 0.25660688739365883, "N": 1112, "over_prob": 0.0, "under_prob": 0.04278074866310155, "over_counts": {"0": 748}, "under_counts": {"0": 716, "1": 32}, "avg_over_mag": 0.0, "avg_under_mag": 1.0, "avg_over": 0.0, "avg_under": 1.0}], [[0.30000000000000004, 0.35000000000000003], {"acc": 0.5310880829015544, "nll": 0.7813334309812341, "mse": 0.2795638122946802, "N": 1158, "over_prob": 0.0, "under_prob": 0.0680958385876419, "over_counts": {"0": 793}, "under_counts": {"0": 739, "1": 52, "2": 2}, "avg_over_mag": 0.0, "avg_under_mag": 1.037037037037037, "avg_over": 0.0, "avg_under": 1.037037037037037}], [[0.35000000000000003, 0.4], {"acc": 0.5096, "nll": 0.7853095631691249, "mse": 0.2848951579080031, "N": 1250, "over_prob": 0.0, "under_prob": 0.06481481481481477, "over_counts": {"0": 864}, "under_counts": {"0": 808, "1": 54, "2": 2}, "avg_over_mag": 0.0, "avg_under_mag": 1.0357142857142858, "avg_over": 0.0, "avg_under": 1.0357142857142858}], [[0.4, 0.45], {"acc": 0.47874015748031495, "nll": 0.8086271216518357, "mse": 0.29315955826538814, "N": 1270, "over_prob": 0.0, "under_prob": 0.07423117709437965, "over_counts": {"0": 943}, "under_counts": {"0": 873, "1": 65, "2": 4, "3": 1}, "avg_over_mag": 0.0, "avg_under_mag": 1.0857142857142856, "avg_over": 0.0, "avg_under": 1.0857142857142856}], [[0.45, 0.5], {"acc": 0.49099099099099097, "nll": 0.8144820309112019, "mse": 0.29390972182182135, "N": 1332, "over_prob": 0.0, "under_prob": 0.10914760914760913, "over_counts": {"0": 962}, "under_counts": {"0": 857, "1": 94, "2": 7, "4": 2, "3": 2}, "avg_over_mag": 0.0, "avg_under_mag": 1.161904761904762, "avg_over": 0.0, "avg_under": 1.161904761904762}], [[0.5, 0.55], {"acc": 0.4958615500376223, "nll": 0.8369931951274654, "mse": 0.3011769789623325, "N": 1329, "over_prob": 0.0, "under_prob": 0.12615384615384617, "over_counts": {"0": 975}, "under_counts": {"0": 852, "1": 114, "2": 6, "3": 2, "9": 1}, "avg_over_mag": 0.0, "avg_under_mag": 1.146341463414634, "avg_over": 0.0, "avg_under": 1.146341463414634}], [[0.55, 0.6000000000000001], {"acc": 0.5302491103202847, "nll": 0.8140948945381901, "mse": 0.28834367131752275, "N": 1405, "over_prob": 0.0, "under_prob": 0.14258555133079853, "over_counts": {"0": 1052}, "under_counts": {"0": 902, "1": 137, "2": 11, "3": 2}, "avg_over_mag": 0.0, "avg_under_mag": 1.1, "avg_over": 0.0, "avg_under": 1.1}], [[0.6000000000000001, 0.65], {"acc": 0.5805626598465473, "nll": 0.7565262497566556, "mse": 0.2672563377242909, "N": 1564, "over_prob": 0.0, "under_prob": 0.17841601392515227, "over_counts": {"0": 1149}, "under_counts": {"0": 944, "1": 189, "2": 13, "6": 1, "3": 1, "5": 1}, "avg_over_mag": 0.0, "avg_under_mag": 1.1170731707317074, "avg_over": 0.0, "avg_under": 1.1170731707317074}], [[0.65, 0.7000000000000001], {"acc": 0.6461095100864553, "nll": 0.6886183963796119, "mse": 0.23743759843314746, "N": 1735, "over_prob": 0.0, "under_prob": 0.2026500389711613, "over_counts": {"0": 1283}, "under_counts": {"0": 1023, "1": 235, "2": 18, "3": 5, "5": 1, "4": 1}, "avg_over_mag": 0.0, "avg_under_mag": 1.1346153846153846, "avg_over": 0.0, "avg_under": 1.1346153846153846}], [[0.7000000000000001, 0.75], {"acc": 0.6956521739130435, "nll": 0.6464532480335252, "mse": 0.21940168252931402, "N": 2047, "over_prob": 0.0, "under_prob": 0.263408010862186, "over_counts": {"0": 1473}, "under_counts": {"0": 1085, "1": 341, "2": 38, "3": 5, "5": 2, "7": 1, "4": 1}, "avg_over_mag": 0.0, "avg_under_mag": 1.1675257731958764, "avg_over": 0.0, "avg_under": 1.1675257731958764}], [[0.75, 0.8], {"acc": 0.7659411989308896, "nll": 0.5712359444173614, "mse": 0.18425781854291334, "N": 2619, "over_prob": 0.0, "under_prob": 0.38762769580022705, "over_counts": {"0": 1762}, "under_counts": {"0": 1079, "1": 590, "2": 63, "3": 21, "6": 4, "4": 4, "5": 1}, "avg_over_mag": 0.0, "avg_under_mag": 1.2064421669106882, "avg_over": 0.0, "avg_under": 1.2064421669106882}], [[0.8, 0.8500000000000001], {"acc": 0.81740125930166, "nll": 0.49410998232280845, "mse": 0.1529556740371134, "N": 3494, "over_prob": 0.0, "under_prob": 0.5661914460285132, "over_counts": {"0": 1964}, "under_counts": {"0": 852, "1": 830, "2": 192, "3": 55, "4": 23, "5": 5, "7": 3, "8": 2, "6": 1, "9": 1}, "avg_over_mag": 0.0, "avg_under_mag": 1.3920863309352518, "avg_over": 0.0, "avg_under": 1.3920863309352518}], [[0.8500000000000001, 0.9], {"acc": 0.86981924411174, "nll": 0.405649476203937, "mse": 0.11740391383827692, "N": 5477, "over_prob": 0.4942316566682049, "under_prob": 0.0, "over_counts": {"0": 1096, "1": 604, "2": 244, "3": 103, "4": 56, "5": 29, "6": 17, "7": 9, "9": 3, "8": 3, "10": 1, "11": 1, "12": 1}, "under_counts": {"0": 2167}, "avg_over_mag": 1.8851540616246498, "avg_under_mag": 0.0, "avg_over": 1.8851540616246498, "avg_under": 0.0}], [[0.9, 0.9500000000000001], {"acc": 0.9227806852967315, "nll": 0.2898862868280623, "mse": 0.07466229482878359, "N": 10127, "over_prob": 0.3715455475946776, "under_prob": 0.0, "over_counts": {"0": 1228, "1": 421, "2": 153, "3": 61, "4": 40, "6": 14, "5": 13, "8": 6, "7": 5, "14": 2, "9": 2, "12": 2, "17": 2, "10": 2, "11": 1, "13": 1, "16": 1}, "under_counts": {"0": 1954}, "avg_over_mag": 2.0192837465564737, "avg_under_mag": 0.0, "avg_over": 2.0192837465564737, "avg_under": 0.0}], [[0.9500000000000001, 1.0], {"acc": 0.9747229709493861, "nll": 0.130327735812596, "mse": 0.027118020360557514, "N": 16695, "over_prob": 0.2056359482102056, "under_prob": 0.0, "over_counts": {"0": 1043, "1": 167, "2": 51, "3": 12, "4": 11,