{"auc": 0.8383378295785857, "over_prob": 0.41049604601006473, "under_prob": 0.21734962856458184, "over_counts": {"0": 2460, "1": 664, "2": 385, "3": 243, "4": 154, "5": 85, "6": 58, "7": 53, "8": 27, "9": 15, "10": 11, "11": 6, "13": 4, "15": 3, "12": 2, "21": 1, "14": 1, "16": 1}, "under_counts": {"0": 3266, "1": 373, "2": 179, "3": 121, "4": 61, "5": 50, "6": 36, "7": 24, "9": 15, "8": 14, "10": 14, "11": 4, "12": 4, "17": 3, "13": 2, "16": 2, "14": 1, "19": 1, "34": 1, "22": 1, "38": 1}, "avg_over_mag": 2.698190309398716, "avg_under_mag": 2.962513781697905, "avg_over": 2.698190309398716, "avg_under": 2.962513781697905, "acc": 0.8317633030257863, "nll": 0.3779303370592995, "mse": 0.11902187081078276, "metrics_by_prob": [[[0.0, 0.05], {"acc": 0.8840579710144928, "nll": 0.3136403754398973, "mse": 0.08706979934611465, "N": 69, "over_prob": 0.0, "under_prob": 0.0, "over_counts": {"0": 47}, "under_counts": {"0": 47}, "avg_over_mag": 0.0, "avg_under_mag": 0.0, "avg_over": 0.0, "avg_under": 0.0}], [[0.05, 0.1], {"acc": 0.9183673469387755, "nll": 0.33224319187675866, "mse": 0.09222205951149341, "N": 343, "over_prob": 0.0, "under_prob": 0.0, "over_counts": {"0": 208}, "under_counts": {"0": 208}, "avg_over_mag": 0.0, "avg_under_mag": 0.0, "avg_over": 0.0, "avg_under": 0.0}], [[0.1, 0.15000000000000002], {"acc": 0.839262187088274, "nll": 0.4504894280204158, "mse": 0.13859174665208174, "N": 759, "over_prob": 0.0, "under_prob": 0.0, "over_counts": {"0": 401}, "under_counts": {"0": 401}, "avg_over_mag": 0.0, "avg_under_mag": 0.0, "avg_over": 0.0, "avg_under": 0.0}], [[0.15000000000000002, 0.2], {"acc": 0.7862129144851658, "nll": 0.5082413988098476, "mse": 0.16429050028897335, "N": 1146, "over_prob": 0.0, "under_prob": 0.0, "over_counts": {"0": 599}, "under_counts": {"0": 599}, "avg_over_mag": 0.0, "avg_under_mag": 0.0, "avg_over": 0.0, "avg_under": 0.0}], [[0.2, 0.25], {"acc": 0.6644067796610169, "nll": 0.6170283867562202, "mse": 0.21302003618491783, "N": 1180, "over_prob": 0.0, "under_prob": 0.0014084507042253502, "over_counts": {"0": 710}, "under_counts": {"0": 709, "1": 1}, "avg_over_mag": 0.0, "avg_under_mag": 1.0, "avg_over": 0.0, "avg_under": 1.0}], [[0.25, 0.30000000000000004], {"acc": 0.5980902777777778, "nll": 0.6861877948202749, "mse": 0.2446580118342419, "N": 1152, "over_prob": 0.0, "under_prob": 0.0, "over_counts": {"0": 761}, "under_counts": {"0": 761}, "avg_over_mag": 0.0, "avg_under_mag": 0.0, "avg_over": 0.0, "avg_under": 0.0}], [[0.30000000000000004, 0.35000000000000003], {"acc": 0.5994962216624685, "nll": 0.6696856847194929, "mse": 0.23794079205633928, "N": 1191, "over_prob": 0.0, "under_prob": 0.0, "over_counts": {"0": 835}, "under_counts": {"0": 835}, "avg_over_mag": 0.0, "avg_under_mag": 0.0, "avg_over": 0.0, "avg_under": 0.0}], [[0.35000000000000003, 0.4], {"acc": 0.5411676646706587, "nll": 0.7199023821973888, "mse": 0.2608925904506564, "N": 1336, "over_prob": 0.0, "under_prob": 0.0032119914346895317, "over_counts": {"0": 934}, "under_counts": {"0": 931, "1": 2, "6": 1}, "avg_over_mag": 0.0, "avg_under_mag": 2.6666666666666665, "avg_over": 0.0, "avg_under": 2.6666666666666665}], [[0.4, 0.45], {"acc": 0.5089408528198074, "nll": 0.7390308921603853, "mse": 0.269365400368618, "N": 1454, "over_prob": 0.0, "under_prob": 0.006776379477250738, "over_counts": {"0": 1033}, "under_counts": {"0": 1026, "1": 4, "3": 2, "8": 1}, "avg_over_mag": 0.0, "avg_under_mag": 2.5714285714285716, "avg_over": 0.0, "avg_under": 2.5714285714285716}], [[0.45, 0.5], {"acc": 0.5119047619047619, "nll": 0.7490116559805822, "mse": 0.27222376746998367, "N": 1428, "over_prob": 0.0, "under_prob": 0.011730205278592365, "over_counts": {"0": 1023}, "under_counts": {"0": 1011, "1": 7, "2": 3, "3": 1, "12": 1}, "avg_over_mag": 0.0, "avg_under_mag": 2.3333333333333335, "avg_over": 0.0, "avg_under": 2.3333333333333335}], [[0.5, 0.55], {"acc": 0.5086147484493453, "nll": 0.750676708090174, "mse": 0.2739045006946124, "N": 1451, "over_prob": 0.0, "under_prob": 0.016651248843663313, "over_counts": {"0": 1081}, "under_counts": {"0": 1063, "1": 14, "2": 2, "4": 1, "3": 1}, "avg_over_mag": 0.0, "avg_under_mag": 1.3888888888888888, "avg_over": 0.0, "avg_under": 1.3888888888888888}], [[0.55, 0.6000000000000001], {"acc": 0.5416936005171299, "nll": 0.735894504094959, "mse": 0.2669559660930286, "N": 1547, "over_prob": 0.0, "under_prob": 0.028469750889679735, "over_counts": {"0": 1124}, "under_counts": {"0": 1092, "1": 23, "2": 7, "4": 1, "3": 1}, "avg_over_mag": 0.0, "avg_under_mag": 1.375, "avg_over": 0.0, "avg_under": 1.375}], [[0.6000000000000001, 0.65], {"acc": 0.5889261744966443, "nll": 0.6950707834920097, "mse": 0.24842943630844136, "N": 1788, "over_prob": 0.0, "under_prob": 0.039969254419677136, "over_counts": {"0": 1301}, "under_counts": {"0": 1249, "1": 40, "2": 10, "3": 1, "6": 1}, "avg_over_mag": 0.0, "avg_under_mag": 1.3269230769230769, "avg_over": 0.0, "avg_under": 1.3269230769230769}], [[0.65, 0.7000000000000001], {"acc": 0.6509625126646403, "nll": 0.6662115680655549, "mse": 0.23328054392029443, "N": 1974, "over_prob": 0.0, "under_prob": 0.06469760900140642, "over_counts": {"0": 1422}, "under_counts": {"0": 1330, "1": 66, "2": 17, "3": 5, "4": 2, "8": 1, "7": 1}, "avg_over_mag": 0.0, "avg_under_mag": 1.5, "avg_over": 0.0, "avg_under": 1.5}], [[0.7000000000000001, 0.75], {"acc": 0.6947496947496947, "nll": 0.6260979466899966, "mse": 0.21426824221681598, "N": 2457, "over_prob": 0.0, "under_prob": 0.10949788263762861, "over_counts": {"0": 1653}, "under_counts": {"0": 1472, "1": 130, "2": 39, "3": 7, "4": 3, "6": 2}, "avg_over_mag": 0.0, "avg_under_mag": 1.3977900552486189, "avg_over": 0.0, "avg_under": 1.3977900552486189}], [[0.75, 0.8], {"acc": 0.7583100341721032, "nll": 0.5595303611590294, "mse": 0.18436669519693302, "N": 3219, "over_prob": 0.0, "under_prob": 0.18204121687929342, "over_counts": {"0": 2038}, "under_counts": {"0": 1667, "1": 248, "2": 69, "3": 30, "4": 12, "5": 5, "6": 3, "7": 1, "16": 1, "8": 1, "10": 1}, "avg_over_mag": 0.0, "avg_under_mag": 1.6388140161725067, "avg_over": 0.0, "avg_under": 1.6388140161725067}], [[0.8, 0.8500000000000001], {"acc": 0.8185276348176326, "nll": 0.4798810622108756, "mse": 0.15033623351395284, "N": 4469, "over_prob": 0.0, "under_prob": 0.3378496503496503, "over_counts": {"0": 2288}, "under_counts": {"0": 1515, "1": 445, "2": 173, "3": 66, "4": 36, "5": 18, "6": 16, "7": 6, "8": 5, "13": 2, "11": 2, "12": 1, "10": 1, "9": 1, "15": 1}, "avg_over_mag": 0.0, "avg_under_mag": 1.9340232858990944, "avg_over": 0.0, "avg_under": 1.9340232858990944}], [[0.8500000000000001, 0.9], {"acc": 0.8716323296354992, "nll": 0.3951738996355665, "mse": 0.11524928364635054, "N": 6941, "over_prob": 0.6293929712460065, "under_prob": 0.0, "over_counts": {"0": 928, "1": 839, "2": 408, "3": 176, "4": 80, "5": 40, "6": 14, "8": 7, "9": 4, "7": 4, "11": 2, "10": 1, "12": 1}, "under_counts": {"0": 2504}, "avg_over_mag": 1.87246192893401, "avg_under_mag": 0.0, "avg_over": 1.87246192893401, "avg_under": 0.0}], [[0.9, 0.9500000000000001], {"acc": 0.9266507557677008, "nll": 0.2701220093942127, "mse": 0.06984829047279896, "N": 12570, "over_prob": 0.33563714902807773, "under_prob": 0.0, "over_counts": {"0": 1538, "1": 413, "2": 218, "3": 72, "4": 47, "5": 13, "6": 5, "7": 5, "9": 1, "10": 1, "12": 1, "8": 1}, "under_counts": {"0": 2315}, "avg_over_mag": 1.83011583011583, "avg_under_mag": 0.0, "avg_over": 1.83011583011583, "avg_under": 0.0}], [[0.9500000000000001, 1.0], {"acc": 0.9744858362436942, "nll": 0.11958425567710118, "mse": 0.025402526050087852, "N": 20616, "over_prob": 0.08275862068965523, "under_prob": 0.0, "over_counts": {"0": 1463, "1": 68, "2": 30, "3": 20, "4": 10, "5": 3, "6": 1}, "under_counts": {"0": 1595}, "avg_over_mag": 1.8863636363636365, "avg_under_mag": 0.0, "avg_over": 1.8863636363636365, "avg_under": 0.0}]]}