{"acc": 0.8153487875986631, "auc": 0.8248728278349463, "nll": 0.4280972307464365, "mse": 0.1341557352175735}