{"auc": 0.8238183046235765, "over_prob": 0.43163538873994634, "under_prob": 0.16938825249817202, "over_counts": {"0": 2332, "1": 750, "2": 402, "3": 216, "4": 162, "5": 79, "6": 57, "7": 40, "8": 26, "9": 14, "11": 10, "10": 8, "13": 2, "12": 2, "19": 1, "20": 1, "16": 1}, "under_counts": {"0": 3408, "1": 315, "2": 153, "3": 85, "4": 53, "5": 27, "6": 17, "8": 15, "7": 12, "9": 4, "10": 4, "14": 2, "12": 2, "16": 2, "13": 2, "15": 1, "11": 1}, "avg_over_mag": 2.5386787125917563, "avg_under_mag": 2.5050359712230215, "avg_over": 2.5386787125917563, "avg_under": 2.5050359712230215, "acc": 0.814939913247529, "nll": 0.40835346766141717, "mse": 0.12986711299771, "metrics_by_prob": [[[0.0, 0.05], {"acc": 0.9166666666666666, "nll": 0.30637169800933556, "mse": 0.08198641504714937, "N": 72, "over_prob": 0.0, "under_prob": 0.0, "over_counts": {"0": 45}, "under_counts": {"0": 45}, "avg_over_mag": 0.0, "avg_under_mag": 0.0, "avg_over": 0.0, "avg_under": 0.0}], [[0.05, 0.1], {"acc": 0.8505338078291815, "nll": 0.41033079118182014, "mse": 0.12187596646270468, "N": 281, "over_prob": 0.0, "under_prob": 0.0, "over_counts": {"0": 189}, "under_counts": {"0": 189}, "avg_over_mag": 0.0, "avg_under_mag": 0.0, "avg_over": 0.0, "avg_under": 0.0}], [[0.1, 0.15000000000000002], {"acc": 0.8191304347826087, "nll": 0.46021719755892304, "mse": 0.14357770401012565, "N": 575, "over_prob": 0.0, "under_prob": 0.0, "over_counts": {"0": 349}, "under_counts": {"0": 349}, "avg_over_mag": 0.0, "avg_under_mag": 0.0, "avg_over": 0.0, "avg_under": 0.0}], [[0.15000000000000002, 0.2], {"acc": 0.7814432989690722, "nll": 0.5138763135656645, "mse": 0.16637261801740777, "N": 970, "over_prob": 0.0, "under_prob": 0.0, "over_counts": {"0": 551}, "under_counts": {"0": 551}, "avg_over_mag": 0.0, "avg_under_mag": 0.0, "avg_over": 0.0, "avg_under": 0.0}], [[0.2, 0.25], {"acc": 0.7209090909090909, "nll": 0.5659621393095697, "mse": 0.18975374716594035, "N": 1100, "over_prob": 0.0, "under_prob": 0.0, "over_counts": {"0": 663}, "under_counts": {"0": 663}, "avg_over_mag": 0.0, "avg_under_mag": 0.0, "avg_over": 0.0, "avg_under": 0.0}], [[0.25, 0.30000000000000004], {"acc": 0.646944713870029, "nll": 0.6330899907377552, "mse": 0.22066674312057213, "N": 1031, "over_prob": 0.0, "under_prob": 0.0, "over_counts": {"0": 685}, "under_counts": {"0": 685}, "avg_over_mag": 0.0, "avg_under_mag": 0.0, "avg_over": 0.0, "avg_under": 0.0}], [[0.30000000000000004, 0.35000000000000003], {"acc": 0.5851339671564391, "nll": 0.698708928974211, "mse": 0.25125347798406095, "N": 1157, "over_prob": 0.0, "under_prob": 0.0, "over_counts": {"0": 787}, "under_counts": {"0": 787}, "avg_over_mag": 0.0, "avg_under_mag": 0.0, "avg_over": 0.0, "avg_under": 0.0}], [[0.35000000000000003, 0.4], {"acc": 0.5593080724876441, "nll": 0.7130540130585058, "mse": 0.25755188586016997, "N": 1214, "over_prob": 0.0, "under_prob": 0.0011587485515642815, "over_counts": {"0": 863}, "under_counts": {"0": 862, "3": 1}, "avg_over_mag": 0.0, "avg_under_mag": 3.0, "avg_over": 0.0, "avg_under": 3.0}], [[0.4, 0.45], {"acc": 0.4959883296863603, "nll": 0.7434894112385242, "mse": 0.272269092353144, "N": 1371, "over_prob": 0.0, "under_prob": 0.0020181634712411745, "over_counts": {"0": 991}, "under_counts": {"0": 989, "1": 2}, "avg_over_mag": 0.0, "avg_under_mag": 1.0, "avg_over": 0.0, "avg_under": 1.0}], [[0.45, 0.5], {"acc": 0.4960573476702509, "nll": 0.7622438237478083, "mse": 0.27975167968378545, "N": 1395, "over_prob": 0.0, "under_prob": 0.005687203791469142, "over_counts": {"0": 1055}, "under_counts": {"0": 1049, "1": 3, "3": 1, "2": 1, "4": 1}, "avg_over_mag": 0.0, "avg_under_mag": 2.0, "avg_over": 0.0, "avg_under": 2.0}], [[0.5, 0.55], {"acc": 0.5192878338278932, "nll": 0.7430685287578628, "mse": 0.27092071379026134, "N": 1348, "over_prob": 0.0, "under_prob": 0.015090543259557387, "over_counts": {"0": 994}, "under_counts": {"0": 979, "1": 12, "3": 2, "2": 1}, "avg_over_mag": 0.0, "avg_under_mag": 1.3333333333333333, "avg_over": 0.0, "avg_under": 1.3333333333333333}], [[0.55, 0.6000000000000001], {"acc": 0.5340425531914894, "nll": 0.7229304581588782, "mse": 0.2619684058329434, "N": 1410, "over_prob": 0.0, "under_prob": 0.011225444340505097, "over_counts": {"0": 1069}, "under_counts": {"0": 1057, "1": 9, "2": 2, "4": 1}, "avg_over_mag": 0.0, "avg_under_mag": 1.4166666666666667, "avg_over": 0.0, "avg_under": 1.4166666666666667}], [[0.6000000000000001, 0.65], {"acc": 0.5753588516746412, "nll": 0.716849377666145, "mse": 0.25765320095245425, "N": 1672, "over_prob": 0.0, "under_prob": 0.027684563758389236, "over_counts": {"0": 1192}, "under_counts": {"0": 1159, "1": 25, "2": 5, "4": 1, "6": 1, "3": 1}, "avg_over_mag": 0.0, "avg_under_mag": 1.4545454545454546, "avg_over": 0.0, "avg_under": 1.4545454545454546}], [[0.65, 0.7000000000000001], {"acc": 0.6228571428571429, "nll": 0.6770531204262145, "mse": 0.23907976184509128, "N": 1925, "over_prob": 0.0, "under_prob": 0.04883381924198249, "over_counts": {"0": 1372}, "under_counts": {"0": 1305, "1": 49, "2": 10, "3": 5, "4": 2, "6": 1}, "avg_over_mag": 0.0, "avg_under_mag": 1.462686567164179, "avg_over": 0.0, "avg_under": 1.462686567164179}], [[0.7000000000000001, 0.75], {"acc": 0.6794929832503395, "nll": 0.637262784394354, "mse": 0.21982731073081763, "N": 2209, "over_prob": 0.0, "under_prob": 0.07794676806083645, "over_counts": {"0": 1578}, "under_counts": {"0": 1455, "1": 98, "2": 17, "3": 4, "5": 2, "4": 1, "9": 1}, "avg_over_mag": 0.0, "avg_under_mag": 1.3577235772357723, "avg_over": 0.0, "avg_under": 1.3577235772357723}], [[0.75, 0.8], {"acc": 0.7580481192815994, "nll": 0.5573797793850833, "mse": 0.18443820527271368, "N": 2951, "over_prob": 0.0, "under_prob": 0.13173333333333337, "over_counts": {"0": 1875}, "under_counts": {"0": 1628, "1": 170, "2": 49, "3": 19, "4": 8, "5": 1}, "avg_over_mag": 0.0, "avg_under_mag": 1.465587044534413, "avg_over": 0.0, "avg_under": 1.465587044534413}], [[0.8, 0.8500000000000001], {"acc": 0.8187236155947355, "nll": 0.48595221163169, "mse": 0.15247448887896625, "N": 4027, "over_prob": 0.0, "under_prob": 0.2592423550890005, "over_counts": {"0": 2191}, "under_counts": {"0": 1623, "1": 341, "2": 123, "3": 54, "4": 23, "5": 12, "6": 5, "7": 5, "9": 2, "10": 2, "8": 1}, "avg_over_mag": 0.0, "avg_under_mag": 1.7816901408450705, "avg_over": 0.0, "avg_under": 1.7816901408450705}], [[0.8500000000000001, 0.9], {"acc": 0.8756517617317112, "nll": 0.38755743785233426, "mse": 0.11272188496385718, "N": 6329, "over_prob": 0.7032640949554896, "under_prob": 0.0, "over_counts": {"1": 947, "0": 700, "2": 387, "3": 159, "4": 89, "5": 43, "6": 14, "7": 10, "8": 4, "10": 3, "9": 2, "13": 1}, "under_counts": {"0": 2359}, "avg_over_mag": 1.8179626280892103, "avg_under_mag": 0.0, "avg_over": 1.8179626280892103, "avg_under": 0.0}], [[0.9, 0.9500000000000001], {"acc": 0.9228683865325754, "nll": 0.2774249718561837, "mse": 0.07269300161874444, "N": 11435, "over_prob": 0.32474701011959517, "under_prob": 0.0, "over_counts": {"0": 1468, "1": 403, "2": 160, "3": 84, "4": 37, "5": 10, "6": 7, "8": 2, "7": 2, "10": 1}, "under_counts": {"0": 2174}, "avg_over_mag": 1.7776203966005666, "avg_under_mag": 0.0, "avg_over": 1.7776203966005666, "avg_under": 0.0}], [[0.9500000000000001, 1.0], {"acc": 0.9706821480406386, "nll": 0.1364808773533067, "mse": 0.02931086683918701, "N": 13780, "over_prob": 0.08532423208191131, "under_prob": 0.0, "over_counts": {"0": 1340, "1": 65, "2": 34, "3": 18, "4": 4, "6": 2, "5": 2}, "under_counts": {"0": 1465}, "avg_over_mag": 1.8, "avg_under_mag": 0.0, "avg_over": 1.8, "avg_under": 0.0}]]}