{"over_prob": 0.23693379790940772, "under_prob": 0.32852165256346444, "over_counts": {"0": 1533, "1": 280, "2": 105, "3": 31, "4": 18, "5": 13, "6": 10, "11": 2, "7": 2, "34": 1, "14": 1, "8": 1, "51": 1, "27": 1, "47": 1, "49": 1, "62": 1, "29": 1, "67": 1, "24": 1, "59": 1, "89": 1, "105": 1, "13": 1}, "under_counts": {"0": 1349, "1": 407, "2": 127, "3": 60, "4": 25, "6": 8, "5": 8, "7": 6, "11": 3, "13": 2, "10": 2, "14": 2, "8": 2, "18": 1, "60": 1, "49": 1, "22": 1, "9": 1, "25": 1, "23": 1, "12": 1}, "avg_over_mag": 3.138655462184874, "avg_under_mag": 2.139393939393939, "avg_over": 3.138655462184874, "avg_under": 2.139393939393939, "acc": 0.8001474563774883, "auc": 0.7787791552511645, "nll": 0.4423731491196445, "mse": 0.1414080156038319, "metrics_by_prob": [[[0.0, 0.05], {"acc": 0.9375, "nll": 0.33015070341752256, "mse": 0.09292833718857359, "N": 16, "over_prob": 0.0, "under_prob": 0.0, "over_counts": {"0": 11}, "under_counts": {"0": 11}, "avg_over_mag": 0.0, "avg_under_mag": 0.0, "avg_over": 0.0, "avg_under": 0.0}], [[0.05, 0.1], {"acc": 0.803030303030303, "nll": 0.48843486038271744, "mse": 0.1555714300466936, "N": 66, "over_prob": 0.0, "under_prob": 0.0, "over_counts": {"0": 34}, "under_counts": {"0": 34}, "avg_over_mag": 0.0, "avg_under_mag": 0.0, "avg_over": 0.0, "avg_under": 0.0}], [[0.1, 0.15000000000000002], {"acc": 0.7724137931034483, "nll": 0.507424618689222, "mse": 0.16563507396622298, "N": 145, "over_prob": 0.0, "under_prob": 0.0, "over_counts": {"0": 75}, "under_counts": {"0": 75}, "avg_over_mag": 0.0, "avg_under_mag": 0.0, "avg_over": 0.0, "avg_under": 0.0}], [[0.15000000000000002, 0.2], {"acc": 0.7051282051282052, "nll": 0.6173549883666317, "mse": 0.20976730551854253, "N": 156, "over_prob": 0.0, "under_prob": 0.0, "over_counts": {"0": 80}, "under_counts": {"0": 80}, "avg_over_mag": 0.0, "avg_under_mag": 0.0, "avg_over": 0.0, "avg_under": 0.0}], [[0.2, 0.25], {"acc": 0.6772727272727272, "nll": 0.6779868297989324, "mse": 0.23629022065510988, "N": 220, "over_prob": 0.0, "under_prob": 0.009615384615384581, "over_counts": {"0": 104}, "under_counts": {"0": 103, "1": 1}, "avg_over_mag": 0.0, "avg_under_mag": 1.0, "avg_over": 0.0, "avg_under": 1.0}], [[0.25, 0.30000000000000004], {"acc": 0.6747967479674797, "nll": 0.6421686449496088, "mse": 0.22302208234457008, "N": 246, "over_prob": 0.0, "under_prob": 0.015037593984962405, "over_counts": {"0": 133}, "under_counts": {"0": 131, "1": 2}, "avg_over_mag": 0.0, "avg_under_mag": 1.0, "avg_over": 0.0, "avg_under": 1.0}], [[0.30000000000000004, 0.35000000000000003], {"acc": 0.5505226480836237, "nll": 0.7567706466215959, "mse": 0.2709938545823772, "N": 287, "over_prob": 0.0, "under_prob": 0.04477611940298509, "over_counts": {"0": 134}, "under_counts": {"0": 128, "1": 5, "3": 1}, "avg_over_mag": 0.0, "avg_under_mag": 1.3333333333333333, "avg_over": 0.0, "avg_under": 1.3333333333333333}], [[0.35000000000000003, 0.4], {"acc": 0.5380116959064327, "nll": 0.7165475017379084, "mse": 0.2583444654595727, "N": 342, "over_prob": 0.0, "under_prob": 0.018867924528301883, "over_counts": {"0": 159}, "under_counts": {"0": 156, "1": 2, "3": 1}, "avg_over_mag": 0.0, "avg_under_mag": 1.6666666666666667, "avg_over": 0.0, "avg_under": 1.6666666666666667}], [[0.4, 0.45], {"acc": 0.5163551401869159, "nll": 0.7608055990663684, "mse": 0.2757021584619401, "N": 428, "over_prob": 0.0, "under_prob": 0.03292181069958844, "over_counts": {"0": 243}, "under_counts": {"0": 235, "1": 6, "3": 1, "2": 1}, "avg_over_mag": 0.0, "avg_under_mag": 1.375, "avg_over": 0.0, "avg_under": 1.375}], [[0.45, 0.5], {"acc": 0.48221343873517786, "nll": 0.7525496640903916, "mse": 0.2733763143056125, "N": 506, "over_prob": 0.0, "under_prob": 0.020477815699658675, "over_counts": {"0": 293}, "under_counts": {"0": 287, "1": 5, "3": 1}, "avg_over_mag": 0.0, "avg_under_mag": 1.3333333333333333, "avg_over": 0.0, "avg_under": 1.3333333333333333}], [[0.5, 0.55], {"acc": 0.5231788079470199, "nll": 0.713315938169225, "mse": 0.25846182376846216, "N": 604, "over_prob": 0.0, "under_prob": 0.015290519877675823, "over_counts": {"0": 327}, "under_counts": {"0": 322, "1": 3, "3": 1, "2": 1}, "avg_over_mag": 0.0, "avg_under_mag": 1.6, "avg_over": 0.0, "avg_under": 1.6}], [[0.55, 0.6000000000000001], {"acc": 0.5688073394495413, "nll": 0.7117523251581696, "mse": 0.25439816867065407, "N": 763, "over_prob": 0.0, "under_prob": 0.0505050505050505, "over_counts": {"0": 396}, "under_counts": {"0": 376, "1": 18, "3": 1, "2": 1}, "avg_over_mag": 0.0, "avg_under_mag": 1.15, "avg_over": 0.0, "avg_under": 1.15}], [[0.6000000000000001, 0.65], {"acc": 0.5847826086956521, "nll": 0.7099550332835277, "mse": 0.2529251505696128, "N": 920, "over_prob": 0.0, "under_prob": 0.09237875288683606, "over_counts": {"0": 433}, "under_counts": {"0": 393, "1": 35, "2": 3, "6": 1, "5": 1}, "avg_over_mag": 0.0, "avg_under_mag": 1.3, "avg_over": 0.0, "avg_under": 1.3}], [[0.65, 0.7000000000000001], {"acc": 0.6401354784081287, "nll": 0.6646705693063734, "mse": 0.23262670923474627, "N": 1181, "over_prob": 0.0, "under_prob": 0.13211009174311927, "over_counts": {"0": 545}, "under_counts": {"0": 473, "1": 62, "2": 8, "5": 1, "15": 1}, "avg_over_mag": 0.0, "avg_under_mag": 1.3611111111111112, "avg_over": 0.0, "avg_under": 1.3611111111111112}], [[0.7000000000000001, 0.75], {"acc": 0.7138339920948616, "nll": 0.6151992333863011, "mse": 0.208499183206157, "N": 1265, "over_prob": 0.0, "under_prob": 0.189873417721519, "over_counts": {"0": 553}, "under_counts": {"0": 448, "1": 87, "2": 12, "3": 3, "5": 1, "12": 1, "7": 1}, "avg_over_mag": 0.0, "avg_under_mag": 1.3714285714285714, "avg_over": 0.0, "avg_under": 1.3714285714285714}], [[0.75, 0.8], {"acc": 0.7654952076677316, "nll": 0.5717989972054789, "mse": 0.1866112129377765, "N": 1565, "over_prob": 0.0, "under_prob": 0.35820895522388063, "over_counts": {"0": 670}, "under_counts": {"0": 430, "1": 189, "2": 33, "3": 9, "4": 5, "6": 2, "15": 1, "14": 1}, "avg_over_mag": 0.0, "avg_under_mag": 1.4291666666666667, "avg_over": 0.0, "avg_under": 1.4291666666666667}], [[0.8, 0.8500000000000001], {"acc": 0.856388088376561, "nll": 0.4442301753498246, "mse": 0.13189516598929985, "N": 2082, "over_prob": 0.0, "under_prob": 0.541507024265645, "over_counts": {"0": 783}, "under_counts": {"0": 359, "1": 307, "2": 72, "3": 20, "4": 9, "5": 3, "10": 3, "9": 2, "8": 2, "11": 1, "22": 1, "17": 1, "6": 1, "20": 1, "7": 1}, "avg_over_mag": 0.0, "avg_under_mag": 1.6721698113207548, "avg_over": 0.0, "avg_under": 1.6721698113207548}], [[0.8500000000000001, 0.9], {"acc": 0.8719172633253779, "nll": 0.4088494458258894, "mse": 0.11766006825787499, "N": 2514, "over_prob": 0.4913678618857902, "under_prob": 0.0, "over_counts": {"0": 383, "1": 253, "2": 58, "3": 22, "4": 13, "5": 4, "6": 3, "20": 2, "7": 2, "11": 2, "33": 2, "23": 1, "32": 1, "36": 1, "24": 1, "57": 1, "40": 1, "9": 1, "60": 1, "72": 1}, "under_counts": {"0": 753}, "avg_over_mag": 2.7567567567567566, "avg_under_mag": 0.0, "avg_over": 2.7567567567567566, "avg_under": 0.0}], [[0.9, 0.9500000000000001], {"acc": 0.9432149097262668, "nll": 0.23883805124296595, "mse": 0.05804504864423106, "N": 3434, "over_prob": 0.2330210772833724, "under_prob": 0.0, "over_counts": {"0": 655, "1": 143, "2": 28, "3": 9, "4": 7, "5": 1, "33": 1, "26": 1, "18": 1, "10": 1, "15": 1, "24": 1, "16": 1, "7": 1, "11": 1, "17": 1, "6": 1}, "under_counts": {"0": 854}, "avg_over_mag": 2.221105527638191, "avg_under_mag": 0.0, "avg_over": 2.221105527638191, "avg_under": 0.0}], [[0.9500000000000001, 1.0], {"acc": 0.9730929264909848, "nll": 0.12727856800306264, "mse": 0.026623460627587674, "N": 3605, "over_prob": 0.03602305475504319, "under_prob": 0.0, "over_counts": {"0": 669, "1": 19, "2": 5, "3": 1}, "under_counts": {"0": 694}, "avg_over_mag": 1.28, "avg_under_mag": 0.0, "avg_over": 1.28, "avg_under": 0.0}]]}