{"acc": 0.7919375812743823, "auc": 0.8225174666186645, "nll": 0.4410179064050442, "mse": 0.1420590856976906}