{"acc": 0.8064721969006381, "auc": 0.8280885988049936, "nll": 0.4103939460760062, "mse": 0.1327643302664623}