{"acc": 0.7864440180469844, "auc": 0.8167209898872705, "nll": 0.4486438911525332, "mse": 0.14605969313041697}