{"auc": 0.6727990458223017, "over_prob": 0.10200411099691675, "under_prob": 0.10046248715313466, "over_counts": {"0": 3495, "1": 275, "2": 55, "3": 24, "4": 15, "5": 11, "6": 7, "8": 6, "7": 2, "10": 2}, "under_counts": {"0": 3501, "1": 266, "2": 68, "3": 22, "4": 14, "5": 10, "7": 5, "6": 4, "9": 1, "14": 1}, "avg_over_mag": 1.7531486146095718, "avg_under_mag": 1.6777493606138107, "avg_over": 1.7531486146095718, "avg_under": 1.6777493606138107, "acc": 0.6889285714285714, "nll": 0.5923507130943665, "mse": 0.20324537710604212, "metrics_by_prob": [[[0.0, 0.05], {"acc": 0.9777777777777777, "nll": 0.14987549918076906, "mse": 0.02815841977099465, "N": 45, "over_prob": 0.0, "under_prob": 0.0, "over_counts": {"0": 14}, "under_counts": {"0": 14}, "avg_over_mag": 0.0, "avg_under_mag": 0.0, "avg_over": 0.0, "avg_under": 0.0}], [[0.05, 0.1], {"acc": 0.9076923076923077, "nll": 0.3178932963396044, "mse": 0.08790105201446062, "N": 65, "over_prob": 0.0, "under_prob": 0.0, "over_counts": {"0": 41}, "under_counts": {"0": 41}, "avg_over_mag": 0.0, "avg_under_mag": 0.0, "avg_over": 0.0, "avg_under": 0.0}], [[0.1, 0.15000000000000002], {"acc": 0.8785714285714286, "nll": 0.4098167410327275, "mse": 0.11737077657742828, "N": 140, "over_prob": 0.0, "under_prob": 0.0, "over_counts": {"0": 105}, "under_counts": {"0": 105}, "avg_over_mag": 0.0, "avg_under_mag": 0.0, "avg_over": 0.0, "avg_under": 0.0}], [[0.15000000000000002, 0.2], {"acc": 0.8072916666666666, "nll": 0.5085633479758326, "mse": 0.16126089679825273, "N": 192, "over_prob": 0.0, "under_prob": 0.0, "over_counts": {"0": 157}, "under_counts": {"0": 157}, "avg_over_mag": 0.0, "avg_under_mag": 0.0, "avg_over": 0.0, "avg_under": 0.0}], [[0.2, 0.25], {"acc": 0.821917808219178, "nll": 0.47817764613919134, "mse": 0.15039431497393385, "N": 219, "over_prob": 0.0, "under_prob": 0.0, "over_counts": {"0": 197}, "under_counts": {"0": 197}, "avg_over_mag": 0.0, "avg_under_mag": 0.0, "avg_over": 0.0, "avg_under": 0.0}], [[0.25, 0.30000000000000004], {"acc": 0.7174721189591078, "nll": 0.5967176671385989, "mse": 0.20379674502456283, "N": 269, "over_prob": 0.0, "under_prob": 0.0, "over_counts": {"0": 237}, "under_counts": {"0": 237}, "avg_over_mag": 0.0, "avg_under_mag": 0.0, "avg_over": 0.0, "avg_under": 0.0}], [[0.30000000000000004, 0.35000000000000003], {"acc": 0.679144385026738, "nll": 0.6386650923812887, "mse": 0.2228678024678496, "N": 374, "over_prob": 0.0, "under_prob": 0.0, "over_counts": {"0": 295}, "under_counts": {"0": 295}, "avg_over_mag": 0.0, "avg_under_mag": 0.0, "avg_over": 0.0, "avg_under": 0.0}], [[0.35000000000000003, 0.4], {"acc": 0.6395939086294417, "nll": 0.6565624950242714, "mse": 0.23196076327101925, "N": 591, "over_prob": 0.0, "under_prob": 0.0, "over_counts": {"0": 340}, "under_counts": {"0": 340}, "avg_over_mag": 0.0, "avg_under_mag": 0.0, "avg_over": 0.0, "avg_under": 0.0}], [[0.4, 0.45], {"acc": 0.5428286852589641, "nll": 0.694192752085446, "mse": 0.2504125424173979, "N": 1004, "over_prob": 0.0, "under_prob": 0.0, "over_counts": {"0": 443}, "under_counts": {"0": 443}, "avg_over_mag": 0.0, "avg_under_mag": 0.0, "avg_over": 0.0, "avg_under": 0.0}], [[0.45, 0.5], {"acc": 0.4906960716747071, "nll": 0.7041794598197206, "mse": 0.25532531778827655, "N": 1451, "over_prob": 0.0, "under_prob": 0.0, "over_counts": {"0": 578}, "under_counts": {"0": 578}, "avg_over_mag": 0.0, "avg_under_mag": 0.0, "avg_over": 0.0, "avg_under": 0.0}], [[0.5, 0.55], {"acc": 0.5026153114598193, "nll": 0.7087801922641206, "mse": 0.25731979713685027, "N": 2103, "over_prob": 0.0, "under_prob": 0.0, "over_counts": {"0": 733}, "under_counts": {"0": 733}, "avg_over_mag": 0.0, "avg_under_mag": 0.0, "avg_over": 0.0, "avg_under": 0.0}], [[0.55, 0.6000000000000001], {"acc": 0.5632540503274733, "nll": 0.6907240731642642, "mse": 0.24852483274875495, "N": 2901, "over_prob": 0.0, "under_prob": 0.0011160714285713969, "over_counts": {"0": 896}, "under_counts": {"0": 895, "1": 1}, "avg_over_mag": 0.0, "avg_under_mag": 1.0, "avg_over": 0.0, "avg_under": 1.0}], [[0.6000000000000001, 0.65], {"acc": 0.6200974704107681, "nll": 0.670824753249583, "mse": 0.23858803091481465, "N": 4309, "over_prob": 0.0, "under_prob": 0.0, "over_counts": {"0": 1032}, "under_counts": {"0": 1032}, "avg_over_mag": 0.0, "avg_under_mag": 0.0, "avg_over": 0.0, "avg_under": 0.0}], [[0.65, 0.7000000000000001], {"acc": 0.6713387241689128, "nll": 0.6390494016633498, "mse": 0.2230665299791347, "N": 5565, "over_prob": 0.0, "under_prob": 0.004971002485501197, "over_counts": {"0": 1207}, "under_counts": {"0": 1201, "1": 5, "2": 1}, "avg_over_mag": 0.0, "avg_under_mag": 1.1666666666666667, "avg_over": 0.0, "avg_under": 1.1666666666666667}], [[0.7000000000000001, 0.75], {"acc": 0.7250760694469304, "nll": 0.5933470540621069, "mse": 0.20132318582264902, "N": 5587, "over_prob": 0.0, "under_prob": 0.021840873634945357, "over_counts": {"0": 1282}, "under_counts": {"0": 1254, "1": 24, "2": 2, "4": 1, "3": 1}, "avg_over_mag": 0.0, "avg_under_mag": 1.25, "avg_over": 0.0, "avg_under": 1.25}], [[0.75, 0.8], {"acc": 0.7850227790432802, "nll": 0.525158845295823, "mse": 0.17074253965504402, "N": 3512, "over_prob": 0.0, "under_prob": 0.0778301886792453, "over_counts": {"0": 1272}, "under_counts": {"0": 1173, "1": 73, "2": 18, "4": 4, "3": 2, "5": 2}, "avg_over_mag": 0.0, "avg_under_mag": 1.4242424242424243, "avg_over": 0.0, "avg_under": 1.4242424242424243}], [[0.8, 0.8500000000000001], {"acc": 0.8228782287822878, "nll": 0.4743529339203384, "mse": 0.14811068548892845, "N": 2168, "over_prob": 0.0, "under_prob": 0.2987512007684918, "over_counts": {"0": 1041}, "under_counts": {"0": 730, "1": 226, "2": 55, "3": 13, "4": 8, "6": 3, "7": 2, "5": 2, "9": 1, "14": 1}, "avg_over_mag": 0.0, "avg_under_mag": 1.517684887459807, "avg_over": 0.0, "avg_under": 1.517684887459807}], [[0.8500000000000001, 0.9], {"acc": 0.880685174246899, "nll": 0.37190442623692865, "mse": 0.10675790661317876, "N": 1693, "over_prob": 0.42273730684326716, "under_prob": 0.0, "over_counts": {"0": 523, "1": 272, "2": 54, "3": 24, "5": 13, "4": 12, "6": 3, "7": 2, "10": 2, "8": 1}, "under_counts": {"0": 906}, "avg_over_mag": 1.6318537859007833, "avg_under_mag": 0.0, "avg_over": 1.6318537859007833, "avg_under": 0.0}], [[0.9, 0.9500000000000001], {"acc": 0.9316770186335404, "nll": 0.26574842969443674, "mse": 0.06661665599382548, "N": 1127, "over_prob": 0.06858054226475274, "under_prob": 0.0, "over_counts": {"0": 584, "1": 31, "2": 5, "5": 3, "3": 2, "4": 2}, "under_counts": {"0": 627}, "avg_over_mag": 1.627906976744186, "avg_under_mag": 0.0, "avg_over": 1.627906976744186, "avg_under": 0.0}], [[0.9500000000000001, 1.0], {"acc": 0.9578947368421052, "nll": 0.18080766099898837, "mse": 0.040919458778287364, "N": 285, "over_prob": 0.004830917874396157, "under_prob": 0.0, "over_counts": {"0": 206, "1": 1}, "under_counts": {"0": 207}, "avg_over_mag": 1.0, "avg_under_mag": 0.0, "avg_over": 1.0, "avg_under": 0.0}]]}