{"over_prob": 0.23966535433070868, "under_prob": 0.30265748031496065, "over_counts": {"0": 1545, "1": 327, "2": 89, "3": 31, "4": 18, "5": 6, "7": 2, "23": 2, "20": 2, "17": 1, "6": 1, "12": 1, "57": 1, "21": 1, "63": 1, "10": 1, "27": 1, "28": 1, "11": 1}, "under_counts": {"0": 1417, "1": 361, "2": 109, "3": 48, "4": 39, "5": 16, "6": 12, "7": 4, "8": 3, "9": 3, "14": 2, "41": 2, "10": 2, "17": 2, "11": 1, "26": 1, "50": 1, "28": 1, "13": 1, "130": 1, "35": 1, "62": 1, "45": 1, "30": 1, "25": 1, "16": 1}, "avg_over_mag": 2.1601642710472277, "avg_under_mag": 2.83739837398374, "avg_over": 2.1601642710472277, "avg_under": 2.83739837398374, "acc": 0.7842556508183944, "auc": 0.7738713985635923, "nll": 0.4773423355570638, "mse": 0.1544361846073145, "metrics_by_prob": [[[0.0, 0.05], {"acc": 0.9583333333333334, "nll": 0.4268084827590271, "mse": 0.12541634872258942, "N": 24, "over_prob": 0.0, "under_prob": 0.0, "over_counts": {"0": 14}, "under_counts": {"0": 14}, "avg_over_mag": 0.0, "avg_under_mag": 0.0, "avg_over": 0.0, "avg_under": 0.0}], [[0.05, 0.1], {"acc": 0.8777777777777778, "nll": 0.5243122041044914, "mse": 0.1665423510943348, "N": 90, "over_prob": 0.0, "under_prob": 0.0, "over_counts": {"0": 36}, "under_counts": {"0": 36}, "avg_over_mag": 0.0, "avg_under_mag": 0.0, "avg_over": 0.0, "avg_under": 0.0}], [[0.1, 0.15000000000000002], {"acc": 0.8703703703703703, "nll": 0.5063538140101168, "mse": 0.16271385519930098, "N": 162, "over_prob": 0.0, "under_prob": 0.012987012987012991, "over_counts": {"0": 77}, "under_counts": {"0": 76, "1": 1}, "avg_over_mag": 0.0, "avg_under_mag": 1.0, "avg_over": 0.0, "avg_under": 1.0}], [[0.15000000000000002, 0.2], {"acc": 0.8121827411167513, "nll": 0.5536802158034811, "mse": 0.18368120545531086, "N": 197, "over_prob": 0.0, "under_prob": 0.011363636363636354, "over_counts": {"0": 88}, "under_counts": {"0": 87, "1": 1}, "avg_over_mag": 0.0, "avg_under_mag": 1.0, "avg_over": 0.0, "avg_under": 1.0}], [[0.2, 0.25], {"acc": 0.7296137339055794, "nll": 0.6237794323164092, "mse": 0.21499392504322445, "N": 233, "over_prob": 0.0, "under_prob": 0.010869565217391353, "over_counts": {"0": 92}, "under_counts": {"0": 91, "1": 1}, "avg_over_mag": 0.0, "avg_under_mag": 1.0, "avg_over": 0.0, "avg_under": 1.0}], [[0.25, 0.30000000000000004], {"acc": 0.6486486486486487, "nll": 0.6535422007376275, "mse": 0.23101018565420697, "N": 259, "over_prob": 0.0, "under_prob": 0.0, "over_counts": {"0": 121}, "under_counts": {"0": 121}, "avg_over_mag": 0.0, "avg_under_mag": 0.0, "avg_over": 0.0, "avg_under": 0.0}], [[0.30000000000000004, 0.35000000000000003], {"acc": 0.5230769230769231, "nll": 0.7506739969190231, "mse": 0.274933623183724, "N": 325, "over_prob": 0.0, "under_prob": 0.013698630136986356, "over_counts": {"0": 146}, "under_counts": {"0": 144, "1": 2}, "avg_over_mag": 0.0, "avg_under_mag": 1.0, "avg_over": 0.0, "avg_under": 1.0}], [[0.35000000000000003, 0.4], {"acc": 0.5295508274231678, "nll": 0.7397984113105213, "mse": 0.26892653363420593, "N": 423, "over_prob": 0.0, "under_prob": 0.030000000000000027, "over_counts": {"0": 200}, "under_counts": {"0": 194, "1": 5, "2": 1}, "avg_over_mag": 0.0, "avg_under_mag": 1.1666666666666667, "avg_over": 0.0, "avg_under": 1.1666666666666667}], [[0.4, 0.45], {"acc": 0.5134099616858238, "nll": 0.7314160636079021, "mse": 0.2653958070722798, "N": 522, "over_prob": 0.0, "under_prob": 0.019157088122605415, "over_counts": {"0": 261}, "under_counts": {"0": 256, "1": 5}, "avg_over_mag": 0.0, "avg_under_mag": 1.0, "avg_over": 0.0, "avg_under": 1.0}], [[0.45, 0.5], {"acc": 0.4972875226039783, "nll": 0.7353469466290024, "mse": 0.26907853919323127, "N": 553, "over_prob": 0.0, "under_prob": 0.017985611510791366, "over_counts": {"0": 278}, "under_counts": {"0": 273, "1": 5}, "avg_over_mag": 0.0, "avg_under_mag": 1.0, "avg_over": 0.0, "avg_under": 1.0}], [[0.5, 0.55], {"acc": 0.5213793103448275, "nll": 0.7545943101249908, "mse": 0.2752541228839855, "N": 725, "over_prob": 0.0, "under_prob": 0.035911602209944715, "over_counts": {"0": 362}, "under_counts": {"0": 349, "1": 12, "2": 1}, "avg_over_mag": 0.0, "avg_under_mag": 1.0769230769230769, "avg_over": 0.0, "avg_under": 1.0769230769230769}], [[0.55, 0.6000000000000001], {"acc": 0.5603015075376885, "nll": 0.7373443491095623, "mse": 0.2646273407256086, "N": 796, "over_prob": 0.0, "under_prob": 0.05205479452054795, "over_counts": {"0": 365}, "under_counts": {"0": 346, "1": 17, "2": 1, "3": 1}, "avg_over_mag": 0.0, "avg_under_mag": 1.1578947368421053, "avg_over": 0.0, "avg_under": 1.1578947368421053}], [[0.6000000000000001, 0.65], {"acc": 0.6026344676180022, "nll": 0.7050448014176471, "mse": 0.2502914736114467, "N": 911, "over_prob": 0.0, "under_prob": 0.11165048543689315, "over_counts": {"0": 412}, "under_counts": {"0": 366, "1": 39, "2": 5, "6": 1, "7": 1}, "avg_over_mag": 0.0, "avg_under_mag": 1.3478260869565217, "avg_over": 0.0, "avg_under": 1.3478260869565217}], [[0.65, 0.7000000000000001], {"acc": 0.6912156166814551, "nll": 0.6556429326041495, "mse": 0.22489934537205125, "N": 1127, "over_prob": 0.0, "under_prob": 0.18962075848303395, "over_counts": {"0": 501}, "under_counts": {"0": 406, "1": 79, "2": 12, "5": 1, "3": 1, "16": 1, "7": 1}, "avg_over_mag": 0.0, "avg_under_mag": 1.4105263157894736, "avg_over": 0.0, "avg_under": 1.4105263157894736}], [[0.7000000000000001, 0.75], {"acc": 0.7527047913446677, "nll": 0.5825810676784617, "mse": 0.19270066066014332, "N": 1294, "over_prob": 0.0, "under_prob": 0.2427007299270073, "over_counts": {"0": 548}, "under_counts": {"0": 415, "1": 109, "2": 13, "3": 5, "6": 2, "23": 1, "4": 1, "7": 1, "5": 1}, "avg_over_mag": 0.0, "avg_under_mag": 1.5112781954887218, "avg_over": 0.0, "avg_under": 1.5112781954887218}], [[0.75, 0.8], {"acc": 0.7573385518590998, "nll": 0.5980794887881432, "mse": 0.19388168264757052, "N": 1533, "over_prob": 0.0, "under_prob": 0.37947882736156346, "over_counts": {"0": 614}, "under_counts": {"0": 381, "1": 171, "2": 33, "3": 12, "6": 4, "5": 3, "4": 2, "16": 1, "40": 1, "15": 1, "17": 1, "20": 1, "7": 1, "10": 1, "14": 1}, "avg_over_mag": 0.0, "avg_under_mag": 1.9699570815450644, "avg_over": 0.0, "avg_under": 1.9699570815450644}], [[0.8, 0.8500000000000001], {"acc": 0.8277689454160042, "nll": 0.4830409664032947, "mse": 0.14791134242314677, "N": 1887, "over_prob": 0.0, "under_prob": 0.5163043478260869, "over_counts": {"0": 736}, "under_counts": {"0": 356, "1": 264, "2": 65, "3": 20, "4": 10, "8": 3, "10": 2, "5": 2, "23": 2, "21": 2, "6": 1, "18": 1, "29": 1, "16": 1, "26": 1, "14": 1, "40": 1, "13": 1, "9": 1, "24": 1}, "avg_over_mag": 0.0, "avg_under_mag": 2.1868421052631577, "avg_over": 0.0, "avg_under": 2.1868421052631577}], [[0.8500000000000001, 0.9], {"acc": 0.8705882352941177, "nll": 0.39953181976422264, "mse": 0.11548203471468955, "N": 2380, "over_prob": 0.49405548216644646, "under_prob": 0.0, "over_counts": {"0": 383, "1": 273, "2": 63, "3": 18, "4": 4, "5": 3, "14": 2, "19": 2, "23": 2, "11": 1, "37": 1, "18": 1, "40": 1, "7": 1, "9": 1, "16": 1}, "under_counts": {"0": 757}, "avg_over_mag": 1.9625668449197862, "avg_under_mag": 0.0, "avg_over": 1.9625668449197862, "avg_under": 0.0}], [[0.9, 0.9500000000000001], {"acc": 0.9221215172876804, "nll": 0.28852073305081466, "mse": 0.07427028671305762, "N": 2979, "over_prob": 0.2191616766467066, "under_prob": 0.0, "over_counts": {"0": 652, "1": 139, "2": 30, "3": 6, "4": 4, "6": 1, "17": 1, "21": 1, "5": 1}, "under_counts": {"0": 835}, "avg_over_mag": 1.540983606557377, "avg_under_mag": 0.0, "avg_over": 1.540983606557377, "avg_under": 0.0}], [[0.9500000000000001, 1.0], {"acc": 0.9723893805309735, "nll": 0.13102447147171742, "mse": 0.02752106483132128, "N": 2825, "over_prob": 0.050151975683890626, "under_prob": 0.0, "over_counts": {"0": 625, "1": 31, "3": 1, "2": 1}, "under_counts": {"0": 658}, "avg_over_mag": 1.0909090909090908, "avg_under_mag": 0.0, "avg_over": 1.0909090909090908, "avg_under": 0.0}]]}