{"auc": 0.6680287653445738, "over_prob": 0.14696813977389522, "under_prob": 0.10277492291880785, "over_counts": {"0": 3320, "1": 362, "2": 101, "3": 41, "4": 19, "5": 12, "6": 11, "7": 6, "10": 6, "9": 5, "8": 4, "13": 1, "11": 1, "14": 1, "16": 1, "12": 1}, "under_counts": {"0": 3492, "1": 285, "2": 56, "3": 28, "4": 12, "5": 6, "7": 3, "6": 3, "10": 2, "11": 1, "8": 1, "9": 1, "15": 1, "13": 1}, "avg_over_mag": 1.9825174825174825, "avg_under_mag": 1.685, "avg_over": 1.9825174825174825, "avg_under": 1.685, "acc": 0.6878273809523809, "nll": 0.5952591981794856, "mse": 0.20432615084880276, "metrics_by_prob": [[[0.0, 0.05], {"acc": 0.9777777777777777, "nll": 0.1618998873142683, "mse": 0.02940789385844077, "N": 45, "over_prob": 0.0, "under_prob": 0.0, "over_counts": {"0": 14}, "under_counts": {"0": 14}, "avg_over_mag": 0.0, "avg_under_mag": 0.0, "avg_over": 0.0, "avg_under": 0.0}], [[0.05, 0.1], {"acc": 0.9076923076923077, "nll": 0.33258743499223836, "mse": 0.09027951437337005, "N": 65, "over_prob": 0.0, "under_prob": 0.0, "over_counts": {"0": 41}, "under_counts": {"0": 41}, "avg_over_mag": 0.0, "avg_under_mag": 0.0, "avg_over": 0.0, "avg_under": 0.0}], [[0.1, 0.15000000000000002], {"acc": 0.8785714285714286, "nll": 0.40750696172677925, "mse": 0.11825106980676553, "N": 140, "over_prob": 0.0, "under_prob": 0.0, "over_counts": {"0": 105}, "under_counts": {"0": 105}, "avg_over_mag": 0.0, "avg_under_mag": 0.0, "avg_over": 0.0, "avg_under": 0.0}], [[0.15000000000000002, 0.2], {"acc": 0.8072916666666666, "nll": 0.4799216146301773, "mse": 0.15225989801910797, "N": 192, "over_prob": 0.0, "under_prob": 0.0, "over_counts": {"0": 157}, "under_counts": {"0": 157}, "avg_over_mag": 0.0, "avg_under_mag": 0.0, "avg_over": 0.0, "avg_under": 0.0}], [[0.2, 0.25], {"acc": 0.8264840182648402, "nll": 0.4895651892986911, "mse": 0.15507877022661484, "N": 219, "over_prob": 0.0, "under_prob": 0.0, "over_counts": {"0": 197}, "under_counts": {"0": 197}, "avg_over_mag": 0.0, "avg_under_mag": 0.0, "avg_over": 0.0, "avg_under": 0.0}], [[0.25, 0.30000000000000004], {"acc": 0.7137546468401487, "nll": 0.5921039639506579, "mse": 0.20203665701318269, "N": 269, "over_prob": 0.0, "under_prob": 0.0, "over_counts": {"0": 237}, "under_counts": {"0": 237}, "avg_over_mag": 0.0, "avg_under_mag": 0.0, "avg_over": 0.0, "avg_under": 0.0}], [[0.30000000000000004, 0.35000000000000003], {"acc": 0.6764705882352942, "nll": 0.6439960122464609, "mse": 0.22525774853639496, "N": 374, "over_prob": 0.0, "under_prob": 0.0, "over_counts": {"0": 295}, "under_counts": {"0": 295}, "avg_over_mag": 0.0, "avg_under_mag": 0.0, "avg_over": 0.0, "avg_under": 0.0}], [[0.35000000000000003, 0.4], {"acc": 0.6142131979695431, "nll": 0.6637654478740804, "mse": 0.2355422575638071, "N": 591, "over_prob": 0.0, "under_prob": 0.0, "over_counts": {"0": 340}, "under_counts": {"0": 340}, "avg_over_mag": 0.0, "avg_under_mag": 0.0, "avg_over": 0.0, "avg_under": 0.0}], [[0.4, 0.45], {"acc": 0.5378486055776892, "nll": 0.690126888053838, "mse": 0.24822656798362147, "N": 1004, "over_prob": 0.0, "under_prob": 0.0022573363431150906, "over_counts": {"0": 443}, "under_counts": {"0": 442, "2": 1}, "avg_over_mag": 0.0, "avg_under_mag": 2.0, "avg_over": 0.0, "avg_under": 2.0}], [[0.45, 0.5], {"acc": 0.5099931082012406, "nll": 0.7015275138421163, "mse": 0.2539929351989923, "N": 1451, "over_prob": 0.0, "under_prob": 0.0, "over_counts": {"0": 578}, "under_counts": {"0": 578}, "avg_over_mag": 0.0, "avg_under_mag": 0.0, "avg_over": 0.0, "avg_under": 0.0}], [[0.5, 0.55], {"acc": 0.5083214455539705, "nll": 0.7054326211777048, "mse": 0.25569360353840553, "N": 2103, "over_prob": 0.0, "under_prob": 0.0027285129604365244, "over_counts": {"0": 733}, "under_counts": {"0": 731, "3": 1, "1": 1}, "avg_over_mag": 0.0, "avg_under_mag": 2.0, "avg_over": 0.0, "avg_under": 2.0}], [[0.55, 0.6000000000000001], {"acc": 0.5604963805584281, "nll": 0.6913765133756363, "mse": 0.2487542757223042, "N": 2901, "over_prob": 0.0, "under_prob": 0.004464285714285698, "over_counts": {"0": 896}, "under_counts": {"0": 892, "2": 2, "1": 1, "7": 1}, "avg_over_mag": 0.0, "avg_under_mag": 3.0, "avg_over": 0.0, "avg_under": 3.0}], [[0.6000000000000001, 0.65], {"acc": 0.6147598050591785, "nll": 0.6718690324802519, "mse": 0.23888777135013411, "N": 4309, "over_prob": 0.0, "under_prob": 0.009689922480620172, "over_counts": {"0": 1032}, "under_counts": {"0": 1022, "1": 6, "4": 2, "3": 1, "5": 1}, "avg_over_mag": 0.0, "avg_under_mag": 2.2, "avg_over": 0.0, "avg_under": 2.2}], [[0.65, 0.7000000000000001], {"acc": 0.6691823899371069, "nll": 0.6401734370055158, "mse": 0.22362461557656121, "N": 5565, "over_prob": 0.0, "under_prob": 0.0157415078707539, "over_counts": {"0": 1207}, "under_counts": {"0": 1188, "1": 12, "2": 5, "4": 1, "3": 1}, "avg_over_mag": 0.0, "avg_under_mag": 1.5263157894736843, "avg_over": 0.0, "avg_under": 1.5263157894736843}], [[0.7000000000000001, 0.75], {"acc": 0.7243601217111151, "nll": 0.5965537174830818, "mse": 0.2028153255078572, "N": 5587, "over_prob": 0.0, "under_prob": 0.043681747269890825, "over_counts": {"0": 1282}, "under_counts": {"0": 1226, "1": 37, "2": 6, "4": 3, "3": 3, "6": 3, "5": 2, "7": 1, "9": 1}, "avg_over_mag": 0.0, "avg_under_mag": 2.0357142857142856, "avg_over": 0.0, "avg_under": 2.0357142857142856}], [[0.75, 0.8], {"acc": 0.782744874715262, "nll": 0.5367069422691922, "mse": 0.1753366432371438, "N": 3512, "over_prob": 0.0, "under_prob": 0.07861635220125784, "over_counts": {"0": 1272}, "under_counts": {"0": 1172, "1": 77, "2": 12, "3": 4, "4": 3, "5": 2, "10": 1, "6": 1}, "avg_over_mag": 0.0, "avg_under_mag": 1.51, "avg_over": 0.0, "avg_under": 1.51}], [[0.8, 0.8500000000000001], {"acc": 0.8224169741697417, "nll": 0.4833430707243608, "mse": 0.1514102749005575, "N": 2168, "over_prob": 0.0, "under_prob": 0.22862632084534107, "over_counts": {"0": 1041}, "under_counts": {"0": 803, "1": 186, "2": 40, "3": 4, "5": 2, "7": 2, "11": 1, "8": 1, "4": 1, "15": 1}, "avg_over_mag": 0.0, "avg_under_mag": 1.4285714285714286, "avg_over": 0.0, "avg_under": 1.4285714285714286}], [[0.8500000000000001, 0.9], {"acc": 0.880685174246899, "nll": 0.37865119266385583, "mse": 0.10882433207859951, "N": 1693, "over_prob": 0.5816777041942605, "under_prob": 0.0, "over_counts": {"0": 379, "1": 336, "2": 104, "3": 35, "5": 14, "4": 12, "9": 6, "6": 6, "10": 6, "7": 3, "11": 2, "8": 1, "13": 1, "14": 1}, "under_counts": {"0": 906}, "avg_over_mag": 1.8880455407969639, "avg_under_mag": 0.0, "avg_over": 1.8880455407969639, "avg_under": 0.0}], [[0.9, 0.9500000000000001], {"acc": 0.9316770186335404, "nll": 0.272016022518678, "mse": 0.06785389772416679, "N": 1127, "over_prob": 0.1515151515151515, "under_prob": 0.0, "over_counts": {"0": 532, "1": 71, "2": 14, "5": 4, "3": 4, "4": 2}, "under_counts": {"0": 627}, "avg_over_mag": 1.4631578947368422, "avg_under_mag": 0.0, "avg_over": 1.4631578947368422, "avg_under": 0.0}], [[0.9500000000000001, 1.0], {"acc": 0.9578947368421052, "nll": 0.18228560176731537, "mse": 0.04131496743208283, "N": 285, "over_prob": 0.0, "under_prob": 0.0, "over_counts": {"0": 207}, "under_counts": {"0": 207}, "avg_over_mag": 0.0, "avg_under_mag": 0.0, "avg_over": 0.0, "avg_under": 0.0}]]}