{"acc": 0.7951675759937646, "auc": 0.8187295235171326, "nll": 0.44154565686611985, "mse": 0.14170577313495325}