{"over_prob": 0.2302158273381295, "under_prob": 0.41392600205549845, "over_counts": {"0": 2996, "1": 543, "2": 208, "3": 60, "4": 23, "5": 23, "6": 13, "7": 6, "9": 6, "8": 5, "10": 5, "19": 1, "13": 1, "11": 1, "12": 1}, "under_counts": {"0": 2281, "1": 693, "2": 359, "3": 203, "4": 104, "5": 66, "6": 51, "7": 39, "9": 25, "8": 24, "10": 15, "11": 9, "14": 5, "13": 5, "12": 3, "15": 2, "18": 1, "17": 1, "22": 1, "36": 1, "21": 1, "19": 1, "16": 1, "26": 1}, "avg_over_mag": 1.8582589285714286, "avg_under_mag": 2.723153320918684, "avg_over": 1.8582589285714286, "avg_under": 2.723153320918684, "acc": 0.6016071428571429, "auc": 0.5657722621251933, "nll": 0.771535443139333, "mse": 0.2552452794435122, "metrics_by_prob": [[[0.0, 0.05], {"acc": 0.6222222222222222, "nll": 0.6778993330657442, "mse": 0.23800227378907535, "N": 45, "over_prob": 0.0, "under_prob": 0.1428571428571429, "over_counts": {"0": 14}, "under_counts": {"0": 12, "1": 1, "2": 1}, "avg_over_mag": 0.0, "avg_under_mag": 1.5, "avg_over": 0.0, "avg_under": 1.5}], [[0.05, 0.1], {"acc": 0.5230769230769231, "nll": 0.8180914182419815, "mse": 0.27526611042755356, "N": 65, "over_prob": 0.0, "under_prob": 0.14634146341463417, "over_counts": {"0": 41}, "under_counts": {"0": 35, "1": 6}, "avg_over_mag": 0.0, "avg_under_mag": 1.0, "avg_over": 0.0, "avg_under": 1.0}], [[0.1, 0.15000000000000002], {"acc": 0.4785714285714286, "nll": 0.9307265368564696, "mse": 0.31214454201111713, "N": 140, "over_prob": 0.0, "under_prob": 0.20952380952380956, "over_counts": {"0": 105}, "under_counts": {"0": 83, "1": 22}, "avg_over_mag": 0.0, "avg_under_mag": 1.0, "avg_over": 0.0, "avg_under": 1.0}], [[0.15000000000000002, 0.2], {"acc": 0.4479166666666667, "nll": 1.0895923663422995, "mse": 0.37071834855187324, "N": 192, "over_prob": 0.0, "under_prob": 0.2292993630573248, "over_counts": {"0": 157}, "under_counts": {"0": 121, "1": 33, "2": 3}, "avg_over_mag": 0.0, "avg_under_mag": 1.0833333333333333, "avg_over": 0.0, "avg_under": 1.0833333333333333}], [[0.2, 0.25], {"acc": 0.4885844748858447, "nll": 1.202705033297281, "mse": 0.3731439780160518, "N": 219, "over_prob": 0.0, "under_prob": 0.30964467005076146, "over_counts": {"0": 197}, "under_counts": {"0": 136, "1": 61}, "avg_over_mag": 0.0, "avg_under_mag": 1.0, "avg_over": 0.0, "avg_under": 1.0}], [[0.25, 0.30000000000000004], {"acc": 0.5241635687732342, "nll": 0.9956054038716006, "mse": 0.32565225031829675, "N": 269, "over_prob": 0.0, "under_prob": 0.2067510548523207, "over_counts": {"0": 237}, "under_counts": {"0": 188, "1": 49}, "avg_over_mag": 0.0, "avg_under_mag": 1.0, "avg_over": 0.0, "avg_under": 1.0}], [[0.30000000000000004, 0.35000000000000003], {"acc": 0.48128342245989303, "nll": 1.0964189115127074, "mse": 0.3543183058395984, "N": 374, "over_prob": 0.0, "under_prob": 0.19661016949152543, "over_counts": {"0": 295}, "under_counts": {"0": 237, "1": 56, "2": 2}, "avg_over_mag": 0.0, "avg_under_mag": 1.0344827586206897, "avg_over": 0.0, "avg_under": 1.0344827586206897}], [[0.35000000000000003, 0.4], {"acc": 0.5228426395939086, "nll": 0.9955050620107183, "mse": 0.31827188442002535, "N": 591, "over_prob": 0.0, "under_prob": 0.27647058823529413, "over_counts": {"0": 340}, "under_counts": {"0": 246, "1": 91, "2": 2, "3": 1}, "avg_over_mag": 0.0, "avg_under_mag": 1.0425531914893618, "avg_over": 0.0, "avg_under": 1.0425531914893618}], [[0.4, 0.45], {"acc": 0.5298804780876494, "nll": 0.9278348604195193, "mse": 0.30463322198165094, "N": 1004, "over_prob": 0.0, "under_prob": 0.24830699774266363, "over_counts": {"0": 443}, "under_counts": {"0": 333, "1": 104, "2": 3, "4": 2, "3": 1}, "avg_over_mag": 0.0, "avg_under_mag": 1.1, "avg_over": 0.0, "avg_under": 1.1}], [[0.45, 0.5], {"acc": 0.5141281874569262, "nll": 0.9248451739697764, "mse": 0.3036333832355571, "N": 1451, "over_prob": 0.0, "under_prob": 0.25605536332179935, "over_counts": {"0": 578}, "under_counts": {"0": 430, "1": 134, "2": 10, "3": 4}, "avg_over_mag": 0.0, "avg_under_mag": 1.1216216216216217, "avg_over": 0.0, "avg_under": 1.1216216216216217}], [[0.5, 0.55], {"acc": 0.4988112220637185, "nll": 0.895956857004221, "mse": 0.30010603846539663, "N": 2103, "over_prob": 0.0, "under_prob": 0.29467939972714874, "over_counts": {"0": 733}, "under_counts": {"0": 517, "1": 198, "2": 7, "3": 6, "4": 3, "5": 2}, "avg_over_mag": 0.0, "avg_under_mag": 1.1666666666666667, "avg_over": 0.0, "avg_under": 1.1666666666666667}], [[0.55, 0.6000000000000001], {"acc": 0.49982764563943466, "nll": 0.8547830128218006, "mse": 0.29150371449269596, "N": 2901, "over_prob": 0.0, "under_prob": 0.2868303571428571, "over_counts": {"0": 896}, "under_counts": {"0": 639, "1": 220, "2": 24, "3": 9, "4": 3, "5": 1}, "avg_over_mag": 0.0, "avg_under_mag": 1.2140077821011672, "avg_over": 0.0, "avg_under": 1.2140077821011672}], [[0.6000000000000001, 0.65], {"acc": 0.5298213042469251, "nll": 0.8101925448366523, "mse": 0.2780746504201126, "N": 4309, "over_prob": 0.0, "under_prob": 0.29844961240310075, "over_counts": {"0": 1032}, "under_counts": {"0": 724, "1": 259, "2": 22, "3": 14, "4": 9, "5": 4}, "avg_over_mag": 0.0, "avg_under_mag": 1.301948051948052, "avg_over": 0.0, "avg_under": 1.301948051948052}], [[0.65, 0.7000000000000001], {"acc": 0.565318957771788, "nll": 0.7600980488005775, "mse": 0.2619260543138046, "N": 5565, "over_prob": 0.0, "under_prob": 0.3612261806130903, "over_counts": {"0": 1207}, "under_counts": {"0": 771, "1": 353, "2": 48, "3": 18, "4": 10, "5": 5, "6": 2}, "avg_over_mag": 0.0, "avg_under_mag": 1.3302752293577982, "avg_over": 0.0, "avg_under": 1.3302752293577982}], [[0.7000000000000001, 0.75], {"acc": 0.6400572758188652, "nll": 0.7213733678014564, "mse": 0.24046418432299063, "N": 5587, "over_prob": 0.0, "under_prob": 0.36427457098283933, "over_counts": {"0": 1282}, "under_counts": {"0": 815, "1": 342, "2": 60, "3": 30, "4": 21, "5": 6, "9": 2, "7": 2, "6": 1, "11": 1, "8": 1, "10": 1}, "avg_over_mag": 0.0, "avg_under_mag": 1.569593147751606, "avg_over": 0.0, "avg_under": 1.569593147751606}], [[0.75, 0.8], {"acc": 0.6847949886104784, "nll": 0.6987602956455967, "mse": 0.22546821452515453, "N": 3512, "over_prob": 0.0, "under_prob": 0.42138364779874216, "over_counts": {"0": 1272}, "under_counts": {"0": 736, "1": 410, "2": 69, "3": 30, "4": 11, "5": 9, "6": 2, "17": 2, "13": 1, "7": 1, "32": 1}, "avg_over_mag": 0.0, "avg_under_mag": 1.539179104477612, "avg_over": 0.0, "avg_under": 1.539179104477612}], [[0.8, 0.8500000000000001], {"acc": 0.7117158671586716, "nll": 0.7015184130467268, "mse": 0.2161192738314649, "N": 2168, "over_prob": 0.0, "under_prob": 0.44188280499519694, "over_counts": {"0": 1041}, "under_counts": {"0": 581, "1": 347, "2": 70, "3": 20, "4": 14, "5": 5, "6": 3, "13": 1}, "avg_over_mag": 0.0, "avg_under_mag": 1.432608695652174, "avg_over": 0.0, "avg_under": 1.432608695652174}], [[0.8500000000000001, 0.9], {"acc": 0.7914943886591849, "nll": 0.5722828457102002, "mse": 0.16441668471309448, "N": 1693, "over_prob": 0.6777041942604857, "under_prob": 0.0, "over_counts": {"1": 428, "0": 292, "2": 99, "3": 34, "5": 20, "4": 14, "6": 5, "9": 4, "8": 4, "7": 3, "10": 3}, "under_counts": {"0": 906}, "avg_over_mag": 1.6824104234527688, "avg_under_mag": 0.0, "avg_over": 1.6824104234527688, "avg_under": 0.0}], [[0.9, 0.9500000000000001], {"acc": 0.8376220053238687, "nll": 0.47892809754896337, "mse": 0.13614661989673144, "N": 1127, "over_prob": 0.5885167464114833, "under_prob": 0.0, "over_counts": {"1": 279, "0": 258, "2": 58, "3": 14, "4": 9, "10": 4, "9": 2, "8": 1, "5": 1, "13": 1}, "under_counts": {"0": 627}, "avg_over_mag": 1.5094850948509486, "avg_under_mag": 0.0, "avg_over": 1.5094850948509486, "avg_under": 0.0}], [[0.9500000000000001, 1.0], {"acc": 0.8701754385964913, "nll": 0.34536506966521746, "mse": 0.09869419007516117, "N": 285, "over_prob": 0.3429951690821256, "under_prob": 0.0, "over_counts": {"0": 136, "1": 67, "2": 4}, "under_counts": {"0": 207}, "avg_over_mag": 1.056338028169014, "avg_under_mag": 0.0, "avg_over": 1.056338028169014,