{"auc": 0.8051916134638542, "over_prob": 0.21961852861035425, "under_prob": 0.16784741144414173, "over_counts": {"0": 1432, "1": 239, "2": 87, "3": 31, "4": 20, "5": 9, "7": 4, "6": 3, "43": 2, "18": 1, "11": 1, "20": 1, "8": 1, "40": 1, "31": 1, "29": 1, "15": 1}, "under_counts": {"0": 1527, "1": 194, "2": 51, "3": 31, "5": 7, "4": 6, "6": 5, "7": 3, "10": 2, "21": 1, "8": 1, "32": 1, "76": 1, "19": 1, "9": 1, "29": 1, "26": 1, "27": 1}, "avg_over_mag": 2.3200992555831266, "avg_under_mag": 2.487012987012987, "avg_over": 2.3200992555831266, "avg_under": 2.487012987012987, "acc": 0.7995318595578673, "nll": 0.4415747098754334, "mse": 0.14218542538743734, "metrics_by_prob": [[[0.0, 0.05], {"acc": 0.9215686274509803, "nll": 0.28499125662585106, "mse": 0.08014647310660043, "N": 51, "over_prob": 0.0, "under_prob": 0.0, "over_counts": {"0": 18}, "under_counts": {"0": 18}, "avg_over_mag": 0.0, "avg_under_mag": 0.0, "avg_over": 0.0, "avg_under": 0.0}], [[0.05, 0.1], {"acc": 0.8425925925925926, "nll": 0.42965084385929336, "mse": 0.12907156108752135, "N": 108, "over_prob": 0.0, "under_prob": 0.0, "over_counts": {"0": 47}, "under_counts": {"0": 47}, "avg_over_mag": 0.0, "avg_under_mag": 0.0, "avg_over": 0.0, "avg_under": 0.0}], [[0.1, 0.15000000000000002], {"acc": 0.856353591160221, "nll": 0.4162386689492714, "mse": 0.12310793558424625, "N": 181, "over_prob": 0.0, "under_prob": 0.0, "over_counts": {"0": 82}, "under_counts": {"0": 82}, "avg_over_mag": 0.0, "avg_under_mag": 0.0, "avg_over": 0.0, "avg_under": 0.0}], [[0.15000000000000002, 0.2], {"acc": 0.8215962441314554, "nll": 0.45304100177836176, "mse": 0.14213250862694077, "N": 213, "over_prob": 0.0, "under_prob": 0.0, "over_counts": {"0": 95}, "under_counts": {"0": 95}, "avg_over_mag": 0.0, "avg_under_mag": 0.0, "avg_over": 0.0, "avg_under": 0.0}], [[0.2, 0.25], {"acc": 0.76953125, "nll": 0.5427586817287615, "mse": 0.17933440497550304, "N": 256, "over_prob": 0.0, "under_prob": 0.016260162601625994, "over_counts": {"0": 123}, "under_counts": {"0": 121, "1": 2}, "avg_over_mag": 0.0, "avg_under_mag": 1.0, "avg_over": 0.0, "avg_under": 1.0}], [[0.25, 0.30000000000000004], {"acc": 0.6877192982456141, "nll": 0.625137074796257, "mse": 0.2166945803159803, "N": 285, "over_prob": 0.0, "under_prob": 0.0, "over_counts": {"0": 142}, "under_counts": {"0": 142}, "avg_over_mag": 0.0, "avg_under_mag": 0.0, "avg_over": 0.0, "avg_under": 0.0}], [[0.30000000000000004, 0.35000000000000003], {"acc": 0.6325301204819277, "nll": 0.6844109611169827, "mse": 0.23936592711732793, "N": 332, "over_prob": 0.0, "under_prob": 0.02857142857142858, "over_counts": {"0": 140}, "under_counts": {"0": 136, "1": 4}, "avg_over_mag": 0.0, "avg_under_mag": 1.0, "avg_over": 0.0, "avg_under": 1.0}], [[0.35000000000000003, 0.4], {"acc": 0.6216931216931217, "nll": 0.6886423996202874, "mse": 0.24532602254114694, "N": 378, "over_prob": 0.0, "under_prob": 0.005076142131979711, "over_counts": {"0": 197}, "under_counts": {"0": 196, "1": 1}, "avg_over_mag": 0.0, "avg_under_mag": 1.0, "avg_over": 0.0, "avg_under": 1.0}], [[0.4, 0.45], {"acc": 0.549800796812749, "nll": 0.7090382555310871, "mse": 0.2558306722514736, "N": 502, "over_prob": 0.0, "under_prob": 0.004081632653061273, "over_counts": {"0": 245}, "under_counts": {"0": 244, "1": 1}, "avg_over_mag": 0.0, "avg_under_mag": 1.0, "avg_over": 0.0, "avg_under": 1.0}], [[0.45, 0.5], {"acc": 0.4877126654064272, "nll": 0.729526795279879, "mse": 0.26558525237496083, "N": 529, "over_prob": 0.0, "under_prob": 0.017241379310344862, "over_counts": {"0": 290}, "under_counts": {"0": 285, "1": 5}, "avg_over_mag": 0.0, "avg_under_mag": 1.0, "avg_over": 0.0, "avg_under": 1.0}], [[0.5, 0.55], {"acc": 0.5164992826398852, "nll": 0.7132301383950366, "mse": 0.2587951353287081, "N": 697, "over_prob": 0.0, "under_prob": 0.014204545454545414, "over_counts": {"0": 352}, "under_counts": {"0": 347, "1": 5}, "avg_over_mag": 0.0, "avg_under_mag": 1.0, "avg_over": 0.0, "avg_under": 1.0}], [[0.55, 0.6000000000000001], {"acc": 0.5605670103092784, "nll": 0.6924768798724319, "mse": 0.248955634529407, "N": 776, "over_prob": 0.0, "under_prob": 0.022222222222222254, "over_counts": {"0": 360}, "under_counts": {"0": 352, "1": 7, "3": 1}, "avg_over_mag": 0.0, "avg_under_mag": 1.25, "avg_over": 0.0, "avg_under": 1.25}], [[0.6000000000000001, 0.65], {"acc": 0.6315165876777251, "nll": 0.6700478561292433, "mse": 0.23765806118107036, "N": 844, "over_prob": 0.0, "under_prob": 0.018817204301075252, "over_counts": {"0": 372}, "under_counts": {"0": 365, "1": 6, "3": 1}, "avg_over_mag": 0.0, "avg_under_mag": 1.2857142857142858, "avg_over": 0.0, "avg_under": 1.2857142857142858}], [[0.65, 0.7000000000000001], {"acc": 0.7175141242937854, "nll": 0.6130380461449993, "mse": 0.20934741496931564, "N": 1062, "over_prob": 0.0, "under_prob": 0.06021505376344083, "over_counts": {"0": 465}, "under_counts": {"0": 437, "1": 26, "2": 2}, "avg_over_mag": 0.0, "avg_under_mag": 1.0714285714285714, "avg_over": 0.0, "avg_under": 1.0714285714285714}], [[0.7000000000000001, 0.75], {"acc": 0.7219512195121951, "nll": 0.6060552541285757, "mse": 0.20609734356852336, "N": 1230, "over_prob": 0.0, "under_prob": 0.0782442748091603, "over_counts": {"0": 524}, "under_counts": {"0": 483, "1": 33, "2": 7, "4": 1}, "avg_over_mag": 0.0, "avg_under_mag": 1.2439024390243902, "avg_over": 0.0, "avg_under": 1.2439024390243902}], [[0.75, 0.8], {"acc": 0.7797081306462822, "nll": 0.5306354021957498, "mse": 0.17312024716022656, "N": 1439, "over_prob": 0.0, "under_prob": 0.14642262895174707, "over_counts": {"0": 601}, "under_counts": {"0": 513, "1": 71, "2": 8, "3": 5, "5": 1, "7": 1, "18": 1, "6": 1}, "avg_over_mag": 0.0, "avg_under_mag": 1.5681818181818181, "avg_over": 0.0, "avg_under": 1.5681818181818181}], [[0.8, 0.8500000000000001], {"acc": 0.8272874932322686, "nll": 0.4679529704035303, "mse": 0.14550003054268995, "N": 1847, "over_prob": 0.0, "under_prob": 0.3496932515337423, "over_counts": {"0": 652}, "under_counts": {"0": 424, "1": 158, "2": 42, "3": 11, "4": 5, "6": 3, "23": 2, "17": 1, "56": 1, "13": 1, "5": 1, "26": 1, "9": 1, "25": 1}, "avg_over_mag": 0.0, "avg_under_mag": 2.236842105263158, "avg_over": 0.0, "avg_under": 2.236842105263158}], [[0.8500000000000001, 0.9], {"acc": 0.8689320388349514, "nll": 0.39659892745586095, "mse": 0.11569278356754034, "N": 2266, "over_prob": 0.5159883720930232, "under_prob": 0.0, "over_counts": {"0": 333, "1": 219, "2": 76, "3": 28, "4": 15, "5": 4, "7": 3, "41": 2, "17": 1, "18": 1, "8": 1, "6": 1, "35": 1, "25": 1, "26": 1, "13": 1}, "under_counts": {"0": 688}, "avg_over_mag": 2.2140845070422537, "avg_under_mag": 0.0, "avg_over": 2.2140845070422537, "avg_under": 0.0}], [[0.9, 0.9500000000000001], {"acc": 0.9314883563955451, "nll": 0.2576272267187484, "mse": 0.06544047732183242, "N": 2963, "over_prob": 0.13937753721244928, "under_prob": 0.0, "over_counts": {"0": 636, "1": 75, "2": 19, "3": 5, "4": 2, "5": 1, "6": 1}, "under_counts": {"0": 739}, "avg_over_mag": 1.4271844660194175, "avg_under_mag": 0.0, "avg_over": 1.4271844660194175, "avg_under": 0.0}], [[0.9500000000000001, 1.0], {"acc": 0.971830985915493, "nll": 0.1296899080919189, "mse": 0.02763028589051548, "N": 3266, "over_prob": 0.003278688524590123, "under_prob": 0.0, "over_counts": {"0": 608, "1": 2}, "under_counts": {"0": 610}, "avg_over_mag": 1.0, "avg_under_mag": 0.0, "avg_over": 1.0, "avg_under": 0.0}]]}