{"acc": 0.7460457397707826, "auc": 0.7333633033671214, "nll": 0.5120582535933332, "mse": 0.17079275075293132}