{"auc": 0.7944141364280988, "over_prob": 0.2209645669291339, "under_prob": 0.15059055118110232, "over_counts": {"0": 1583, "1": 292, "2": 89, "3": 22, "4": 15, "5": 10, "6": 3, "13": 2, "7": 2, "18": 1, "103": 1, "14": 1, "38": 1, "28": 1, "48": 1, "10": 1, "24": 1, "22": 1, "9": 1, "21": 1, "27": 1, "8": 1, "12": 1}, "under_counts": {"0": 1726, "1": 200, "2": 46, "3": 28, "4": 7, "5": 5, "6": 4, "10": 2, "11": 2, "7": 2, "9": 2, "17": 1, "14": 1, "8": 1, "15": 1, "24": 1, "39": 1, "18": 1, "26": 1}, "avg_over_mag": 2.4187082405345213, "avg_under_mag": 2.2483660130718954, "avg_over": 2.4187082405345213, "avg_under": 2.2483660130718954, "acc": 0.7912704598597038, "nll": 0.4529090389003978, "mse": 0.1467420897818007, "metrics_by_prob": [[[0.0, 0.05], {"acc": 0.9166666666666666, "nll": 0.2337608606767229, "mse": 0.06236021504247021, "N": 24, "over_prob": 0.0, "under_prob": 0.0, "over_counts": {"0": 14}, "under_counts": {"0": 14}, "avg_over_mag": 0.0, "avg_under_mag": 0.0, "avg_over": 0.0, "avg_under": 0.0}], [[0.05, 0.1], {"acc": 0.8888888888888888, "nll": 0.35976237177408094, "mse": 0.1015409179441249, "N": 90, "over_prob": 0.0, "under_prob": 0.0, "over_counts": {"0": 36}, "under_counts": {"0": 36}, "avg_over_mag": 0.0, "avg_under_mag": 0.0, "avg_over": 0.0, "avg_under": 0.0}], [[0.1, 0.15000000000000002], {"acc": 0.8765432098765432, "nll": 0.3730515064341202, "mse": 0.10792411119347138, "N": 162, "over_prob": 0.0, "under_prob": 0.0, "over_counts": {"0": 77}, "under_counts": {"0": 77}, "avg_over_mag": 0.0, "avg_under_mag": 0.0, "avg_over": 0.0, "avg_under": 0.0}], [[0.15000000000000002, 0.2], {"acc": 0.8477157360406091, "nll": 0.44751122707352003, "mse": 0.13767012064124626, "N": 197, "over_prob": 0.0, "under_prob": 0.0, "over_counts": {"0": 88}, "under_counts": {"0": 88}, "avg_over_mag": 0.0, "avg_under_mag": 0.0, "avg_over": 0.0, "avg_under": 0.0}], [[0.2, 0.25], {"acc": 0.7725321888412017, "nll": 0.5337820112066938, "mse": 0.17456351613145446, "N": 233, "over_prob": 0.0, "under_prob": 0.0, "over_counts": {"0": 92}, "under_counts": {"0": 92}, "avg_over_mag": 0.0, "avg_under_mag": 0.0, "avg_over": 0.0, "avg_under": 0.0}], [[0.25, 0.30000000000000004], {"acc": 0.7027027027027027, "nll": 0.6161531845306616, "mse": 0.21190796560339045, "N": 259, "over_prob": 0.0, "under_prob": 0.008264462809917328, "over_counts": {"0": 121}, "under_counts": {"0": 120, "1": 1}, "avg_over_mag": 0.0, "avg_under_mag": 1.0, "avg_over": 0.0, "avg_under": 1.0}], [[0.30000000000000004, 0.35000000000000003], {"acc": 0.6153846153846154, "nll": 0.6772982620882115, "mse": 0.2414024246631327, "N": 325, "over_prob": 0.0, "under_prob": 0.0, "over_counts": {"0": 146}, "under_counts": {"0": 146}, "avg_over_mag": 0.0, "avg_under_mag": 0.0, "avg_over": 0.0, "avg_under": 0.0}], [[0.35000000000000003, 0.4], {"acc": 0.5933806146572104, "nll": 0.682639083758151, "mse": 0.24383462643927828, "N": 423, "over_prob": 0.0, "under_prob": 0.0050000000000000044, "over_counts": {"0": 200}, "under_counts": {"0": 199, "1": 1}, "avg_over_mag": 0.0, "avg_under_mag": 1.0, "avg_over": 0.0, "avg_under": 1.0}], [[0.4, 0.45], {"acc": 0.5459770114942529, "nll": 0.7043468870547421, "mse": 0.2544328437515493, "N": 522, "over_prob": 0.0, "under_prob": 0.007662835249042099, "over_counts": {"0": 261}, "under_counts": {"0": 259, "1": 2}, "avg_over_mag": 0.0, "avg_under_mag": 1.0, "avg_over": 0.0, "avg_under": 1.0}], [[0.45, 0.5], {"acc": 0.5334538878842676, "nll": 0.6943411863776683, "mse": 0.2503513504547292, "N": 553, "over_prob": 0.0, "under_prob": 0.007194244604316502, "over_counts": {"0": 278}, "under_counts": {"0": 276, "1": 2}, "avg_over_mag": 0.0, "avg_under_mag": 1.0, "avg_over": 0.0, "avg_under": 1.0}], [[0.5, 0.55], {"acc": 0.5117241379310344, "nll": 0.7132401128808268, "mse": 0.2591426631374228, "N": 725, "over_prob": 0.0, "under_prob": 0.0, "over_counts": {"0": 362}, "under_counts": {"0": 362}, "avg_over_mag": 0.0, "avg_under_mag": 0.0, "avg_over": 0.0, "avg_under": 0.0}], [[0.55, 0.6000000000000001], {"acc": 0.5728643216080402, "nll": 0.6928270965940589, "mse": 0.24829618535301087, "N": 796, "over_prob": 0.0, "under_prob": 0.019178082191780854, "over_counts": {"0": 365}, "under_counts": {"0": 358, "1": 7}, "avg_over_mag": 0.0, "avg_under_mag": 1.0, "avg_over": 0.0, "avg_under": 1.0}], [[0.6000000000000001, 0.65], {"acc": 0.6158068057080132, "nll": 0.6771871067660473, "mse": 0.24067635218724667, "N": 911, "over_prob": 0.0, "under_prob": 0.021844660194174748, "over_counts": {"0": 412}, "under_counts": {"0": 403, "1": 9}, "avg_over_mag": 0.0, "avg_under_mag": 1.0, "avg_over": 0.0, "avg_under": 1.0}], [[0.65, 0.7000000000000001], {"acc": 0.686779059449867, "nll": 0.6267611347237388, "mse": 0.21693175349670726, "N": 1127, "over_prob": 0.0, "under_prob": 0.03992015968063867, "over_counts": {"0": 501}, "under_counts": {"0": 481, "1": 16, "2": 4}, "avg_over_mag": 0.0, "avg_under_mag": 1.2, "avg_over": 0.0, "avg_under": 1.2}], [[0.7000000000000001, 0.75], {"acc": 0.750386398763524, "nll": 0.5725669322941289, "mse": 0.19139941911109887, "N": 1294, "over_prob": 0.0, "under_prob": 0.062043795620437936, "over_counts": {"0": 548}, "under_counts": {"0": 514, "1": 31, "2": 3}, "avg_over_mag": 0.0, "avg_under_mag": 1.088235294117647, "avg_over": 0.0, "avg_under": 1.088235294117647}], [[0.75, 0.8], {"acc": 0.7573385518590998, "nll": 0.5638175280440296, "mse": 0.18651284681056027, "N": 1533, "over_prob": 0.0, "under_prob": 0.14820846905537455, "over_counts": {"0": 614}, "under_counts": {"0": 523, "1": 70, "2": 12, "3": 4, "4": 2, "5": 1, "16": 1, "10": 1}, "avg_over_mag": 0.0, "avg_under_mag": 1.5934065934065933, "avg_over": 0.0, "avg_under": 1.5934065934065933}], [[0.8, 0.8500000000000001], {"acc": 0.8282988871224165, "nll": 0.4668252032749669, "mse": 0.1451276600853903, "N": 1887, "over_prob": 0.0, "under_prob": 0.3220108695652174, "over_counts": {"0": 736}, "under_counts": {"0": 499, "1": 173, "2": 36, "3": 9, "6": 3, "8": 2, "12": 2, "7": 2, "5": 2, "4": 2, "15": 2, "14": 1, "22": 1, "23": 1, "9": 1}, "avg_over_mag": 0.0, "avg_under_mag": 1.9409282700421941, "avg_over": 0.0, "avg_under": 1.9409282700421941}], [[0.8500000000000001, 0.9], {"acc": 0.8710084033613446, "nll": 0.3895464436378545, "mse": 0.11393407464847337, "N": 2380, "over_prob": 0.5257595772787318, "under_prob": 0.0, "over_counts": {"0": 359, "1": 265, "2": 86, "3": 16, "4": 11, "6": 2, "7": 2, "22": 1, "14": 1, "13": 1, "35": 1, "26": 1, "43": 1, "58": 1, "18": 1, "8": 1, "5": 1, "9": 1, "23": 1, "12": 1, "20": 1, "16": 1, "11": 1}, "under_counts": {"0": 757}, "avg_over_mag": 2.2311557788944723, "avg_under_mag": 0.0, "avg_over": 2.2311557788944723, "avg_under": 0.0}], [[0.9, 0.9500000000000001], {"acc": 0.9221215172876804, "nll": 0.2758701743975856, "mse": 0.07242847749810905, "N": 2979, "over_prob": 0.1353293413173653, "under_prob": 0.0, "over_counts": {"0": 722, "1": 87, "2": 20, "3": 3, "4": 1, "43": 1, "5": 1}, "under_counts": {"0": 835}, "avg_over_mag": 1.663716814159292, "avg_under_mag": 0.0, "avg_over": 1.663716814159292, "avg_under": 0.0}], [[0.9500000000000001, 1.0], {"acc": 0.9723893805309735, "nll": 0.12681100635418924, "mse": 0.02717133633818325, "N": 2825, "over_prob": 0.012158054711246202, "under_prob": 0.0, "over_counts": {"0": 650, "1": 6, "2": 2}, "under_counts": {"0": 658}, "avg_over_mag": 1.25, "avg_under_mag": 0.0, "avg_over": 1.25, "avg_under": 0.0}]]}