{"acc": 0.7414912964406339, "auc": 0.7269835792601679, "nll": 0.5139394968571243, "mse": 0.17131368176571415}